1 1 2 3 4 5 6
2 7 8 9 10 11 12
3 13 14 15 16 17 18
4 19 20 21 22 23 24 25 26 27 28 29 30 31 32 33 34 35 36 37 38 39
5 40 41 42 43 44
6 45 46 47 48 49 50
7 51 52 53 54 55 56 57 58
8 10 59 60 61 62 63 64 65
9 66 67 68 53 69 70 71 72 73 74 75 76
10 77 78 79 80 81
11 82 83 84 85 86 87 88 89 90 91 92 93 94
12 95 96 97 98 99 11 100 40 7 101 102 103
13 104 105 106 107 108 109 110 111
14 112 113 114 115 116 89 117 118 119 120
15 121 122 123 124 125 126 127 128 129 130 131 132 133 134 135 136 137 138 139 66 140 141 142 143 144 145 146 147 148 149 150 151 152 85 87 153 154 155 156 157 158 159 160 56 161 162 163 164 165 166 167 168 169 170 171 172 173 174 175 176 177 178
16 179 180 181 182 183
17 184 185 186 187 188 189 53 190 191 192 193 194 195 196 171
18 197 198 199 200 68 201
19 202 203 204 205 206 207 208 24 209 210 211 212 213 214 215 216
20 217 218 219 220 221 222
21 223 224 225 226 227
22 228 229 230 231 232 233 234
23 235 236 237 238 239 240 241
24 242 243 244 245 246 247 248 249 7 250 251
25 252 253 254 255 256 257
26 258 259 260 261 262
27 263 264 265 266 267 268 269 69 270
28 271 272 273 169 274 275 276 277 278 279 280 281 282 283 284 285 286 287 288 289 290 291 292 293 294 295 296
29 297 164 298 151 299
30 300 301 302 12 303
31 304 305 306 307 308 309 310 311 312 20
32 67 313 314 276 315 316
33 317 297 318 319 150 320 321 322 323 324 325 326 327 328 329 330 122 331 332 333 334 217 335 258 336 337 338 339 58 340 341 342 343
34 344 345 346 257 347
35 348 153 349 350 351
36 268 352 353 354 355 356 357 358 133 68
37 359 360 361 362 363 364 365 234 366 367 368
38 369 370 371 372 373 374
39 375 376 377 378 379 380 381 382 383
40 384 385 386 387 388
41 389 390 391 8 151
42 392 2 393 394 395
43 396 397 68 398 399 400 401
44 402 403 404 405 406 407 408 409
45 410 411 412 145 413 414 415 416 417 103
46 114 418 419 420 421 422 423 424
47 151 425 426 427 428 429 430 171 431 432 433
48 122 434 435 436 106 437
49 438 77 439 440 441 442
50 314 443 444 445 147 446 268 447 448 449 450 226 451 452 453 454 455 456 171 114 408 457 61 458
51 459 460 461 462 463 464 465 466 467 468 469
52 470 298 471 472 473
53 474 475 268 476 477
54 478 13 305 479 85 480 331 481 482 483 149
55 484 485 152 486 487
56 488 489 309 490 491
57 492 493 494 495 496 439 497
58 498 499 500 501 502 503 504 505 237 506
59 66 507 508 509 510 259 511
60 512 513 514 515 516
61 382 517 518 519 385 386 520 521
62 169 522 523 524 525 526 527
63 81 528 529 530 531 532 533 534 535 536 352 537 538 539 540 541 542 543 152 19 544 50 545 546
64 547 548 549 550 551
65 552 553 554 298 555
66 556 217 557 558 559 443 560 561 562 563 564 565 566 567 568 569 339 570 571 457
67 572 53 144 7 573
68 574 575 576 577 578
69 579 580 220 581 582 583 584 585 586 587
70 588 78 589 590 591 592
71 493 593 297 594 595 596 597 598
72 599 600 149 601 74 602 603 604 605 606 607 608 609 610
73 611 612 114 576 613
74 614 217 615 616 617 618 619 620
75 621 23 428 622 623 624 625 626 154 627 628 629
76 630 631 632 633 634
77 635 300 636 637 638 639 640 156 641 642 643 644
78 631 645 646 647 648 649 650 651 268 652 653 654 655 656 657 658 633 659 660 661 93 482 662 663 636 664 665 666 173 667 668 669
79 670 671 672 443 673 674 675 676 519
80 677 10 678 679 626
81 680 681 682 683 684
82 685 686 687 688 689
83 690 691 692 693 694 695 696
84 697 698 699 700 701
85 702 703 704 705 706 707 708 317 709
86 172 710 7 93 171 711
87 114 712 368 713 714 715
88 716 717 269 718 719
89 720 721 722 723 724
90 725 726 727 16 728
91 729 730 731 732 631
92 297 298 733 85 285 156 734
93 701 735 736 737 738 713
94 739 740 741 742 743 744 173
95 530 274 277 745 746 747 53 473 748 749 750 108 751 202 481 752
96 753 687 754 440 755
97 756 757 758 759 63
98 687 721 760 10 761
99 762 763 764 765 757 653 766 767 768 37 193 111
100 769 770 209 771 772 773
101 774 775 776 777 778 779 780 781 782 280 783 784
102 785 117 786 787 390 788 637 171 789
103 790 791 792 682 793 794
104 795 150 687 796 797 798 799 800 801 203 108 802 803 804 576 805 806 297 464 807
105 808 108 98 809 810
106 811 812 813 814 815 816
107 817 818 819 61 820
108 821 822 81 823 298 291
109 320 11 824 825 826 827 828 108 829 830 831 832 833
110 764 834 740 835 836 837 781
111 271 838 749 839 768
112 236 410 563 476 840 841 842 843
113 199 844 845 321 69
114 846 593 626 847 576 848
115 849 850 851 852 480 853
116 447 781 854 855 856 857
117 858 859 860 861 577 862
118 863 864 865 297 85 866
119 867 868 869 687 870 672 871 872 873 874 66
120 875 876 877 878 329 879 880
121 254 881 882 883 884
122 885 886 108 887 247 888
123 889 768 890 891 892 893 894 449 895 174 896 897 154 898 53 540 899 900 901 902 903 803 650 268 904 905 906 81 907 908 909 43 910 911 912 809 913 914 915 916 917 832 918 919 920 921 922
124 923 924 925 926 927 928 108 720 858 307
125 929 618 930 931 932 933
126 934 935 76 936 937 102
127 179 938 264 939 940
128 941 942 300 943 847 24 944
129 945 946 96 947 948 816 949 619 950 65
130 68 435 53 951 952 953 954
131 492 886 297 266 955 956 957 151 958 959 770 960 961 962 963 964
132 965 966 967 968 969 970
133 971 972 973 926 856
134 974 473 975 976 930 977 406
135 978 979 980 981 982
136 473 983 984 985 544 986
137 987 297 829 336 988 989 990
138 360 991 992 993 994
139 68 53 995 996 997 998 999 1000 1001 1002 1003
140 1004 1005 152 871 857 1006 1007 1008 155
141 1009 945 59 1010 1011 1012 1013 459 353 156
142 365 1014 232 1015 362
143 1016 1017 1018 1019 1020 1021
144 583 166 1022 1023 1024
145 1025 1006 1026 1027 1028
146 1029 859 754 905 1030 1031 1032
147 683 264 1033 1034 297 1035 1036 1037 1038 367 732 1039 1040 1041 1042 1043 53 1044 1045 1046 1047 1048 1049 1050 775 1051 1052 626
148 1053 1054 1055 1056 1057 476
149 1058 1059 1060 587 1061 1062 1063 1064 1065
150 24 1066 1067 1068 152 836 1069 1070 446 1071
151 1072 1059 542 1073 1074 158 298 52 1075 1076 1077 1078 1079 1080 1081 1082 1083 18 1084 1085
152 1072 582 1060 137 22 1086 1087 139 1088 1089 1090 1082 491 1091 1092 1093 1094 604 606 1095 1096 1097 1098 1099 1100 1101 1102 1103
153 1104 1105 1106 826 701 1107 1108 1109 1110 1111 1112
154 1113 1114 905 1115 1116 1117 1118 1119 1120 663 740
155 68 1121 1122 1123 822
156 1124 1125 763 651 1126 1127 512 349
157 36 1128 1129 1130 1131 1132
158 1133 1134 1135 1136 1137 1138 10 1139 1140 406
159 651 1141 1 1142 1143
160 307 1144 1145 1146 35 1147 1148 1149
161 1150 1151 1152 1153 337
162 81 1154 987 23 1155 10 1
163 1156 1157 1158 756 1159 619 368
164 86 90 1160 1161 259 1162 1163
165 1164 1165 1166 1167 1168 1169
166 1170 1171 1172 432 311 687 298 1173 1174 930 1175 156
167 1176 254 1177 1178 1179 1180 174 37 173 1070 763 257 1181 1182
168 1183 576 860 85 73 1184
169 763 1185 1186 1187 811 1150 926 1188 1008 1189 1137 1190 1191 714 1192 311 122 1193
170 742 1194 1195 267 1196
171 1197 799 1198 1199 1200 463 1201 1202 1203 1204 439 174 1205 1206 1207 1208 1209 1210 1211 1212 1213 566 1214 482 930 1215 1216 1217 687 1218 576 1219 155 222
172 654 1220 181 655 320 1221 1222 499 1223
173 899 1224 1225 1226 357
174 1227 910 1228 45 1229 1230 1231 1232 80 1233
175 1234 1235 1236 1237 506 386 1238 1239 385
176 1240 759 1241 1242 1243 1244
177 988 1245 510 1246 1241 1008 354
178 1247 1248 1033 1249 1250
179 1251 1117 1252 1253 1254
180 1029 749 1255 69 406 1256 1257 1258 367 223
181 1259 1260 1261 1262 1263 1264
182 1265 1266 1267 68 332
183 453 1268 1269 1270 972 1271
184 114 1272 1273 1199 1274
185 1275 1061 1276 1184 1277 1278 1279 1280 1281 609 1282 1099 1283 1284
186 1285 1286 52 280 1287 1288 1289 1290
187 1291 656 809 612 11
188 1292 1293 1069 291 1294 280 1295
189 1039 1296 745 167 170
190 923 1297 311 687 298 152 19 1298 299 1299 1300 1301 1302 1303 1304 889 617 1305 1306
191 152 792 85 1307 775 297 687 720 1308 1309 241 1310 1311 172 758
192 739 1312 1313 1314 1315
193 1316 308 85 307 37 1317 1318
194 1319 1320 470 1321 1322 1323 1324
195 187 52 1325 1326 437
196 1327 659 1328 519 1329
197 1330 1331 826 1332 1333 975 1334 1335 1336 1337
198 1338 716 1339 1340 1341 53
199 1342 1343 280 1287 1048
200 1344 1345 297 114 1346
201 1347 629 1348 1349 1112
202 593 1350 36 930 771 1351 1352 1353 701 1354 1355
203 1356 169 493 428 615 1055 900 447 1357 1358
204 1359 1360 1361 1362 1363 775 1364 1365 709 1366 587
205 1367 1368 227 1369 1370
206 1371 1372 901 1373 1374
207 687 1375 1376 1006 1292 1377 1240 1378 1057
208 596 319 332 793 221 280
209 1205 1379 1380 1031 408 970
210 416 1111 1026 1381 1366 817
211 108 1382 1132 186 1383 1008 1384 1358
212 753 1385 1386 1387 1388
213 826 764 550 1389 1390 1391 1392 1393 1394 1395
214 85 1396 814 1397 1279
215 1398 1399 280 1400 441 71 154
216 1401 1402 1403 1008 1404
217 826 128 1405 1406 1407 474 1408 1409 479 1078 150 1410 623
218 1411 1412 1413 558 1153 720 1414 1415
219 1416 1417 764 1202 1365
220 1418 1419 1420 356 292
221 440 254 81 1199 492 1421 511 1422
222 1423 1077 1424 1425 587 1426 1427 1428 1184 491 1429 1094 604 609 1430 1431
223 280 1432 1433 1434 205 1435 895
224 745 1436 881 1437 1438 1343 897 24
225 1439 684 1440 1441 1088 1442
226 1443 652 108 790 76 1444 1445
227 1147 1055 959 1446 583
228 1447 924 1255 1448 1449
229 1208 1165 77 53 481 1371 1450 1451 1452
230 1453 1454 1455 1456 1457 926 1458
231 1459 1460 246 1461 319
232 1462 1463 1464 1465 1466
233 556 1467 1468 1059 1469 12 587
234 1470 1471 86 681 1472 1473 1148 36 1474
235 168 1475 227 53 1476 681 1477 1478 1479 1480 1481 1482
236 1166 1483 173 1484 571
237 1485 1486 1487 1488 1489 1490
238 409 1491 264 634 1492 1493 852
239 1494 876 1495 1496 1497 1498
240 1215 912 961 757 155 114 1499
241 1500 1402 1398 1501 1502 909 93
242 364 1503 47 1504 1505 1506
243 557 1507 1366 1508 189 1237 104 1062 1509
244 1510 1471 1511 408 1512 1513
245 1514 802 1515 1516 1517 1518
246 821 106 1519 284 1520
247 1521 1467 1468 1425 139 1522 1523
248 1524 1525 1526 1527 1528 1529
249 593 13 1530 1531 1163 1532
250 336 1416 108 1210 492 1533 297 174 1534 1535 1536 1292 1537 1538 1539
251 826 428 45 787 24 761 1540 1541
252 1542 1543 150 1385 636 809
253 141 1544 1545 1546 314 1547
254 1548 1549 948 1137 1054 406 1550 1551
255 994 1552 1006 1553 1554
256 1555 668 672 809 1498 1069 1556 1557 1558 1559 1560 1561 1562 1563 1564 1265
257 1565 1566 174 1567 75
258 1568 583 291 35 1569 1570 346
259 991 1571 1038 1572 1573
260 1574 1575 36 687 871 290 50
261 81 1576 1577 261 1578
262 276 1579 1580 1581 1582 1008 268 1583 487 1584 1536 1585 1586
263 1587 1588 1589 50 1337
264 758 1590 860 940 1591
265 1592 464 190 1593 918
266 131 1594 1595 1596 1597
267 264 991 149 938 1598 1599
268 1600 1601 1602 1147 1167 1166 1115
269 621 1603 108 1604 1605 1606 171 1334 587 1607
270 1608 474 162 1609 298 1610
271 1611 1612 1613 1614 1615
272 1616 1617 742 1618 1508 1619 257
273 1620 241 1621 1622 297
274 1029 1623 1624 1625 1626 1627
275 1037 88 1628 108 997
276 1629 1630 174 1631 452 156 1632
277 1633 834 356 905 37
278 1634 1635 1636 1433 12 893 1637
279 1638 1031 1639 558 1640 1641 1055 1642 1643 356 1644 1645 1337 1013 1646 694 912 399
280 1647 1648 1649 1640 1650 1651 1652
281 1653 1654 1655 269 1656 1657
282 1658 1271 1659 1660 1661
283 1662 1663 1664 1665 1666 1667 1668 1669 1670 1671 691 1672 1449
284 980 627 1673 27 1674
285 1675 170 528 1676 473 298 1677 1678 1679 1680 1681 1682 1683 679 1684 1685
286 1686 1687 244 503 1688 557
287 1689 1347 472 1690 1691 1474
288 1692 1693 1694 168 970 1113 1286 1695
289 764 1696 68 10 1697 506
290 1698 1699 1504 876 1694 1700
291 556 1701 1224 1702 1703
292 1704 1679 1705 1706 1707 859 1708
293 1709 1710 562 1711 1712
294 1713 558 1714 457 1715 1215
295 1313 1347 1155 1388 1716
296 1717 155 1718 758 961
297 53 243 798 714 1719 152 1720
298 1721 1722 152 68 191 1723 40 1724 108 81 297 1725 1149 930 1726 1727 1189 973 358 1035 1728 1202 1729 1730 399 909 742 1731 1370 492 1617 1172 1732 263 1733 300 1734 1735 1736 1737 151 1738
299 1739 1329 1740 1741 1591
300 1742 1743 1744 1745 1746
301 1747 1748 1749 1750 1751
302 693 1752 1753 399 575 584
303 158 271 1551 1614 1754 881 1755 1438
304 1720 1210 1756 758 1640 1474 511 1507 1757 1630 1758 24 420
305 1759 1760 821 1761 514 1762 359 152 740 636 153 1763 1764 894
306 1765 1766 1767 1768 1069
307 1769 170 267 1770 186 1499 24 1771
308 1772 1773 1774 1775 1134
309 522 1776 916 1777 1778 1779 794
310 1780 575 1781 1782 1783
311 1784 1785 1786 1787 744 19 536 1788 336
312 367 1398 1789 1117 1790 1791
313 1312 116 1371 836 626 1362 175 1792 1793
314 151 876 1631 1794 1795
315 1508 1796 1347 1797 1798 1799 1800 472
316 179 1176 1801 1802 1262
317 367 91 1803 1804 1805 1607 1806 1807 1808
318 1809 1810 1811 473 367
319 466 1812 1220 889 1813
320 1814 1815 841 1816 1817 888 1818 1819 1820
321 276 1821 1822 1823 1824 1825 76 89 1826 91 790 561 298 1827 1828 1509
322 574 1829 1830 7 1831
323 1832 1833 1604 1737 1834
324 1835 1836 357 1026 1639 1837 1838 1839 749 275 1840 1208 1841 1842 1223 69 573 271
325 1843 850 1667 620 1844 1845
326 1846 1847 1848 559 89 1345
327 1727 681 223 1444 1849
328 1850 1851 1852 1139 1853 1854 1855
329 199 372 1856 1316 1782
330 1857 1858 447 1859 1860
331 1861 991 1862 229 1863 232 1864 1865 181 1701 1866 1867 1868 530 1869 1067 1870 364 1871 1780 1872 1113
332 1873 1515 1874 1587 1875 1876 1322 1877
333 1770 1292 1878 1879 1880
334 13 751 1881 1882 1883 506
335 89 936 1884 1885 257 1478 1886
336 1220 98 1727 1887 1888
337 78 1889 873 1890 192 1449
338 1029 1891 1892 1869 1893 149 1894 1598 1895 1896 1897
339 1898 1899 775 146 1900
340 523 370 1901 1467 1902 1903 1425 1904 309 18 1905 1184 3 1279 1429 1906 1907 1908 1085 1909
341 1630 62 376 152 153 784 1539 1910 1504 1911
342 149 447 1354 1365 1912
343 600 1913 675 248 170 4 1050 1011 1914 1915 1916
344 365 1917 1057 1918 1919
345 128 1920 1365 1921 1922
346 1923 1924 152 1711 122 1055
347 1925 1926 1927 152 240 1680
348 1928 1929 1930 1274 1931 1932
349 600 10 1933 1462 1934 1935 154 139
350 1936 1628 1937 1224 1699 1938 67 816
351 1939 1462 687 152 1298 1940 1941 1881 1942 816 1416 821 1943 170 1944 1236
352 1240 77 1945 1946 1947 241 1948
353 1067 114 297 740 636 1554
354 1849 1949 1950 583 728 1951 1952 89 88 271 1820 1492
355 1953 1954 1955 1241 1956 694 1957 711 1958 968 1959
356 1960 1961 1962 1963 1016
357 1474 1953 1964 254 1965 1966 1255 1967
358 1968 1321 1969 1970 1900
359 160 1971 888 276 1972
360 186 1973 1037 1974 1975 1976 1977
361 1978 331 151 349 108 254 989 803 1272 1069 1979 443
362 1980 687 1673 948 1185 638 655 749
363 1782 1981 1982 1069 1983 1591
364 1037 1984 270 811 349 1985 144 331 327 736 687 79 1986 905 1846 1558 1987 1716
365 276 1395 1988 1879 1202 655 81 248 663
366 1851 1553 1115 171 1989 291
367 1969 1990 89 1991 1992 1993 1994
368 1473 1067 1995 1634 464 466 1546 1126 1996 1997 1977 409
369 1998 1999 474 2000 2001 2002
370 2003 1055 2004 1558 895
371 2005 1658 1055 1328 2006 930 1301 1357
372 2007 859 1940 782 1673
373 2008 1926 26 2009 314
374 2010 2011 2012 778 895 2013 2014 2015
375 2016 1029 1113 2017 1673
376 2018 367 1456 2019 2020 2021 779
377 2022 16 2023 148 753 636 248 2024
378 713 757 2025 897 2026 2027 1997
379 1696 473 2028 1662 745 155 68 1371 2029 766 2030
380 2031 2032 668 765 1483 1052
381 865 2033 1776 1 2034 2035 2036
382 2037 2038 1638 2039 2040 2041
383 2042 1949 1214 814 1725
384 2043 151 758 2044 656 367 2045 2046 2047
385 173 2048 2049 2050 666 2051
386 1839 128 108 2052 439
387 1839 314 1018 1137 2053 2054 2055 171 2056
388 227 876 1040 641 2057 1646 2058 1137 2059
389 860 2060 775 2061 2062
390 1888 681 2063 565 2064 7
391 1831 2065 1519 2066 1004 886 2067 2068 2069 908 302 882 2070 783 2071 596 2072 1390 2073 2074 239 706 2075 753 1411 2076
392 2077 2078 2079 446 2080
393 2081 40 1163 420 1137 761
394 486 2082 7 2083 811 1290
395 1447 2084 2085 2086 1699
396 2087 2088 672 2089 2090 876 1298 2091 2092 2093
397 612 19 2094 410 69 1287 1682 2095
398 179 1137 1073 149 1841
399 1176 1385 2096 2097 2098 901
400 263 276 1202 1802 918 2099 2100
401 2101 440 2102 2098 2103 1286 2104
402 264 1392 2105 653 2106 2107 155
403 826 653 2108 2109 2110 617 2111
404 2112 523 2113 2114 1802
405 2115 1272 2116 2117 2118
406 1048 574 54 2119 2120 2121
407 2122 2123 2124 2125 2126 2127
408 336 2128 7 661 763 839 297 96 2129
409 2130 2131 2132 2133 1305
410 179 150 739 2134 2135 2136 108 410 10 2137 171 2138
411 2139 2140 2141 2142 2143 2144 2145 60 2146
412 108 1411 1763 768 2147
413 2148 1298 1841 108 1510 2149 2150 2151 2152 930
414 443 2153 152 740 19 1055 1691 535 2095 1243 2154 2082 496
415 898 1829 1252 2155 2156 590
416 97 254 2157 2067 2158
417 2159 2160 687 749 153 2161
418 1067 946 2162 2163 2164
419 2165 683 118 297 1853
420 2166 2167 2168 782 2169
421 189 834 1989 1697 2170
422 108 2171 2172 2173 711
423 349 2174 108 662 739
424 627 2175 276 1149 117
425 158 271 1529 2176 239 2156 1370 2177
426 2178 1256 1322 1741 1757 34 171 2179
427 331 959 2180 1750 2181
428 2182 311 2183 88 2184 812
429 248 1029 946 1305 2185 2186 2187
430 600 511 2188 681 297 1345 2189
431 2190 446 885 2191 701 2192 2193
432 2194 318 311 1505 96 2195 2196 268
433 997 2197 202 2198 2199 298 2200 2201
434 2202 1272 268 876 141 334 2172 406 81 1976 1365 637 1707 1070 139
435 695 2203 1756 1432 1146 1003 1078
436 2204 1764 439 217 2205
437 179 763 1446 1516 2206 2207 2208
438 2209 2210 2211 2212 221
439 2213 749 1176 1371 1170 1978 946 2214 415 1055 76 2215 2216 174 2217 2218 226 1575 1761 1801 309 976
440 1224 1884 953 2070 2219 1331
441 1943 847 2220 2221 2222
442 1141 2223 2224 2225 2156
443 2226 2227 1118 2228 771 1956 2229
444 810 2230 2231 2232 2233 2234
445 285 2235 2236 2237 2238 1978 128 822 997 73 624 1149 1495
446 1995 2239 1516 53 654 1686
447 67 164 2240 152 2241 544 1971 2242
448 1504 889 2243 2244 2245 1918 1343 1594 1453 32
449 621 357 2082 946 153 940
450 1415 367 2246 2247 793 76 934
451 2248 115 390 1139 2249 2250
452 621 1650 2251 2252 1288
453 1816 227 2253 2231 2232 2233 2254
454 2255 2256 1631 666 1357 1848
455 1055 1036 841 473 2257 2258
456 1402 409 2259 636 2260 2261 2262 1400
457 1759 2263 1050 2264 647 918 2265 420
458 592 547 1995 2266 2267 787 1527
459 2268 375 836 33 2269 2270
460 2271 2272 164 2273 173
461 2274 644 16 1933 918
462 955 1757 1536 2275 2030 2276 1019 1718 174 40 7 156
463 1358 2277 2278 1708 443 629
464 2279 2280 2281 1075 1885
465 2282 816 2283 2284 2285 2286 1008 2287 2288 985
466 1415 2289 2290 1236 1990
467 2291 717 79 2292 2293
468 2294 2295 154 2296 2297 254 2298 2299
469 382 1997 2300 53 2301 1707 2302 2303 2304 2070
470 2305 391 156 264 2306
471 2307 1484 1137 2308 1808 1778 2309
472 81 859 862 13 476 267 298 322 2310 1152 461 2311 513 2312 1055 935 1399 677 1153 2313 2314 323 2315 2316 2317 1534 2048 881 2318 428 2319 1285 765 2320 2321 2322 78 2323 1606 2324 2098
473 156 473 2308 50 107 2325 2326 1718 164 2327 130
474 541 164 1178 2328 687 49 872
475 229 2329 1867 2330 991 2331 2332 1780 1598
476 179 189 2333 2165 2334 406 2335 2336
477 297 1989 2337 770 2338
478 2339 2340 234 2341 149 2342 1893 229
479 2343 416 2100 36 1679 189 2344 711
480 1040 2345 2346 2347 10 1417 816 240 1270 2348
481 434 2349 1111 2350 1067 336 2351 1984 2352 2353 507 940
482 2055 634 2354 1416 987 1199 125 2355 1801
483 559 1329 1345 2356 81
484 432 739 655 2357 1779
485 234 2358 1208 2359 2360 544 1780
486 621 2361 2362 2363 2364
487 2365 655 1405 2366 2367
488 399 108 1165 2368 439
489 2369 2370 695 651 263 2371 1928 2372 2373 2057 655 901 682 1735 420 280 2374 1842 2375 2376 2377 2378
490 2379 53 2251 2380 1127 1013 2381 281 68 57
491 1274 174 1557 1616 432 2382
492 119 2383 2384 2385 2386 2387 173 2232 2231
493 35 1195 2388 114 2389 2390 758 1057 1342 2391
494 654 2392 1365 352 2393 2394 93 1842
495 2395 2396 2397 2398 860 2399 274 2400 1985 2401 894
496 1613 540 2402 1287 2403 2404 706 1113 1697 2405 1363 1459 2406 2407 407
497 2408 122 2409 1298 2410
498 1468 149 2411 476 1934 443 1256 834 108 636 1241 406 276
499 114 2412 2413 1054 2414 411 897 2415
500 423 1241 813 155 2416 2417 2418 297 152 2419 1530
501 2420 532 2421 2422 53 2423 1069 2424
502 842 186 274 2425 2426 803 2427 416 1629
503 1145 2428 2429 2430 450 2431 2432 2433 61 1595 814 316
504 26 2434 2435 1365 1353
505 132 2436 1903 120 2437
506 1761 811 271 2067 832 1752
507 859 2438 2439 2440 507
508 2441 1577 2442 2443 306
509 550 753 583 1927 2222
510 2444 2445 1783 1149 1495 2446 154 1987
511 1026 2447 1754 2448 1760
512 248 1271 2449 152 546 331 1566 1022
513 297 2450 68 2451 2452 2069 2453
514 2454 144 1526 2198 2455 2456 2457 2458
515 186 588 721 2459 2460
516 2461 264 2462 1727 1888
517 230 2463 410 842 325 2464 2044
518 655 1018 1365 2465 2466
519 1770 152 2467 2406 114
520 114 1178 583 2468 2469 297 1376 76 739 677 2470
521 2471 2472 368 712 2473 1845
522 1286 172 2474 174 1629 2475
523 1246 2476 245 1202 625 948 691 2477 2478 50 2411 1026 109 7 447 2479 2480 191 2481
524 183 2482 297 69 723 2483 2484 2485 2486 457
525 2487 763 2488 2489 186 36 2490
526 2016 2491 841 473 2204 1379 1435 173 1763 817 1557
527 2492 876 1194 1485 1815
528 1164 2493 141 1137 156 1632 640
529 2494 2495 474 77 78 2496 2497 1363 633 576
530 567 1001 1547 2498 2499 2500
531 1224 2501 356 655 788 2502 2503 1008 589 460 638 1241 1630 2504 2505 2506
532 2507 600 328 1990 1287 89 1949 675 2508 2509 844 187 836
533 2091 893 2110 2510 2511 254 1189 2512 1419 452 2275 2513 1570
534 2514 507 254 2139 2515
535 1890 1987 1930 1621 2516
536 2517 2518 2519 147 2520
537 2521 1955 687 2522 1303 506
538 2523 1068 2524 2386 2525
539 2526 800 816 2458 67 1504 2527 2270 331 1985 1363
540 521 1329 332 2528 844
541 2140 740 814 836 1365 297 2529 2530
542 320 1347 2060 1067 2531
543 2104 2532 2533 229 2534 230 2535 1014
544 2536 876 1620 1536 1394 2537
545 2538 2539 1634 2440 2045 1223 359 972
546 1029 1485 1333 2540 276
547 1833 1722 2541 1801 2542 2543 859 299 2020 448 2544 449 37 2014
548 1691 636 1532 153 2545 2546 2547 117 458
549 474 840 2548 2549 1891 2550
550 616 2551 2552 2553 1716 526
551 2554 284 57 1347 2555 150
552 1371 2556 1273 2105 1679 752 2512 652 2557 959 980 2200 2558 2559 2560
553 1764 860 2561 861 203
554 274 2562 539 2563 154 2564 2565 2566 2567 1607 2568
555 1843 2569 2570 1549 1055 1008 2571 889 617 54 1711 655 2572 2573 2040 1783 155 1779 35 1202 1601 87 1241 788 2574 2575 961 2576 2577 1172 1932
556 2578 300 2579 2580 2581
557 2582 2583 2584 1754 467 714
558 2585 268 125 2586 813
559 1076 171 2587 271 2588 2589 2590 2591 2592 603 2437 1541 1492 2593 2594 2595
560 2596 576 480 2597 2020 2598 937 1948
561 2172 2599 2600 2601 2275 641 174 151
562 502 76 1987 1149 2602 2603 259 2604
563 1166 2390 2605 2259 771 1369 2606 625 2607 2608 54 2609 940 2610
564 434 2611 836 967 2200 219 1667 2612 37 2613
565 409 793 1914 2614 2615
566 2616 2310 989 2230 2617 307
567 471 979 2618 2619 1628 2620 195 426 1452 643 1111 2621
568 811 2622 153 93 2623 2624 2156 1234
569 181 2625 2626 2627 2628 2389
570 2629 2630 2475 2631 1408 1057
571 811 52 2632 2633 1784 2634
572 2635 1665 2636 2454 2637 655 2268 470 1739 2638 236
573 2639 198 1200 2640 2641 2642
574 2643 53 1639 2644 988
575 1151 2645 1007 246 912 2646
576 2647 2648 2649 2650 2651 2652
577 1998 361 2653 2654 1224 2655
578 419 2656 2657 2658 1067 2454 1113 167
579 763 1989 2659 293 1587
580 2346 2660 2661 43 1964
581 2662 2663 171 2664 7 2665
582 309 1100 1402 2536 416 152 2666 752 1505 2667 2668
583 1697 2669 1730 2670 2671 1229 80 4
584 2672 2673 2674 2675 316
585 443 2529 2676 2563 290 114 1455
586 2677 2678 743 2679 1242 2680
587 389 2681 1318 2682 2683 413
588 1038 808 1770 2684 2685 881 2686 2687 2688 2689 929 2690 1547 2691
589 655 1237 1453 259 2692 2337 841 1069 1163 2693 108
590 353 550 93 227 152 1551 834 976 2044 2694 1617 2695
591 2696 50 2697 2698 2449 1652
592 1029 114 2699 1353 2700 575 1447
593 2701 186 2632 1200 2550 2702 152 2267
594 473 2703 258 897 2621
595 841 2704 1123 2705 7
596 2706 474 1896 1999 2707 2708 2709 1014
597 2710 474 1973 930 2711 13
598 2253 2712 2713 1499 701 2714 408 2715 2716
599 2717 2718 69 1989 1767 2719
600 298 2611 2720 2721 2722 293 2723
601 2724 1893 1960 2725 1463
602 108 2231 2232 2726 2727
603 2185 2728 227 397 2729
604 158 976 811 271 152 2730 573 740 174
605 1841 2662 1072 2731 2075 542 2732 2458 2733 2734 1082 1541 2735
606 2127 968 2736 2737 114 2156 2738 2739
607 1503 2740 1112 1265 2156
608 2741 858 1411 1600 2742 2743 1498
609 1398 958 1809 314 1852 1853
610 1891 1691 2744 739 152 2430 2745
611 2746 122 2747 2748 2749
612 2750 1178 2751 2472 2117
613 76 2752 89 2753 2754 2482 24
614 349 2755 409 930 149 1532 1255
615 150 268 2756 2757 2758 389 799 356 583 2759 7 1071
616 994 389 1202 1841 1070
617 221 309 2760 2146 1013
618 2761 114 67 434 2762 2763 1639 2764 1035 1829
619 730 817 1240 1995 1978 1754 1417 450 356 2765 2357 1013 2766 109
620 860 2706 1029 859 541 1228 2767 2768 2769 376
621 1818 2756 859 2770 636 1137 2771
622 81 769 146 447 1348
623 653 905 2772 1541 2773
624 227 2774 2775 2776 254 2777 1620 895 1828
625 1137 2778 1183 1696 1859 2779 2780 2781
626 2782 152 1532 150 2560
627 2783 127 709 2784 1040 2110 1041 7 148
628 108 113 2564 937 266 2785 612 2786 439 2787 705
629 1306 2788 1772 2789 2098 248 1055 1676
630 2717 2763 2045 559 615 1030
631 2388 576 2790 2791 420
632 268 274 2792 476 635 1347 2793 2794 2421 2629 2795 1342 740 2796 2797 2798 1998 297 2799 1577 2395 2800 1603 2522 2801 1301 2802 1199 259 2215 1057 2490 50 2803 542 1003 2297 2804 2805 2806 2436 1468 2807 2808 2750 2809 783 2499 2810 1591 2811 353 2812
633 2813 332 7 2814 2815 2816 2817
634 2818 720 986 1246 2819
635 910 2718 2313 54 701
636 2820 618 2821 2822 2823
637 2824 2630 2825 2800 2826 336
638 2662 2827 2828 268 2829 170 2165 2830 2231 2232 2831
639 976 1761 2832 510 2833 1694 2834 1559 2835
640 1673 338 2836 1055 1229 951 791 2837
641 2838 2389 1999 365 1780
642 1949 2839 2840 85 2841 108 2387 681 511 1242 655 930 781 10 970 1078
643 2842 2843 2844 2845 1205 2846 2847 2848 2849 2850 2851 586 2852 2109
644 930 636 506 2853 173 2854
645 2855 2856 2674 1932 2857
646 146 2858 19 1315 1711 801 291
647 1719 466 889 2603 294 156
648 1640 2859 1176 517 1508 2860 174
649 1026 2861 758 2862 968
650 1298 53 2863 1271 1090 45 1801 2756 300 428
651 479 2864 410 2865 2757 2393 2866 2867 2868 2666 2869 2870 2871
652 108 1989 378 655 2872 2873
653 2874 2467 114 2875 2876 2877 2589 257 2878
654 945 432 721 2469 2879 2880 2881 2882
655 2140 259 1920 2883 2884 708 2885 2165 1799
656 2886 948 1494 1614 648 2887 2451 636
657 366 2888 708 2792 297 1414 114
658 2889 150 1695 2890 1685 1363 2891
659 1987 1379 1132 1916 1995 2892 1372 2893 908 2894
660 1286 535 151 77 641 1757 174 2895 957 2590 763 2896
661 266 298 2076 2897 152
662 2898 2899 1641 2188 631 293 2900
663 2745 149 859 2787 2417
664 2901 2902 2903 2512 2904 2905 997 98 701 2847 1069 2906 2907 120 962
665 2104 1432 263 164 151 1985 299
666 76 88 1287 565 2908 520 819
667 2909 17 1534 151 2910 2911 1022 2912
668 576 1640 2913 1650 768
669 836 2914 2915 1202 2916 2917 36 2918 2919 2920
670 2921 476 152 548 722 505
671 440 1271 2922 517 1697 2923
672 2924 1764 2925 2926 2927 2928 2386 2929 453 2930
673 1624 871 2931 926 2337 1459 2047 918
674 687 1841 2932 809 416 2933
675 298 2934 162 2935 2936
676 1575 2937 2938 1634 1472
677 114 2939 1719 2940 2941
678 2942 2943 2944 787 2250 2945 834 2518
679 600 1880 128 2946 247 1347 85 108 13 156 2947 784
680 881 895 2948 701 1876 926 1606
681 2949 636 2950 173 809 2951
682 859 331 2952 2043 2953 2337
683 1998 1866 1891 2954 686 2626
684 909 2955 1932 789 147
685 1123 79 2956 1488 742 2157 876 2957
686 722 926 576 1165 972 152
687 2958 2959 2262 1141 2960
688 516 2961 98 2364 2962 1939 2963 1890 2964 1887 2965 1295 2966 566 2909
689 154 2967 2968 2436 2969 345 1076 1771 2970 2971 1070 280 139 2972 2437 2973
690 2974 733 638 2975 1399 2976 2977 2964 1640 1292
691 987 1868 1788 108 76 2143 966 81 2978 1149 2979 2980 276 2482 2981 357 174 2982 672 1181
692 2684 298 297 1029 2643 2983 1309 2185
693 2044 2984 2985 179 267 2986 53 798 2987 1137 851 668
694 2174 2988 1020 2989 2409 2536 2990
695 2991 2992 2993 1008 108 162
696 2994 351 2995 1143 2996 688 2451
697 297 151 357 847 2997 891 2998
698 227 1037 1273 1008 1241 2860
699 2999 443 905 891 3000 1224
700 1038 985 852 3001 1011 1718
701 813 3002 3003 2136 682
702 2706 474 1891 939 183
703 1053 3004 3005 297 3006
704 1627 1417 2793 3007 3008 3009 3010 245 2396 1321 164 1681 3011 265 3012 114 311 1235 3013 3014 2156
705 2297 3015 227 1783 3016
706 3017 763 1202 1126 449 3018 2536 3019 24 2383
707 128 443 2657 600 2238 3020
708 230 855 3021 3022 3023 3024
709 1691 2964 506 2944 3025 420 3026 2591 687 1243 872 1215 2399 3027
710 1347 3028 317 3029 1298 3030 876 596 2975 2335 1456 1557 2055 3031
711 3032 432 311 1410 687
712 88 1604 3033 3034 3035 84 3036 617 912 1478 3037 3038 3039 3040 1504 3041
713 2016 1183 2393 3042 1997
714 149 2797 227 3043 3044 254 2287 356 275
715 3045 3046 3047 1072 1841 1146 1468 3048 1061 1070 3049 491 3050 3051 3052
716 3053 3054 789 1914 156 1363
717 3055 2775 3056 3057 390 2141 3058
718 151 1352 331 3059 1665 3060 655 2786 1503 2474 1373 3061 593 1781 357 186 1404 3062
719 149 2557 2376 25 3063 3064
720 3065 558 1976 3066 288
721 1111 1745 78 174 3067 2713 940 3068
722 81 3069 1474 1337 1640 2579 711
723 690 1026 1459 3070 558 2303 3071
724 534 2440 3072 576 3073 3074 2999
725 1166 3075 3076 1616 3077 108
726 2688 1038 666 1477 420
727 3078 2904 3079 701 1351 3080 3081
728 811 2918 3082 3083 1932
729 1072 3084 2967 556 3085 3086
730 114 3087 757 477 811 1503 1055 3088 590 1979 1763 881 307 3089
731 164 1255 1298 1412 3090 3091 3092
732 2657 3093 3094 1041 863 356 1715 3095 1008
733 3096 1654 3097 3098 47
734 639 202 85 1329 1830 254 2989 1890 3099 275 114 3100
735 2409 376 484 3101 3102
736 80 1347 476 352 2491
737 3103 144 903 2784 781 2451 3073 3088 3104 1974 169 3105 1334
738 712 476 859 3106 1118
739 1224 3107 3108 3109 3014 2050
740 3110 3111 3112 76 3113
741 2693 544 590 1022 3114 3115 288 1586
742 280 66 1987 581 1222 1501 655 60 399 154 3116
743 1037 749 2554 637 1603
744 3117 52 40 408 2354 1055 1743 300 10 3118 2079
745 1347 68 162 81 367
746 114 174 1062 862 3114
747 2393 89 681 164 173 2911 3119 3120
748 1054 3121 3122 3123 3124 3125
749 1838 3126 87 749 2908 3042 3127
750 3128 67 1494 3129 510
751 356 3130 307 297 99 2572 3131 3132
752 968 2928 918 3133 3134
753 3135 1503 1781 682 2357 687 1889
754 1443 3136 3137 3138 1379 319 1922 3139 1990
755 3140 2457 1259 2868 3141 3142
756 1855 80 966 3125 2173 3143
757 432 930 2003 1473 3144
758 3145 1208 2154 829 3146
759 3035 344 69 1241 2977 1788
760 899 3147 3148 735 3149
761 2365 1072 583 1055 486 3150 443 540 473 3151 1468 817 1795 476 1342 655 3152 409 137
762 229 3153 179 3154 3155 3156
763 511 765 3157 617 3158 1807 2394
764 221 1729 3159 1234 2415 2148
765 689 76 574 876 119 3160 3161
766 1868 859 3162 493 473 3163 3164 3165 108 3166 3167 241 1673 3168 2315 3169 3170 462 554 986 3171 666
767 2979 511 170 3172 3173 81 3174 2929
768 1359 2916 3175 752 2253 3176 1783
769 631 1878 914 2344 1384 171
770 792 3177 2935 1172 2037 241 2557 3178 1038 304 3179 3180 805 1125
771 28 3181 2975 186 3182 3183 2569 871
772 2341 3184 3185 3186 1425 2870 120
773 3187 1588 347 1038 3188
774 2716 50 96 1678 908 3189
775 2755 3190 653 511 266 298 245 1485 162 3191 297 858 2686 1662 3192 925 693 1988 254 1790
776 1722 3193 44 3194 3195 2588 3196 3197
777 721 3198 1318 720 957 1026 3199 384 2508
778 596 3200 3114 3201 1149 1055 930 506 2273 989 2870 2079 1425 120
779 1624 593 1202 870 128 53 1008 3202 69 2393 191 2419 201 2067 2536 803 479 1012 276 764 268 557 2758 688 2468 1396 1174 1585 816 248 108 3203 2451 3204 493 171 391 2417
780 2294 3205 3206 2337 2693
781 634 77 817 3207 2200
782 3042 151 357 1067 3208 2314
783 958 297 3209 1708 223 3210 3211 2364 2962 1348 876
784 1040 1162 3212 2326 968 1334 764 349 822
785 2796 26 356 655 749 81
786 2699 3213 858 1496 3098
787 10 2098 852 3172 823
788 78 584 1006 1499 3214 1876
789 3215 621 758 53 613 3216 1752 349 443 3217 2721
790 3218 1841 2732 601 1480 1061 3219 18 1092 3220 3221 1098 3222
791 1240 811 870 1041 600
792 910 3223 75 1510 1370 2200 794 3224
793 838 651 629 3225 2259 2156 1432 149 3226
794 229 3227 2706 2302 2339
795 816 1737 434 3228 1793
796 170 297 1379 546 1365 1783
797 3229 2588 3230 3231 720 1297 1026 290 629
798 3232 303 594 307 2578 297 3233 2802 1741
799 3234 1801 3235 221 3236 114 3237 3238 3239
800 1485 3240 3187 3241 172 3242 589 221 3243 1935 3244 79 634 2099 85 152
801 769 3245 1486 2588 1461
802 432 1315 98 452 918
803 503 3246 1049 3247 125 3171 270 10 3248 2579 440 1729 3249 432 876 734 616 2879 195 3250 615 1564
804 276 749 1520 263 368 336
805 1006 3251 3252 122 3253
806 2332 2533 2654 365 2389
807 473 1389 3254 3187 2576 3255 1055 261 2613
808 2871 3256 2658 3257 1026 1022
809 3258 1691 151 1711 637 1433
810 3259 3260 1829 1973 3073
811 2263 1271 2512 2931 1541
812 721 108 979 701 291
813 271 3261 2991 128 10 997 554 583 949 2776 832 3262 575 1891
814 863 945 119 416 3263 2890 2082 2587
815 3264 2072 3265 1398 1587 1504 3266 151 3267 3268
816 867 1251 2110 3269 287
817 2934 2308 1807 1783 3270 3271 784 3272 3273
818 229 1029 2339 1598 149
819 67 243 901 2466 3274
820 763 1112 2975 781 3275 61 3276 876 970
821 3277 2949 1311 3278 2878
822 2774 691 2125 488 1551 2214 3279 895 3280 273
823 1029 2533 234 885 1598 264
824 1314 3281 1824 1066 3195
825 876 1694 3282 1515 3283
826 3284 3285 409 3286 2115 171 3287 3104
827 2656 69 3288 3289 1035 3290 1112 155 1026 680 681 217 1456 2189 2615 3291 2673 1218 3292 3094 1628 3293 1699 2508 1069 888 1298 3294 3295 1557 1094 521 419 2657 3296 89 2247 3297
828 3298 1468 2357 239 2608 1363
829 749 3299 1419 200 173 3300 3301 1737 1968
830 1040 3302 2111 1067 1113
831 3303 122 1302 2133 267 1385
832 3304 1964 1078 1205 701 1876
833 463 53 2588 3065 1805
834 122 178 1782 174 4 379 185 3305 86 73 1472
835 1149 3306 293 652 128 770 3307 1229
836 2934 1073 573 3308 3309
837 2316 3100 740 836 3310
838 1053 3311 971 3312 3313
839 3314 1316 1686 2451 351
840 987 1225 242 1329 417
841 7 1831 2570 871 148
842 2684 1443 89 2364 76 3315
843 1493 2096 443 819 2385 784
844 1416 3147 1347 1868 1029 3261 3128 3316 3317 3318 3319 3320 3321 1494 1483 1123 420 210 3322
845 2657 798 3323 1055 1691
846 2684 860 1202 3324 3325 439 583 2609 97 282
847 740 3326 2529 1048 803
848 85 1729 3327 3007 1985 3328 34 3329
849 3330 448 3331 1137 767 3332 287 2170 3333 1641 252 841 711 831 3334 3335 1757 816 2909 3336
850 3337 3338 593 2632 2878
851 416 1161 310 3339 36 3340 88 1807 2587 1718 2434 3341 1640 3342 1597
852 298 1018 3343 2078 3339 3344
853 200 3345 3346 276 2902 1579 426 1055 1389 814 390 694 2922 3347 89 3348 443 3349 3350 3351 1259 3352 680 1153 298 1298 440 2154 836 3114
854 2468 1410 1215 282 2536 458
855 1273 482 2061 930 1354 3353
856 1786 3354 3355 169 3356 1244 368 1603 1629 3088 863 3013 164 3357
857 67 3358 2039 948 1339 4
858 367 3359 2114 945 842 1069 52 2588
859 1121 3360 2847 3361 3362 291 3229
860 150 114 629 3363 2161 2337
861 1691 2057 2518 2047 1435 1433
862 493 3364 147 3365 2901 1366
863 66 3366 3367 309 2587
864 356 1013 860 3203 481 1365 675 443 3298 794
865 979 264 152 1055 3368 1046 2368 470 311 2381
866 3369 842 245 559 1857 3370
867 3371 1847 49 2557 1452 2491 1740 3372 3373 1401
868 2084 1117 3129 3374 1719
869 507 2289 3375 319 1572 1107 2487 342 793 3281 3376 565 520
870 3377 556 3378 264 3379
871 237 1138 1135 1034 3211 889 3380 3381
872 3382 3383 3384 3385 3386 1274
873 1548 3223 550 3387 3388 881 3389 3390 1949 96 97 3290 1484 626 2923 2364 3391 416 79 636 739 1587 3392 2357 1310 905
874 3117 507 612 886 3393 3394 3395 3090 1727 240 3039 189 3396 177 1987 1008 1932
875 637 3397 170 1023 227
876 1298 53 174 989 3036 299
877 3398 1463 3399 3400 3401
878 2135 3099 2134 89 1484 959 930 889 3402 1219
879 540 1720 541 1183 2081 1723 3403 909 399 1711 473 1179 3291 465 862 2419 2365 912
880 264 227 2768 68 3404 3405 1729
881 3406 1067 3407 3408 420
882 3409 2607 749 2632 914 14
883 52 3410 267 200 1630 926 3411
884 298 1399 1262 217 3412 3413 2156 456
885 901 1177 1041 10 3414 681 1287 89 406 3415 683
886 3416 329 3111 3236 2498 1331 1287 297
887 1636 506 3408 3417 1265
888 1633 1456 588 1767 114 1845
889 1640 3418 3419 151 3420
890 859 297 2095 3421 122 3422
891 714 3423 982 1069 3424
892 2310 152 763 173 3425 1404 1988 2111 420 54 2982
893 588 356 3426 1731 3427 2421 2241 721 3428
894 2314 1329 881 3429 3430 3431 1433 3432
895 1054 96 3433 3434 3435 1050 2207
896 821 1040 753 98 2147 298 3436 3437
897 2870 1633 3438 2297 2013 3075 1627 68 2642 3439 1205 3440 3441 3442 2046 586
898 980 3443 2337 280 3444
899 2156 2337 1433 714 1069 1536
900 1298 3445 740 85 3133 617 2482 1716
901 3446 81 1577 3447 1008 2267
902 1510 3448 463 297 2096 1386 61 2357 1022
903 86 1769 3129 3449 171
904 3450 1008 621 888 3451
905 3452 1603 3453 53 3276 829 1667 3454 3455 473 3456 221 3457 3458 462 512 3459 2416 2847 3460 1718 3461 1468 1365
906 2346 3462 2047 666 1671
907 881 3463 3464 3465 3466
908 3008 2932 2644 1711 3456 2387 1501 3467
909 1708 2080 644 1595 59 3183
910 3468 859 297 53 3469
911 53 89 651 77 1467 2044 1287 1444 2508 118 1437 3470 3471 139 3472 1812 153 1279
912 3473 583 1361 211 3364 3474
913 1113 2357 3475 1396 959
914 2049 3476 3477 3478 757 3479
915 2196 3480 1633 331 2813 3481
916 473 108 3482 2213 728
917 1392 2408 2365 224 918 1329
918 2122 2900 3483 432 3484
919 53 557 1504 1166 859 2832 3485 2993 858 2793 3395 816 3486 1687 2657 1142
920 910 2468 81 1763 1686 3487 240 2314 682 3091 793 937 3466 3385
921 2614 3488 1016 339 3489
922 1752 576 1592 1757 855 3490
923 2305 1137 1114 108 276
924 276 79 328 3491 1890
925 3205 2317 1158 1633 1536
926 3492 1549 3493 3494 125 893 1019 2795 666 725
927 2897 1973 2866 16 227 1718 7
928 4 150 635 3397 1100 3495 2409 420
929 2432 2536 3017 257 1757
930 426 2047 236 3496 3497
931 3498 2088 3499 149 859 687 152
932 114 3500 3501 2337 3502 576 895
933 3503 1379 2673 197 1562
934 3504 3505 681 506 1548 1444 1782 284 683
935 24 2392 1276 3506 1752 3507 3508 1390 1439 376 2600 898 359 3509 1215
936 356 3510 1013 3511 2767 3512
937 863 3513 2704 3514 788 2508 2565
938 1302 3515 3516 3517 1229 1941 3518 1729 2140 3080 1205 3519 1013 154 2207 1326 621 1551 3216 1633
939 114 2072 3166 221 1495
940 2676 2876 1685 466 2976
941 276 1347 16 3520 2436 472 1764 2378
942 319 2384 297 3521 2837
943 376 3522 1445 16 3523 670 1337 2608 3524 1530 37 3525 2021 1069 2786 1607 2022 457 2056
944 1143 886 3366 1788 145 192 24
945 2331 267 675 2822 1680 528 348 3526
946 532 3134 913 3527 2394 3528 2262
947 128 1816 1603 1209 1175 3529
948 108 757 3530 926 2569
949 370 1372 3047 1072 941 2436 1467 2075 3531 1275 3299 3049 491 1091 3532 3221 3533 3534 527
950 3535 3160 1663 744 3536 409
951 800 3277 1888 793 2498 3537
952 53 267 440 2775 153 3135
953 3538 3539 76 1518 3540 2561
954 1034 3541 268 2729 1729 249 399
955 3542 2339 3543 2924 826 2954 547 3251 764 2162 1498
956 3054 3544 913 1240 3545 2255 1166 3546 2147
957 930 3547 687 1633 217 3548
958 113 3549 793 3277 3344
959 3550 3551 3552 3553 3554
960 1240 3555 3556 151 3557 282 895 3044 1595
961 651 3558 1040 3559 200 3560 1000
962 465 757 972 930 449 2321 836 3561
963 360 1891 946 3562 3563 1987 3564
964 860 1321 242 3565 1045 3566 876 970
965 1699 1151 1317 1205 1964 666 2201 7 2364
966 859 299 541 3567 298 434 655 3568
967 650 1067 1417 1285 3518 2775 2147 852 3569 3570 3571
968 171 1983 3572 2231 2232 3573 2254 2734
969 3574 1595 666 1783 3267 1569 3575
970 3576 2255 816 548 1298 108 2863 1926 1727 76
971 1491 823 780 1184 1363 3577
972 297 2786 2636 801 862
973 1626 214 3099 3578 53 3579
974 66 3580 881 1606 3194 918
975 3581 1988 962 588 457 1591
976 3582 1777 3583 2383 742 714 2767
977 816 2681 905 2871 834 3584
978 876 3585 2919 1980 3342 2049 3586
979 1551 1342 1976 3276 2200 171 3587
980 2684 3588 1601 115 116 1692 347
981 3589 3590 1299 998 3591 149
982 1823 1374 3592 2418 3593 250 3594
983 826 3595 862 930 636 1130
984 114 1423 141 2351 3596 3597 164 68 3598
985 298 1158 1216 1631 2632
986 108 918 3599 1854 2398
987 3600 448 2156 1018 1752 2427 2200
988 3504 2500 3601 108 3602
989 1416 409 3603 1137 2048 3604 562 2203
990 114 1624 1150 264 763 3605
991 3606 1029 886 428 171
992 2076 3607 2052 247 2581
993 3283 506 107 889 3608
994 720 1271 1477 1976 3609 3610 3611
995 1696 834 87 957 623 3612 439 2233
996 3613 3614 2512 2244 3615
997 3616 3617 2987 3618 2238 2829
998 3619 3620 826 3621 3622 3623 2096
999 549 826 3595 3624 615 3625 23 10 221 337 89 342 118 1202 1100 3339 1922 585
1000 253 1654 3626 3627 1527
1001 3628 81 650 2557 1100
1002 541 663 1940 3629 3630 2773
1003 3631 167 3603 3632 1023
1004 1055 3206 428 2539 3633
1005 2765 3634 1390 1763 3276 809 3635
1006 2165 1176 3624 977 1501 2573 902 3479 970
1007 2285 2286 3636 3629 1597 3637
1008 3638 2757 1396 693 1987 2630
1009 1240 899 2494 3639 1342 666
1010 3640 3641 3642 714 151
1011 487 1181 158 3643 3295
1012 2808 3644 3645 137 1079 1089 3646 604 3647 2568 1095 3648 2595 3649 2208
1013 76 1889 1444 88 3151 758 636 2082 2247 3650
1014 66 3651 1696 1719 69 3652 2357 3129
1015 3653 1406 26 152 2436 3654 2785 1284
1016 3655 474 98 2896 356 2458 3656 171 297 3231
1017 319 3657 330 1106 2551 65
1018 2173 3658 624 3659 3660 3445 1885 2111
1019 859 311 434 3258 81 3661
1020 1424 3662 3646 1845 1093 1907 3419 3663 3664 609 3220 3221 3665 3666 1098 3086 3667 3668
1021 905 1208 1272 2557 305 3669
1022 1658 2883 775 809 1055 87
1023 3670 1761 1266 3671 1696 2110 2657 1692 909 423 1402 1453 158
1024 3672 3673 169 3674 3675 3676 3677 588 507 122 3678
1025 3317 3679 687 3207 1342
1026 2583 3680 2522 3681 3682 2752 1887 335 2742 826 329 1345 3683 324 506
1027 3684 3658 1727 3685 3686
1028 114 432 1926 1974 2711
1029 3687 507 3688 3689 336 1811 3690 3691 263 297 1890 1703 506 3081 3089 918
1030 1998 2339 2533 1014 938
1031 2774 2039 3692 1757 2995
1032 3693 3694 1722 1113 3695 3696
1033 10 945 476 558 2496 143 108 2841 1680 3697 1405 989 3569 1362 152 87 980 2322 2023 651 1785 36 2946 170 3698 836 1925 3699
1034 541 685 2629 3700 511 540 2011
1035 1757 1342 950 288 65
1036 3030 3701 3702 3703 3704 1202 930 3705 763 3093 2575 3594
1037 3706 3560 957 194 3707
1038 1844 3708 876 47 3709
1039 2877 974 166 2116 733
1040 1624 3710 231 3357 2532
1041 2676 2622 100 1631 1977
1042 434 1604 1737 857 1834 314 3287
1043 3711 1385 1770 3046 3712 3713
1044 3714 1046 3373 153 1499 671
1045 562 920 1412 2985 3715
1046 179 576 765 1474 3716 10 1329 76 1606 3717 1066 3718 3719 1201 1890 3720
1047 1342 3615 2141 3721 2670
1048 1347 172 2474 3722 628
1049 3723 900 2912 1055 50
1050 2746 1890 1329 3724 1825 1826 624 2023 354 3725 3726
1051 674 3727 2145 10 3314 294
1052 1255 77 406 1761 3728
1053 480 3426 2993 3729 3730 3728 152
1054 3731 785 2946 573 957
1055 3504 80 3131 816 3732 619 23
1056 1800 127 1925 2172 3095 3733 889
1057 3238 1484 224 324 3210 153 3537
1058 367 2017 3734 2874 3735 152
1059 2811 2789 3736 2286 40 3737 1334 79 1507 3738 3739
1060 1884 3740 3741 711 3449
1061 3742 3743 1365 1587 535 536 918
1062 1966 1410 3744 3745 3746 987 2146 3747
1063 459 1239 2477 2092 1966
1064 3748 1841 2930 1281 1284
1065 3749 179 1893 3750 3751 264 2954
1066 3752 3017 1077 1078 336 1277 3648 3753
1067 3754 1029 3755 3756 2677
1068 511 1240 749 2901 3757
1069 137 81 582 3758 131 3759 573
1070 1590 701 568 3720 3760 1741
1071 1939 3595 669 3761 3762
1072 811 933 52 693 2140
1073 2985 1183 1055 1637 2125 1410 757 449 2938 768 410 3763 3449
1074 568 3764 753 76 3765 3287
1075 1249 2580 3766 2883 3645 3767 3133 841 1756 161 3768 3769 2646 2556 3770 3771 2056 3772 3773 1953 3774 3775 2720 3776
1076 1029 164 1271 1359 2230 3777
1077 1459 1068 407 926 1115
1078 1977 1416 3389 424 2563 3778
1079 53 858 245 3779 3780 1920
1080 3781 3782 3766 3283 171 3746
1081 274 1266 1202 303 1516 1026 108 681 2052 11 428 284 1409 1416 2587
1082 3042 3606 918 3783 3782 3784 1959 3785 3786
1083 1516 1166 1600 3546 3076
1084 3357 115 116 88 3787 1527 3577 3788
1085 3789 3291 119 1806 3694 323 1192
1086 80 540 3790 61 3791
1087 1212 1272 3792 3587 1290
1088 1864 3793 739 2369 3794 3678
1089 665 85 717 836 3795 3796 3797 2409 108 1889 207 291 3798
1090 264 3799 3800 3801 2784 1579 163
1091 1176 1816 3056 3802 2048
1092 1067 2803 10 98 433 706 3764
1093 1838 1249 796 3803 1192
1094 264 121 1208 3804 698 360 556 2389 2533 3805 1892 3751 229 3806 1893 3807 3808 114 149 2725 1843 2042 1863 3809 2688 1739 2744 368 3011
1095 1966 3810 3811 311 3812 1680
1096 675 3813 1019 3624 2779
1097 2738 1235 3814 2259 2092 2919
1098 1662 160 3815 3816 1821 3817 2188 1484 337 3720 1200 3818 3819 202 446 1659 617 2040 275 1976
1099 1371 3820 3821 3822 3823 199 3380 619 3824 2634 34 1771 515 1026 3157
1100 2925 2756 988 3825 2027 758 1197 3826 3827
1101 1639 53 2921 2402 1577 3828 3829 2895
1102 1073 3830 3415 80 794 3831
1103 174 834 1216 2270 2569
1104 915 128 674 583 3832
1105 817 2901 1696 2200 291
1106 1634 297 1315 3833 3834
1107 3835 252 3836 85 3837 3838 3839
1108 3555 3840 3622 3203 3841 281 2887 3842
1109 2044 2887 36 3843 2680 2141
1110 2689 940 2445 3844 755
1111 2345 870 1040 3845 740 1241 3846 492 959 3847 3848 2720 3849 3276 172 636 3255 294 171
1112 1255 3850 3851 2561 1279
1113 507 3852 853 314 2458
1114 3853 1292 3854 1675 170 744 1576 2512 3855 1696 1691 3856 141 1601 1630 3857 154
1115 1816 723 1247 3097 622
1116 2393 1379 3763 2519 3858 2847 3859 3291 674 3860
1117 359 412 583 3609 622 3172 3861
1118 3862 3480 3489 1163 1877
1119 2546 3863 712 860 797 268 2746 3191 1147
1120 1867 3806 363 3864 3156 114 3865
1121 268 3866 274 2957 529
1122 1417 934 548 2076 3618 3732 848 3867
1123 675 3539 2335 1390 2417
1124 2856 3489 3868 3869 3870
1125 356 1013 2078 1291 775 146 428 3871 3872
1126 3503 3566 3873 1122 1200 1453 3358 3797 3874 693 1137 3875 3876 2370
1127 1575 3495 554 3877 416
1128 678 3878 1987 480 3879 3880 3881 1459 274 3882 53 1069
1129 2484 151 2419 3100 953 417 3883
1130 229 3884 2707 3808 3885 2342 2653 3886
1131 221 3343 2144 2508 1348 565 3572 3887 3888
1132 827 409 2308 1587 876
1133 1055 1022 240 3889 1610
1134 3227 3415 1535 2822 2884
1135 3311 3890 749 1622 3891
1136 68 983 2897 3892 3893
1137 96 2017 1055 3894 930 78 3895 977 1697 2116
1138 1836 276 2034 3896 3897 1564 1616
1139 948 200 2441 1754 3898 3083 3899 3900 2207 3901 1636 2618 896 146 3114
1140 905 3569 1071 826 1868
1141 227 807 3820 1438 3902
1142 1045 305 1050 1011 3903
1143 2803 3904 1727 681 1444 3905
1144 612 663 798 1859 1250
1145 2476 3287 1070 880 254 3906
1146 1761 3907 832 1087 1970 1711 3908
1147 881 1816 811 2428 3909
1148 3754 1038 315 1112 912 1600 3910 3911 156
1149 337 330 2504 3912 3913
1150 2897 2741 3914 3915 3571 3916
1151 3917 2013 1536 1365 989 3918
1152 3919 309 763 2913 834 3348
1153 3920 841 2044 2140 170 428 3921
1154 3922 930 2524 3583 3923
1155 796 80 2070 1022 1149
1156 881 1298 104 3924 1752 3925 1622 666 3610 210
1157 716 128 3824 3926 908 2400 3927 3928 3929 3495 3930 2111 3931
1158 409 3932 263 3933 457
1159 530 1033 3934 297 164
1160 1150 480 447 1055 3935 3548 3936
1161 1937 1447 2820 1446 1151 3937
1162 574 1398 3622 1554 1758 2613 79
1163 3938 389 1000 541 3939 3728
1164 581 114 298 666 3258
1165 1667 3940 3941 3942 1407
1166 432 3943 1636 871 1370 2588 1705
1167 232 991 530 179 2354
1168 144 169 2841 484 3944 1187 3040
1169 85 788 146 73 3945
1170 2350 3946 781 2484 2757 3947 96 1123 2152 3948 816 378 835 50 1448 1149 1971 1455 3949 2020 1536 420 631 3950 186 1008 122 2088 3951 1023 3952
1171 3482 349 1829 1392 3953
1172 2000 3954 3499 365 179
1173 981 68 1419 909 1045 297
1174 1022 1435 85 2863 2357 3955 970 2093
1175 3956 3957 108 2892 816 657 2883 3958 1257 757 2273 3293 3114 111
1176 3504 629 3857 3959 1348 3960
1177 2782 473 1835 2071 841 7
1178 35 627 3961 59 3780
1179 3962 2801 409 818 3963 2731
1180 1624 114 885 3964 2828 3965 1932
1181 189 36 2456 1017 784
1182 1202 2017 297 1846 2193 3083 3966 3967 1709 3968 617 2630 3100 1946 597
1183 1051 223 788 873 3969 871
1184 2909 2897 171 1922 93
1185 1189 621 1827 3493 1333 3373 950 2357 1484 3970 3180 3971 711
1186 3477 830 3972 3172 286 757 1026 1878 2308
1187 3670 1634 1836 2364 3958 3973 69
1188 2654 2532 3974 1866 840 230 3886 2331 3379
1189 1485 1504 249 447 1008 457 2117 155 2089
1190 3011 3806 179 2533 1893 234
1191 3975 2867 3683 3758 1019 918 3134
1192 3706 2146 2536 1964 3381 1716 596
1193 3976 1998 3185 3378 3977 183 264
1194 3978 3979 3049 1091 3980 3981 1037 1098 3982
1195 1029 151 1551 3879 3275 1352 3983 3984 1027
1196 2674 141 68 1703 1920 3985 548
1197 7 1000 3941 3986 2292
1198 179 2706 3987 474 3550
1199 474 1418 2096 2740 493 3988 1419 108 3989 2084 413 3990 3706
1200 3974 307 764 556 297 1711 3991 2924 861 67 847 2215
1201 984 109 3992 68 2634 10 1020
1202 1286 3993 934 3994 3995
1203 687 655 2866 3996 1631
1204 3997 1783 3528 818 2563 154
1205 3462 663 53 1552 305 3998 3999 3368 4000 440 4001
1206 4002 1432 4003 2841 4004
1207 2636 1008 2098 3160 173 787 399 474
1208 4005 4006 4007 1261 4008 484 4009
1209 2943 257 4010 286 3678 2610
1210 4011 490 2719 4012 4013 1906 1093 3980 4014 1281 1098
1211 297 1432 682 4015 4016
1212 3515 593 1836 917 240
1213 13 108 1729 1891 454 1691 1149 1272 773 711
1214 1034 4017 4018 200 162 816 248 814 271 4019 732 1413 2116 1998 1868 1409 1624 1396 1199
1215 3964 2747 3417 2384 561 338 940
1216 1411 2386 3502 1974 150 1105
1217 4020 3816 26 84 805 4021 3641
1218 1891 1149 266 476 1592 4022 4023 626
1219 4024 4025 2149 1365 4026
1220 3638 625 959 2310 4027 1119 2061 4028 1954 1695 4029 4030 576 151
1221 2042 179 245 4031 3499 234 3805 3379 1014 4032
1222 229 360 1999 3710 1891 4033 1862
1223 4034 160 108 425 3001 4035 1342 2858 1361 556 827
1224 229 2549 360 364 2331
1225 4036 711 3116 918 4037 4038
1226 2191 4039 4040 4041 2929
1227 1816 2250 2882 905 636 4042 4043 221
1228 511 4044 4045 100 1286 3849 4046 1177 3139 253
1229 227 4047 681 1979 3699
1230 949 2657 550 4048 549 3870 833 1149
1231 77 2788 1472 88 169 532
1232 108 959 764 2469 2069 3037
1233 514 4049 1329 4050 2612
1234 2673 3069 739 1229 1654
1235 34 276 3920 2542 171
1236 114 3237 1807 897 4051
1237 1038 1844 1026 50 3955
1238 1933 417 3231 1432 357 4052 152 4053 85 86 282 1778 1900 161
1239 1006 3631 4054 4055 2811
1240 1042 574 4056 24 420 809 1509
1241 2747 1240 1613 2740 796 2512 2320 53 795 1048 1550
1242 473 221 1577 164 4057
1243 859 297 1260 3174 4058 4059 1038 899 4060 1113 2603 1067 1401 409 2027
1244 749 1072 1202 3117 4061
1245 3661 317 96 4062 236 2136 816 1372 170 1279 85
1246 1639 1503 1202 948 687 1426 1210
1247 4063 87 918 2055 4064
1248 4065 631 541 4066 1055 260 506
1249 75 35 4067 189 3276 834 462 2303
1250 1777 913 2757 1678 798 4068 4069
1251 153 271 1503 1794 3291 2977 287 447 711
1252 3850 4070 4071 1816 2328
1253 3384 4072 4073 3115 4074 1536 2632 4075 4076
1254 274 53 4019 1192 2319 612 128 2037 73 1131 2433 4077 1933 4078 4079 2030
1255 2042 2571 583 1804 3834 757
1256 114 149 3067 3333 4080
1257 2898 621 1240 3475 2182 3684 1558
1258 4081 590 4082 311 67 666 447 4083 114 950
1259 7 1410 959 2366 4084
1260 600 651 77 1516 4085
1261 3042 1485 152 4086 740 3748 2386 4087 3051 3086
1262 4088 240 4089 4090 16 7 3774 2075
1263 122 1507 1665 897 266 4091 4092 636 1000 4093 428
1264 1624 3550 2533 4031 186 1767 2460
1265 2272 2571 4094 1986 4061 4095 2169 4096 4097 4098
1266 297 1612 62 4099 3841 4100 897 4101
1267 2066 834 2883 4102 111
1268 1365 650 317 298 2136 246 78 85 4103 693 4104 309 989 4105 4106 149 23 486 474 476 1691 2786 4107 4108 1617
1269 1547 1752 1213 3076 1070
1270 7 897 4109 1178 1347 934 3172 3038
1271 121 3884 229 1029 1999
1272 1183 1614 3606 4110 1008 2417 1126
1273 1948 1508 802 3700 276 3457 3229 817 2447 1185 351 739 623
1274 1494 2717 281 1177 4111 4112 3767 4113
1275 1472 4114 4115 4116 4117
1276 2047 2088 4118 655 4119
1277 859 122 1781 1013 1298 298 292
1278 149 859 1149 637 977 3276
1279 798 930 1566 3373 153 1942 668 225 1788 2865 2613 4120 576 297 221
1280 1393 4121 487 2174 862
1281 934 209 3048 1425 120 4122 491 4123 4124
1282 1443 955 68 334 1699 814 844 164 1973 3868
1283 3879 641 4125 2229 254 1536 156 259
1284 2644 3293 2419 4104 627 1347 4126 1342 1772
1285 4127 139 4128 4129 1026 2022 170
1286 276 248 164 1558 1425
1287 665 763 4130 3232 768 863 1384 2786 299 4131
1288 2500 4132 2658 4133 4134
1289 1998 230 234 245 3884
1290 4135 4136 3594 1844 3902
1291 465 2557 889 1979 1619 1459 757 972 895 192 4137 4138 1767 476 1975 406
1292 2792 4139 3259 2790 2860 2309
1293 4140 1980 3264 4076 3841 408 2990 4085
1294 1665 1951 3118 1716 617
1295 297 462 3836 629 154 2968 1468 1467 4141 1080
1296 1639 108 69 540 89
1297 1029 1696 266 4142 1112
1298 1037 3499 859 331 1687 3375 1045 816 1162 832 4143
1299 1601 1209 276 164 3203 454
1300 4144 2657 307 3188 1570
1301 4145 4146 367 443 2323 2588 4147 28 1149 1008 3415 428 4148 156 4149 4150 290
1302 1072 4123 1065 4151 3648
1303 2413 19 1757 174 269 930
1304 1624 651 356 1683 881 1606 154 623 1038 739 1696 636 1807 297 4152 4053 4153 587 855 1820 4154 1595 2590 1484 3849 1783
1305 1037 108 583 905 3594
1306 2521 77 1699 506 2866 879 102
1307 1240 1223 303 52 4155 1123 60
1308 1582 575 3680 2569 1589
1309 764 2634 108 1365 3100 190
1310 821 77 221 2235 2746 4156 1709 69 4157 66
1311 1054 67 13 122 1398 266 297 1463 4158 1942
1312 4159 1149 809 2231 2232 3573
1313 3395 4160 88 119 1415 826 1978 4161 3006 909
1314 4162 2069 10 583 171 4163 3509 4164 411 1974 1564 4165
1315 3187 85 153 577 4166 172 2156
1316 3934 2273 3711 1298 1271 2136 758 4167 1069 1353 876 1197
1317 3748 4168 526 4169 3754 3829 2075 1072 556 1076 1060 1082 4170
1318 3545 2516 4171 4172 1934 959 2123 227 666 489 4173 806 4174 93 1900 4175
1319 3541 297 153 2806 1321 98 464 2716 2586 2419 3515
1320 297 2231 2232 2170 2254
1321 1029 298 242 4176 3125 1481
1322 98 163 3431 1820 384
1323 229 234 1468 1780 885 2655
1324 790 1251 3502 1747 4177
1325 1630 655 912 4178 4179
1326 3606 79 1515 53 452 242
1327 1005 87 366 266 1046 1223
1328 2194 1762 331 2399 1199 4180 4181 1307 736 4182 2620 4065 108 248 858 2927 740 4183 4184 4185 2386 4168 3186 4186 4187 4188 929 491
1329 1844 517 2760 53 1329 814 3537 793 2030 332
1330 1218 1839 1801 1397 1631 3546 156 1048 242 4189 391 4190 4016 4191 1185 68 2037 2108 794 166 554 147 4192 810 37 4193 2721 1122 3365 1932 2259 259 437 4194 757 257 918
1331 151 4195 1966 2796 240 1011 4196 4197 2222
1332 4198 4199 1631 8 7
1333 574 76 2588 4200 1190
1334 4201 1646 290 104 1290 573 139
1335 4202 2562 389 3266 3542 1467
1336 4203 4204 860 1003 1577 557 1493 1741
1337 3684 4205 2859 3190 221 474
1338 3530 438 2361 485 3358
1339 264 297 2409 3507 1411 2044
1340 635 2795 4206 3403 901 3006 4207
1341 4208 2795 4209 1962 4210 3100
1342 45 1041 4211 1365 3842 3871 420 2075 954 1144
1343 4212 4120 45 3059 558 1579 540 4048 314 4213 3463 4214 548
1344 4215 3597 1696 1008 1943 4216 37 154 2568
1345 3442 122 1271 4217 3792
1346 733 266 1807 1104 4218 4219 4220 2356 1887 339
1347 229 4221 2358 4222 1598 2625
1348 1762 687 940 1068 152 3557 2847
1349 3956 4223 1419 2082 573
1350 4224 2076 1927 432 79 1055 4225 3135 4226 3389
1351 639 1728 2393 619 934 4227 626 4084 4228
1352 4229 4230 4231 2018 4232 796 682
1353 3459 4233 4234 4235 4236 37 1606 4237 4238
1354 1202 4239 802 2901 1379 715 4240 4241 3104 2847 3830 4242 2433 2931 1069 1922 2326 3916 4243 3924
1355 1928 108 583 1851 4244 1828
1356 4012 609 1280 1065 4245
1357 473 3694 1412 4199 3625 4246 2047 2030
1358 1816 757 681 959 3116
1359 2359 4247 2828 3550 1014 3011 4248 3401
1360 189 757 895 711 1237
1361 1609 3729 164 4249 4250
1362 4019 959 2392 2107 630 4107 4251
1363 1741 4252 2897 2037 893 713 1008 60 61 715 2183 1454
1364 1013 2308 1728 108 50 1433 4253 1782 4254 4255
1365 945 4222 1415 432 322 559 1153 3492
1366 462 1697 248 95 1696 1640 53 1365 4256 1574
1367 4257 1483 2390 3819 2007
1368 2622 20 989 1942 4258
1369 841 816 642 24 298
1370 1137 957 1836 242 86
1371 1468 108 4259 886 708 2863 1026 109 407 757 3595 1390 962 139
1372 2438 1472 4260 4261 2693
1373 1395 1826 4262 88 4263 1019 1889
1374 930 2505 4264 114 3813 4265 155 156 2326 1149 2737 4266
1375 1572 89 3115 3136 319 1912 3471 845
1376 1833 4267 3842 2852 918
1377 1038 4268 1293 838 1405 763
1378 530 3988 1055 822 1247 4023 3280 3867 1494 3203 10 612 172 1067 2281 191 2955 1007 1068 4269
1379 223 3208 87 1295 280 3801 2393 439 3643
1380 4270 3918 4271 70 4272
1381 459 271 2588 611 671 164 556 4273 4274 4275 2551 817 2749 4276
1382 4277 1525 4278 2630 4279
1383 4280 76 170 4281 712 4282
1384 3744 3243 1334 1604 1799 1542 1995 905 3001
1385 576 955 2649 930 2454 4283 1708 1729 4284 146 855 1363 4285 4286 1841 3207 4287 1646 2852 2374 1201 4265 2696 2945
1386 1881 1487 4288 3133 3293 4289 809
1387 4290 4291 4292 901 4245 1202
1388 1185 695 2051 3202 4293 401
1389 4294 2436 1624 4295 4111 156 166 1077 3955 4296
1390 4297 4298 279 3522 2020 1564
1391 1889 4299 4300 3822 4093 1326 1541
1392 2702 3716 19 87 60 1763 1177 221 76 3556 1019 1020 3658 3803 999 809 1718 2299 2160 3283 4301
1393 4302 1415 321 1287 89
1394 4303 357 836 809 2181 2393
1395 2918 1247 509 227 1045 959 1515 1055 2847 1729 1400 2742
1396 1998 1029 2625 264 4304
1397 4305 2975 4306 2965 2923
1398 1035 1640 61 1016 4307 2713
1399 2504 1942 3363 2200 1595 1641 2555 4308 2021 2427 139
1400 4309 1312 4310 3839 152 4311 666
1401 4312 3259 443 86 3855
1402 4313 77 43 4314 2122
1403 862 4315 532 19 1772 4316 2865 655
1404 1342 4317 826 2145 1040 321 675 847
1405 1811 1040 276 164 4318 4319
1406 2512 1352 980 2386 114 2606 4320
1407 631 2044 4278 1820 4321 4322
1408 1402 876 4323 4324 1554 4325 817 3114
1409 53 221 4326 3187 1467 1969 2947
1410 1036 1782 2673 253 1616
1411 1678 662 511 2174 2409 268 149 1662 359 4327 4021 4328
1412 693 1123 801 1924 4329 3115
1413 2017 151 817 2675 4330 4331
1414 150 2044 1504 4332 4333
1415 88 4334 2393 114 940
1416 4335 3805 3547 1057 3287
1417 1939 753 1510 3361 4336 3271 2308 2809
1418 2829 1416 307 2013 580
1419 1584 4332 4337 711 192 4338 870 2483
1420 1744 4339 1624 1847 1347 108 4340 816 1606 4341 1540
1421 720 1503 1643 1262 4342 291 287 4165
1422 841 1137 3033 2150 4343 1815 4344
1423 4345 1881 3332 4346 61 66 895 830 4347 1435 257 1286 675 135 36 1115 1499 1577
1424 3247 297 550 816 2981 2322 327 4348 3537 3139 3249 4349 75 276 3279 4350 4060
1425 712 3476 1980 268 2550
1426 1502 4351 805 4118 4352 2367
1427 3823 3892 3394 80 4353 2385 1547
1428 2611 4354 4355 2419 3129 4356
1429 423 1548 1555 4136 3999 263 2555
1430 2194 3880 588 322 2141
1431 1334 576 636 1017 926 1066 623 1632
1432 725 3449 440 894 711 1761 1045 853 155
1433 187 2406 1484 323 4053 1547 2364 4157 1444 2385
1434 712 4357 2572 1844 3594 2394
1435 1165 753 4358 10 3635
1436 67 476 1417 4180 4318 357 959
1437 4081 221 4359 4360 114 4361 76 1337 593 1711 1741
1438 4362 4109 1697 4363 4364 30
1439 4365 3216 383 1391 371
1440 621 57 4366 2833 2408 523 269 1406 527
1441 53 1372 131 1144 1071
1442 593 1587 1603 1471 948 4367 1451 4368 4369 4370 3940 54 2741
1443 2742 1438 4371 331 266 156 740 2419 1757 860 164 415 423 464 1212 47 1610 782 4372 297 961 3068 4373 1476 768 4228 4374 968 1971 969 2614 2200 837 257 456
1444 1242 1757 658 1451 876 1510 4375
1445 4376 1260 4008 4377 451
1446 3035 381 114 76 1287 4378 1352 1298 118 4379
1447 651 859 540 655 4244 2075
1448 3375 731 4380 4381 4382 3139 4383 2160
1449 1485 611 4384 390 1142 2267 4385 893 930
1450 1072 1167 4386 2436 1467 3105 3531 2274 1480 4387 4388 1078 4389 3364 120 137 280 1541 1091 1094 1692 1093 1280 2781 395 1284 4390
1451 3994 2096 428 432 366 522
1452 2164 3181 3032 4391 276
1453 2056 3500 37 803 4392 1757
1454 108 2544 4393 652 2630 54 4126 4394 2934
1455 546 151 3225 4395 4396 2259 4397
1456 1579 2840 4295 2393 2051 1199 461 141 1729 4398 399 3434 4386 860 152 2629 4399 4400 4225 47 86 2530 4401 351 1567
1457 4402 276 115 4403 310
1458 677 116 4314 248 3406 4404
1459 1999 3155 3554 2339 1069
1460 1891 742 1347 2748 929 1591
1461 3456 1699 4405 4406 1806 323 3210 4407 91 16 2165 3725 4408 4409 1370 196 68 701 52 1419 1876
1462 4410 4282 311 583 2482 2069
1463 928 4411 2757 1814 242 4103
1464 473 237 336 900 2108
1465 53 980 930 2987 2419 439
1466 3110 4412 3622 3371 1106
1467 4413 173 3150 4414 1527 1659
1468 537 1236 775 3095 1146 4415 2019 3444 1478 4238
1469 2898 440 150 1989 3660 544
1470 1185 4416 558 635 473
1471 2625 4417 4418 229 3954 232 3886
1472 690 3731 2972 440 1396 349
1473 2896 2889 3504 2052 767 1365 476 268 127 1951 4026 297 1038 2943 1836 3188 1084 3397 1752 3600 2460 3441 836 1061 2047
1474 1100 4419 3462 2320 801 1022 535
1475 4420 87 2496 4421 79 2636
1476 319 3603 879 457 1616 271
1477 3364 3499 1072 356 4089 367 3941 131 108
1478 3711 2897 4084 4422 4423 1508
1479 4424 2533 2083 1847 2492 1587 4425
1480 633 4426 2602 2891 2757 2889 257
1481 4427 3005 297 3956 1342 643 469
1482 4040 1059 1467 4428 1904 4429 2972 603 602 1065
1483 3754 476 1038 928 4430 863 3206 775 643 1829 1603 1940 53 4431 487 311 2928 652 3254 1189 61 4432 267 1551 1762 898 997 331 1767 3029 708 4383 2427 1617 186
1484 940 2890 968 259 21
1485 1374 3778 2766 1922 7
1486 149 4433 4434 1997 3084 1353
1487 149 583 3707 153 3584
1488 1801 612 46 4435 89
1489 1038 2183 1239 1322 289 957
1490 3136 4436 297 4437 3605 1587 802 2922 4438 1055 1781 2384 324 3879 2048 4439 1559
1491 128 2565 331 740 1287 2909 1442
1492 2552 4096 389 901 4440 1055 1359 4441 1019
1493 517 3167 1836 4442 2143 3373 85
1494 930 1636 1418 1419 864
1495 1443 4443 319 4444 793 9 4445 966 3416
1496 4020 493 114 3005 4376 2124 151 464 1029 4446 4447 1664 4371 4448 276 3450 876 3164 1055 4449 1774 2390 4450 170 4451
1497 268 108 906 2887 36 3203 2847 4200 1922
1498 1373 4452 1619 1816 912 1067 3313
1499 4453 636 1478 809 587
1500 1026 930 450 2673 68 743 4454 4455 1757 446 4456
1501 1158 1149 3581 1741 1557 1040 1553 3117 4457 1756 4458
1502 127 3045 1485 4459 108 298 4460 1775 1949 1049
1503 1841 3635 1034 4461 1906
1504 4462 447 162 309 854 4463 1933 2049 720 487 1535 3428 4304 926 4464 1603
1505 349 3698 3352 631 2044 170 4465
1506 4335 1185 1788 1 4466
1507 1038 3042 227 4467 4468 1366 1403 1355
1508 318 2840 53 76 2418 989
1509 1754 4469 4470 2986 193
1510 245 1788 1342 89 249
1511 2136 1979 1976 4471 4472 817 1149 930 2634 873 1259 3774
1512 4129 3658 1046 3942 3271 2378
1513 867 1202 390 4473 905
1514 1038 2991 3589 879 1264 3614 4474 1716 1453 4111
1515 439 1234 3195 4475 2370 2815
1516 298 2529 1202 1868 2160 1558 2577 2459 4476 2893
1517 3595 4477 1626 1150 1587 1353 4478 1127
1518 2134 2135 4479 900 4480
1519 4206 1427 267 298 1342 108 221 2808
1520 3957 53 389 2529 347 618
1521 16 833 3397 4168 642 4481
1522 3856 1727 337 4482 319 2962 4483
1523 1663 1761 1418 4484 4485 4486 88 3110 1887 70 2357 2065 1766 4487 1341 1453 3283 2942 35 1124 2140 2579 2165 287 65 711 2715 331 3408 2920 4488 3769 2253 2055 2233 1820
1524 4489 687 2124 152 2512 299 3214 4490 2089
1525 3160 166 3529 1433 221
1526 1762 3943 841 356 4491 1012
1527 3939 4492 47 406 503 1818
1528 1624 3351 4493 4494 3869 2856 3537 793 856
1529 581 4495 1149 248 930 1758 276
1530 1072 271 849 4496 2537 39
1531 4497 780 1758 2546 4498 4499
1532 764 687 1356 1411 2795 4253
1533 2754 860 1836 2241 4500 4501
1534 4502 2236 4503 506 1160
1535 2332 4504 2706 3184 4033 556
1536 3223 816 428 4352 111
1537 3943 298 828 958 841 1343 337 655 1473 626 2146 7 794 4505 289 2170
1538 4506 474 840 179 1599 229
1539 3555 3035 2922 319 3110 4507 636
1540 4508 600 274 1831 1149 124 2615
1541 1616 4509 826 155 1149
1542 3945 3968 3992 3223 2350 4510 1209
1543 4511 1113 298 4431 1534 817
1544 2784 2174 4512 1444 592 4513 1215 2047
1545 1037 593 1507 4514 2076 4515 4516 2100 4517 720 1035 152 10 3255 1885 171 3141 416
1546 35 4518 2883 4519 1948 4520 2255 276 1802 506 439 291
1547 674 77 1975 2030 376 1474
1548 141 1365 2916 1402 4521 1933 2947
1549 268 162 493 1055 2840 428 674 2924 1038 1199 440 82
1550 2036 617 1604 912 892
1551 1673 2140 3114 4522 1410 3566
1552 1459 4523 926 50 173
1553 1761 311 1165 589 655 1390
1554 987 511 244 108 1484 1726 681 81 309 4524 2661 1699
1555 4491 4131 895 100 711 3114 257
1556 2214 4399 859 787 626 781 4525
1557 946 267 2793 3504 4526 4527 4528
1558 229 179 530 149 1867 2331
1559 2818 149 842 1484 385
1560 3303 152 1729 655 71 4184 1797 4529 2866 583 4530
1561 2807 1072 1059 22 4011 4531 1094 3221 3126
1562 791 4532 514 128 4533 4534 2335 413 399
1563 3482 4535 4228 817 66
1564 1055 4401 720 811 20 2075 4536
1565 2283 2285 2286 3849 4537
1566 4161 152 3608 4538 275
1567 1364 666 817 4539 4540 107
1568 1551 867 1067 576 933 2588 1508 2561 4541 317 2622 3764 593 271 297 811 4542 651 114 164 2207 592 2829 1432 1900
1569 2632 2243 850 4383 701 3530 2268 4543 3115 2416
1570 4544 1603 1558 2550 263
1571 3746 416 108 314 154 391
1572 1222 1045 583 1022 1783 809
1573 2611 616 4520 3951 3312 3253 114
1574 1183 3943 4545 2409 3369 223
1575 4546 2500 675 1051 4547 1920 1013 2344 4548 1880 4549
1576 4550 4551 179 1739 2625 114 4552 4553 4247
1577 4554 1471 81 1300 3323 409 2238
1578 129 473 2294 4555 3199 1229 1265
1579 158 1754 958 710 1989
1580 4556 3049 1090 4012 609 3221 3533 3222
1581 81 2414 4381 816 3972
1582 2191 2314 2386 1975 254
1583 108 1292 416 4557 1334 1342 4558 1008 4168 3039 1673 2792 681 89 2579 4559 817
1584 3836 1474 1558 723 4560 35 170
1585 80 681 4561 4562 385 3292
1586 1985 3652 4563 1406 4192
1587 4564 4131 4565 4566 937
1588 2755 108 1533 2890 487 1630 836 2357 1247 2250 2457 507 3540 1008 1752 638 2610 4567 1498
1589 576 2726 4041 926 4568 3623 4569 4112 69 4570
1590 522 1816 2337 872 1402
1591 26 91 2056 4571 1065
1592 4572 4573 4574 869 4575
1593 1150 2329 3884 1234 164 3530
1594 463 322 4562 3856 268 2631 3130 4576
1595 722 631 1271 1069 4577 155 1831 3363 4104 2394 171 3293 506 816
1596 535 4578 2889 85 3579 1312 836 1162 4579 3243 4079 4580
1597 3499 2663 2379 804 4434
1598 77 541 1240 4581 1946
1599 80 838 10 814 4582 4583 2038 2537 809 89 3549
1600 3203 242 897 1801 3286 3391 2811 1998 428
1601 1292 141 701 2214 76 4584 2247 949 1807 3747 620 1536 1545 4585 387
1602 596 617 1601 3579 347 4586
1603 1067 826 53 1711 482 61 803 2667
1604 4587 1984 3317 318 945 4588
1605 88 3193 1148 2372 4196
1606 1000 264 3126 2281 949 881 2563
1607 114 298 1086 4589 18
1608 1340 149 441 452 156 4488
1609 170 4590 3441 109 1436 1069
1610 167 881 114 53 1632
1611 1932 2721 2407 2630 133 311 4591
1612 331 153 1788 877 2188 740 3100 2909 4592
1613 2756 2826 770 1015 4593
1614 4594 1672 4595 4596 726
1615 229 3553 149 234 1014
1616 1446 1485 128 443 86 87 2749 4597
1617 370 634 4345 1841 369 2967 2969 582 4598 1070 2972 4599 2735 609 4600
1618 817 2009 1406 1993 1932
1619 2512 4601 720 1603 97 959 1933 1008 2530 1384
1620 1503 352 2308 1149 4602 4603
1621 367 744 147 985 132 1604
1622 4604 2290 4605 1001 742 1149 3658 257
1623 740 2322 1531 366 1008
1624 2411 448 1264 4175 1889 918 1379 381 1966
1625 2829 4606 3132 24 12
1626 2125 50 36 2014 314
1627 2937 2822 3574 2410 1298 4607 4608
1628 1868 167 76 834 1366 836 1022
1629 98 2447 2693 2191 768
1630 2563 248 1404 1396 245 740
1631 2572 739 14 50 2436 1767 897 2968 4609 1076 168 587 2719
1632 1312 4610 80 2685 2737 4611 484
1633 1764 3485 1697 4169 4612 457
1634 842 2853 34 4403 186 2676
1635 3780 1985 4613 2618 4614 1370 164 4615 2512 4616 1419 2156 950
1636 826 122 2399 4617 169 1551 259 4618
1637 1484 89 3691 4407 3289 1932
1638 3606 1691 4619 2436 1629 850 1021 950
1639 404 4322 2073 4620 4621
1640 3636 4622 332 517 4308
1641 2746 334 4623 149 3544
1642 2596 4624 3261 860 1493 85 4625 687 68 3834
1643 2782 826 593 1417 859 1549 2372 2061 428 28 2220 139
1644 1400 2673 3819 589 4626 4319 4627
1645 1177 1342 1 709 653 350
1646 4454 744 53 2281 305 3135 803 4628
1647 4580 1165 152 1471 1241 816 4629 2451 151 4630
1648 867 13 1402 298 34 4631 4632 36 546 743 3702 3068 1640 1066 2786 2570 1478
1649 390 428 3243 239 809
1650 3175 1634 740 4633 4634
1651 4635 266 298 2383 1052 4636
1652 1347 1185 1029 4637 4638 492
1653 1223 2140 1601 114 4103 4639 3080
1654 1053 2906 1629 4640 311 2512 152 4641 114 3859 166 4642 947 1989 2518
1655 1300 75 2703 1977 1481
1656 1034 4643 36 2037 174 4180
1657 4590 4644 1347 320 617 3592 2881 1718
1658 4645 940 3284 829 2030
1659 1857 4646 576 1667 4647 3283 186 3635
1660 1973 3072 930 1948 1741
1661 4648 4649 2803 489 269 408 4650 4651
1662 4652 667 4653 2147 1013 1927 171 1879 1730
1663 2224 1446 4654 4655 2174 1917 2784 1870 1208 2862 3476
1664 833 3198 1951 1346 3208 3171 589 636 681 89 672 4656 428 837 1778 909 155 4657
1665 2164 940 1209 4658 950 217
1666 1630 2860 1667 3881 407
1667 1076 4659 1081 1082 2437 4660 4661 1097 2386 4481
1668 506 2414 2350 2856 4662
1669 2991 200 1350 2435 4663 1596 4664
1670 377 68 97 904 949
1671 1781 4665 2357 1504 1479 4666
1672 317 3507 3346 26 1997
1673 1985 675 1342 2557 3173
1674 2029 3008 460 3892 701 2384 561 2929 76 4667 1183 2752
1675 3628 1224 298 2455 4668
1676 935 2011 2322 1326 2590
1677 297 2190 169 4 1434
1678 3120 447 4669 4019 2752 683
1679 2398 1273 2952 1501 937 3707 387
1680 4670 556 2550 4671 4032
1681 1240 2494 4672 4673 1026 1632
1682 3631 4674 3602 2785 4675
1683 274 790 3996 416 4676
1684 1365 3142 484 3673 85 1432 1933 687
1685 299 4677 4172 4678 1604 1464 1334
1686 1432 618 4577 1692 584 4679 2490
1687 317 2512 2320 2729 16 1500 2563 1019 2870
1688 2290 3651 4680 4681 701 588 3137
1689 1342 114 2530 1574 3315
1690 4626 1587 969 4682 1158
1691 3661 3227 2707 3550 4553
1692 4683 705 2287 1468 4684 811
1693 3392 3417 2929 1503 2426 1418 4685
1694 246 1896 2088 713 1008 508 1504
1695 1689 4686 1365 34 297 1836
1696 4687 2721 4418 3652 4176 1086 280 1541 1082 4688 4599 491
1697 4689 2282 4690 149 2793 79 1551 1220 1516 744 2043 1026 710 457 236 3691 305 4691 2363 416
1698 4692 671 246 680 4693 4669 214 407 2879 65
1699 127 53 1142 819 4491 4339 2220 1050 391 1336 469 4694 4695 1751 416 1855 3160
1700 2290 2956 303 4696 2081 4697 905 4006 2829 88 1147 2571 80 173 1530 4698 3760 3504 2512 636 4699 980 4700 1305 617 268 968 2479 4192 2646 3081 4701 1589
1701 1572 297 1527 291 998
1702 4702 2871 4703 410 325
1703 4221 2083 4704 298 267 939 4705 2827 331 169 4706 4376 4707 757 477 634 556 2662 2568 1097 1096 4708
1704 3555 2408 2212 876 2496 473 584
1705 4709 7 1508 2207 3185 763
1706 1066 744 1327 4023 1876
1707 1628 594 2950 1989 19 740
1708 686 4637 4311 4710 1498
1709 2757 2075 1507 1716 989 53 2140 803
1710 1040 1200 389 1000 284
1711 10 1438 96 152 1640 4711 1541 359
1712 4712 2265 274 1471 1041 582 775 88 852
1713 3679 191 682 3504 4713 1293
1714 4161 76 3724 170 683
1715 202 1417 3427 4714 2685
1716 327 170 2572 1711 4715 1217
1717 2744 928 524 1691 2210 3499 267 3303 367 511 1928 2290 476 488 525 2620 2808 4040 1372 307 1841 1467 2436 3047
1718 423 1603 46 3728 240 4464 2854
1719 517 624 100 3509 4716 3431
1720 22 1469 1086 4717 603
1721 230 2706 532 1297 298 149 1867 4718 336 2156 1501
1722 2013 1596 876 4719 2929 290
1723 4562 2865 955 3093 3292 4720 394 4721 2930
1724 2329 1292 1054 52 901 4640 530 108 1029 2756 69 68 307 1178 2889 897 2076 2676 174 4722 4723 4724 2670 1478 3759 137
1725 1415 826 1502 4725 4726 3972 2929 1353 3073
1726 4727 2706 4728 234 2532
1727 3942 1034 267 128 3746 143 401 876 3436 4729 3437 3037 4730 4401 114
1728 1818 2032 4731 4682 596
1729 480 4732 4733 4436 257 402 3448 1603 809 481 3342 4734
1730 298 4034 1352 636 257 1632 2482
1731 305 1499 753 300 3991 4735 4736
1732 2114 2295 2283 641 1807 4737 2473
1733 1029 2346 4738 4739 1481
1734 2308 3005 376 2900 517 4740 615 817
1735 4584 1930 1329 173 4284 809 1836 132
1736 276 1272 443 1620 4741
1737 1149 2694 4619 2484 3216 596 696 2485 2829 4742
1738 1998 3317 3695 4334 4743
1739 4054 4744 955 1914 4282 297 3953 492 817 2399 464 2172 3844
1740 297 687 924 53 908 809 2891
1741 4008 428 4745 3523 757 3720 240
1742 158 3723 1754 162 4634 4746
1743 1542 2450 4236 1067 2756 3133
1744 1899 3756 3740 4617 647
1745 152 128 4747 4748 50
1746 464 3374 1976 848 624 4749
1747 541 742 4750 1959 4214 918 3449 895 2276
1748 3583 3594 1889 139 2110 3291
1749 2340 1150 2211 4751 276
1750 733 3680 4752 1857 2383 4753 1772 4507 680 4754 2297 2110 1558 1708 307 1417 2323
1751 3320 2022 3568 4755 4756 4757 836 4758 1954 1587 146 117
1752 1677 68 1298 108 4313 4759 4053 416 4534 3251 932
1753 480 1202 1205 331 2657 832
1754 2740 3194 627 3438 919 3297
1755 2450 4760 4761 4052 1118 1659 1886 1305 4304
1756 511 644 1462 1757 930 10 959 1554 2357
1757 2042 268 219 284 4250 1255
1758 4584 174 4594 4762 2337
1759 3661 2635 574 664 4763 3065 480 464 1841 2297 737 1008 2140 772 655 3685 117 4078 1921 430 1845 351 2259 963 636
1760 621 77 2053 1438 1012 242 349 4764
1761 1639 1202 3503 2085 1210
1762 1638 2775 1679 4765 4766
1763 1054 248 3894 3126 4767 4768 2775 4769 4770 4771 4668 1783 908
1764 35 356 3045 3754 89
1765 1026 4772 1696 1357 536 641 87 173 174 4593 3036 4200
1766 3988 980 35 1836 10 81 4147 2452 179 1762 1054 67 1841 1008 4639 2140 2098 80 4773 309 267 271 1298 87 4774 1372 652 4775 2988 788 1976 2563 2536 1143 171 479 4776 779 4168 687 2111 919
1767 1149 4561 3846 1925 4285 2980
1768 81 1471 2140 1357 1388 1228 1416 635
1769 753 1443 68 4240 1287 517 682
1770 2323 3415 4777 680 681 76 682
1771 1867 264 1893 1014 1468 245 2627 4247
1772 73 4778 4115 909 4779 713 4780 7
1773 2934 742 4781 447 834
1774 3812 3595 352 1577 2393 1216
1775 4721 2200 3110 2530 1495 3791 4028
1776 263 888 3595 299 3291 2673
1777 128 1622 4782 617 2335 153 596 466 636 721 1120 155 541 1898 255 152 315 1995 915 638 3779 2165 583 1134 336 1456 2847 291 1055 1509 1628 768 3333
1778 267 67 1960 1007 1126 1801
1779 3555 1266 4783 731 749 979 2009 1018 4784 40 1022 4785 24 2711 4786
1780 1783 3921 763 1018 4787
1781 81 2847 391 156 2468 3569 420 1985 85 980 3825 1271 4788
1782 2230 3609 1658 53 69 4789 4012
1783 4605 1485 461 1347 1165 164 1847 1894 3605 588
1784 4424 280 1548 1391 1794 251
1785 2537 1342 1671 1889 1456 4790
1786 1236 2096 4791 1920 4792
1787 2372 1715 1554 1312 688 4793 687 126 2130 449 2938 3897
1788 1008 694 1215 336 4231
1789 2757 817 3746 842 4794
1790 179 1468 1410 476 814 169
1791 81 944 4795 2575 3093 3464 239 4796 1916
1792 876 2397 1040 1499 915 850 276 895 4797 4489
1793 4504 1624 2954 114 821 4798 1809 2323 80
1794 1136 436 4799 859 1432
1795 152 2747 4713 852 117
1796 367 3545 4800 2281 1352 576 2047
1797 814 4801 1041 943 2889 4802 69 2841 1210 2670 1328 4655 85 2738 153 1716
1798 1154 3365 187 4803 114 4804 336
1799 2631 1271 816 1313 1125 4805 2608
1800 49 4806 2462 186 4679
1801 179 367 1675 4807 990
1802 78 897 4808 4009 4809
1803 1761 68 85 359 2386 1711 2357 1418 637
1804 4 4810 2363 3707 79 558
1805 4811 10 367 1912 4812 151
1806 4063 4813 822 1365 289
1807 1598 2533 1891 1067 264 2389 1624 1896 2763 4814
1808 3284 4815 4223 1854 2815
1809 1998 34 4816 925 1875
1810 4202 4452 1271 4817 4818 853 4819 435 841 1365 669
1811 332 108 681 1156 1795
1812 4820 50 2403 4821 4822
1813 1272 589 241 1149 1315 554 1188 833 452
1814 3324 3524 4823 429 24 1845 3326 4824 2170
1815 3160 4825 739 2136 1332 1851
1816 859 687 152 493 2156 2057 65 1223 1
1817 1494 740 1211 4826 4827
1818 2039 2829 2940 4103 4622 2448 3095 2048 1691 1455
1819 1242 1008 7 2262 428
1820 4828 753 4433 2848 790 2638
1821 2009 3764 740 2505 2173 2920 1884 4190
1822 2024 407 440 1192 4829
1823 1599 938 2194 4830 3153 230
1824 4831 3586 3415 2551 476 268 1385 664 1995 720 4082 652 2057 2824 1120 4832 968 173 1790 2860 4833 4133 3575 10 3084 3018 3991 2929 711
1825 506 2113 4834 4352 4835
1826 1183 172 4836 3858 1564
1827 976 257 2860 4108 2242
1828 4837 1584 135 2245 2968
1829 220 2009 104 3746 4838 753
1830 336 594 3973 2684 1648 2512 918 4839
1831 3551 2533 991 4840 621 826 2643 1034
1832 1185 4841 179 13 53 1365 803
1833 2709 1999 1029 3749 230 228 700
1834 2516 2992 4842 4843 816
1835 1254 1068 487 1535 1619
1836 1246 3675 449 409 1271 507 1741
1837 596 297 4277 2235 2746
1838 1415 469 4844 2996 416
1839 1767 4726 4845 2563 1069
1840 4846 217 446 4432 4847 2072
1841 2890 514 311 297 687 1444 517 884 91 2364 1962
1842 326 1343 85 3618 1306 4848
1843 695 910 945 45 297 3859 1699 59 3251 68 594 1530
1844 1393 4849 1752 4850 3834 405
1845 55 612 357 331 3939 1673
1846 2104 1949 1202 3621 427 4851 899 1516 1119 3265 811 1008 282 155 4852
1847 3670 2662 149 164 2636
1848 1610 612 152 740 1260
1849 2163 461 2371 4092 1289 40 9 4669 583 387 1035 2657 4853
1850 3794 945 1603 4854 336 2547 814 3111 89 2052 4164 4855 4580 61 4856 1069 989 3150 135 2406 744 3690 2393 1473 174 247 1831 4857 2829 720 54 2257 1451 2860 961
1851 4543 1291 4858 1477 2270
1852 2302 1610 1949 4859 266
1853 4744 4860 2936 4861 3198
1854 2029 2218 186 1767 1239 3819 4862 4863
1855 1417 2326 4864 4260 3212
1856 2934 2842 4865 745 1008
1857 1762 1551 749 836 933 1481
1858 4866 2045 4867 3492 4868 4869
1859 2490 3766 276 3605 326 918 257 4870 3882
1860 1158 263 1347 2375 52 723 4871 1616
1861 459 4872 4037 165 4873
1862 462 2569 2201 1453 4874 1435
1863 43 1055 1071 242 114 788 186
1864 4282 240 4017 4410 473 600 305 4875 125 854 1128 274 576 242 221 3133 4331 432 214 472 1816 1029
1865 3184 3554 365 1966 712
1866 596 3491 1987 89 4876
1867 791 2190 3006 723 2621
1868 2063 1017 1287 4406 936
1869 2339 360 2534 2359 3153 2332 3156
1870 2538 1719 4877 916 1476 1213
1871 4878 4879 1227 4880 4682 1873
1872 46 4147 391 8 291 3125
1873 311 4881 797 3126 4882 260
1874 242 906 7 492 4852
1875 2863 4883 687 151 2267 1777 2678 1315 1587 668 4392
1876 3246 2509 3455 1317 432 4884 2222
1877 3483 4885 1812 2588 636 1241
1878 1729 3008 3869 1515 1078 4886 496 1819 837 930 1187 701 1828 1337 1181
1879 4887 2322 3162 4888 482 4889 576 4890 909 715 4891 3413 4374 36 2632 2673
1880 149 4892 85 3764 2662 331 795 1530 1365 166
1881 4893 1055 336 1948 1932
1882 1987 1721 4894 1050 1062 4589 596 73 1783 472
1883 4104 1298 174 117 61 152
1884 1010 1444 816 1542 69 3492 2836 826 367 271 88 583 2436 1050 391 1012 2884 68
1885 3359 1071 4345 941 4895 4387 4717 2972 4896 2594 4897 4898
1886 4027 170 1055 816 980 151 3384
1887 331 1274 4216 4795 2999 4899
1888 150 2297 3894 4063 2757 3174 108
1889 4900 1183 4901 1980 2927 1057 4846
1890 1197 276 2648 4902 4441
1891 511 3129 4903 2096 1535 2151
1892 3290 3039 1286 3621 488
1893 108 1398 2776 4904 474
1894 2162 2652 1029 575 4905 784 1547 30 969
1895 2272 152 1566 2264 357 3509
1896 4906 575 834 1209 879 1976 1026
1897 4907 328 912 688 3995
1898 1880 617 3081 881 170 519 4391 457 3116 3830
1899 3584 2496 1246 179 546 2200
1900 926 4908 422 2776 1076 4909
1901 1425 280 4589 4910 3086 4911
1902 3121 1559 1017 1709 2311 4912 876 2393 1022
1903 4913 4816 2700 2583 4914 4915 189 4916 1782 197 1175 295 3255 511 1166 2442 763 4917 1600 4918 3223 4637 403 2582 1848 2537 4527 2767 4919 2742 885 1224 745 3173 1331
1904 1342 1287 1018 399 4920 4285 2108
1905 1072 811 2044 1577 1629 1252 43 705
1906 1870 4921 4922 2746 1347 1485 1789 1699 86 2171 1313 3580
1907 3627 331 663 2523 85 1670 788 4923 2354 4924
1908 1029 152 1231 85 1619
1909 4925 1443 2956 1729 76 416 152 583
1910 2500 4926 4927 2075 3125 15 1165 349 4928 76 89
1911 4929 108 3203 589 4930 2588 3445 171 1466
1912 179 264 4931 4020 3987 1867 938 3553 1891 3620 1067 4443
1913 149 627 808 415 39
1914 183 2549 1843 1780 1353
1915 4932 3068 3639 147 4933
1916 2890 4934 681 314 4935
1917 899 178 834 1137 4936
1918 276 149 1054 77 841 593 687 81
1919 389 77 1719 4937 1241
1920 2095 1579 4938 2757 1271 646
1921 98 1046 4939 593 245 2200 4940 4384 297 4941 4942 4943 972 44 586 2646
1922 1681 575 1943 1149 1640 4944 173 617 620 4699 80 2429 586 291 2723 629 2262
1923 4200 227 4749 4945 257 4123
1924 1949 2922 319 1287 4946 399 877 2063 3211 4458
1925 4947 3956 1298 1505 1594 3817
1926 179 476 81 535 961 2375 1403 1215 492 1616 416 3916 1069 4586 2976 173 4948
1927 3264 2910 1690 1569 4627
1928 114 1628 153 307 1783
1929 4949 1266 928 1502 989
1930 4552 264 4950 4020 1150 4951 2725 2534 3964 2707 3379 4952 4248
1931 2662 1072 1467 1059 542 1082 3221
1932 1978 915 3622 4953 149 1715 4639 2011 248 298 2228 114 4954 4772 575 4955 1938 2356 335 1887 3277 3580 3283 2968 1924 4956
1933 886 506 1568 832 3212
1934 2829 4957 114 55 969
1935 40 1437 1318 132 4958 3280 4785 4207 1192 255 2232
1936 125 4295 439 1023 4959
1937 511 1836 4343 997 3706 118 3606 171 156 961 1474 4228 825
1938 2518 428 4960 2231 4362 854
1939 35 150 4961 1311 2231 2232 4154
1940 1912 4962 3357 1175 4963 4536 2955 4964
1941 826 2586 842 146 666 4180
1942 268 1343 2075 2886 367 108 1486 276
1943 3803 349 838 2174 1342 280 816 1365
1944 53 28 1473 909 4301 4965 637 4966
1945 826 1149 152 2174 4967
1946 1138 2143 1444 3549 4968 4969 3283
1947 1059 542 4428 4461 1281 4970 3086
1948 1410 1113 227 1347 259 2325
1949 4094 909 24 108 145 254 1603 173 2659 897 2087 257 2242
1950 2339 4604 992 409 666
1951 2749 1767 149 297 1646 927
1952 2408 4971 423 2901 4972 1172 3760
1953 4973 4974 2437 4975 2593 1356
1954 128 1985 1342 1456 210 1741
1955 1137 108 723 2988 1383
1956 4976 881 3463 2412 834 2841
1957 1653 2093 2603 4977 1311
1958 3181 4739 1699 681 519 1429
1959 96 4625 2162 409 1626
1960 621 81 753 863 416 4978 247 4979
1961 588 186 4980 2191 950
1962 4981 923 1305 2130 3675
1963 4206 3578 408 181 4453 3720 1841 267 1627 1149 584
1964 274 1841 128 52 2011 1560 4111
1965 4982 2009 248 4983 476 53 2887 152 303 3996
1966 2384 4847 4152 680 1176 1699 681 2298 4984 68 117
1967 4583 3203 3651 4094 24 2680
1968 1427 466 2244 636 517 4985
1969 1538 4986 312 3893 439 3194
1970 826 108 2009 443 3259 3291 1527 143 663 1944 1989 4987 2536 3958 420 1596 1378
1971 1379 629 1610 790 4988 4989 1484 384 1890
1972 432 510 2460 4637 1973 297 876 3417 711
1973 541 4990 247 4808 4991
1974 621 268 746 722 4992 389 1516
1975 1867 2533 1485 858 4993 2160 1194 1587 276 4866 926 4477 2036 4718 151
1976 79 737 1315 4510 54 4994 1353
1977 4995 1836 264 265 4996 1829 1221 1347 858 1841 4997
1978 554 870 3415 4126 2912
1979 217 2825 321 356 4998
1980 2258 4999 635 4139 3309 4265 3332 254 1577 5000 4389 1086 2621 1355 2466 4038 2537 3374 2176 2177 2695 640
1981 112 275 2732 254 4521
1982 298 3598 2165 1944 1646 3241 3893
1983 5001 5002 4147 331 153 5003
1984 5004 5005 912 80 3657
1985 1459 4535 926 173 258
1986 43 3359 1406 3979 2662 2436 2731 1498 1425 4730 1184 1089 491 5006 1280 604 1092 5007 1095 3051 3532 609 1098 3126 4780 3533 1523 5008 4911
1987 1126 173 4244 4856 2693 5009
1988 67 546 1147 948 3160 5010 4848 1143 4628 3764 944 227 5011
1989 1575 311 164 85 2720 749
1990 297 298 1040 14 643 2140 1510 5012 1341 3713
1991 5013 119 1296 83 4508 440 1501 902 4189 88 5006 1324 317 52 2909 1890
1992 698 360 5014 2706 5015 327 2339 2654
1993 3099 372 1890 50 1317
1994 763 432 532 3962 297 2484 3586 636 1241 2739 2376 871 5016 701 5017
1995 1008 1219 1461 1456 5018
1996 2009 4427 5019 1696 5020 2047 1212
1997 5021 3504 1272 3913 35 765 4009 834 1630 166 5022 4608 2231 5023
1998 1503 1928 683 2777 809
1999 2784 79 5024 1343 5025 5026 4803 1495
2000 1978 298 4921 173 3825 5027 1365 637
2001 5028 1092 1065 606 1523
2002 1266 3704 4803 5029 1192 56 1499 173
2003 588 2925 1147 320 4521 2912
2004 5030 1149 4648 1851 5031
2005 331 3510 1566 766 153 3632
2006 2685 1494 3882 4811 1631
2007 2380 1436 1123 2458 4785 172
2008 191 826 2098 150 1327 473 114 3163 506
2009 1312 2937 1026 3347 1318
2010 2321 297 5032 1617 3400
2011 5033 4629 890 1704 1371 4817 1879 474 1342 53 540 816 40 1372 3615 3559 1993
2012 5034 863 1271 816 826 2067
2013 2119 157 156 4500 660 1696 5035 357 4196 2030 3873
2014 114 5036 297 1757 1763
2015 1292 2145 4508 2756 1040 3540 5037 2267 170 81 1372 1071 1752 5038 2075 3391 3328
2016 5039 4453 1365 5040 1340
2017 4922 1239 2473 2091 5041 636 5042 173 4192 654
2018 2047 1218 114 2847 290 4860 3116 5043 694 1069 155 30 457 1219
2019 5044 814 306 1508 1012 803 1388 5045 4614 1729 3092 658 274 298 1673 244 5046 3528 171 4399 5047
2020 1416 2160 5048 1397 1927
2021 35 1078 789 120 22 4011 587 2775 5049 158 1347 5050 1362 136 633 2972 5051 1081 4896 4429 5052 1147 675 722 280 3118 131 1184 4012 1492 5053 1064 1065 606
2022 1880 81 5054 1425 2800 2870 1069
2023 280 4181 5055 45 5056
2024 2828 621 265 1872 2763 2927
2025 2033 1940 5057 1274 2651 409 4956 1337
2026 297 1914 3094 2650 497 3389 3290
2027 1818 806 1660 4586 3031 587
2028 4877 4922 460 4185 5058 2652 2837 3794
2029 1072 1841 2662 2967 1467 4388 1090 1095 1064 1431
2030 2410 3655 4953 1208 2372
2031 947 319 52 53 681 2247 2634 72 1112 1030 5059 5060
2032 4637 1234 5061 5062 3046 162 5063
2033 541 2375 3779 1372 659
2034 1555 3631 3408 10 723 4093 852 4408 497 984 3357 592 1067
2035 1234 2273 617 5064 3212
2036 1347 1471 1071 2451 3520 174
2037 3873 2357 1360 2416 549 3573 1207
2038 2729 3736 3393 5065 1716 119
2039 108 3770 111 1067 2784 128 2905 99
2040 423 535 297 1697 2082 7 4192
2041 1029 1183 1970 5066 794
2042 1673 3818 5067 2934 581 4187 1716 912
2043 474 1629 1387 588 1982
2044 2807 438 1061 1092 3533
2045 860 3203 4386 297 37 1782 156
2046 2253 3105 1369 3276 5068
2047 5069 4194 926 4463 1459
2048 2364 5070 4855 1730 2980 2591 3765 1808 5071
2049 366 627 1443 2140 89 2007 1347 20 1836 1342 4112 408 2752
2050 5072 576 2829 541 976 416 1795
2051 298 78 763 446 2156
2052 1809 5073 4637 2849 1641 292 3593
2053 179 1417 4411 675 1396
2054 1443 949 1390 1783 2765 1526 1754 583 163 909 2518 1661 1646 587
2055 298 2863 357 2055 889 1884 117 1474 347 1932
2056 311 298 2898 1453 2201 3541 297 1298 768 1243 481
2057 2326 2471 3411 5074 551
2058 1801 1719 186 1626 1149 399 3612 2335 809 1684 4570
2059 507 336 3440 1199 655 1013 2935 1498 681
2060 510 763 2984 3754 729 1572 1386 675 3609
2061 546 75 357 4289 761
2062 1757 1363 5075 905 1979 732 2110 3883
2063 2717 5076 2726 5077 1654
2064 1857 1072 2186 5028 836 174 5078 3048 2878 5079 1093 2208
2065 1395 4744 1345 1912 1113
2066 1307 3325 2409 19 5080
2067 530 13 1042 190 1824 5081
2068 476 3933 5082 5083 1687 3629 3568 788 146 5084
2069 3266 2079 1298 1757 1137 2666 1202 2542 930 1549 5085 2013 1286 2325 4244 114 976 3093
2070 1347 1298 3367 5086 1137
2071 675 1298 3510 3841 4640
2072 1536 3924 1585 3926 4322
2073 1271 2909 1601 1530 909 2581
2074 2790 300 85 3697 5087 91 1022 5088 953
2075 5089 2987 816 3732 268 151 910 2354 3943 1868 86 4961 3779 3193 3974 675 663 108 4614 2128 4099 752 1165 481 3175 860 375 841 5090 390 1155 5083 3524 5091 5038
2076 5092 5093 4079 2779 1605
2077 368 152 1404 4498 2007
2078 69 2683 1348 1094 1036 2165 5094 3746 386 5095
2079 16 901 425 1055 5096 532 687 4210 2344
2080 816 859 739 13 5097
2081 4385 2140 264 1976 5098
2082 2590 544 1962 1181 3720 3322
2083 2483 1781 1161 2929 2495 2228 948 76
2084 168 24 114 809 3336
2085 2259 524 724 297 3356 1551 5099 1200 3647 5100 2897 2898 3823 3776 1643 1508 128 3836 4353 1855 1711 1229 1547
2086 98 1055 631 2410 356 655 1013
2087 5101 5102 4339 819 456 1902 4136 2803
2088 588 2156 590 420 336 4222 171
2089 2740 1041 511 114 1499 870 1404 749 3044 1741 2935 155 3290 1415
2090 2611 2618 1477 897 941
2091 87 331 5103 5104 317 1302 2258 834 1841 1425 4123 1082 5105 2398
2092 5106 2823 2997 3197 5107 3916 5108
2093 515 2841 814 5109 2279 4393
2094 4250 901 3993 1008 1390
2095 818 1112 4342 3878 4143
2096 402 423 5110 1328 694 1716 61 1069 148 2723
2097 229 5111 179 1895 5112 2653
2098 1054 821 4809 1371 382 2782
2099 3227 1029 230 2707 1598 365 245
2100 369 4094 306 3218 5113 1071 1284
2101 3312 5114 3098 3408 5115
2102 2454 777 2606 701 144 2441 16
2103 297 3203 1357 891 5116
2104 150 1969 2267 5117 1241
2105 5118 52 221 7 941
2106 77 5119 1202 814 1226
2107 5120 1183 1333 507 292 4618
2108 245 532 631 2393 1890
2109 5121 5122 1025 5123 896
2110 2929 5124 590 2427 1508
2111 631 2104 5125 3134 585
2112 5126 1054 5127 461 2350 2529 1684
2113 1974 2322 3310 1262 2074 251 5128
2114 389 1551 1720 10 3171 817
2115 2357 2537 1354 2809 2222
2116 179 2044 5072 4173 476 4427 2017 5129 4665 3289
2117 3694 53 4924 5130 5131
2118 5132 4806 905 788 836
2119 826 3504 4018 331 2035 4999 4918 701 5133 886 2362 276
2120 3065 4410 1873 147 114
2121 3415 1040 3921 824 5134
2122 122 2399 248 5135 1365
2123 2339 2628 2706 5136 783 847 5137 405
2124 1962 930 4023 2046 1691 1313 1795
2125 5138 5139 1486 146 4282 2334 5140 5141 834 2082 3787 3566
2126 1347 1149 1928 2988 814 3993 5142
2127 1581 545 1257 3289 462
2128 5143 629 3521 5144 3043 826 5145 5146
2129 3480 917 5147 1642 1008 599
2130 3891 5148 912 2932 2563
2131 1417 69 10 1727 1287 793 119 937 4445 5149
2132 1844 1829 4073 2114 368
2133 5150 1742 501 1223 4444 1561 2536 5151
2134 2212 2620 2970 4255 3533
2135 763 158 743 237 52 3151
2136 24 4511 1788 2841 1754 2987 4954 390
2137 2311 2995 170 399 1049 5152
2138 69 2792 108 865 27 1816 470 3796 2860 5153 2723 4410 3342 3684 2929 841 259 3449
2139 5154 320 536 842 244 1540
2140 4023 2987 2892 174 626 1635 2427
2141 1356 827 5155 594 862 4172 2084 1414 5156 5157 269 850
2142 1286 1752 4233 4533 5153 953 24
2143 1076 1078 1469 1276 280 2593 4661 5158
2144 57 842 876 77 128 10 252 2108 2146 4481 469 331 1756 1046 484 2585 430 4885 1730 582 546 434 19 1711 249 472 695 87 1997 816 4289 2419 4920 4978 1040 36 1202 3510 2574 1334 4523 5159 1603 536 2512 199 108 5160
2145 2881 1671 944 537 2611 19 1298 4756 298 740
2146 274 1417 1398 2017 2141 3789 599
2147 370 2808 5161 4040 5162 5163 4055 5164 1425 5165 139
2148 3210 2189 793 1991 565 3466 5166 349 3505 482 517 672 1888 4710 626 5167 2667 5134 687 5168 930 1135 486 30 3063
2149 1150 3450 1006 1998 827 511 449 4761 2273 2757 297 2156 5169 2878
2150 3805 4553 1864 2341 2342
2151 5170 2721 248 1266 558 128 2317 5171 5172 785
2152 1998 987 2898 858 1332 3313
2153 5173 1696 790 2314 3431
2154 1634 4563 2776 4725 803
2155 636 1484 315 1067 291 877 1352
2156 186 4380 4071 3941 1610
2157 4062 5174 536 3121 1026 943 636 221 4774 5146 80 356 5175 788 5176 2357 2509 1017 1481 438 76 1958 970
2158 2808 1841 120 1080 1082 4012 5177
2159 476 5178 108 959 655
2160 680 5179 2380 4444 937 519 5180 2498
2161 248 473 297 359 62 3216 3794
2162 34 942 128 3873 1162 7
2163 114 2482 1533 473 1577
2164 3941 248 476 151 349 4622 1142 4298
2165 1771 5181 1078 5133 2592 1906
2166 5182 317 4679 5183 3548 986 701
2167 1970 1461 1069 4953 382
2168 1243 84 539 119 336 10 114
2169 5184 1347 5110 5185 1783
2170 2636 3121 3290 5186 517 881 3091 4339
2171 1166 120 1079 3662 1081
2172 511 2516 1036 1038 5187 3090 5188 5189
2173 3121 319 2675 1730 705
2174 2782 1502 2165 5190 3514
2175 36 5191 85 2262 3579
2176 89 1229 818 3097 1538
2177 4994 2890 2057 3787 1587
2178 151 128 1516 5192 3092 5193 3293 145 1184 380 1067 331 85 3063 1160
2179 3035 1928 2995 9 2385 3039
2180 1769 2507 1192 1409 1070
2181 5194 1034 635 2547 422
2182 2414 2251 5195 1573 1868
2183 1947 522 5184 402 3074 1758 189 259 4836 5196
2184 821 53 681 5197 2238 1049 4298 367 221 2264
2185 5198 906 1446 356 2665 635 108
2186 297 298 1202 3368 4093 2546 1239
2187 239 2151 5199 493 2323 3911 2610
2188 69 5200 1998 2450 653 4793 2076 2579 4334 154 5201
2189 237 151 2311 2462 5202 1312 5203 4307
2190 1224 1385 1372 3093 2207
2191 2003 4837 4535 5204 766 2242 288 2437
2192 476 5205 377 5206 2536
2193 276 331 1036 299 2245 5207
2194 2350 3586 749 898 5208
2195 3675 2348 186 3700 1055 4665
2196 311 248 744 3392 4923
2197 651 78 7 3787 2436 4317
2198 266 1985 3379 298 268 5209 3482 2259 2468
2199 2842 4498 186 618 1558 1982 3103 3720 2491 4555 1160 1948 5210 89 1715 2931 407
2200 1930 1199 476 86 4316
2201 34 248 298 1202 1185 186
2202 298 85 439 2955 3635
2203 694 3797 3566 5211 4125 2300
2204 476 151 349 3636 612 5212
2205 5213 1823 428 285 3194 634 531 2790 1137 5214
2206 621 80 2874 3734 1711 540 264 1035 720 636 584 617 4527 1660
2207 1200 1404 1069 3908 1011
2208 3789 1432 687 5215 1177 4848 541 1696 2328 455 5216 504 5217
2209 816 220 3988 744 4104 2146 4668 2079 1013 1388 959 2 1293 1711 3661 151 4045 1029 2055 1634 2017 3188 2657 852 349 788 773
2210 643 4763 3165 403 1507 145
2211 152 1160 4678 3965 5218
2212 3956 868 3300 3702 2466 4192 720
2213 4545 367 1810 319 280 1011
2214 1781 16 5064 4228 5066 50 5219
2215 1365 1507 1150 2957 4383 822 4642 1922 2894 5220
2216 3867 2174 631 643 905
2217 3135 5117 2265 651 2013 566
2218 1579 2167 2017 3426 409 523 4133
2219 297 1241 4757 859 740 636
2220 4874 1193 1131 120 785
2221 1402 152 576 968 5221 257 729 151 732 173 872
2222 2705 941 1468 5222 5223
2223 3009 3035 681 2215 1287 1370
2224 2073 693 654 1285 271 52 691 3716 4789 987 40 329 2642 3111
2225 816 1068 2610 423 968
2226 5224 184 2841 2115 297 1532 4977
2227 2792 2463 68 1387 4789 89 4407 1712 1395 2712 2966
2228 1984 35 1129 2874 636
2229 5225 5226 254 5227 3062
2230 151 1334 930 2357 786 5228
2231 3153 1999 4033 4504 179 183
2232 5229 3007 2194 2767 4425
2233 440 2809 463 1898 5085 2935 1860 1362 694 2188 402 768 4868 961
2234 125 152 4126 2315 1734 264 655
2235 128 16 5230 76 1415 83 108 3720
2236 576 2515 5231 2036 1963 2078 5072 2336
2237 179 796 5232 2332 5233 5234 5235
2238 96 53 905 1001 81 4236 4 284 5236
2239 3507 1165 331 164 1307
2240 764 1054 254 5237 3003
2241 2125 821 3820 2049 3746 3824 3918
2242 1192 1951 636 4945 763 1298 1962 1237 806 2254 5238
2243 247 1985 834 5239 5240
2244 4222 651 2890 3298 1192 5241 1792
2245 4654 367 465 5242 3792
2246 1029 5243 1164 507 1979
2247 1117 262 2464 2346 542 4051 588
2248 1208 765 297 836 705
2249 3597 271 5244 1828 1433
2250 4277 5245 261 1773 1558 4185 2927 1987 2308 5246 292 599 1662 631 2065 337 2999 1406 3519 474 468 1313 3618 888 405 2968 399 976 3930 2704 4388 2732 4387 4659 1082 1277 2593 5247 605 1065 5248 5249
2251 1847 1978 434 3223 1510 307
2252 2983 2104 3045 303 3812 2841 1271
2253 647 1137 5250 5251 3665
2254 5252 3772 2982 3198 5214
2255 5253 1658 5254 4603 541 1453 873 817 4861
2256 889 496 666 5255 1943 574
2257 730 934 3624 53 3688 902
2258 5256 331 152 1579 1342 740 2387 356 76 2889 81 3828 2436
2259 5257 4545 1713 1781 1067
2260 3726 298 4162 2324 711 257 2273 1466
2261 1037 43 3035 1889 2537
2262 5258 81 661 5172 5259
2263 2126 987 4152 4126 2047 3107 1402 3400 2183 5260
2264 1970 4228 5066 1630 50
2265 1759 1870 1347 3651 35
2266 3789 811 4225 172 117 1635
2267 3802 859 2082 626 3009 2140 309 1741
2268 35 3042 1054 2468 900 1178 356 655 1048 169 469 298 740 87 583 297 1705
2269 1726 1435 268 128 590
2270 3871 5261 626 739 39
2271 4691 1717 1585 1012 5262 2811
2272 2319 2180 873 2602 5263 4243
2273 540 4916 37 918 5252 154 2673 5236
2274 1165 152 663 3325 3175 1812 153 2512
2275 690 5264 2200 4148 5265
2276 2160 2148 1427 5266 5267 1558 4287 60 2491 5268
2277 5269 1717 5270 4373 2233 35
2278 2644 739 581 1503 5269 159 4614 87 3392 290
2279 4564 3448 5072 5271 897 2810
2280 378 3524 4211 3699 34
2281 535 976 2014 3151 854 1481 5272 1061 1632
2282 5273 4955 763 4840 1347
2283 376 2986 819 1364 403 285 620 2850 5274
2284 5275 1224 1149 1587 687 2616
2285 367 4815 3160 2081 5137 5276 1255 4528 3778 306 1331 3707 4012 276 1946 3916
2286 1436 428 1650 826 5277
2287 4595 959 1988 2125 1402 151 930 427 174 3593 1505 1453 5278 5279 3315 5280 2427
2288 151 152 740 834 1554
2289 740 124 876 5010 1003 135 472 652 1816 5281 2603
2290 5015 402 3184 939 1150
2291 5282 1554 1372 5283 5171
2292 13 2007 530 987 246
2293 1770 230 4690 67 276
2294 3314 440 299 2775 5284 5285 1508 5286 3769
2295 334 1192 1793 998 901
2296 5287 5288 530 80 1494 740 69 4809 189 152 156 713 2572
2297 229 360 2533 2550 4830 2706 3808 245 179 264
2298 1629 5289 1753 2384 909 186 3283 192 918 1352 477 104 3134 455
2299 493 5290 1177 5117 297 53
2300 4306 1966 4699 2937 2723
2301 905 81 298 4180 652 2588 4376 3513 2212 2901 3365 617 5080 1433 1145
2302 3046 2256 1585 507 2717 5291
2303 1329 5292 5293 2327 2693 4254 289 970
2304 1535 463 900 153 158 1493 53 160 5294
2305 4329 5295 352 4530 5296 1381 1716 1560
2306 2756 7 596 2456 5297 588 1718
2307 3430 2005 3187 1634 5171
2308 128 1610 493 4710 1049
2309 2140 1365 151 789 410
2310 2281 1137 1939 2629 3539 1048 809 1891 151 2357
2311 191 5298 1183 3512 4590 109 3660 254
2312 5299 770 590 4563 408
2313 68 1729 221 2742 4763 902 5070 1987 2430 2253 2928 4697 919
2314 297 434 1342 108 946 1297 859 2408 858 965 1038 367 1199 5174 821 2937 2350 87 2245 4749
2315 852 1362 547 317 2074
2316 4222 16 538 3926 1153 3283 3537 1783 694 3231 2208
2317 2351 5077 5107 5300 2056
2318 1945 2762 2277 4410 3474
2319 4511 10 4 531 657 2141
2320 4230 347 3105 3699 1718
2321 2927 1034 5301 1800 2419 1427 4846 299 446 575 276 1243 3293 2017 5302
2322 1010 2764 1312 643 1365 3840 5271 1484 2946 2267 3416 416 2909
2323 2649 3409 266 779 2897 3947 1836 108 2987 174 2326
2324 2934 443 472 2811 2451
2325 3448 2406 1019 1690 376
2326 81 35 516 2784 1352 3803
2327 1369 4593 1008 4133 2632 5169
2328 2684 3879 5303 2200 1187 408 5304 274 5305
2329 1627 271 1881 87 1112
2330 2573 722 26 80 5306 1002
2331 1202 3283 2084 4543 67 10
2332 35 75 1003 639 93 1033 3314 814 5307 191 3463 297 2010 3517 3397 5264 2140 1131 2419 881 2345 24 5308 1969 153 132 1384 2049
2333 331 1940 473 5309 758 629 54 2581
2334 271 2537 3814 768 5252 390 192
2335 4127 848 976 1382 837
2336 796 2140 3975 1797 2436 4352
2337 66 666 506 2390 4942 5310 5311
2338 3555 1255 1200 1844 3988 1209
2339 550 349 2984 297 687 487 1419 2738
2340 319 5312 4554 1474 3887
2341 739 97 1119 508 175 1793
2342 2354 1417 3251 4814 1464 2718 701
2343 714 1235 2951 53 2752 2483 408 4450
2344 687 152 2174 1601 254 1071 3243 5313 297 464 146 2648 43 896 905 3720 4162 1729
2345 811 3450 1329 681 1498 1706
2346 471 34 5314 5315 302
2347 276 1321 1506 297 5316
2348 476 24 151 1812 153
2349 473 4843 1377 5317 5318 4616 150 96 626 2074 3339 5319 400 251 617 284 1041 5147 2588 171 1292 1229 1512 590 276
2350 5151 5320 687 3161 918
2351 1979 576 171 3752 734 2829
2352 5321 1484 4578 2487 332 4789 89 4105
2353 1371 514 2484 152 1781 4040
2354 946 5322 5323 5324 5325 1485 2900
2355 1397 4510 108 5326 5006 2082 1755
2356 1416 5327 3094 1795 3597 1498 138
2357 5328 2467 3186 2324 1468 275 3905 4235 3086
2358 747 53 1838 3415 3134 5329 3473 506
2359 367 4157 3733 1691 5330 3434 5331
2360 2830 1340 2622 1518 749 5332 5333
2361 1780 1868 360 3553 5334
2362 1358 822 4738 4939 5335 2325
2363 78 998 5122 1668 1716 4463
2364 1347 5336 108 5337 3916
2365 1055 1498 588 1767 5338
2366 4423 834 408 4966 3221
2367 2784 1973 2371 128 583 2146 852
2368 2549 3799 229 1999 3154 2724 1224
2369 811 1398 2757 905 5339
2370 621 297 2890 4719 1149
2371 3684 701 3369 311 259
2372 1805 817 961 1500 4057 1211 1813 458
2373 681 4969 4063 5340 834 3464 590 5088
2374 1401 998 253 2588 593 2116 1337 1163
2375 356 2013 1822 5341 1919 5342
2376 1416 5343 5344 5345 4508 1987
2377 298 4427 809 447 5153
2378 1125 4071 2448 5138 4642 1212 1657 5346
2379 1397 687 889 1756 54 2935
2380 3499 1224 2194 229 3661 1780 4247 3319
2381 1764 10 1365 3261 998
2382 1415 1930 4199 4617 5347 59 1110 5068
2383 841 1055 108 2138 3283 4936
2384 1007 1987 1622 298 713
2385 5348 3697 4334 1279 4207
2386 263 3403 1841 2967 336 1080 131 2437 5339
2387 1165 297 511 1055 870 1628 2146 1512 2419 1048
2388 2954 232 179 3377 2533 1867 264 991 149 234 826 3805 3011 627
2389 3711 813 39 432 742 170 153
2390 1134 1699 1329 118 603 1816 324
2391 2803 1629 260 5349 1586
2392 1224 697 4892 736 4679 2440 3216 162 1508 254 2201 3780 2304 3408 809 2147 5350 3276 314 1877
2393 2794 5351 2344 1059 3049 491 1090 1094 1091 1065 3668
2394 474 3806 114 2036 2828
2395 258 2751 2630 1454 5352
2396 476 4062 268 2430 2756 390 648 1372
2397 5205 4637 3979 3579 3491 1477 5353 4797 3916 4996 408 108 276
2398 5354 5355 866 5356 5066 50
2399 1415 517 4582 384 385
2400 1761 331 151 876 2837
2401 2865 81 1240 803 5117 3003
2402 930 176 152 779 2175
2403 367 1912 945 1255 834 1026 540 681 2084 694 1668 2148 5357 3583 1587 221 895 517 2337 912 3606 4833 1922 420
2404 1 5080 2572 1554 496 1558 968 5358 2604
2405 474 1847 315 3606 336
2406 1029 976 4643 468 5359
2407 1998 4364 5360 4081 2560 35 3100 4823 3467 1470 2506 4356 1890 1828 5361 1329 36
2408 1485 3672 5362 701 3304 186 3818
2409 1287 3110 550 2712 2326 5207 864 332 411
2410 229 1998 1029 1208 114 2042 3799
2411 5363 4753 1033 158 4912
2412 3113 944 298 81 1607
2413 941 1200 1214 313 309 3574
2414 1595 3357 1631 151 3891 1711 156
2415 708 4146 574 1502 784
2416 1931 2300 2942 803 893
2417 36 666 5364 1757 1939 2281 5365 439 5366 803 1942 757 717 2878 447 1884 2956 1022
2418 1160 4498 1831 3304 624 4245
2419 1149 814 1711 586 1229 590 620 5367 5368 1233 1456 5369 416 2156 2289 192
2420 4125 972 354 1337 107
2421 2187 1896 3550 5370 2474
2422 1176 463 5371 896 5040 641
2423 1485 670 1255 484 174
2424 299 3203 87 3983 1534 3519 705
2425 1221 1038 729 5372 2191 1591
2426 3162 751 2229 695 506 1508 2935 640
2427 912 940 5373 998 2572
2428 3470 3148 88 2436 10 793
2429 541 2901 1292 2067 941 540
2430 2101 2438 5374 1601 1231 1367 4174
2431 79 189 5296 2825 1721 1475
2432 5375 905 2323 4709 5376
2433 370 1730 246 1055 4351 1008
2434 369 171 5339 4475 1522
2435 1662 5377 3441 79 905
2436 2498 1019 2903 323 814 240 76 970 701 889 1991
2437 2755 4297 2250 109 3882 3970 912 3883 476 1008 3603 959 5378 53 645 5379
2438 989 1045 1183 5380 4291 2729 68 653 3302
2439 2392 787 221 2892 1283
2440 910 2311 1928 560 89 118 1398 3110
2441 740 836 1241 1271 4269
2442 2619 3368 3283 76 826
2443 1199 1844 2235 2119 731 773 5381 2078 5276
2444 522 1989 959 81 1362
2445 1841 523 5382 635 2993 3616 763 5383 305 2692 254
2446 2533 265 360 331 298
2447 3736 1185 2836 1205 583 3537 3188
2448 511 4152 4913 2209 1696 575 5384 5385 3923 2991 3975 854 2474 968
2449 1398 2007 3570 1116 3834
2450 590 1467 2075 4089 633 3048 4255 4796 1469 4659 4369 1082 4123 2437 1905 2593 3086 1103
2451 859 1587 1485 3968 744 1055 3622 440 1720 2841 2393 3258 816 881
2452 234 1224 5370 229 5386 3217
2453 1841 5387 801 221 1229
2454 366 749 1976 5388 169
2455 2516 256 3660 1643 5389
2456 1385 687 1037 3223 1327
2457 3620 3684 125 317 4201
2458 76 5390 681 2144 3292
2459 905 2123 402 114 576 2726 5391 3882 2201 3043 2337 2490 3897 1475 1995 763 217 1272 293 5163
2460 2136 5392 2742 624 1372 120 1481 1200 1737
2461 859 3298 81 1137 2040 4231
2462 3712 976 2267 2258 5393 2496 1274 85 2075
2463 5394 574 5395 1008 200
2464 3136 319 323 517 1887 2509 1117 1729 3108 2308
2465 764 1199 2246 5396 324 3537 2985 684 3434 240
2466 81 170 2876 886 2468 1029 4361 1595 2809 1549 5397 353 164 367 1836 555 909 250 1783 1943 2825 4163 271 2164 2372 1716 2537 2326 2008 1441 1980 61 154
2467 763 389 711 414 817
2468 174 2587 210 881 3151
2469 1759 481 114 2588 3867
2470 179 5398 1847 2492 1195
2471 995 3894 2146 742 145 1604 1365 3424 1013 5399 240 297 75 174 694 1900 1219 2910 2336 1603
2472 1624 1150 1392 1816 34
2473 1896 1005 663 3300 309 5400
2474 1113 826 697 1786 311 797 1857 5401 5402 2092 4450 1536 1464 4319
2475 4528 1112 2852 2014 1616
2476 1298 128 2796 852 3020 2070
2477 2346 1202 2048 3456 1498 3304
2478 53 634 5403 1467 2970 4418 4589 1081 1276 457
2479 600 764 5290 2542 1396
2480 1253 3263 1711 836 687 636 4238
2481 704 746 76 5404 793 2068
2482 5212 1936 3454 1453 1215 114 872 357 146 1504 282
2483 1427 4865 1553 1806 5405 1289 1326 909 5406
2484 5407 5408 229 121 5409 3620 1780 245 2302
2485 1467 2662 1930 432 268
2486 5410 137 309 5411 3980 1431 4708 4087 1284 1099 5412
2487 1789 331 4893 3193 544
2488 4557 83 4789 439 1003 1831 1402 3035 863 85 428 75 1932 173 1922 2417 119 653 155 1069
2489 1978 5413 3082 3203 221 76 682 2165 5414 1365 658 171 417 5346 1192
2490 1397 859 1396 836 3091
2491 1243 435 4112 1241 721
2492 3298 1249 4209 1202 4884
2493 169 3959 171 5074 5415
2494 7 5416 1970 4535 4228 830 276 5417
2495 2840 3702 4115 5418 778 3174 173
2496 3358 5282 790 2384 1035 3743
2497 992 1443 681 5188 16 5419 1924 5420 1514 1820 2632 271 424 1640 4084 1022 2180 257
2498 1335 5421 13 1508 801 278 2606
2499 682 3434 952 1993 753 5422 3622 4199
2500 532 221 240 5423 3894 122 297 1693 687 1316 4053 3514
2501 2475 148 2245 4577 2956 4085 412
2502 859 1365 106 174 4577
2503 1558 701 1426 2313 1589 672 2837 895
2504 1511 3407 5424 5425 511 2357 3472 186 1767 701 4403 1510 1390 189 409
2505 1031 1978 1165 331 2916
2506 360 905 1342 1566 2287
2507 1690 1535 1435 291 5426 4272 382 4859 5427 954 81 5428
2508 1037 860 375 1302 1149 5429 174 1630
2509 1412 4578 114 811 52
2510 925 5430 1398 4393 2386 2808 5431 1071 5432 1480 4598 1061 12 4012 1090 5433 5434 4911
2511 1731 4462 2367 5435 3635
2512 1176 1185 5436 3280 428 558 1998 945 1067 2395 2784 4769 482 4807 3685 1160 5350 916 5382 3840 1291 3067 2077 40 1049 832 966 5437 4133 3028 815 972 5316 5438 3830 4618
2513 1343 3213 2657 410 651 3894 412
2514 5439 3264 4807 666 1757 4029 895
2515 432 739 151 152 243 5440 4028
2516 3512 311 1603 536 1055 4084 4343 832 3632 171 150 2419 5441 749 5442
2517 3006 556 711 1691 1524 629 4749 257
2518 560 5443 1399 2141 4330
2519 1055 151 1271 36 2095 1315 5444 909 239
2520 356 616 117 3021 2185
2521 1178 1358 271 160 3994
2522 2943 77 13 1601 577 3944 5257 635 108 3819 5202 3417 4357
2523 596 2438 24 2512 5445 1953 1209
2524 5446 74 5447 1297 655
2525 1930 928 244 734 2326 2901 2590 881
2526 229 4605 2654 1780 1240
2527 5448 1402 5203 1588 3514
2528 1010 942 3276 636 5303
2529 1147 2995 240 5376 3391 3501 1692 1476 5449 2823 5450
2530 1334 2536 2417 1242 1757
2531 1473 2139 5120 5451 3114 3283 409
2532 5452 3081 823 280 5453 62 1509 5454
2533 2017 1342 1224 476 268 1199 19 1757 178 4649 3606
2534 541 621 1634 2096 200 2530 2328 171 78 2572 5455 153 50 2917 93 3231 2932 3759 5456 61 146 1597
2535 2581 2883 5166 616 1646
2536 4257 1771 5457 3932 348 817 5133 5458 5459
2537 276 5460 1240 3462 2077 5461
2538 1894 5462 859 3541 5463
2539 3555 5132 5464 1549 1316 5465
2540 859 464 1307 1243 1221
2541 68 1512 221 5466 2015 902 1585 1972 1994 883 1426 2145
2542 2287 2866 4845 2748 5467 5468 3257 44 2056
2543 4639 2076 2315 1695 841 1364 529 1545 882 5131 749 3133 132
2544 5469 464 5122 1026 821 3767 749 2337 3114
2545 3595 68 5470 1298 3928 223 4120 902 171 1038 581
2546 1183 151 2043 2676 594 1566 2007
2547 1039 3238 1582 822 2206
2548 2426 1410 1137 703 1573 67 3165 765 1891 3448 636 4304 555 4627 4445 2471 5471
2549 1229 1710 5472 798 221 5047 1891 651 149 811 4443 816 4628 5118
2550 67 842 1332 108 1185 847 247 3436 107 5473
2551 3438 36 1630 2394 5474 2490
2552 1176 2757 69 2052 1550 227 293 1890 2020 2357 1023 587 3891 4436 3611 4255 720
2553 1439 5475 5459 4340 3977 3009 4383 2387 983 1495 711 757 5476
2554 150 309 1365 1456 720 1477 1264 1718
2555 5477 1347 2792 3202 997 1183 739 7
2556 5348 2302 2414 5478 1058 479 1193 7 3600 3728 406 859
2557 5236 85 2149 2618 3658
2558 2397 652 916 2776 1295 408 1927 489 428 1070
2559 311 164 576 1305 428 192 4463
2560 402 36 5479 930 5183 2872
2561 1786 432 1998 3032 2045 680 1411 221 173 1455 3891 1661 2975 1783
2562 1038 52 636 1371 583 2588 4879 1337 2536 239 4190 2417 2590 1211 948 3054 4674
2563 2037 583 3559 1889 4282
2564 268 190 1205 583 5480 2520
2565 264 5481 95 2076 980 583 789
2566 1673 5482 4292 4921 2110 4918
2567 4877 2874 2492 409 1337
2568 3169 77 3579 114 5483 1423 245 1973 326 4172 5057 3002 3452
2569 359 493 1453 81 1365 1026
2570 2017 594 53 5484 918 3134
2571 3898 876 3118 280 3295
2572 1311 4584 1423 3296 4101
2573 4171 4443 5485 67 1176 3077 3652 1518
2574 1149 2313 54 3877 888 794
2575 2496 3203 3188 4282 1297 1200 4401
2576 1229 5486 819 766 1058 4776 1994 297 5487
2577 152 1691 5488 5135 3324 357 836 1968
2578 1176 863 443 52 2985 2508 5153 349 1329 591 1090 2188 2909 1624 2785
2579 1759 53 70 3415 146 5046
2580 274 575 810 681 3114
2581 3602 274 476 655 1137 416
2582 2886 934 98 77 5489 3944
2583 1518 2027 297 5490 1411 5491 1353 2337
2584 1639 298 37 416 7 5098 3019 3198 621
2585 1477 5492 870 5211 3634 4963 5423
2586 2662 3379 4671 5462 3185
2587 1286 3035 440 100 2249 4721
2588 229 179 2533 234 4830 4727
2589 298 4403 2530 540 837
2590 1841 4055 1275 4012 1064 5493
2591 52 873 1954 968 325 1818 50 457
2592 2141 5494 5495 2044 836
2593 481 767 466 2200 4346
2594 588 186 5445 3869 3870
2595 5496 579 5497 5498 5484 2982
2596 331 4799 416 5236 3300 1685
2597 5499 3717 2819 1921 3860 2778
2598 5004 2629 4469 678 803 4935 5500 2370 1091
2599 356 600 1266 954 821 1471 5501 5502
2600 1504 115 1502 2165 3233 2897 3090 5223
2601 1799 1540 128 3531 5503 592
2602 2329 2140 583 1541 4064
2603 1177 2899 3836 1577 3882 5504 5304 266 617 905 1384
2604 5505 4383 187 3214 408 297 288
2605 4413 1737 5356 881 3429
2606 2706 229 5506 360 361 1864 5507 3379
2607 4125 164 1199 2283 3501 734
2608 2706 1254 2212 1300 418 2185 248 1015 13 1773 2927 2808 1072 81 132 492 5181 5508 4387 2955 1060 5006 5458 1277 491 3049 883 5247 3220 3221 1065 5007 5509 3533
2609 412 2608 152 638 5510
2610 3135 4739 331 152 740 170 153 4501 687 3397
2611 319 1699 813 1287 89 937 658 2962 1992
2612 923 4314 1055 5511 5143 334
2613 2022 1419 654 931 2847 4563 2144 2887 4820 155
2614 809 1474 1725 593 1747 589 833
2615 1240 1507 1008 4054 749 720 2519
2616 4693 474 323 936 119 3187 1857
2617 1989 2586 4175 1298 4299 4546 2881
2618 1939 1212 2110 1419 2723 4549 404 78
2619 114 3605 5512 2468 1884 1668 2200 2165 1595
2620 1456 4253 1558 2603 758 830 3570
2621 1416 2639 5513 1581 588
2622 5514 2999 53 1006 821 1000
2623 1898 1137 5515 264 77 1365 2060 3123 3525 40 1035 1040 1248 2242 3031 5516
2624 841 1343 22 170 909 2608 5517
2625 367 89 1240 690 4374 2190
2626 114 5432 1130 5236 5518 4429 603 602 3703 5519 2917 1629 5 720
2627 152 5520 114 2117 1509
2628 541 4541 331 52 297 3125 930 2657
2629 99 5521 3494 3098 2693
2630 2014 2057 664 1435 1211 4269
2631 66 5522 1199 675 218 5523
2632 1894 5524 151 992 3087 1299 1274 248 4854 2320 5290 1634 5525 3640 1246 3181 1459 1841 276 309 2810 5526
2633 4411 68 2311 5527 540 1133 2114 5528 859 493 1040 5529 1 1296 4126 1185 3080 5530 1530 739 575 211
2634 353 3394 784 77 1022
2635 1614 873 1346 279 2610
2636 2244 2087 749 3135 711 457
2637 3131 788 1199 3540 1969 740 1241 356 283 2326 3814 4806 171 586 1273
2638 1639 1511 4309 5531 5532 5533 3015 2546 1507 2805 542
2639 1427 5237 297 1260 3174 1326
2640 327 1624 736 1930 5430 2097 5534 3948 4763 1224 3343 1580 311 4649
2641 2474 409 5535 289 171 1578
2642 1759 128 5536 151 1930
2643 150 1778 1271 105 3758 592
2644 1107 710 463 88 5537
2645 4299 5538 252 5539 809 1595
2646 360 938 1598 685 2654
2647 1183 276 3080 4115 1184
2648 2632 410 5540 1049 69
2649 1017 2904 2825 1189 2752 5541 457 257 1831 4468
2650 1041 1413 5176 214 3601 2720 4684 4220 968
2651 1725 164 2576 2982 5105
2652 114 428 1365 896 636
2653 3046 5542 1584 4157 1294 2638
2654 1815 1252 749 1137 817 3707 3432 1 3397 669
2655 1397 427 3135 150 1177 2136 5543 1577 2393 4513 274 5208 5544 645 4554 803 2884
2656 2927 3187 1696 1503 1218
2657 2946 2149 4120 5545 709
2658 68 3915 156 2174 314 768 2563 1481 2074 289
2659 158 1176 3223 160 3204 4034
2660 152 1874 1987 1558 88
2661 847 1139 88 119 3870 1763
2662 43 1452 264 1360 4576
2663 1255 274 158 2991 710 3409 3253 5546 5547
2664 859 78 1026 298 2755 356 2712 2955
2665 5548 808 1209 1038 1111 729 511 2326 114 763 32 732
2666 1365 4616 2611 4103 162 254
2667 749 5139 3632 4271 169
2668 5549 2274 5550 2756 4926
2669 1041 5551 311 881 5552
2670 5150 1984 1149 687 4665 5222 493 2014
2671 744 152 1628 2630 171 817 351 3916
2672 574 1809 4184 2496 5168 195 685 3711 787 2539 5553 912 1757 373 7 5554 2975
2673 1782 757 2714 1815 347 1741 5207 2547 749 970
2674 4263 1516 655 5555 4262
2675 114 4131 297 1628 2191
2676 4892 4961 331 3859 2618
2677 435 5556 948 465 455
2678 297 636 1484 517 565
2679 268 1576 297 5557 1942
2680 53 309 1604 687 763 2022 3820 2536 3587 5558 3926
2681 2259 47 5559 989 3172 2156 3294 5560 4803
2682 98 1797 1751 1415 4290 1729 3975 5561 583 2537 2451 81 309 680 223 306 763
2683 2210 5562 293 5563 2207 4505 297
2684 3223 832 171 5564 108 5565 39 3192 1711 1216
2685 729 732 2033 307 5566
2686 1461 562 318 1329 1016 5567
2687 57 2194 859 5568 2935
2688 2786 1359 722 86 2088
2689 4147 1544 4895 5410 469
2690 1453 2576 3097 263 968 476 2847 5569
2691 271 247 286 566 617
2692 1298 1215 5570 5070 3490
2693 1841 905 40 289 957 3860 3655 3594 3803 108
2694 4416 1301 2888 1126 2431 5571
2695 297 152 511 1504 4133 3916 2262
2696 356 2919 787 2547 2473
2697 1316 2300 380 1199 152
2698 472 400 5572 3415 2590
2699 1639 1018 588 1767 742 3696 3584
2700 2084 3105 4028 1807 2518
2701 2991 303 905 1131 5573 336
2702 246 1485 1719 110 5326
2703 4417 4605 3550 1780 245
2704 1526 898 5365 514 3043 4045 1647 4626 61 617 1767 4358 1456 407
2705 4174 1482 5574 347 276 1025 1452 7 1783 2364 2884 485
2706 5575 1687 5282 424 2096 2837 1718 446 1020 1536 4346 63
2707 5576 821 2140 611 1485 5577 2098 128 3957 359 968 672 173
2708 1371 1034 675 2829 3397 1109 1624
2709 5139 987 2792 221 1123 583 937 153
2710 2116 1453 1192 1484 5578 1366
2711 1810 1507 4432 1039 1551
2712 125 108 1055 4927 152 1807
2713 940 2259 2685 4136 403
2714 3074 961 1650 1008 1241 694 2531 276 895 5579 297
2715 4094 1274 323 389 3203 655 305 3211 822 681 1888 1202 5580 5380 680 76 308 5581 5520 2484 152 46 2636 740 4264 2490 1072 50 1329 4494 556 3447 412 598 4559 2665 1149 562 1716 3720 2811 2612 1355
2716 997 624 3290 2831 332
2717 859 179 435 1770 2900 5582 5430
2718 2115 1603 930 357 1157
2719 1165 1603 1711 153 2357 4089
2720 389 4702 672 171 291 302 416 2679 4664 5583
2721 85 1951 4665 476 5584 1917 506
2722 128 276 297 1673 152 1274 643 489 331 3961 146 4849
2723 621 402 1634 1973 1312 466 930 5585 359 152 4076 740 1584
2724 470 1756 24 303 3501
2725 2957 150 2516 983 4340
2726 5586 1788 4781 5119 2435 3459 24 4844 2884
2727 1966 946 1893 1392 858 123 3863 186 321 5587 3127
2728 298 1000 1048 2045 4466 1216
2729 4385 8 2742 2361 3468 4219
2730 2009 3459 2075 5588 5589 3896 85 2588 5590 5591
2731 1870 4979 1952 151 492 1441 415 5592 871 4786
2732 5532 2509 367 5593 3580 4049 3210
2733 4053 2023 1603 590 895
2734 85 507 3193 1158 1585
2735 1691 2843 3395 3168 367 1104 513 1498
2736 1624 3619 1739 114 4952 1029 2662 4033 5507 2533 5112
2737 1255 1931 1459 3567 266 5594 299 153 1435 1198 576
2738 624 1055 2995 5595 10 636 88 2052 4737 2068 5376 5596 2217 5597
2739 1901 3661 550 3843 5521
2740 2646 128 164 32 4824 1370 636 1428 3163 4456
2741 229 363 264 4417 360 1208 938 233 234
2742 4854 11 975 5598 3760
2743 1499 5599 2496 2689 5600 3212 1150 701 4575 5601
2744 763 1844 2013 4214 1640
2745 2278 2037 1531 907 3243 5079 2595
2746 3007 3325 2618 809 1165 2916 2100 5602
2747 2967 677 5603 3622 5604 171 5605
2748 1978 4201 548 655 2765 1090
2749 347 712 3700 2714 2483 4370
2750 2632 2895 3317 2387 4835 5238 3720 151
2751 3812 1067 109 1851 5606 2125 1995 576 4062 3002
2752 3187 2224 948 1118 1235 1255 1411 1223 2672 504 10
2753 837 1640 2253 1554 254
2754 1203 1408 4448 3522 1435 1379 189 1319 3074
2755 1255 4299 3253 2061 5027 711 155
2756 2454 2540 2287 1582 1319 2451 1011
2757 988 2393 897 5534 3745
2758 2924 2533 2954 3550 2389 4032 588
2759 5345 3483 1128 2259 4738
2760 264 3541 2833 3337 2582 1984 5607 1150 1485 4846 2516 3140 511 115 4466
2761 1966 3034 271 2186 1754
2762 953 1149 2557 872 5608
2763 996 2147 1577 4792 687 1504
2764 2202 1485 3367 81 3028 5609
2765 1072 2967 1467 2810 1078 1277
2766 5607 2795 4526 297 1419
2767 53 3276 1923 5350 420
2768 3992 2611 276 909 139 1922
2769 1059 2733 1425 2860 2594 1098 5610
2770 2110 2495 155 5611 1115
2771 2646 3726 2570 1460 5102
2772 108 88 223 596 828 2775 1314 428 1932
2773 5612 245 43 1075 4691 42 1209
2774 1455 1711 50 331 146 855
2775 1006 1242 4362 221 5613 835
2776 4329 742 2518 506 633 5190
2777 1927 3243 2436 1260 451 1630 2989
2778 1143 3065 5489 1551 2576 1315 1629 37 5614 817 3373 1673 2084
2779 5114 4008 2252 284 3996 5615 3073 1382
2780 3121 5616 1229 399 5617 834 1783
2781 249 1347 536 221 2909 3434
2782 1593 1381 432 2383 5618 3605 1389 638 1775 106
2783 297 5576 2775 1584 2618 4804
2784 2543 511 2523 473 356 3622 2676 1554
2785 4365 473 2316 80 5619 1055 1384 1069
2786 76 2741 4294 2419 5620
2787 248 68 4081 328 1008
2788 5197 66 739 999 37
2789 3046 2076 191 1757 1360
2790 4976 3624 922 264 1920 1210 1049 4750
2791 826 99 1630 4340 290 2074
2792 693 140 36 5024 5142
2793 1729 1711 482 1763 1416 617
2794 248 5621 179 5476 298 1241 336
2795 1051 4992 5186 980 5622 5623 817
2796 367 1809 666 1763 4697
2797 5624 5625 1377 4920 1707
2798 1577 2756 53 540 162
2799 3823 2327 2504 5626 2572
2800 3203 1040 2893 5182 3735
2801 523 2926 5627 2662 1072 5628 2812
2802 1847 2847 4362 5371 588 2632 1239
2803 4257 1496 1525 68 5629 170 816 900 4220 5129 5630 1587 926
2804 751 678 5497 655 476
2805 2022 1364 3389 687 540 162 1757 809 4334 3832
2806 248 4732 636 155 1900
2807 443 5631 3383 5630 1026
2808 1147 11 352 108 655 247 2116 1
2809 1292 1788 53 108 693 966
2810 2239 248 1516 1149 152 493 4954
2811 2630 1291 1493 4071 588
2812 2673 78 1178 4281 428 1013 4891
2813 5632 2140 199 4678 5633
2814 3691 680 705 5279 4938
2815 267 3671 5634 2304 3432
2816 826 876 3787 447 1149
2817 3681 298 1265 2164 1975
2818 1767 96 1353 2472 408 852
2819 1501 3348 1797 826 480 1944 517 1433 2249 1022
2820 2430 1222 5635 2537 154 1541
2821 81 158 4450 1718 1554 5277 2057 2229 1877
2822 2774 5636 948 427 2775 750 1656 5637 4953 870 1240 1202 2012 13 246 3057 1008 3802 1551 4628
2823 546 1147 83 3121 2419 3172 7
2824 3291 619 1013 1149 930 909 2055 39 1398 836 5038 2920 1363
2825 5568 3553 697 862 5638 5639
2826 1753 5153 821 416 2363 122 742 151 621 4774 3923
2827 3111 223 2188 121 4439 3690 2951 5018 5314 1019 5410 909
2828 5640 557 1844 463 1202 5533
2829 164 108 4157 1162 439 4192 2670 3424
2830 68 1662 5641 672 1067 4769 4327 3152
2831 297 266 298 434 2518 1809 367 66 1229 3660 958
2832 2468 994 5642 108 1995 1510 4034 1334 189 1526 3293 3697
2833 596 2190 4775 1856 2715 1023 1567
2834 5643 5644 2095 3811 5645
2835 476 678 1587 1650 307
2836 1329 694 62 354 321
2837 5646 1754 1870 68 997 1587 929
2838 4420 164 2636 4103 1859 1692
2839 1415 89 868 989 5317 5647 1696 1650 457
2840 4955 5075 34 5648 1487 3181 1577 197 370 5273 2584 3654
2841 4550 259 1008 914 1276
2842 1610 1045 76 4444 5649 3397
2843 3920 787 5650 4675 1659 589
2844 712 467 3036 3511 2069
2845 1208 4605 5236 1034 5651
2846 480 2757 2335 4801 5652 5653
2847 4450 1987 912 2860 596 2308 1729 3906
2848 627 248 2110 87 2916 801 3132 481 4524 1433
2849 1183 5596 4337 2425 5654 4607 3530
2850 2562 3544 5655 5656 3959 3870
2851 3681 1224 3398 3988 2113
2852 3837 2517 4219 4472 5420 189 2829 517
2853 1896 3447 5657 114 297 164 1322 3950
2854 4664 5658 179 5659 611 1142 5660 3475 19 3618 5661 1199 336 3629 801 282 1587 2551 253 54 2022 2088
2855 1137 5662 1071 4603 2920
2856 1485 297 4438 4934 834 1185 247 1365 968 3097 1149
2857 1639 742 2657 834 2557 2682 2207
2858 588 2459 1499 919 5350 293
2859 575 3470 3121 2856 1888
2860 493 1503 1995 742 1761 66 2644 158 150 739 1149 753 687 808 4744 141 2244 1516 1119 959 5663 2889 3014 4631 171 900 1137 1630 1358
2861 1353 818 108 2557 590
2862 1371 1183 3261 1624 297 1365
2863 85 540 5664 1055 1411 3810 297 46 2294 2240 1621 1484 1841 1791 1045 1170 5365 5580 1633 3434 322 2444 5665 1890 2508 937 1205 3894
2864 596 2120 52 117 595 1741
2865 621 2148 4577 171 226 2003 5244 626 354 1807 742 347 309 2705 4674 2050 3219
2866 3595 2756 2366 3035 681 937 12
2867 1761 1147 1801 169 3635
2868 67 1889 1575 3583 3764
2869 414 5666 5667 3056 1137 1202 53
2870 432 4160 655 2527 2357 439 2366 2274
2871 621 1251 1676 739 5291 7
2872 5118 1759 635 1467 108 2207 3686 817 416
2873 3661 476 2135 5668 430 1841 443 69 3291 826 2096
2874 1554 81 432 174 443 2829 694 1775 4593
2875 943 1324 5669 4422 5670
2876 933 4452 655 5581 1995
2877 3117 579 3920 5671 1 4890
2878 935 411 312 2074 4134 4466 1691 893 2614 4256 52 940 711 1370
2879 1966 2992 3169 1685 1340 305 5199 1760
2880 2148 627 3684 1044 5672 4859
2881 268 3628 1524 739 5673 5379 742 257
2882 294 457 206 5674 4401 5675
2883 918 98 5676 89 2247
2884 221 5677 1998 1575 3065 125 1443 691 1137 674 108 4960 5669 1549 5678 84 4075 4475
2885 5679 1951 2614 1535 1031 5680 669 3943 1757 1979 4030
2886 1008 3129 677 540 5681 4702 5682 2130 3098
2887 3721 744 1202 108 356 416 5117
2888 588 1354 5683 1454 3106
2889 4272 416 2339 3035 2018 3006 5230 1396 5684 1889 5601 1831 2108 4926 1127
2890 1406 5458 1907 1092 3663 1430
2891 1113 1516 1 1783 2574 897
2892 1240 2365 870 2889 1554
2893 4607 1987 10 636 1390 1631 156 3276 452
2894 5685 367 635 2846 594 548
2895 2310 1914 1041 1376 1040
2896 4395 5266 4763 2310 881 4781 4829 1812
2897 3529 146 1495 4200 5686
2898 2271 3165 847 987 2009
2899 2224 664 2632 590 336
2900 319 5532 2608 2632 2242 1616 2693 5687
2901 976 298 5284 872 5688
2902 5019 2308 5689 5291 2473 254 635 247 761
2903 1370 4351 62 354 1730 5690 5691 132 3332 2156
2904 1272 1694 2636 1495 173 1449 738
2905 5692 1040 2042 1640 97 3203 5693 24 2538 5309 3139 3827 4342
2906 511 5468 307 5694 5695 492 535 174 311 1022 3170 420 3224 5079
2907 1415 83 3351 9 3912 119 91 565 35 1011
2908 3030 5449 2575 2040 2723
2909 2721 3882 1569 186 1767 1008 1240 3655 3313
2910 152 1061 280 1279 3533
2911 5644 4567 2073 5696 3780 3372
2912 1371 462 764 773 4088 814 4923 5697 480
2913 972 1503 1454 506 672 3813
2914 2622 292 2117 680 970 1443 89 836 492
2915 1823 905 3284 4180 5698 968 5699
2916 53 3579 1966 1001 5379 2115 1353 663 336 2179 3857 254 3449 1481 4255 4188 5700 216 2693 2242
2917 1979 1888 3632 2441 517 2791 1495 3270
2918 2943 367 3535 1662 1713 575 5701 2014 5469
2919 1516 3974 242 2310 625 114
2920 2148 2444 1057 643 3027 1633 3440 2632
2921 2856 4668 2156 1696 4447 172
2922 1353 1515 1699 999 655 5702 5703
2923 1731 1013 5704 2625 2388 2253 1813
2924 1951 3148 5705 655 537 5138 409 36 4501 61 758
2925 1696 2710 3978 1602 457
2926 3567 5657 1307 1390 1229
2927 3954 229 4553 5706 186
2928 3912 1783 1664 3614 2482 36 96 1379 1673 5707 1008 636 2602 1019 1020 1078
2929 1581 367 5708 3072 1890 4451 2719 2188 517
2930 1829 5709 4913 74 1057 3018
2931 2600 480 5678 5085 3183 809 4607 412 1964 2930
2932 629 76 1 2165 428 5710 283 3133 5561
2933 548 5711 895 1216 171
2934 913 97 563 309 2367 2286
2935 2688 2148 1587 164 618
2936 209 1564 2860 1477 5712 457 3679 192
2937 631 184 2419 1764 834
2938 81 1006 636 1366 131
2939 373 3035 5501 841 1045 3298
2940 574 1833 1388 547 309 2748
2941 3007 1165 5138 1510 3434 4268 1276 3390
2942 651 299 2061 2881 20 836
2943 1037 5713 4206 4049 3006 559 4305 897
2944 1137 1584 876 5714 2156 590
2945 523 5431 369 370 2436 1275
2946 4132 687 798 1298 4762 629 2375
2947 790 89 4334 2673 2384 561 2425
2948 179 1739 1599 2342 4605 234 1780 2828
2949 2897 2795 3373 5702 2275 1556
2950 34 464 152 740 2271 153 174 146
2951 742 114 636 5715 909
2952 841 416 1068 52 2588
2953 781 1453 2267 809 1607
2954 2530 1474 189 1298 282 1459 2570 1008 926
2955 13 2657 390 2861 2693
2956 1474 588 465 306 4797
2957 274 557 988 447 1236
2958 268 4343 70 2053 1266 3004 1579 3223 3546 1568 493 331
2959 1109 558 3728 809 5716
2960 108 4518 300 3099 3615 959 4192 5717 317
2961 53 1066 2007 276 1660 1503 2755 768
2962 10 4334 3017 3832 1792
2963 826 517 473 568 481 1826 1991 3279 2384 5167
2964 4467 19 615 1890 4569
2965 757 959 257 5277 652 4875
2966 34 2115 409 1353 260
2967 1340 4464 804 5718 5719
2968 1397 5720 1026 2580 147
2969 1008 487 1462 4410 3206 4195 1019 3077 1631 156 1020
2970 1891 2212 1788 5721 3842
2971 4728 2534 2706 230 1468
2972 576 3540 838 768 2588 5722 1314 2049
2973 3347 2612 5044 643 831 2156 2982 209
2974 2364 1443 4669 323 2612 567
2975 5723 1387 10 482 1920 302 274 423 1041 53 2841 2139
2976 532 1582 1026 301 554
2977 1239 457 1040 810 1670 4963
2978 13 267 2450 471 1342 988 5593 1123 311 276 1142 495 1181
2979 4411 4049 2140 2987 1187 2201 3043 1243 1157
2980 1439 533 3491 1418 3314 5081 2929
2981 1255 2772 1233 2551 5724 186 409 1008
2982 293 1554 675 4918 52 998 1264 2106 4629 2296
2983 3898 266 3728 687 3612 3482 406 5204 5243 927 61
2984 34 4941 912 3963 189
2985 108 3000 4779 414 860 66 5725 1100 4665 713
2986 5726 2067 1100 3364 1276
2987 4655 1396 151 443 16 146 5727 1900
2988 953 1969 3203 1502 3262 2207 1520 1019 5728
2989 85 4427 364 2964 5729 5730 704
2990 1494 1158 3065 1436 912 53
2991 352 3589 1920 349 1507 510 550 666
2992 557 441 3042 3540 1729 1353 636 616 3179
2993 1471 3802 5731 2757 1402 557 53 655 4173
2994 3994 3924 4197 1718 114 3687 1476
2995 3133 57 3225 5732 3559 1973 128 2333 711 4457 1388 1331
2996 150 5718 1691 415 2446
2997 366 858 81 889 189
2998 1167 391 3134 138 5079 452 833 918 1591 1348 2275
2999 1503 923 575 1781 1584
3000 5525 1596 359 2608 5733
3001 4892 4395 5734 4135 3047 5735 4848
3002 229 363 2707 1780 149 179 3987
3003 5736 1499 1841 1781 600
3004 5089 2057 5737 40 2458
3005 1267 2994 1577 3057 2484 152
3006 266 297 655 67 616 1173 1631
3007 3059 4927 3697 1845 2854 5053 2930
3008 1046 5738 309 5739 53
3009 2087 2885 427 293 2450 5740 2262
3010 1468 2202 1199 708 2770 1301 5485 5741
3011 740 3736 3397 5392 1008 4891
3012 2224 20 5319 3072 914
3013 1697 1735 2682 3656 3746 5549
3014 1149 1930 1684 4073 850
3015 5206 4642 3594 2231 176
3016 1026 1329 681 1912 1853 4777 1347 1287
3017 1467 542 2814 1086 2972 1088 3646 1429 604
3018 3042 2122 5742 1243 3283
3019 5743 331 482 1750 687 629 1270 4534 2156 590 873 356 2530 3960 1013 2055 5744
3020 3251 2347 3793 152 5745 909 5278 19 449 5359 5746
3021 3377 2533 1240 3563 2365 266 2239
3022 5747 1178 447 629 636 3929 2208
3023 1770 5328 4718 1356 3578 2618 1136 1651 1589 3458 5748 3627 1292 1587 3610 2393 5749
3024 1816 1848 3356 2467 293 2387 3457 1547 1741 718 1536
3025 2104 2623 179 1432 5436 3825 5309
3026 1841 4933 3222 5750 1102
3027 596 2083 736 480 1149 3009 5299
3028 2807 4089 587 280 1065 3533
3029 3032 2826 2467 1535 2014 24 1498
3030 1149 636 1584 2678 171 2148 3097 968 3643 2200 672 2490 1181 2056 290 2715
3031 1037 2755 3624 2679 5532 4271 5751 7
3032 1034 298 5752 5753 2689
3033 2679 1542 1651 739 3957 2094 1940 4410 5754 816 1782 1748 1243 5755 1227
3034 905 3243 1494 2237 1045 1696 178 1019
3035 4073 2156 918 5756 2968
3036 1758 817 5757 2871 1055 1535 871 4398 633
3037 156 1419 256 2742 447 2326
3038 169 2456 4359 4793 2324
3039 5758 723 3891 5710 5444 2019 2825
3040 5499 224 2875 2509 445 1794 4347 561
3041 1687 663 153 1942 357
3042 1342 1027 3596 1078 1113 5128 1008 5314 2177 5690 5759
3043 2902 1151 323 174 259 2456 296 4338 5760 1153 1384 56 2324 620 4891
3044 3042 905 314 959 254 3717
3045 69 267 511 5761 2606 50 506
3046 636 2157 641 5762 2817
3047 1980 297 758 148 1315
3048 125 152 5372 4081 5763 1462 4362
3049 5316 153 788 457 4593
3050 870 2792 2023 3842 2262 4447
3051 1055 2993 1421 1202 538 3083
3052 811 2110 1046 637 2482
3053 698 3553 2332 2793 1966 712 5014 2625
3054 13 5083 740 146 3972
3055 5764 1041 1121 1020 871
3056 4926 753 221 16 341 2451 4571
3057 2006 1166 1997 2680 7
3058 3100 375 331 146 920 2357
3059 364 826 3694 1862 319 2438 1165 55 679 326 1241 836 4245 576 895 1818 3522 5765 687 4535 655 457 236 672 3720 3207
3060 841 53 1137 42 718
3061 266 2003 2147 4642 945 274 574 2483 2806
3062 3020 440 5766 284 5600 3702 945 122 2795 1836 4166
3063 1662 1894 859 858 1150
3064 987 910 274 1185 803 149 67 1342 390 4532
3065 299 4987 409 4779 259 3950
3066 276 5466 4533 401 73
3067 3657 3236 4113 701 2155
3068 1240 5767 2518 1165 297 4611 4084
3069 2060 115 1073 297 3707 5768
3070 2786 1402 3641 311 297 3074 3162
3071 841 356 492 1013 81 1137
3072 816 832 642 683 684
3073 5769 534 2037 655 1757 826
3074 1067 3042 1687 164 511 3975 2958 743 352 1433 274 3098 1515 1055 1387 507 1568 1671 291
3075 713 1271 1532 3357 111
3076 2897 1008 249 3102 5770 950
3077 4922 1484 2018 69 224 169 562 3492
3078 2385 1484 1104 89 359 2110 1216 831
3079 274 675 924 53 3857 5291 5191
3080 150 331 266 151 87 1614 153 5381 1469 5349 2778 687 5346 556 1033 2663
3081 3504 2662 558 2315 5771 5252 36 2570 1126 2964 1680 5772 986 1851 5366 2393 3897 1589 2375 1188 407 5773 4650
3082 2359 245 1999 2187 1150 2957 2901 3379 1893
3083 2308 155 2490 3089 1499 1660 336 1008 2215
3084 5664 842 1697 5774 5775
3085 254 3212 2529 5291 2679
3086 3697 40 2392 1737 1334 416 5340 4522 1276
3087 827 934 3116 2465 877 271 3492 1692 4678 813
3088 3032 860 300 1396 2271 356 1514 153 1502 317 3160
3089 547 1788 1178 40 2146 149 1604 2791
3090 5776 1069 5777 5778 2935
3091 675 88 3418 5779 565
3092 1697 5739 3096 3117 4202 5124 408 4527
3093 69 2663 2956 834 1018 2579
3094 319 2207 5780 2289 905 3549 5781
3095 1829 4840 2253 164 2190 1034 1057
3096 1029 476 863 798 506
3097 66 2684 268 151 575 486 1209 3660 4061 5782
3098 1347 2408 152 940 833
3099 1689 954 5279 5117 2450 5510 905 2419 1275 1417 5036 307
3100 1691 1185 655 407 2693 4628
3101 1478 462 1444 3044 918
3102 3623 5783 945 5557 2890 4732 434 173 1775 5784 1912 517 3549 5381 3317 5566 5024 108 1271 3728 2806 2156 1510 590 3302 1305 1008 2416 3758 1435 576 476 816 4824 5785 2176 5786 1112 4231
3103 1040 4346 3019 5303 4075 3949 3455 2602 3002
3104 298 5787 78 173 5763 3027 5788 4395 1801 1791
3105 518 1398 4721 3371 540 89 341 4245 91 5167 1146
3106 601 5789 5790 861 5543 127 163 3459 1072 150 816 4675 5791 2416 30 2070 1553 2075 3901 5792 5691 274 2991 271 5579 3465 2119 5793 1208 158 1055 52 1078 1729 5794 2030 3824
3107 1026 1354 1012 474 274 53 5117 5223 267 440 2075 645 1793 2380 356
3108 3838 66 2509 565 1444
3109 4689 3558 1639 2853 714
3110 2375 432 3054 1215 5795
3111 1147 4157 4778 5441 3783 976 959 2734
3112 3393 1106 2188 4073 5796
3113 5226 1589 336 408 3757 5221
3114 5797 271 5542 1202 1699 1754 2489 5179 5798 2240 1217 255
3115 2005 298 1673 443 5799 1844 81 492 24 482
3116 2112 3192 3655 1816 367 53 108 200
3117 444 1548 4326 254 2794 2105 1342
3118 5320 758 3287 2393 940
3119 589 249 2914 171 4360 891 3331 1160 5367 1078 1967
3120 4036 5800 2386 2928 5801 1516 655 2282 2808 3671 3793 19 893 615 357 912 3996 373 2054 1146 50 4356 154 2826 326 2968 1878 4463 345 3242 4883 5133 1425 944 17 309 53 1088 4523 4569 723 139 4975 1089 5411 18 1184 2377 5802 5247 1279 5053 1091 604 2973 1906 605 606 1097 3980 1281 1431 609 5803 4898 3532 3894 1523 3126 4780 3668 1099 5804 482 5805 1098 4390
3121 1510 5663 2259 5598 386 565
3122 5566 375 331 244 5806
3123 2125 186 757 1551 5243 1374 192 989 765 959 24 4918
3124 179 2654 1780 2389 2709
3125 2332 4504 1999 2017 3096 3340 4379
3126 1999 179 5807 365 530
3127 5808 5137 297 331 156
3128 342 1419 2314 5186 539 91 1540 844 76 89 2612 5030 1022 3470 793 385
3129 2212 4637 588 5809 3078 617
3130 2411 3863 5810 2769 5811 5714 4951 1298 1321 858 4376 5812 4748 4805 5755 740 2485 5184 5813 2916 5814 860 4312 1312 4166 5815 2349 3383 2637 2697 5816 5591
3131 2212 553 5817 2905 810 4900 1266 2829
3132 1072 1467 1468 1469 1279 1095 3663
3133 2501 1930 855 2917 3030
3134 281 1711 1311 452 947
3135 1847 714 5818 1029 2588
3136 2357 809 482 5819 1587 963 3088
3137 4335 298 2750 1178 390 1075 4150 3845
3138 331 5048 248 2257 2659 3046 3394
3139 1893 2818 368 634 1072 397 12 5411 4970
3140 149 1627 284 1520 739 268 4511 319 10 89 3630 936 154 937 1978 267 151 1298 681 3350 1628 146 615 1812
3141 1930 1199 2084 2903 5820 918 1817 3134 5576 2117
3142 1510 4885 3391 164 636 1757 428
3143 3675 1241 2240 1006 3216 590
3144 622 2145 950 1433 1499 2784 1725
3145 264 3799 365 5821 4690
3146 1790 1314 297 972 3824 268 196 2606
3147 331 722 3441 1348 642 4936
3148 589 1295 930 506 2100 50 809 3255 4849 829 1546
3149 1000 382 4479 816 5559 5380 1613 4953 3223 1387 1268 309 897 2079 542 3520 3
3150 144 868 1924 5822 4217
3151 367 2039 2792 5823 866 4112 5042 4061 1370 2030
3152 1626 2083 3032 3637 3722 5809 5483
3153 763 4649 3820 1048 969 1587 447
3154 108 680 550 1205 989 639
3155 641 67 2111 3585 1040
3156 4573 723 2842 1976 1114 3216 5824 1235 5776 3214
3157 620 76 576 5825 1425 837
3158 264 4417 2533 991 179 4033
3159 3460 5335 535 557 846
3160 612 739 1696 1119 889 10 3283 2393 2519 2598 1374 5826 4165 539 957 3592 288 2117 1265
3161 5495 2141 838 1026 5827
3162 82 594 5166 3690 3283
3163 3969 1354 1816 276 859 69 1610 4129 1499
3164 876 127 997 221 3537 285 763 3580 988 3658 85 481 3403 2500 5828 5460
3165 5829 968 1711 3342 3097
3166 2826 221 4977 2195 957 4717 4084 809
3167 1347 1123 5266 4367 114 5830 1008 5265 5831 416 1503 195 4360 2670 592 1819 4344 1820 432 1022 2231 2232 1778 1067 930 1 1137 174 1558 4827 2785 5832
3168 108 297 2310 5097 2512 4104 3193 4629 3287
3169 1633 1844 4296 2200 3015 1644
3170 2477 506 5648 2675 876 10
3171 2235 151 1673 740 89 801 2357 416 3376 4319 3471
3172 493 2414 248 2104 269 3203
3173 229 248 19 1200 2484 3449
3174 473 2076 248 4111 3340
3175 4762 50 2685 5833 1610 905 5834 71 2207 2553
3176 1672 2044 2307 2240 487 2462
3177 636 1273 2842 153 1923
3178 2611 2328 5827 1202 235
3179 34 1113 164 461 2311 515
3180 181 991 2533 229 2709 1780
3181 859 179 79 68 652 1223 816 4 1438 1067 4655 842 2044 1202 389 636 170 3415 2200 637 66 1241 259
3182 1149 1199 711 189 1650 4211 768 173 5765 1292
3183 3314 3714 5439 5835 4498 4784
3184 367 52 2588 24 1292
3185 3177 2191 2047 2057 1716 5317
3186 1067 1363 4051 2890 881
3187 562 2408 268 2262 4188
3188 863 1247 3752 1192 3342
3189 114 596 2841 1719 409
3190 2125 402 2932 3119 5828 918 532 1315 1630 79 5836 2200 3791 1045 5837 2786 403 1921 1270 3869 5367 1559 428
3191 875 1399 3126 3755 5838 1829 876 334 298 293 2897 1140 3284 5839 5840 2842 265 1587 5841 1305 2677 1111 336 3078 2604 7
3192 1296 930 1501 254 1795 3204
3193 297 1305 3303 1843 152 5842 770 5369
3194 1053 297 1836 1665 2310
3195 945 476 5843 4164 2990 3336
3196 4892 3898 5844 2273 1242
3197 1951 1170 5117 505 401 670
3198 179 79 3468 2174 817 1298 5845 859 2312
3199 1985 1634 3450 3408 2193 4073
3200 2332 2706 474 234 1780 2194 3806
3201 5797 370 1072 1468 1467 1425 120 4428 2437 4012 4600 5053 3086
3202 5245 403 2036 4112 4395
3203 1870 4515 4607 1433 243 3700 2305
3204 4222 826 1868 2794 524 523 1577 4894 5
3205 1780 3674 164 152 2763 1255 1404 54 253
3206 462 317 5846 1388 3251 493
3207 5847 5652 1925 3969 5040 1236
3208 5848 152 3734 1305 2434 264
3209 1930 2419 254 4237 275
3210 3765 2457 2100 803 2909 5059
3211 3058 3429 2968 3972 253
3212 944 675 3894 85 1886 390 1365 240 248 1518 445 589
3213 4583 1822 5302 4546 249 2272 2418 353 3090 797 584 4867 1019 4697
3214 2757 2319 4415 666 496 5410 3824 164 1022
3215 2297 1633 1205 1982 20
3216 1640 1650 3056 1966 5849 5283 2860 3610 2309
3217 5850 919 4316 1526 558 594 791 5851 7
3218 4171 4625 1342 740 4376 359 2344
3219 493 790 2104 5852 297
3220 2974 2320 480 5100 551 2565
3221 1630 2497 5853 666 2357 763 1354 4180 1202 5854 2200 4385 1816 1754 2607 4577 5855
3222 229 2332 4031 234 1894
3223 432 1104 5856 877 5459 2140
3224 5857 1680 3700 2424 4401
3225 5706 264 1872 4605 4412 5408 2533
3226 1709 1022 376 1699 752 2458 323 227 4846
3227 5858 583 3916 5859 1487 1149 5517 3451
3228 732 1170 540 4961 3828 4319
3229 933 1192 1752 4274 627 739 298 4201 2894 240 576 623
3230 276 2253 172 4606 5860 897 1478
3231 22 642 4285 271 3545 98 170
3232 5194 3238 5173 89 877 4054 1976 5861 2189 2632 3725 1498
3233 941 386 621 5326 3555
3234 5517 1347 331 5230 5497
3235 164 1955 1516 5622 809
3236 2865 4250 546 2757 1516 3203 4961 2393 390 4127 129 81 3779 5122 5862 2067 4558 557 16
3237 227 114 77 1150 1225 1057 2460
3238 1071 542 5863 1077 4387 582 2972 1184 491 1429 1094
3239 3968 3706 2044 2190 666
3240 4704 618 930 574 2588 2344
3241 1165 331 152 740 248 432 924 2409 464 97
3242 5864 298 108 636 1317
3243 3213 309 151 57 5694 2935 43 1417
3244 3290 1926 1944 711 897
3245 2613 1490 68 5292 3913 5865 3100 5486 739 443 5138 2840 816 3531 633 4675
3246 2928 92 5866 2932 629
3247 5867 5868 189 3449 895 5292
3248 2853 5042 3060 5869 2044 254 1372 1509 5870
3249 5871 5872 1550 4614 3574 1270
3250 681 1203 2878 5873 5874
3251 511 517 1425 4846 5875
3252 4572 876 61 2297 5818
3253 5876 1634 1762 77 85 87 1727 1365 3632 3037
3254 3968 5296 895 5432 3600
3255 242 4058 2082 81 5877
3256 2010 1202 747 1013 5878 3923
3257 532 4590 1516 109 2664 742 1202 1434
3258 928 76 2078 4337 5381 3389
3259 621 905 1069 5879 2161
3260 940 709 3290 1477 3791
3261 4358 4262 1476 3276 1444 170 3373 284 74 5291
3262 243 4199 5400 3876 2829 2563 5432
3263 2346 2489 1001 958 805 2335
3264 114 3062 2808 1978 1199 2146 5880
3265 297 781 5881 1630 1384 768 5882 786 187 712 3684 744 443 53 85 3603 959 305 583 2784 1549 930 1008 1584 5397 1379 244 1718 4525 1067 349 2174 1516 906 5883 4765
3266 114 1298 482 146 3572 331 1137 1472
3267 141 2009 5884 5885 1163 2723
3268 739 2281 131 479 5886
3269 1951 331 1419 1716 3560 2022 1298 1720 5713 168
3270 5818 3545 460 68 2946 624 647
3271 3405 5887 595 1587 3423
3272 763 46 5097 426 1160 1200 713 1432 4580
3273 2635 5454 4603 2393 4255
3274 2509 1763 1008 825 5189
3275 881 2890 1185 3042 2009 26
3276 959 3133 80 173 1022 24
3277 5888 2837 428 2300 416 1038
3278 4361 409 2037 2572 1192
3279 3641 876 4474 5291 1536 4943 3192 5889 4740 1158 912
3280 4189 238 170 5890 1247
3281 621 3601 128 693 2128 644
3282 668 34 1285 1682 1443 2636 319 473 4603 1449
3283 907 2125 1628 868 409 173 46 3255 4157 2569 227 895 636 3790 2705
3284 5749 763 5867 3044 1459 926 1966 4470
3285 2383 5891 2738 2110 1311
3286 5287 1841 2755 4019 3235 1976 5892
3287 1727 681 3569 2118 811
3288 877 297 1035 1128 2249 5893
3289 1369 144 5765 1922 3196 137 1342
3290 298 1374 5176 1716 1002 5894 5895 248 1291 5896 1610 276 663 2494 81 625
3291 3139 1979 826 2174 1342 1516 2784 2087 550 3683 4978
3292 753 244 1185 5544 16 3093 592 4929
3293 473 268 5600 3597 1040 4522
3294 811 691 3374 5045 995 3112
3295 5897 617 2892 4741 5884 1767
3296 4276 1237 2447 480 2825
3297 1045 5522 4079 85 4567 1985 32 740 803 576
3298 2413 1287 89 118 2030 61
3299 2784 432 1040 693 1495
3300 859 2496 798 1918 749
3301 5229 1868 362 764 2096 2543 5898 2844 3995
3302 3251 3956 319 2188 723 1222
3303 108 1927 2174 5676 349 1334 3549 3787
3304 2104 2865 2310 5899 721
3305 1025 173 506 5900 5868 409
3306 1398 1041 4343 200 1697 4104 3133 24 817 227 5901
3307 977 714 2262 1048 5902
3308 5520 1658 2356 4667 536 1055 353 2058 616 2803
3309 4283 749 5694 666 4584
3310 1008 4669 2247 89 1826 681
3311 5903 3816 4047 3728 2420
3312 2325 114 1654 5067 1535 5904 752 1807
3313 79 2156 1241 1660 253 155
3314 4830 2408 858 2647 402 1029 4158 5905 1535
3315 79 1100 2458 535 550 1979 254
3316 2684 242 5906 5907 2739
3317 3635 651 1426 596 2623 3792 1202 930 740 4674 2783 2075
3318 293 1040 959 2405 68 1255 1971
3319 1247 1837 2563 2889 1752 1354
3320 1347 36 259 5908 4677 227 5909
3321 2259 1229 5910 1271 3881 4522
3322 5911 5912 5633 2893 583
3323 3291 815 655 554 2889 816
3324 1870 1839 4606 76 2670
3325 515 4395 1801 987 2290
3326 1819 1671 3531 292 1508
3327 2841 643 5183 4578 887 5536 1241 153 4922
3328 1150 2957 3233 1640 5076 5474
3329 5913 1078 1425 120 1279
3330 2959 417 1365 2436 957
3331 402 1890 1400 1292 5914
3332 1208 1575 276 2244 1072 1266 2985 4336
3333 5915 186 918 52 432 2588
3334 2170 4192 36 173 909
3335 546 242 3373 2588 832 171 5916
3336 3750 3379 5917 179 4728
3337 1054 847 583 1071 1076 2756
3338 77 85 4495 1298 1390 4244 708 2200 5918 3581
3339 1624 3595 10 905 191 5919
3340 729 987 3009 3852 151 959
3341 736 3061 1300 4887 1068 1398 3264 2636 269 1160 2348 3258 5920 191 3605 2407 1957 2201 2159 1577 1976 961 2046 3008 326 4796
3342 687 152 20 1634 172 5491
3343 2125 1507 3944 3775 5123 5232 2700 1749 4879 1435
3344 1516 2103 5921 3114 1149 5072 871 4319
3345 1756 5681 1255 4993 701
3346 2244 2408 5922 372 5923 254 3392 980 1390 2074 1644 2636 2411 1943 879 3943 2054 275 2323 1355
3347 1087 1276 139 3049 3646 1094 5249
3348 476 655 76 89 1644 1010 809 1298
3349 3670 2657 3397 171 4632
3350 5924 4994 5925 3352 3007 1272 367 2987 5629 3408 2664 3332 2173
3351 297 687 558 1199 1411 672 4505 5234
3352 5926 1035 687 964 4125 5927 4266
3353 589 1729 2060 3597 3661 266 836 1012 1708 311 811 156
3354 2756 1508 179 1821 816 3975 583 428 4078 642
3355 2409 1038 4908 4637 2974 546
3356 2488 1639 2648 168 3431
3357 4271 794 2829 1178 2785 5435
3358 2302 3620 826 1626 1623 3550 5821 2901 2724 1014 5928 1863
3359 5929 1419 1297 245 246 1112 192
3360 3809 3498 4020 5930 1601
3361 3314 5287 2096 1000 5931 5932 1171 289
3362 5306 2579 43 2 2204 3683 5933
3363 2088 5934 3510 989 1948 693 4068 2588
3364 229 2148 3177 5935 5936
3365 3318 992 4145 389 53 826 5608 1255 151 641 146 2060 2044 257 165 1807 1022 2588
3366 621 377 821 3306 575
3367 2756 4427 3779 1372 3141
3368 4059 3005 2210 5937 3395 989
3369 57 4250 4744 511 863 1510 406 81 4471 644 1013 4585 1462 1973 1981 482 1757 2144 3112 907 5069 492 166 24 2955
3370 612 1165 629 4407 568 469
3371 2749 5938 2705 5939 2933 2946 79 2774
3372 439 1587 269 1546 428 1616 2610
3373 3592 950 5940 3931 4456
3374 1484 89 4407 76 5333
3375 617 5729 912 5311 1434
3376 991 179 4412 4830 1780
3377 988 3586 655 3975 1797 1020 2742 1438 416 1361 784
3378 1242 959 1018 432 4573
3379 2934 2413 248 2450 3256 681 4773 5676 3133 565 416 4717
3380 1136 319 5797 1107 2509
3381 687 763 2912 517 3448 319 4304 565
3382 4221 1868 621 360 5344 5941
3383 5942 80 5943 3093 5944
3384 2289 1342 2200 5469 3278
3385 5945 4458 758 1069 1557
3386 1767 179 2413 128 108 309 5946 7 1361 3746 1086
3387 114 2550 1780 5462 3319
3388 1631 876 1976 3794 1438
3389 1576 1448 298 293 152 506 1201 2021 4918 701
3390 151 3849 32 1406 158 271 153
3391 1978 271 152 740 4 492 5779 832 2484
3392 506 35 1757 2047 294 1022
3393 114 26 1454 5947 5948
3394 8 2742 621 218 642 128
3395 5949 1754 3425 178 2663 3013 423 5825 5950 1650 773 5457
3396 1541 3646 5951 2208 610
3397 5668 1199 125 68 1577 2503 586 989
3398 2662 893 4045 533 2646
3399 57 1056 5952 3311 3313 1069 5666 1997
3400 3744 2393 3574 2962 5880 5151
3401 540 4078 447 347 3342 617
3402 826 1777 576 940 162
3403 5953 1006 1053 821 1558 1708 2262 5954 1997 918 3323
3404 3251 548 4791 125 4570
3405 268 2757 1516 799 4189 1247 2561 3002 1603
3406 2611 2317 724 1148 404 4051
3407 1651 5955 127 3669 2741
3408 742 36 152 3879 144 775 1589 5956 1757 1630 1172 5957 3196 2909 4064 1632 1500 4 1690 2980
3409 297 1313 677 1008 3972 1784 3548 114
3410 816 2902 274 158 52 10 1754 342 2247 3172 1417 629 1419 53 881 1606 1795 24
3411 787 2435 1147 811 1414 841 5958 34 763 2557 2267 969
3412 5317 4343 4566 3792 1973 5959 1757
3413 2717 859 1662 599 3061
3414 5747 501 221 2837 35 1371
3415 4882 3365 1949 4718 763 164 926
3416 3598 5125 930 4410 2990
3417 901 2146 284 1013 171 398 1287
3418 1646 1456 940 2929 3077 5397 1711 5588 2568
3419 1347 1185 2616 593 1417 909 897 629 617 4133 3295
3420 1459 576 5960 893 926 3411
3421 1342 798 221 3291 2376
3422 2644 4563 5836 3850 2125 1236 191 288 986 3797
3423 5481 68 89 4295 5961 2922 330 790 249 3238 5962 5586 1229 1222 1456 5676
3424 3967 1055 540 655 1166 5232 2849 3779
3425 143 600 2622 2553 24 957
3426 5963 2368 357 892 3861 1985 4756 4131 2335 3069
3427 2556 2918 2642 133 1172 1178
3428 1038 1202 336 321 5541
3429 5964 4373 2614 2821 824 1311 296 4439 1029 2411 4044 172 4314 926 940 280
3430 5965 5476 3352 926 3806
3431 681 1287 120 2100 408 642
3432 229 5966 1347 2253 297 1209 2967 3649 5805
3433 1200 3501 5881 626 3272
3434 1801 4044 43 58 2364
3435 532 2987 1046 2580 4016 765 977
3436 1626 1843 186 360 2002 169
3437 5967 525 4428 1079 1276 1095
3438 863 2792 2289 367 364 1417 1754 1784
3439 4103 49 1812 153 2357
3440 5751 268 1315 174 5340 425 3803
3441 930 1231 5525 2082 5473 5968
3442 3153 2343 2707 2042 5969 1598 5970 1893 2302 1847 3357 3967
3443 3799 1624 1150 2360 2359
3444 540 517 428 3471 547 1890 106 1725 5180
3445 1485 2194 267 79 5899
3446 2477 5144 1462 4366 3283 2131 2017 35
3447 2383 1379 5042 3402 4974
3448 675 461 821 303 4572 2770 171
3449 594 2141 5971 2082 5972
3450 1627 5973 4045 655 5101 767 4459 876 1243 108 356 24 35 482 457
3451 1503 1642 617 4701 1527
3452 930 4023 1120 5312 3403 5974 3881 3204 3408
3453 1608 4201 4104 1340 5587 3571
3454 1399 5975 88 89 1106 3724 1311
3455 2372 10 4386 2883 5413 1252 1003 814 2581 609
3456 1739 3621 713 1008 60 1069
3457 928 52 5976 5977 4146 1775 1306
3458 558 1297 4449 1243 3812 4168 1997 2808 4040 759 2801 114 598 5978 3084 1275 1072 12 1425 4717 3287 5165 5979
3459 1896 2290 4647 3653 5980 712 2652 2067
3460 5981 1630 2231 2232 2254
3461 1587 744 1040 1319 1370
3462 811 1185 4103 2622 5982
3463 162 108 298 297 1943 2546
3464 729 928 152 2660 170 7
3465 1843 4973 186 517 5019 24
3466 593 221 1005 1183 3564 446 2512 1040 3586 1427 152 5928 862 687 122 4784 940 1187 5245 89 5983 1767 1020
3467 3419 3051 1099 1103 5984 3052
3468 2113 108 2916 5948 2145 1359 4065 5265 1149 999 1646 153 1819 4826 1498 627 2512 631 3606 4943 293 1247 2419 2625 1270 1067 758 1008 1271 416 114 2847
3469 3192 1930 687 378 122 297 740 1297 757 449 1130 3972
3470 1347 5753 997 5449 297 2572 246 3076 377 1242
3471 1812 420 34 1224 1987 13 3468 5378 1055 1117 4255
3472 1049 763 834 3594 573 5985
3473 1067 2410 650 881 3463 1783
3474 5966 1715 4598 876 457 450 2348 1217 172 1703
3475 4888 2220 2060 34 3397
3476 3773 2512 1711 626 2020 909 742 5986
3477 1205 199 1711 1690 1708 1729 655 2374 1595 3894 1112
3478 1603 164 1243 19 2017 1298 2524 476 1038 1199 349 2792 4410 85 489 1604 1737 5987 2859
3479 1537 259 2907 5699 5544 1268
3480 3290 114 89 1757 2720
3481 3117 3570 5835 2497 155 1406
3482 2406 736 5628 436 2262 757 4467 2630 3548 4468 593 476 5988 598 5477 144 1756 895
3483 5845 70 583 69 5989
3484 4449 1057 2125 2718 2393 5990 3172 2500
3485 1816 356 2176 354 5318
3486 1459 3423 2116 1686 926 666
3487 2829 2815 430 5991 5241
3488 5992 511 5971 57 2072
3489 530 3232 2514 3015 5824 5060 2441 307 2020 1300 447 1595 2164
3490 5414 5993 151 1202 2076
3491 77 127 1137 298 141 3276 144 784
3492 158 1681 723 2774 2632
3493 1629 876 141 1757 1716 1631
3494 811 574 693 2588 4799 4579 5994 1040 1970
3495 108 1185 4789 5206 1891
3496 474 179 651 4171 3147 3485 3800 1841 2110 3190 5995 410 435 3325
3497 179 5659 81 2166 2416
3498 4077 1165 701 1026 5996 5485 2151
3499 847 624 81 492 1836 1026 5997 4574 174 132 621 24 114 4528 5113 1218 5457 2323 1545 5998 2449
3500 936 118 2200 294 2588 91 24
3501 474 5451 3447 5360 1518 34 1149 2798 119 5637 1722 5999 5581 6000 2047 931 298 540
3502 863 2496 300 356 108 1592 20 299
3503 4921 1761 1504 693 2588 5341
3504 891 227 3883 359 581 3276 3288 583 985 405 2715 2716 3134
3505 4398 6001 5783 108 3386 416
3506 5845 57 476 5119 1372 4089 631 816 2890 957 6002 836 2110 192
3507 3420 2776 1036 942 108 6003 5444 5758 5763 166 3606 3923 122 6004 169 3684 267 2134 245 870 713 1708 1729 2140 280 749 153 816 399 1831 583 3927 615 1229 1055 3408 636 1882 1105 1974 174 4244 61 50 3955 1987 554 6005 5440 6006
3508 1807 179 300 896 2785
3509 1371 2450 1984 2864 2147 1034 3968 5192 692 1783
3510 1347 128 473 6007 3255 4334
3511 2125 2901 1640 450 2348 3473
3512 1347 298 3174 3605 829 959 1587 4965 1054 1577 114 5604 406 3276 655 424 1741 1433
3513 5736 916 792 3780 896 897 1976 4241 2090 1112 818 1795
3514 108 2792 2102 4538 641 3849 3615 893 4987
3515 187 980 1 171 1831 870 961 4439
3516 1830 1630 1841 768 4323
3517 2212 1026 399 2641 3764 53 980
3518 179 3962 246 1332 1 3603
3519 67 13 151 5138 4835 1993 810 2357 1100 1215 37 1973 2694
3520 2164 3857 3916 3197 2393 3104 6008 1783 953 2242
3521 179 4918 1587 1603 4569 54 332 4789
3522 1633 639 1929 5274 1325 68 958 3171 631 10 1809 153 5484 4985 268
3523 319 5481 318 2729 6009 4901 1118 1016 3137
3524 3352 2017 127 6010 443 1516 3586 6011 1220 1577 3898 905 1177
3525 826 817 1055 108 75
3526 629 948 1237 336 895
3527 474 108 859 266 448 2636 655 4362
3528 3738 3502 329 186 3480 2021 2968 76
3529 4751 707 2462 4936 2175 547
3530 1229 3893 68 852 5399 6012
3531 651 1985 1298 4614 6013
3532 6014 13 1147 268 1039 2729 740 108 2755 1391
3533 437 3594 1042 443 4297 1170 1218 1040 5538 6013 591 1362 3003 1985 2184
3534 6015 6016 1851 5296 1026
3535 695 764 1202 2757 221 218 816 2563 897 1342
3536 262 3818 2608 1616 1181
3537 1639 3731 5254 1358 3261 1293 4189 3571
3538 337 4582 1483 3009 2276
3539 2688 1719 2842 3160 655
3540 96 898 988 3301 5094 3114 152 297 1255 5835 3965 2699 1426 1654 5656
3541 2954 230 2002 1998 179 360 364 264 359 5386 6017 1029
3542 3046 2756 5881 3216 2146 4577 1771 6018 847 227
3543 78 254 6019 7 2326
3544 363 698 2921 2706 862
3545 6020 680 3835 905 1485
3546 474 181 5495 1914 1364 1405 6021 5223
3547 893 1416 504 108 2076
3548 152 19 740 2267 1925 1860
3549 5517 6022 6023 5237 3175 583
3550 2439 926 893 3882 1353
3551 5439 1000 5981 1140 2652
3552 1512 4606 37 1365 3758
3553 459 3543 826 5548 2523 3538 6024 4922
3554 5343 267 1568 365 2408 5586 4366 1307 4913 1768 2898
3555 600 905 5222 2901 66 3175 1137 5467
3556 625 480 809 271 617 259
3557 3265 3312 2014 871 3114 1924 2878 4673
3558 36 3325 1149 4068 4069 6025 677 4665 2337 282 264 714 1035
3559 1329 1772 5615 5676 6026
3560 13 1008 259 1987 2929
3561 370 4168 369 1406 1424 582 1353 5951 6027 4911 3052
3562 179 1223 1432 309 1137
3563 248 2834 2156 5628 336
3564 1788 4362 950 1491 6028
3565 6029 229 2707 4417 530 991
3566 2738 2139 797 666 5566 3259 5156 1542 264 2784 4511 2872 399 1146 3150 674 593 4718 5856 152 740 242 115 4004 241 2618 836 32 146 4532 3597 6030 4959 2945 4986
3567 1343 2057 1018 22 6031
3568 114 2657 1008 428 897
3569 5183 6032 2160 245 5310 3908 794
3570 1581 1149 1761 151 1245
3571 4664 3586 264 3853 3516 930 114 1239 758
3572 248 6033 3235 681 6034 1603 1241 118 71 4493
3573 2722 1555 2737 186 1255 96 114 3214 276 1696 409 2721 701 1504 44 466 153
3574 1668 5921 367 886 1286
3575 6035 1948 4520 5439 2413
3576 3153 121 179 3550 1863 4247 3620
3577 1055 1133 69 1153 76
3578 2145 418 1611 821 2756 6036 1178 471 4328 588 6037 1811 4921 2291 3105
3579 5081 1827 298 1043 2570 1426 6038 4177 1612 1220 1008 1948 4520 2693 2354 443
3580 100 3622 2841 2037 2871
3581 6039 746 1603 4880 5511 617 1844
3582 297 2259 53 1614 3682 4111 2249 3822 1276
3583 680 1811 1412 6040 2700
3584 886 267 987 10 4926 773 3904
3585 940 1027 16 416 612
3586 1893 858 267 298 36 164 2409 266
3587 3404 354 2467 814 3420 918 5777 5686 1019 6041
3588 187 4638 4393 757 2273
3589 6042 1590 1068 114 701 1322 507
3590 6043 1631 2308 2156 2558 6044 2804
3591 621 5154 5230 6045 6046 4530 841 154 2435 6047
3592 2751 3096 6048 1683 2673 1069
3593 2339 2706 1208 2210 149
3594 66 2239 1510 2110 148
3595 863 1816 2383 242 2693
3596 1640 1503 963 740 2881 2576
3597 66 3117 2442 492 2590
3598 2901 2485 6049 2980 2383 2456 2433 1569
3599 440 5539 637 5696 5335
3600 4485 336 3160 254 5515 1274 6050
3601 276 6051 6052 2310 5491
3602 2739 1841 1880 6053 1070
3603 1816 1172 6054 590 288 114 1026 1686
3604 4081 2512 241 307 3311 2529 6055 4868 2323 4210 2675 1741 1351
3605 1302 1321 977 740 3547 1241 6056 253 929 627 5219 75 576
3606 3182 1298 1419 889 4580 836 1326 1587 930 4200
3607 1185 68 482 3139 5742 2988 224 164 1631 5944
3608 1037 1240 1050 501 108 4157 3574 846 3125 3360 1973
3609 4413 6057 5806 2219 81
3610 1439 5208 5921 4019 52 68 1579 108 2334 42 7 479
3611 1274 85 309 1371 920
3612 20 5974 464 4023 1346
3613 687 87 2530 788 4125
3614 511 2084 1297 655 1530 836 6058 930 616 6059 4244 5174 6060 873 1310 2824 5100 617 2573 259 2929
3615 6061 2532 2954 1893 2535
3616 1019 1035 1388 1993 5376
3617 4769 313 68 5799 6062 2435
3618 3867 1553 3923 4652 959
3619 946 5377 3661 2017 242
3620 629 2516 6063 6064 4584
3621 1829 2212 4652 6065 5067 254
3622 1416 1292 52 1697 223 2579 1450
3623 631 2419 383 1035 1836 6066 4421 4069 4112 6067
3624 3463 3188 77 1942 891 1725
3625 627 337 276 6068 672 5034 1443 782 6069 2136 446 740 5135
3626 114 1433 66 4924 4966
3627 6070 68 66 834 2572
3628 5577 5414 945 149 1266 141 821 241 5856 309 1491 1365 909 171 2174 382 2784 930 738 1807 5664 893 2569 6071 714 416
3629 3118 1348 5864 1757 156
3630 1918 2984 3200 5179 1329 43 119
3631 268 331 481 2141 701
3632 398 764 1347 428 915 108 2037 26 1137 2156 1925 900 2233
3633 3783 6072 1767 1510 6036 1664 125 3262 6073
3634 1747 1782 1242 1433 544
3635 2883 5127 2825 505 1424 1522
3636 1801 811 2943 5305 4121 5395 1948 5301 4807 3340 1149 2036 152 3730
3637 821 4872 53 2169 4127 1648
3638 6074 2523 3951 12 6075
3639 751 337 1342 1329 4094 6076
3640 1388 681 1287 496 76
3641 826 271 152 2634 2729 98 81 2165 2883 416
3642 6077 2788 1742 2096 336 2751 1070 720 457
3643 2706 360 1891 2744 6078
3644 4655 988 108 905 170 794 957 2181 1329 787 3035 5570 39
3645 4410 432 3233 575 4724 6079
3646 4950 318 1260 1856 6080
3647 154 171 1058 662 16
3648 3964 1894 5462 2194 2828 1897 276 3035 2901
3649 749 1287 4102 1844 445 3257 2009 5567 2028 1757
3650 152 740 87 4312 248 331 466 334 5533 1008 298 297
3651 6081 1053 3299 576 6082 1831
3652 858 2985 471 593 4754 2310 1509 2811
3653 3121 227 68 5518 809
3654 4540 114 87 2328 3752
3655 1984 2125 1050 3621 242 915 13 171
3656 1008 2878 957 5272 4375
3657 5556 3548 1558 6083 2767 588 186 1767 2827 3264 2321
3658 3705 4126 1420 2849 3489 3437
3659 4783 1615 2901 2454 1777 1113
3660 1287 2754 331 540 1326
3661 6084 557 744 4127 276 4366 126 1535 2638 3481 1566 5539 2282
3662 2409 4020 126 6085 6086 6087 1286 2408 736 152 6060 4220 2133 596 1587 3032 2313 1506 968 2014 336 2172 701 2632 2191 2361 3942 2226 3967 185 781 2775 1805 4367 334 2831
3663 3684 1185 1001 859 179 244 732 3065 4186 2006
3664 6088 541 4225 4145 6089
3665 636 417 5281 862 590
3666 377 3148 248 1374 108 1646
3667 2365 464 596 3674 480 665 2321 258 6060 3953
3668 681 4444 547 114 484 1636 5036 4603 1634 1888 3921 4657 1285 931 5204 4308 6090 3357 1929
3669 1513 3044 763 3658 1948 4520 3690 1274 2749 332 4554 1504 1172
3670 621 1067 797 931 4230 1005 162 1354
3671 4651 3122 2682 3705 3352 5968 1121 2675 1002 1137 423
3672 1243 1274 4714 1677 4271 4401 4123 1733
3673 1255 3975 1797 4935 1792 519
3674 2932 271 2073 4133 2847
3675 655 1851 910 540 2776 1003 2894 1511 4372 5630
3676 2139 687 1008 636 713
3677 24 297 164 1365 314 37 35 1640 174 817 7 28 2847 428 156
3678 3108 4225 2147 208 2125
3679 409 1973 2262 5748 2050
3680 934 2935 2352 276 158 2186 473 749 4797 2837 1741 2469 1226 3383 169 1730 292 3017 4826 3032 6091 680 4911 3222 3100 6092 2586 930 2785
3681 4089 2871 6093 1727 6094 1279 297 367 3077 76 1287 1757 1434 2779 3390 4929 2378
3682 1639 621 77 651 274 941 674 4235 1088 128
3683 2125 2406 1474 6095 2462
3684 2408 834 6096 919 3916
3685 1841 1067 35 7 6097
3686 621 1371 254 3188 1347 144 949 2565 4002 826 742 576 2885 87 5693 655 4397 3630 3732 3537 154 4192 103 6098 6099 393
3687 5173 1970 328 2290 790 1329
3688 5457 593 390 2530 3291 2328 3434 4801 6100 4926
3689 276 2991 6101 2755 156
3690 3809 2699 5612 3507 448 2888 2156 1561 1557
3691 356 6102 242 871 354 1932
3692 78 2165 2304 3203 6103 298 1001 3926 1214 359
3693 10 1123 2883 818 5222
3694 3820 190 540 1727 5713 88 3871 1340 5608 682 5694 5437 1482 16 583
3695 362 1639 265 1164 686 1116
3696 53 5120 4919 197 2607
3697 2083 1008 3291 2887 6104
3698 63 1922 4112 565 1889
3699 2401 1152 958 6105 2800 5401
3700 994 389 5461 81 3188 2274
3701 3483 2402 1048 579 2636 4464
3702 1551 1759 300 2271 6106 1470 76 3255 2247
3703 315 300 999 152 6018
3704 1149 687 1781 6107 1730 2416 809 2720 67 297 3340 583 1631 909 156
3705 4595 3136 1699 1329 2752
3706 2164 352 1210 1013 171 5647 5885 2896 675 2096 1313 841 53 3306 170 1268 309 670 2146 3173 4530
3707 1416 10 2867 309 2163 905 3288
3708 6108 2667 4856 1711 3994 3635
3709 1292 1034 1266 749 881 1606 941 817 681 1127 5859 596 1716
3710 1510 307 5793 4122 4035 1407
3711 6109 3805 179 698 181 3987 1067 621 2706 1624 265 1702 1773 5627 3106 1425
3712 1807 617 1112 3339 972 711 2600 3312 4719 1435
3713 3185 2724 3809 230 1224 234 1780
3714 2800 909 596 575 2262 888
3715 3583 1170 1329 6110 4765 3876 1266 1003 5578
3716 1352 274 476 79 419 5024 2657 53 1612 2776 6111
3717 5535 987 2141 2630 2520 6112
3718 3655 443 1017 3121 863 1683 918
3719 1113 627 1987 1149 870 1008 1241 2525 1455 3891 1456 155 3114 2156
3720 2354 1762 1347 127 653 289
3721 989 541 593 2044 917 1432 6113
3722 245 558 540 4763 6114 6115 2210
3723 6070 3676 3121 5624 2729 270 4483
3724 4918 701 3479 3830 408 1351 1578
3725 2146 108 4067 4785 1728
3726 5848 4474 151 876 961 1356 3013 714
3727 987 1142 4961 3898 3948 897 6116 529 2512 4772 1564 3614 2516 624 3592 3357 2156 1553
3728 526 1067 1819 1671 6117 2093
3729 1776 6118 81 151 1989 1772 742 3408
3730 331 1230 2916 481 80 3893 6119
3731 359 714 466 6120 1149 1686 1270 6121 914
3732 2210 20 309 3591 3587
3733 898 3651 2937 4044 78 4921 6122 5603 26 3070 4282 1013 1050
3734 4058 88 223 576 1890 76
3735 227 2272 152 6123 174 5410 6124 2585
3736 5366 2078 2979 2482 1161 3384 321 2267 2599 93 6125 1657 3629 4982 663 792 5687 1239 1642 282 1062 1649
3737 4250 675 877 5179 119 5167 3376
3738 4541 3843 474 1894 2897 732 461 246 1514 276 540 2328
3739 2140 674 420 4161 10 88 223 1287 816
3740 5687 443 6126 409 3728
3741 1416 1847 876 1 356 655 1979 1566 600 6127 3728 4337 2876 297 221 1419
3742 2396 4774 146 331 423 687 805
3743 593 2210 1050 6035 85 5883 3985 2512 300 4610 1262 359 6128 4165 3675
3744 53 4738 1000 254 141 5517 1508 476 2394 6129
3745 826 1454 6130 480 1243 2110 1844 1650 713 6131 1495
3746 945 80 1384 1729 3322
3747 1699 3414 4466 517 2508 969 3471 3396
3748 66 158 6132 1847 1801 675 1640
3749 1347 5934 283 823 36 980 1589
3750 5659 889 2622 3415 2322
3751 1712 2112 1741 457 162 332 1844 3911 701 3830 441
3752 2737 5629 5764 1973 4866
3753 2620 5058 1425 1060 137 1469 3898 5181 139 2734 309 1087 5006 2062 164 3064 6133 310 1091 3980 114
3754 5720 96 416 432 1728 171
3755 243 307 2883 1460 356 1502 1050
3756 1421 1743 2496 6074 1 5323 5856 1978
3757 68 898 80 3910 4111 156 2742
3758 229 2339 179 1739 3954
3759 1006 3367 4554 3204 635 1886 2119 5712 5445 4943 297 6124 294 701 1351 3093
3760 3352 1241 6134 282 5711 3477 6135 852 1219
3761 1150 2700 5928 152 5476
3762 298 636 1763 2357 1248 1078 2929
3763 280 81 13 1022 1642
3764 476 1342 4295 4794 479
3765 5714 1237 887 6136 2783
3766 276 6137 1202 5282 1759 1048 2263 1176 473
3767 1041 770 2877 1667 1069 24 1265
3768 2036 540 1040 5068 6138 1362
3769 2912 276 419 197 1137 2985 1067 1116 1202 1989 223 1896 463
3770 311 432 930 1582 6139 801 1583 876 1504 50
3771 1699 186 2425 4669 1008 647 3336
3772 6140 1271 1793 1819 2419 816 5271 111 3531 469 1648 174 5789 784 889 909 4343 3172 460 5865 6141 6142 5487 3777 3583
3773 114 3138 1773 1591 1082 602
3774 271 440 2721 536 172 6143 836 429 146 1752
3775 1045 68 151 156 446
3776 2717 2924 1693 4047 6144 4484 3956
3777 2319 3504 739 298 722 2462 980 6145 2909 4675 6146
3778 150 826 2451 809 2909 6147 1099 4111
3779 1468 260 2843 2675 637 2815
3780 5784 535 744 16 2797
3781 3871 390 7 1202 117 1933
3782 859 4453 4380 3101 5643 173 5287 2354 6148 186 269 3813
3783 1639 720 2934 3104 6149
3784 4851 4410 2125 541 3448 765 5413 1105 1979 3779 2386
3785 108 2575 2451 3487 3907 170 3002 36 79 636 4879 720 3097 2281 763 1637 1453 1241
3786 297 3238 330 4483 6150
3787 6151 1007 91 3739 2093 1854
3788 753 3223 4386 1690 5340 2884
3789 1080 2785 4122 1082 5433 1092 1430 609
3790 1604 67 629 68 87 1501 80 682 3706 2074 2536 4323 4254 2743 4199 4284 1783
3791 1183 1184 826 1038 2096 4721 2076 6006 24 5494 3308 659 2570
3792 2140 6152 476 174 583 1783 3600 1998 128 173 4131 2047 2816
3793 273 4669 337 1258 4853 1017 4685
3794 1220 69 10 89 43 4
3795 2357 3824 4190 5836 4488
3796 4637 866 6153 6154 2982
3797 2839 1658 1327 4023 6155 157
3798 851 6156 629 1531 473 6157 4892
3799 341 821 1699 4723 3537
3800 367 4669 5925 2795 76 2492
3801 2897 74 6158 109 227 912
3802 3889 2176 5524 2596 1371
3803 2084 2357 2720 1690 5128 423 152 740
3804 266 2140 2990 693 892
3805 621 3606 5092 896 257
3806 276 3456 1494 4103 116
3807 2440 1287 2021 1263 4234 3590 2445
3808 1041 2588 873 114 4463
3809 1040 6159 1131 881 1606 4601 24
3810 304 4567 4311 4617 245 1876
3811 1468 1149 558 2454 1008 1708 693 399 492 1725 809 4111 1922 3069 2309 3198
3812 2459 300 4857 895 1026 519 257 5598
3813 1113 2798 1026 2017 6160 2909
3814 3540 5311 5009 1292 2262 4164
3815 5624 2013 3373 3592 2563 1679
3816 1347 2943 127 2126 1847 2163 2036 293 4860 2365 4871 1667
3817 1810 3293 1350 5585 1756 5694 1367 3276 2901
3818 550 1315 481 4547 2588
3819 1530 416 3943 1022 4286 2990
3820 227 149 2312 390 4674 105 2242 1793
3821 862 1359 763 2036 1973 912 4386 50 160
3822 4953 4515 3588 6161 139 627 5168 591
3823 997 1841 4133 6162 4251 2075 1425 3644 168 397 1070 587 4659 1081 2062 1905 1910 2930 605 1431 4390 6147
3824 2330 179 3799 3954 1893
3825 306 5255 5983 3091 2155 6163 1643 5662 3822
3826 5557 6164 2168 6068 1310 6165
3827 297 353 61 6131 5189 1216 1807 437 4489
3828 876 2321 1153 1329 5088 449 506 3833 2364 1270
3829 3755 6166 268 493 6167 3404 2927 2928 2808 3652 2572 154 2665 2968 5876 1467 3519 546 1406 3048 1425 1077 6168 120 2592 4123 5007
3830 1985 1293 6169 816 428
3831 1543 4093 4787 2883 739 1458 191 2172 2587
3832 636 742 457 2289 5599
3833 2496 3968 2337 555 5653
3834 925 1695 4866 1491 3087 2219 1090
3835 4439 311 3549 3537 6012 1152
3836 675 1176 300 16 5535 447
3837 297 5687 5556 35 367
3838 40 2757 237 3898 169 3376 6170 651 1192
3839 53 3003 4788 254 2354 416 170 5329 1199 828 1327 953 2219 1841 267 1844 3020 5804 274 2147
3840 1113 1292 886 1696 4235
3841 1415 2824 293 949 120
3842 5275 241 801 3507 532 5387 3548 276
3843 1772 2752 5163 2693 2289
3844 547 695 1417 1131 170
3845 1764 2095 775 740 3325
3846 1639 4173 107 2934 2861
3847 149 1255 3800 1200 1516 5531
3848 4696 627 476 1111 3139 3963
3849 1417 1176 653 98 4476 264 476 4126 1177 1979 1365
3850 720 1742 715 2571 6171
3851 297 1073 4053 1733 1790
3852 1680 90 2881 1165 331 816 39
3853 2751 2447 1989 6172 4577 50 155 2416 4200 4458 3495
3854 2572 152 740 297 151 720 721 2569
3855 583 3324 6119 6089 5259 6173 620 2110 747 1013 1149 546 249 5470 5883 2809
3856 227 701 1255 4334 5686
3857 1987 2110 6174 4053 2731
3858 4615 165 1271 3397 173 2405 1250 2060
3859 35 248 4092 3429 897 416
3860 2324 2156 4133 817 2565 1170 1801 1356 905 390 297 2313 818 307
3861 1436 945 558 1788 1161 832 5549 158 20
3862 3978 1841 1072 556 1406 2967 1467 1037 2075 542 633 5078 4388 1077 896 26 1078 2265 3645 12 4884 1737 1070 4717 3049 3646 883 6175 5247 5006 1906 1095 1907 3050 1094 5433 3663 5 1065 5979 607 609 1431 3534 5249 3667 1101 1103 5750
3863 671 945 1055 2928 816 6176 1183 416 4451 1880 3842
3864 826 81 816 1137 6177
3865 5264 2345 150 173 1775 1560 787 1807 2366 6178 2909 3824 6179 1067
3866 918 240 79 6180 6181 1518 4642
3867 248 1868 77 3898 819
3868 6182 108 816 3891 1125
3869 3186 655 2054 4051 491
3870 151 5532 4145 4432 335 3549 2384 61 1255 6183
3871 1694 347 3581 2245 276
3872 1634 4947 5203 6184 6095 4402 4407 711 2508 5366
3873 179 743 108 5710 2084 2985 5176 24 2720
3874 4652 2723 2980 1955 50
3875 1199 1484 3720 2247 2498 91 2364 565 381 5578
3876 1416 1444 901 118 3764 1429
3877 2673 1352 409 721 1456
3878 1841 305 331 55 1452 505 3646
3879 6185 4750 526 2809 852 6186
3880 788 1022 141 6187 4874 6188 2673
3881 6189 3728 196 2122 151 1729 1390 1790 6190 6191 3243 953 1481
3882 1890 877 2393 2189 3752 3460
3883 4799 6192 878 3072 3830 6193
3884 3728 2393 987 1536 6194
3885 152 4489 6195 1019 189 2156 3179 288 2568
3886 298 3863 2721 992 946 859 2194 1639 1816 2725 2209 2406 2927 3046 506 2477 1458 6196 4051 1279 1084 2595
3887 6197 331 152 740 87 473 657 297 298 1165 554 2410 484 1298 1295 3867 275 5115
3888 248 642 162 3135 3092 1444 4716 164 1040 449 518 36 1202 1825
3889 1005 10 4409 811 2946 2536 2417 3322 5081
3890 3284 1650 1882 871 5066 6198 6194 1888
3891 5581 424 2766 2160 2045 3294
3892 2409 150 298 4573 6199
3893 367 266 1836 5769 4312 3567 2034 3036 980 2318 6200 6032 50 6201 2057 4228 932
3894 69 332 5117 5791 428
3895 2215 127 1516 2928 6202 137 744 53 2116 154 817 4244 1078 432 1149 75 476 3139 809 2920 2417 1270
3896 5953 3065 248 523 524 5887 114 3752 3359 3115 4975 1281 6203 1282 1098 4390 3667
3897 419 5024 153 2055 46 617
3898 295 255 2276 117 3615 6204 3529 430
3899 2067 4 2008 633 926
3900 4981 687 536 1025 3704
3901 4343 6205 430 2858 1040
3902 4415 1603 837 1991 809
3903 980 2082 1531 1429 6116
3904 3829 343 321 3092 89 891
3905 1301 2143 1583 1686 6186
3906 6206 2017 1374 6207 1271
3907 1111 4463 1629 800 4259
3908 4310 5021 140 5183 336 1587 5498 2423
3909 681 1990 3549 2508 2930
3910 1135 5179 2487 89 4507
3911 4950 264 3553 1893 363
3912 4290 108 4925 2128 1350 1450
3913 3374 3017 199 114 5066
3914 164 356 6162 173 4319 311 5438
3915 2281 164 3046 4086 1170 1342
3916 2406 1271 2172 3709 962 240 2693 712 2982 4015 2419
3917 1054 2083 267 1137 268 2488 4156 293 2305 5404 4882 1140 6208
3918 1211 432 1410 1026 356 50 3114 2860
3919 583 2055 612 1587 876 1298 1633 4884 930 3893 1711 2944 3152 4401 2612 89 342 1211 67 4669 681 1444 1415 1727
3920 67 3894 2792 2200 3581 2829 80
3921 6167 1693 1978 2703 889
3922 3904 2116 4232 565 2458 1407 4433 1697 153 1888 529 6209 4928 386
3923 5605 1839 70 318 10 4444 119 3121 2384 3281 358 919 4657 1172
3924 7 428 171 2259 1397
3925 3801 1675 5307 614 5931 4253 5356 2508 1013 2146 5314 2977 726 23 10 6210
3926 2699 2582 35 3030 923
3927 2639 353 1390 972 3139 1959 711
3928 1510 5271 1840 298 1518 311 152 2572 836 1293 2419 117 2748
3929 6211 6212 5932 5012 3020 2055 3592 3408
3930 627 4672 674 3569 659
3931 2332 1863 1893 264 2001 3550
3932 2407 1631 4623 145 294 918 3134 1478
3933 3563 2523 5144 3009 4007
3934 83 4669 2419 682 81 793 91 936 4737 521
3935 2927 989 76 3206 117 61 758 1312 4451
3936 298 1365 297 1312 1273 5389
3937 1223 1365 5171 85 909
3938 2545 1575 1801 3839 5581 2125 3151
3939 13 808 5315 1354 1216 4332 2364 24
3940 6213 4866 4188 1013 2146 89 793
3941 151 4103 170 2537 854
3942 522 271 10 2433 6041 4279
3943 4290 53 284 886 3094 419 1494 631 2892 1979 1003 832 2233 6214 189 1315 905 1122 1631 1259 809 5428 1363 1831 173 2419 957 5596 353 3090 578 2232 5026 290 4790 66 6215 4456 3042 4414 6216 894 2348 2431 172 4894 3509 2499 5759 1181
3944 1443 4045 6217 5997 3175
3945 5611 2576 4997 1215 4513
3946 274 319 10 76 1333 3133
3947 249 1347 2197 1494 3778 1158 918 3575 5317
3948 2757 799 4922 1485 1236 248 151 834 596 1298 2676 1029 1719 114 1890 3498 723 481 217 1038 455 3255 1423 963 1150 2273 5416 4362 600 1384 2288 1297 558 905 6218 3003
3949 3473 5291 66 409 1841 1494
3950 4466 2327 1716 912 5844 2974 2040 3310 240 1501
3951 4587 6219 6031 1991 5059
3952 108 1763 2519 4954 588
3953 6140 1948 4520 1918 6028
3954 7 1183 2796 179 541 1347 271 2460 1551 1202 5489 390 428 108 4410 1365 5040
3955 1176 1665 740 53 6220 2495 6221
3956 271 410 4071 3291 815
3957 1847 3988 3371 3107 2187 4112 2049
3958 364 1656 70 1551 114 554 297 701
3959 2281 359 1402 1857 805 1642 6222
3960 7 275 1070 5300 2172 351 4735 2030
3961 1026 1292 1176 596 1636
3962 5723 808 108 2887 368 164 1202 6223 3540 53 814 2009 390 1137 1759
3963 762 897 1455 1456 919
3964 276 268 2239 300 5151 1778 4084 1958 5569 4010 1877
3965 474 763 96 4619 1071
3966 1893 1178 687 1503 721
3967 6224 2122 4372 2445 382
3968 328 115 2892 4759 1110 34 6206 2201 3611
3969 629 4096 4459 590 2078 1370
3970 643 1311 1306 1432 1011 1531 6225
3971 826 140 1135 6226 223 3502 264 1783 1351
3972 5311 2400 5734 3579 50
3973 1406 1841 1467 2734 1081
3974 149 258 1494 6227 389 4173
3975 267 1038 1731 2164 81 3188 154 1841 309 492 132 1962 1715 644 4555 3867
3976 6228 5354 1494 186 5698
3977 150 434 68 1708 1729 6143 147 6205 80 644 6229
3978 1292 6071 858 2466 537 164 269
3979 1604 2414 744 2588 3196 2220 2075
3980 1782 5554 4787 3025 2664
3981 4407 81 612 434 3373 4081 174 4640
3982 1183 5301 4446 4384 3291
3983 1038 1549 1841 128 3586 5397 1767 821 629
3984 1880 1370 950 4737 4208
3985 3988 280 79 1857 2755
3986 473 2469 4725 5525 2697
3987 443 5397 4141 5346 6230 170 1199 2786 87 163 406 2070 2872 3872 1632
3988 474 2784 1997 4781 6231 2205 4438 5393
3989 6232 966 3374 1247 3194 4608 814
3990 6233 152 4300 108 1646 3833
3991 1444 1730 1890 681 4666
3992 840 4892 2532 149 230
3993 666 2705 932 3770 2037 2055 2860 458 1266 2233
3994 2642 53 905 390 1371 6234 817 128 930 959 3598 809
3995 736 1841 6235 2518 2620 476
3996 1639 530 43 5440 739 10 3283 36 2327 1629 2117
3997 3213 108 901 3249 6236
3998 1678 1676 6237 3682 6014 5176 166 255 1022 4955 36 6238 6239 1178 4778
3999 1572 1844 2516 3867 799
4000 740 1829 298 1231 1166
4001 2210 6240 3595 648 2400 810 5183 3923 6233
4002 365 1014 229 3163 3653 6241 5517 5516
4003 353 2039 1229 1796 2577 186
4004 153 1067 3336 2557 1783
4005 2928 277 80 2889 949
4006 6242 2017 85 563 860 199 4954 2228 687 584 1713 977 752 2893 576 6243 171 637 1995 1337 588 1767 2964
4007 6244 5143 4231 2929 4067 1587 6116 4444 119
4008 5034 651 989 2007 4788 2096
4009 6245 484 1298 6246 3510 2258 2483
4010 168 1080 1079 17 309 4429 1062 3049 3646 6216 4475 1908 1099
4011 1905 3533 482 1279 1098 4911
4012 2689 1491 2690 3844 881 35 2306 3606
4013 6247 6248 1359 3538 6249
4014 4851 364 3193 3618 3670 1227 4384 1587 540 3338 1384 3449 1958
4015 834 6016 297 1668 2034 752 446 186 3313
4016 821 3610 1925 1922 2309
4017 366 5378 6137 1691 1273 152 4665
4018 4905 164 6250 1007 4183 5483 1498
4019 615 5833 114 1829 2313 2429
4020 1601 170 1433 6251 998 1927 274 192 6191 582 1353 1265 280
4021 3397 1644 981 297 1878
4022 89 1165 266 5780 3754 740 1776 5364
4023 1841 120 6252 1094 1692 4087 4708 6253
4024 1830 2537 1922 227 24
4025 2226 292 2638 2826 367 1841 4882 770 6254
4026 390 30 953 6255 519 1570 713 2231 2232
4027 298 4985 152 1807 5830
4028 1639 4164 247 1949 76 3975
4029 621 4567 3504 532 3231 3495 687 5335
4030 1868 2662 2125 1026 3820 1453 407 808
4031 1625 4794 264 2764 4472 979 1737 1350 3780 4347 391 156 416 3665 1091 2636 174 2231
4032 523 1780 858 152 1416 1978 3604 2620 263 860 1841 309 1059
4033 1579 81 685 973 2044
4034 6256 5186 332 4232 3110
4035 2886 5087 767 441 154 3092 4026
4036 881 366 2450 3624 1137 307 1533
4037 5532 1621 1199 3043 116 2355 1452
4038 1045 356 2987 1121 2011 5856
4039 1000 4742 102 1038 78 23 1889 4505 5154 1055 2096 1229 3501 416 4317
4040 53 144 803 3703 2598 930
4041 355 929 2259 67 5666 568 2364 565 384 386 3561 2188 1329 2508
4042 2991 2414 708 350 3313 3792 3357
4043 363 2596 556 840 2340 1847
4044 1691 612 152 19 740 1970 174 3182 439 909
4045 3640 1057 6257 1227 3282 3121 1781 2685 1973 1699 89
4046 276 297 1762 1551 4721 5484 3204 4661
4047 3204 959 3133 1978 2890 2836 2419 5085 5649 987 675 68
4048 4063 2096 6258 154 3449
4049 5945 837 1778 969 5494 309
4050 1292 406 1683 4385 507 4845 1019
4051 621 4655 10 1697 1388 1334
4052 4798 675 653 297 751 5257 4683 1651 3846
4053 2272 554 223 517 5983 565 817 794 957 384
4054 274 171 701 2600 876
4055 3357 841 767 6259 4192 6260
4056 484 152 2037 871 896 2621
4057 2442 859 1372 3829 2757 149 5150 1224 1398 152 2658 4427 998 1241 809 2234
4058 6044 5460 4131 4735 4736 152
4059 1372 859 4447 55 153
4060 4247 2533 885 4671 4502 939
4061 1966 158 5138 1824 3918 555
4062 3661 1199 2393 5371 1536
4063 576 4811 424 1610 2622 2117 1845 781 1026 2014 590
4064 1113 5625 4118 3418 816 331 784
4065 229 180 234 6261 5370
4066 1970 1766 4867 5067 1069
4067 367 2386 1589 3891 2019 154
4068 1313 5565 5376 2919 1217
4069 6108 6262 2230 1691 164 173
4070 6263 3703 1248 2175 2354 5723 1149 708 440 5713 3088 3522 5956 4342 1337 6264 1828 302 3571 6265 1509
4071 2647 3377 466 311 758 5604 5788 712 1966 1353 4276
4072 821 680 1990 223 89 1106 5285 517 6266
4073 740 593 4366 187 805 5914 5604 1057 2638 1157
4074 3065 877 1484 842 2239
4075 1764 152 5941 1874 1347 268 4411 3500 4073 6157 36 293
4076 6267 517 620 3764 76
4077 236 1170 6268 1214 2658 2946 2139 3266
4078 5370 6269 265 57 1976
4079 4411 319 76 1050 240 961 2951 1704 3293 108 1330 164 3706 385 765 3151 682 1988 2298 2566 814 1966 913 712 1659 460 300 6270 284
4080 624 5367 863 3520 1355
4081 2332 114 6271 700 1762 2191
4082 1224 1176 493 78 941 3017 1149
4083 81 3188 1149 1203 3133
4084 2706 3806 1780 4918 5681 1392 1520 2104
4085 6272 1044 889 1262 1997 4887 2314 217 3922 2522 4847 1456 4305 3794
4086 2706 4002 3499 264 4728 3750 114 700 1863 1892
4087 3980 1096 608 3533 1098 6147
4088 1762 997 5776 972 2156 6233
4089 3425 2047 6273 3102 5223 4863 4534 483
4090 992 3674 54 797 4186 254
4091 149 859 2408 2757 55 814 3936 1673 297
4092 1718 297 7 315 2055
4093 960 5027 3675 4999 474 2928 6274
4094 1664 1347 3314 1930 3658 4774 897 2038 225 4192 451
4095 2782 5065 1331 816 5201 1531 636
4096 2317 2179 905 3606 633 137
4097 5283 1631 6057 4920 5868
4098 1889 1951 753 3545 814 2140 1123 816 22 891 4078 2363 944 432 593 859 1034 268 675 78 1374 988 144 1756 767 428 1013 5254 420 4885 1363 673 137
4099 389 994 3415 1410 6275 6276 1988 5689
4100 1089 5419 4710 1023 2063
4101 274 410 1137 40 53 6277 813 325 1208 5117 15
4102 3223 6278 299 430 24 2561 5234 4509
4103 2927 3548 1161 5159 356
4104 114 1332 153 4500 2471
4105 319 1699 1287 89 2508 4368
4106 3674 4300 2328 484 2207 5728
4107 1761 2259 1039 2410 114 4806 1660 912 6279 585 5169 6280
4108 169 1753 122 1000 1216
4109 5867 1757 2741 4606 2273
4110 1711 5340 784 3116 5940
4111 1467 546 6281 1070 1061
4112 1297 557 744 3046 1202
4113 3324 909 4078 4192 5591
4114 1858 298 1719 4663 930 5124 2394
4115 3764 3555 4713 821 4023 1192 2771 6282 5880 4966 6163
4116 4927 997 4185 790 2673 1329 2475 20 260 5599 1741
4117 2172 4658 1048 2416 171 1905
4118 5166 2097 1764 473 5704 419 2657 1365 701
4119 432 4839 484 3482 356
4120 1310 5741 1329 2074 405
4121 3744 1604 4813 1870 171
4122 1392 6283 293 5130 987 4331 3435
4123 1149 963 3612 1495 3037
4124 410 3291 1759 6070 763
4125 1232 1239 764 709 496
4126 2450 633 6043 2820 4782 3706 1953 18 2388 137
4127 158 900 1754 4034 1933
4128 984 946 511 821 2110 242 2011 1123 6284 3707
4129 6065 68 2350 1837 1000 4396
4130 366 2365 2125 556 576 2096
4131 377 576 4831 3603 3906 4967
4132 248 732 2442 6096 1976
4133 765 3441 655 6285 976 78 6286
4134 150 583 1185 6287 1363 596 3261 593 1503 4656 2776 687 3123 2980
4135 2480 681 235 930 223 4153 439 3039 2428
4136 2999 5034 749 881 648 6073
4137 2662 1072 556 2967 1076 2810 1910 6252 5493 1098
4138 860 2399 435 85 4427 6262 809 916 554 532 4684 583
4139 612 367 1503 1342 108 5155
4140 3545 75 1723 2892 5265 909 4886 156 355 164 1040 452 3445
4141 2082 1673 359 1719 481 2756 6015
4142 2744 274 297 271 1930 1836 127 53 1879 5489 2928 906 766 1137
4143 987 753 811 821 69 4407 1712 3316 1191 6288
4144 1966 1685 68 1229 334 4084 781
4145 3032 1026 6289 517 2084 949 6290 1849
4146 687 4564 1639 10 5770
4147 3098 1949 66 6291 127 524 5582 1220 1489 1117 447 2588 104 1491 2262
4148 356 3087 297 5900 108 655 104
4149 1298 1046 5387 1371 440 223 6292 1376 2068 1730 834 6057 21 5803
4150 2409 5524 860 5910 5977
4151 3164 1055 6251 6293 1973
4152 1548 297 3425 373 5271 2013 3566 1631 3590 901 452 2275 3960 5367 1337
4153 341 4745 681 3376 3666 6294
4154 2987 838 4874 6295 1257 1471 77 253 5297
4155 149 811 1603 5314 2309
4156 4595 1153 1178 681 1696
4157 1891 10 2314 2140 332 517 682 989
4158 901 1716 1752 6126 264 4946
4159 4290 1532 4396 1510 1401
4160 2834 6296 4126 259 507
4161 1581 4045 3556 837 144 3754 742 834 6297 1772 4722 676
4162 266 367 1185 6298 1398 593 254
4163 150 4508 2929 2393 507 5691
4164 1005 487 4299 2456 5222 788 4939 1050
4165 1223 5145 4791 1754 811 2259
4166 1223 356 1343 1149 1435 1378 5564 293
4167 297 6299 2187 3408 918 3134 5497 5576 1178 1630
4168 1398 1579 2251 75 61 926 2374
4169 5464 473 1629 4436 189
4170 1008 4710 284 80 371 5406 680
4171 3695 1298 1287 801 1003 420 3092 3385
4172 5081 708 1332 99 1604
4173 3374 1315 35 2736 2530
4174 1358 4203 156 111 2062
4175 3605 5362 188 194 2646
4176 271 3314 167 798 1577 40 3068 2742 1438 416 6300
4177 1347 79 2985 5535 1631 6301 1438 2287
4178 2746 2140 1287 174 1248 659
4179 1770 5582 5925 6269 5769 5220 4910
4180 297 164 541 45 540 2075
4181 4608 1078 592 2200 2393
4182 1969 1402 752 2047 3429
4183 2017 5208 3162 4961 4019 532 6167 2267 1660 4860 4507
4184 2625 152 1040 2236 190 5576 1271 1181 4924 2797 2544 191 253 4580 117 195
4185 4221 2707 3378 4931 1598 6302
4186 4808 5287 4420 1508 1587
4187 297 3689 3675 740 1757 666 288
4188 447 6237 1953 2434 367
4189 4391 3117 422 3504 860 5300 349 507 3510 881
4190 473 367 1432 1776 399 6067
4191 492 350 1137 4158 1165 152 2916 481
4192 852 1844 5287 76 1205 681
4193 3595 2009 1486 4196 1334 1013 2553 1508 2146 1365 1208 203 3992 390 836 493 1409 156 5256 1176 3590 901 443 3069 1764 428 2928 859 3744 1756 131 96 151 633 583 957 357
4194 934 511 2496 1185 3603 655 4133 1486 1925
4195 2436 22 4730 1089 4012
4196 2639 6303 1419 280 89
4197 1551 1799 2367 1416 2865 1417 729 4732 6304 1051 1648 144 2140 2419 832 3923 2066 4269 476 1764 722 93 915 834 1045 5963 2553 1187 428 257 1900
4198 432 2190 2419 2357 399 5759
4199 4755 6305 930 763 2940 535 3194
4200 2769 1033 292 169 2603 6306
4201 75 1696 5380 2982 6307 3540 2337 186 1767 1754 457 3916
4202 114 234 3005 380 3091 4582 59 4593
4203 1841 2807 2808 1060 1080 1061
4204 3879 5384 6308 6309 2659 1606 2049
4205 5166 3487 644 4104 114 3116
4206 1037 402 3310 6310 1126 506 2326
4207 1005 474 6311 2114 1183 827 987 1823 3447
4208 4354 1471 108 1631 1438
4209 5110 2959 1551 631 2863
4210 2865 650 1104 89 42 3163
4211 1240 2365 4672 409 3794
4212 600 1135 2272 681 1741 416 4392
4213 412 2296 1205 426 2629 67 1633 3426 52 593 6033 6167 128 3223 6312 4984 5322 3421 1776 1812 6313 3936 318 2112 3159 270 3496 1697 2932 6314 1067 627 432 480 2981 80 4264 788 5196 816 87
4214 4580 4614 298 612 173 5417 2333
4215 4104 4421 150 128 170 1689 985 399 171 391 2742 1438 5958 3597 3822 3068
4216 697 125 1228 1459 432 66 797
4217 4557 79 625 274 2829 7 2326
4218 681 836 787 28 2451 2173 6315 2622 3846 837 969 2982 4918 1233 1185
4219 1036 100 2881 3703 6240 464 4546 132 6316
4220 3203 1297 2632 663 6287 3952
4221 1865 1014 3551 114 2550 1150 149
4222 2706 2701 360 1624 179 5112 2709
4223 114 227 714 1054 248 1696 2141 1241 2076 655 4267 3298 2753 5615 3204 2934 1120
4224 2259 428 24 1337 221 6317
4225 1337 1581 4924 1234 321 1239 408 933 3707 1426 3291 817
4226 5062 4302 720 1068 1454 428
4227 1200 1100 905 1793 3175
4228 5906 5179 3397 1932 6318 3881
4229 1006 2113 2236 5785 4227 1357 2291 367 797 4053 2544
4230 5154 1697 189 4196 1603
4231 687 1555 493 4520 6319 5430
4232 1113 1507 2752 4307 701 173 970
4233 946 2828 3818 318 560 4907
4234 3721 2979 1539 2253 27 1567
4235 2989 1631 3314 2563 2274 147 3274 2070 650 5550 4244 4209 32 4795 423
4236 6320 704 293 2518 1433 302
4237 98 242 740 641 3344 970 877 4618
4238 2909 329 2189 2108 119 1334 3444
4239 5495 2989 251 156 1019
4240 1055 899 1287 89 2785
4241 6321 2017 1026 2483 3423
4242 627 1679 191 5773 3522 918 3134 970
4243 6281 1241 1629 155 2177 1528
4244 1038 493 52 3188 432 152 1976 1022 2500 6322
4245 1970 534 4918 5867 4981 2544 54 89
4246 276 5876 6262 3658 1783
4247 1047 6323 476 1973 4323 1146 4935
4248 687 870 2125 744 2917
4249 16 61 1013 617 1215
4250 123 2083 5952 6324 4604
4251 5568 992 556 1893 20
4252 2096 2098 441 3601 1933
4253 861 5312 2317 71 908 832 302 3597 1468 1930 1749 1998 53 108
4254 1634 2618 5403 2125 114 2716
4255 467 143 816 4642 2894
4256 5800 1029 434 2259 841 2557 1711 1977 1783
4257 4411 3793 179 5593 1 1406 1072 50 2436 2967
4258 621 6325 5681 3968 2421 677 1297 535 3314 988 299 2985 149 759 1636 1518 5377 4497 666 4943 3599 1235 2484 3117 408
4259 4644 1202 6326 2474 254
4260 4156 467 468 6327 297
4261 2729 680 300 1730 2428
4262 1468 1467 2075 1077 1095 3648
4263 76 5723 2394 5860 3870
4264 1038 2146 593 2141 3600 2777 186
4265 2607 1251 652 2234 4411 54 288 5605
4266 2350 3415 1549 5856 437 1569
4267 6328 2525 6329 3197 1078
4268 1165 128 153 720 46 1515 930 4699 619 282 6330 1691 537 788 4509 1067 510 1589
4269 4623 10 4692 80 223 4199 1712 37
4270 5537 2383 5221 1716 3482 728 169 6331
4271 152 889 532 1684 5285
4272 6181 3290 672 247 1432
4273 1846 1104 89 517 4232 3277 335 6332
4274 1347 1272 558 1763 151
4275 731 501 7 153 1346
4276 1868 671 4773 284 399 6333 5523
4277 1040 2129 1333 4722 4723
4278 2729 3510 1365 909 916 1763 930 166 2056
4279 2705 2189 385 388 319
4280 834 6246 687 2770 3536 1603
4281 629 484 1473 2909 275 763 589
4282 1421 1857 3503 1985 1738 2272 2934 2388 245 6123
4283 983 541 98 68 553 3540 783 6334 199 6335
4284 154 1841 4089 1468 556 1467 1072 542 3048 1425 22 4717 587 4589 1184 5339 1906 5053 5233 609 3980
4285 1369 3673 144 2003 6336 20
4286 227 1843 3927 2387 5064 809
4287 5261 2555 791 1943 2603 4307
4288 712 5203 1150 122 6074 5899 1841 4142 3966
4289 1949 832 817 3389 5880
4290 139 1200 3597 431 909 973
4291 1640 2013 1471 4036 6014
4292 1141 6337 871 1149 1257 4270 3219 3115 527
4293 307 3569 945 2290 3978 2146 2451 3035 439 2787 114
4294 1896 6338 6339 66 1741 457
4295 6013 5879 257 5913 740
4296 1890 2544 1970 323 118 2720 1900 416
4297 1107 4407 4444 4559 4445 2364 3742 5578
4298 297 980 266 2832 836 430
4299 3133 3926 757 1969 10 378 836 428 1193 665 2508
4300 988 2207 742 1178 3612
4301 1135 3744 76 89 5013 2687 1782 3919 1318
4302 987 1166 3540 813 191
4303 152 631 85 153 767 168
4304 6340 1504 3421 280 810 1849
4305 368 2110 3655 1332 1214 3190 3203 1997 2337 1371 2673 247
4306 1347 2037 5621 742 2295 2048 1310 620
4307 1696 244 143 3609 439
4308 1296 4831 372 897 6341 6275 53
4309 4448 861 5752 6342 4141
4310 2676 2044 3820 3192 2824 576 968 7 1752 240
4311 4144 1332 4065 6343 1997 3133 946 493
4312 1144 2274 431 4251 417 2814 1877 1070 22 1061 4717 1062 490 4475 1907 3584 1095 5177
4313 876 1811 300 631 2965 1631
4314 720 4861 356 61 1975
4315 934 68 2729 6344 742 682 2934 404 1342 4846 2468 2924 2657 540
4316 1053 1443 723 482 4474 1067 1458 3142 5327 6308 1667 4304 2048 3044 918 3134 1444 5427
4317 1183 4752 5328 311 1640 1857 5785 506 4180
4318 2302 274 1202 4590 53 1764 1417 2003 1363
4319 229 1029 264 6345 1780
4320 268 96 677 5209 1584 1128 173 297 3914 959 2419 3592 2868 469 1902 5790
4321 1807 402 948 449 2154 6346
4322 3397 694 4297 227 221 3720 407 1932
4323 3136 319 4921 1402 924
4324 879 884 859 311 476 152 1516 2357 749
4325 1894 3046 2582 3398 897
4326 627 767 1067 1507 293
4327 5192 6022 4349 5358 4676
4328 662 413 296 2777 4175 4737 4723 5884 5856 257 1125 3116 4123
4329 108 149 1053 3540 2165 2581 1334 420
4330 972 2207 3449 2597 2968
4331 540 2745 5856 816 1435 5510
4332 2 655 3243 191 847 2144
4333 2085 151 435 97 2271 2419 5547 3852 872 1273 155
4334 2986 969 24 2072 3923 876 2156 1757 253
4335 274 150 4872 3224 1067 331 1087 5822 4850
4336 3555 1347 1034 2792 223 2419 937 817 2565 1029 81 3299 1484 4407 565 5009
4337 927 53 4133 5011 957
4338 3374 2075 2082 959 3779 5926 4722
4339 276 3121 5637 221 60 1017 909
4340 811 3932 2837 871 1192
4341 1639 1494 881 4806 5731 809 940 259
4342 297 298 5287 4147 2585 156
4343 97 834 2841 1 6347 674 4607 227 581
4344 4637 1426 2253 672 1337
4345 685 2543 316 3702 916 454 2386
4346 1639 1137 675 512 548 980 6348 157
4347 1459 918 6349 150 3337 2191 3643 2323 1644 1049 6350 3599 948 6351 1673 4051
4348 658 248 2346 1200 161
4349 1503 948 4921 1432 5971 583
4350 6289 5983 4559 59 568 1484 1287
4351 2501 1266 631 803 1889
4352 1183 1847 3541 254 248 1246
4353 1142 3193 5867 3702 43
4354 2888 3283 3277 1691 918 91 285 6352
4355 108 2125 3940 2253 3044 1783 1750 1219 3365 720 1603 687 3255 66 895 3878 1617
4356 1801 1344 670 3529 1676 3520 786
4357 1199 2956 4047 4845 1177 1624
4358 3648 4014 606 4897 608 2781 4087 1284 1098 1099 3533 4708
4359 753 2676 616 1558 629
4360 6242 617 191 2766 5389
4361 517 5983 1395 1890 1484 6353 2143
4362 2989 1199 2259 5564 4343 5376 580 4064 3390
4363 1398 356 1071 2537 3600
4364 4707 5788 757 6048 1515
4365 34 3010 6354 298 3027
4366 1165 753 349 128 2373 307 430 81 1365 944
4367 5640 768 2057 3545 2410 5234
4368 1297 1551 1930 1494 1467 1501 814 817 569 1094
4369 1841 4334 3537 1342 440 3374 804 5346
4370 885 6355 3426 4637 4005 353 617 349 989
4371 164 2793 19 594 775 4769
4372 53 1374 300 901 154 4491 1433
4373 370 1275 6356 2062 1098
4374 3357 4476 701 2551 1577 2076 6357
4375 221 3077 3606 3837 2893 6358 1067
4376 222 766 420 2937 1777
4377 942 6359 2579 1644 254 739 889 451 6321 1222
4378 3779 170 540 5132 2629 1818 2482 259 1432 2756 636 3049
4379 4915 3379 3564 1891 1057
4380 2108 2266 3744 6360 5561 2882 903 24 635 2076
4381 1639 1658 2188 868 4889 1530 1764 2115 2983 1930 1484
4382 2466 2601 2411 164 298
4383 356 1265 4699 163 5148
4384 1987 6197 713 5202 4181
4385 1835 4948 6361 524 1158
4386 2125 1957 5116 1008 1384 711
4387 6362 6363 298 1008 3916 3504 408
4388 4714 1410 2408 267 2044 11 2165 3188
4389 1176 6364 3966 49 4093 3291 5872 3842
4390 22 2611 834 114 1696 701 2646 5383 1647 1455 3031 338 930 87 1390 6365 5502 6366 3875
4391 303 2679 3555 1149 687 1494 389 2357 4060 1402 114 5076 5072 720 2276
4392 987 307 867 7 89 6367 909
4393 1767 1459 1453 1069 2621 7 926 4341 3069 1617
4394 4691 343 3431 1131 76 5441 2247
4395 1255 2789 1881 5495 19 594 1260 916 836 588 621 1404 740 1396 7
4396 1558 457 1353 1484 1499 681 1218 4618 1587 1199 1549 655 517 6053 1038 1202 5730 316 323 837 1419 1646
4397 209 205 257 5078 210 24 211 633
4398 297 293 1026 666 3916 1270
4399 1631 4290 3669 4134 2641
4400 3849 3450 2454 68 3890 2801
4401 1678 4403 657 6368 417 257
4402 712 6369 1630 2536 3198 4498
4403 2305 4054 666 293 1011
4404 152 794 687 311 1603 3105 3134
4405 1029 229 1208 264 2628 511
4406 359 2354 1271 901 1752 1100
4407 532 416 2887 1927 174 4192 93 3065 1358
4408 3252 2512 367 511 3754 5374 1848 4393 3450 3586 1356 842 4340 247 6141
4409 2130 2846 5062 2016 4791 2047
4410 1949 934 2096 1729 4120 6370 1184 718
4411 1287 721 5923 3198 210
4412 2477 5742 1857 450 1200 1536 37
4413 79 4211 816 434 5728
4414 2934 4644 5365 344 1876
4415 3946 356 4914 117 6371 1435 4097 1069
4416 114 67 616 3730 1508 1149 1273 1202
4417 2283 2285 4740 404 1640
4418 506 836 1038 2229 6372 4826
4419 6373 2386 1031 940 3344
4420 327 13 5899 2987 306 6374
4421 6375 164 6376 1383 248
4422 4118 2531 1067 114 432 1040 6377 895 1459 248 4883
4423 179 2148 4247 556 2549 3620 938 5112
4424 979 264 2956 3889 5253 4535 408 1241 1977 248 3034 701
4425 4410 2860 1977 5009 186 743 3072 2324 288 1029 2262
4426 4051 2425 1347 4591 4826
4427 945 675 68 128 10 4773 106 8 1845
4428 5164 1425 5165 139 491 1184 2398 395 5986
4429 353 1729 3592 5691 2585 2618
4430 910 703 304 474 2082 3998 720 1955 4590 50 4265 1213 1384 6378 4245 926
4431 1800 4381 635 4546 5585 5021 1516 1297 5148 3836 1976 2890 3675 402 4564 1459 1841 4075 4304 414 3523 6350 5704 1620 4096
4432 1272 13 1321 108 2286 1241 7 1019
4433 1987 2720 2990 2630 1564 637 6379 2117 2741 1181 2693 2610
4434 2761 359 365 5821 4247 6271 186 2162 6192
4435 4055 542 1637 1077 617 4923 280
4436 54 371 1841 1468 2436 1467 401 1070 5052 1281 3220 3533
4437 331 1812 3102 4147 397
4438 114 85 2716 186 6380 107 4522
4439 1756 87 482 1411 723
4440 151 930 3609 4208 4527 4197
4441 1841 2498 1806 3549 582 1080 521 4661 1094 114 3032 1281 3126
4442 298 6381 946 859 5643
4443 443 2459 1362 110 1066
4444 4593 1889 85 859 1276 4408
4445 2619 593 842 221 1918 768
4446 2468 1162 2323 254 6382
4447 531 5649 1365 2007 826 1251 2136 6383 4 5045 2210 651 2786 167 128 589 814
4448 798 10 6198 5911 815 3874 826 271 2946 3901 3390 1334
4449 432 2611 2287 2496 5116
4450 3956 3744 108 655 637 2451 2741 24 4089 6384 593 2076 2038 3440 4285 1078 863 2518 3524 660
4451 354 3491 3797 3461 3504 5025 958 1003 1697 4282 2551 1113 1987 966 5565
4452 45 3943 540 1372 146 909 4607
4453 2557 1218 517 4710 6385
4454 1960 1551 68 1008 1729
4455 2369 2136 6386 128 4835 816 2208
4456 742 1080 4531 309 3646 1090 4661 5053 3904 6387 5412 1526
4457 720 596 47 2770 4803 2075
4458 4053 782 4665 2049 6372
4459 763 655 4054 1711 919
4460 1113 199 3658 1390 5364 4493 2336 2587 4484 4223 239 1783 4870 1782
4461 1416 1417 116 256 4357
4462 910 662 2991 267 268 3957 1316 822 5054 3915 3579 406 6388 749 441 4147 2060
4463 612 1022 439 2787 909
4464 401 4388 1078 2458 1425 2810 2734 1061 2972 3646 6389 18 1091 4661 1845 4475 3050 1085 609 1284
4465 5593 503 930 1577 305 4771 2519 348
4466 464 836 6390 720 687 49
4467 66 3711 331 858 484 1631 4820
4468 6391 297 1260 3492 324 517 2985 6392
4469 5654 757 961 3972 4253
4470 3447 1446 2900 2657 4381 6011 2555 6132 905 3936
4471 3173 6393 1952 5324 633 5516
4472 816 2170 1086 3714 2994
4473 1353 6394 349 3846 4337 2473 4797
4474 5566 764 1699 89 248 1329 6395 2311 928 6396 1605 2878
4475 45 1352 2156 4570 590 6397
4476 5593 858 409 3655 1048 1587 816 5540
4477 96 128 539 3609 5393 24 541 4520 1354
4478 268 6398 349 923 4775
4479 3057 6357 881 1436 24 4138
4480 1807 2758 5274 2047 2530 171 4628 6351 2095
4481 886 2518 2572 2575 3148
4482 2393 6114 3715 1987 76
4483 6399 3134 2344 1727 4169
4484 1072 1841 1059 2075 542
4485 2022 5438 378 676 663 3352 5602
4486 651 4655 635 108 834 2622 1807 3017
4487 68 1223 693 1046 816 1113 1989 739 4312 1165 2022 3545 1055 3716 69 1178 3418 980 432 1149 126 152 1312 1298 2512 6400 624 146
4488 4447 1512 3373 5122 3415
4489 2290 1202 1356 5723 3876 5715 2751
4490 582 1353 881 1101 5750 1102
4491 3965 3927 227 480 3824 2915
4492 2349 149 3282 3151 3188 5036 189 2027 1474 711 725 1831
4493 57 1166 3546 3732 1167
4494 729 6140 1548 4104 2858
4495 1347 798 247 360 655 3027 1331 1757
4496 1067 2649 4622 2108 2765 1547 294
4497 1548 276 171 858 4089 841 6144 944 1026 3114 1182
4498 612 149 550 108 87 3509 282 2666 2909
4499 821 60 4936 1911 122 1398 3384 244 636 809 4935 587 4410 1149 1756 1432
4500 3501 191 1528 1022 1987 824
4501 363 1780 3550 1624 234 5935 2724 2359 5681
4502 1165 152 1836 85 2557 3300
4503 6401 1474 798 5705 2464 46
4504 443 3831 593 2756 6402 953
4505 6403 6404 298 930 1326 477 1070
4506 2542 535 1729 73 5778
4507 2411 4415 1499 5315 789 4793 221 1585 2037 3299 2456
4508 2314 4396 4101 770 4968 3566
4509 1951 581 899 1165 3433
4510 3540 2500 2172 38 3432
4511 4218 2705 118 1991 3092 6294 83 6405 681 5541
4512 1837 2991 1339 6198 6406 5886
4513 6183 332 322 89 3091 4405 1988
4514 2657 3139 615 4762 1453 116 4133 4926 2877
4515 309 1149 37 6407 2060
4516 377 3291 3357 276 4647 128 221 1013 111
4517 747 1839 928 1318 765 166
4518 1178 3992 1167 2742 1976
4519 1183 2786 3624 740 788 876 1417 1603
4520 3236 3277 1896 4625 904 53 3133 1336 4585
4521 353 6370 473 834 40 2177
4522 1231 740 1271 170 5108 24
4523 1158 6094 1016 6038 154 8
4524 3658 2561 6385 6396 918
4525 551 1094 3171 76 6408
4526 2186 440 511 643 3100 4849
4527 6162 3121 108 337 4483 3544 1762 1709
4528 367 2764 5783 1055 1056 1510
4529 5099 930 1630 1976 166
4530 6409 1423 6410 961 155
4531 1951 583 1723 1762 655 6411 4722 589 6412 5912 1627 744 1312 3166 2357 1474 4554 3509 2863 4028 2036 259 1589 4514 6413 35 1622 673 4566 6414 879 290 2815
4532 2984 4045 5932 706 2837
4533 1165 331 687 629 775 4774 3510 5551 1365 3703 3308 2917
4534 6415 1433 4537 6416 6091
4535 1639 1432 2042 901 2274 298 1023 6417
4536 791 91 294 1706 4453
4537 1224 1577 2419 187 2687 1841 2951 613 584 6418
4538 806 1469 22 4717 1081 1088 3284 2747 1090 1967 3221 768 416 5984 6419 4320
4539 537 773 3548 2427 6420
4540 2784 6267 1161 2530 855
4541 936 6421 434 6422 5926 6262 4885
4542 245 2864 5315 2031 5465
4543 556 1029 816 3819 3295
4544 5529 1040 511 6423 1833 5772 3989
4545 98 5557 6196 1329 4536
4546 957 311 299 2676 2100
4547 331 2946 1137 873 1022 970
4548 114 3275 356 6424 62 4639 511
4549 2543 2644 739 484 4619 1752
4550 3628 2729 3126 2866 4267 3188 1038
4551 217 1038 4290 1801 1202 749 2536
4552 2572 4387 2971 1907 2973 1099 1098 6027
4553 2314 6332 58 1379 1783
4554 4508 2200 3999 569 386
4555 858 948 389 3415 1069
4556 2746 596 687 435 2320 3548 2604
4557 758 3320 6369 5573 6425 943
4558 1761 753 356 881 4763 1400 3114 6426
4559 1716 6311 3091 2731 718
4560 1660 2361 67 621 5975 80
4561 1783 985 1718 6427 930 5128
4562 1111 1185 2693 68 3916 186 1978 1673 390 2059 714 5810 152 1483 1977 6149 3569 1417 2011 447 624 836 548 409 128 6072 1119 832 149 576 292 297 2871 6217 5457
4563 841 4211 583 479 2704 2909 1417 2141 3151 642 4898
4564 1862 2359 2549 2627 5409 3804 4417
4565 621 651 1183 2721 1640 3371 86 780 558 1821 1553
4566 1416 4313 617 2200 1433 5077
4567 98 814 905 170 3960 876
4568 2662 1655 583 4360 1497
4569 114 152 171 1570 5456 3342
4570 5676 1438 278 953 5535
4571 1150 229 363 2706 1874 179 6428 556 4247 1999
4572 687 2020 2069 573 34 271 1579 636 1508 5069 2537 5050 24 6092
4573 2002 234 2331 2001 2653 1224
4574 1417 150 1684 2557 446
4575 2174 152 298 6429 4641 872 4927 3344 4703
4576 1639 1914 108 1396 2098 43 4356 1361 211
4577 1862 4504 1999 2042 233 2329 360 6430 1739 4687 3217 3799 228
4578 2108 3511 2796 889 2481 1081
4579 905 3243 4192 831 5070 3879 919
4580 1468 6431 3531 1079 2734 12 4429 1276
4581 2550 5817 3340 895 876
4582 3415 2956 3704 1979 873 587
4583 3661 474 1847 1894 2496 473 2317 1331
4584 331 152 3510 612 740 860 1165 4376
4585 2303 152 5793 476 5406 1276
4586 4290 6376 5397 6432 2991 757 6433
4587 3247 367 2729 2755 221 502 6434
4588 639 108 1708 5414 2325 2784 4050 3036 3255 5029 3929
4589 1394 4179 2473 1985 5668 1591 929
4590 154 5829 1711 2108 784
4591 13 4566 636 1326 784 458
4592 2706 541 593 2871 1432
4593 2045 1107 760 5143 2674 2498 3211 1069 276 701 3569
4594 303 108 69 298 4546
4595 1836 550 445 549 2383 3658 1711 2357 28 587 199 5537
4596 447 1626 5439 6435 2794 6436 5303 76
4597 876 319 108 1699 81 683 2055 4205 5309 1826 51 89 2508 3114 3035 517 315
4598 2590 1208 596 317 152 2166 636 3893 5176 1942
4599 5426 4019 3555 2069 4875 4012 764 3595 828 1452 705 2370
4600 6347 3609 870 859 28
4601 2174 1847 4984 1473 3726
4602 149 5122 3707 2075 1753
4603 758 5245 1238 1890 1329
4604 1985 2889 2265 4912 1033
4605 366 945 356 6034 753 5242 4523 1709
4606 6437 3210 6321 4559 1345 6096 517 5838 1113 2110 4228
4607 297 68 4096 2216 1013
4608 5115 6438 2887 5151 5723
4609 85 2860 78 1954 1520 1070
4610 4244 554 4900 961 61
4611 1667 35 753 942 3880 6439 2847 1172 3924
4612 1953 2083 2194 3750 2763 2767 512 1701 367 1966 1587 1254 2799 3357 4647 4168 5058 1841 1072 2662 1425 2812
4613 2890 881 3371 108 1501 821 4367 3595 7
4614 859 5089 1045 297 6228 1230 740 87 1587
4615 5282 4487 790 1271 983
4616 3475 3838 6440 740 3452 3972
4617 4996 1347 1038 3226 2796
4618 2386 2808 421 3190 266 19 775 2784 1067 3407 1425 1080
4619 2317 158 271 900 1754 3815
4620 3876 476 4511 5779 2792
4621 1342 1302 4569 2649 2393 1511 3581 4053
4622 150 128 53 108 389 1675 24 519 6441 709 681 1932
4623 987 3675 4807 484 2287 447 76 3763 5728 367 751 1727 43 324 6277 953 3707 701 1363 2297 1205 1255 1890 4811 831
4624 2133 78 76 3415 3397 5221 1616 2165
4625 1893 1590 2183 3865 297
4626 1371 1286 122 3969 3310 114
4627 4019 1915 2561 1165 152 1836 49 775 801 3373
4628 1292 266 2110 1365 1838 787
4629 2954 1224 186 227 3318
4630 95 842 10 655 3720 3204
4631 1639 68 53 108 682 1012 841 416 398 584 280 847 583 401 139
4632 4159 813 5580 2640 6 4223 4522
4633 267 1385 81 1762 2096 493 988 6074 1577 6442 2985 3145 816 3475 164 3165 367 4769 4820
4634 1270 3187 1160 1715 629
4635 2147 662 1681 4615 1298 3803 2232 2234 2254
4636 1166 306 5164 1425 5165 139 491 604 6075 5008
4637 6443 6386 1081 18 5248
4638 276 695 152 1342 1696
4639 716 621 3842 1994 6444 2507 3220 2930 170 4098 416 6432
4640 612 152 2501 3374 19
4641 1930 1210 1408 316 3069
4642 1695 297 108 6422 3701 908 3459 3316
4643 3134 3959 1532 774 4451
4644 945 67 68 2013 309 1208 876
4645 274 53 88 1612 401
4646 6357 2742 1689 3867 1600 647 5069 1438 1270
4647 298 6445 6325 279 448 6156
4648 869 1415 76 88 63 2935 636
4649 3530 621 271 972 6236 2759 2146 3264 1587 636 817 2446 2670
4650 2946 3357 2070 2841 1876
4651 990 263 972 3314 2393 2613 742 3882 1026 1188 749 3303 367
4652 592 128 1926 3146 1468 4484 297 589
4653 787 3661 1224 150 546 317 1147 687 178 4103 2012 6446 6447 305 4722 1763 583 2357 6407 3601 4282 4051 1365 4198 535 1515 1023
4654 2744 4084 3402 1070 3440
4655 298 1365 2955 3285 824
4656 1293 1271 61 6448 4217
4657 744 1890 242 1329 332 895 3752 3537 119 5085 1746 4969 845 631 793 91
4658 517 2965 858 6449 5904 3111 1990
4659 1266 484 6319 2801 1976
4660 1587 4393 5371 590 1661 127 1966 1426
4661 4664 2755 3129 841 3528 3287
4662 5132 1 1365 2060 3597 659 1034
4663 13 151 4070 318 1008 6450 1455 652 4693 695 493 2756 2075 1877 1911 2579 1371 1191 6451 2149
4664 1779 4586 6452 2004 3812 2172 2424 2632 2607 2437
4665 675 45 4303 152 97 1812 6113 2328 376 836 172 6453
4666 6454 267 1202 173 309 816 909 832 1250 2207 3571 1298 153 836 2748
4667 476 367 306 24 4107 723
4668 4471 1176 1432 6153 227 1149 1711 2357
4669 419 2657 3735 1241 436 5755 152 2847 2326 1718 368
4670 2925 1551 6455 164 434 2786 2044 701 3730
4671 3000 1033 6309 1218 5251 5059
4672 164 5464 4846 4774 2076 381
4673 631 253 53 1100 109 817 2471
4674 297 489 701 1178 2323
4675 461 1395 958 3566 6456
4676 859 583 2883 4106 1939 3410
4677 1347 6457 3216 1783 1621
4678 268 1508 253 4734 539
4679 6162 4077 930 555 6335 4899
4680 4619 298 2022 740 687 631
4681 621 940 68 2468 814 3603 868 583
4682 1486 6458 643 3752 3769
4683 1440 5893 3188 583 2933
4684 36 439 909 4399 774
4685 4263 1576 1727 4472 681 498 876 244 6459 1478
4686 2302 4250 2818 5159 5916 338
4687 1038 473 1942 897 4578 6125
4688 144 81 1757 1054 376 152 2756 1708 73 1929 153 2108 836 1013 4742 5340 3822 5900 3733 4290 6303 2322 174 3125 961 3675 3038 4165 1149 3960 620 257 1538 186 3109 1781 1974 701 107 3647
4689 1303 797 617 3932 940
4690 930 641 489 1830 2207 762 4420 954 3792 834 170 97
4691 4200 298 3272 186 153
4692 6359 913 3545 2017 81 4153 5367
4693 402 930 1161 1241 2325 5025 5297 868
4694 319 364 826 2033 76
4695 474 4454 1847 2699 360 1129
4696 680 2451 3594 1699 2614
4697 627 1038 653 2139 897 6138 10 616 309 171 781
4698 1347 863 791 1729 1811 3502 4130 164 5445
4699 1347 934 1298 108 6460
4700 1596 6461 6142 612 1634 1687 172 3703 2917 173 999 2527 166 1022 4509
4701 859 3818 6462 2352 714 3408
4702 2450 1137 2339 2024 888 753 4140 863 2792 1185 10 305 1334
4703 2702 840 1045 4572 1898
4704 3425 367 3803 970 1878 257 1674 1237 593 434 1040 2044 3162
4705 1557 933 1419 749 580
4706 6463 151 3223 677 1965
4707 841 1246 5926 1764 1995 739 1503 948 54 50 5500 187 576 248 687 152 1214 47 1026 740 1307 4484 96 813 2282
4708 2332 276 248 1485 4017 1396 3839 670 477
4709 814 6152 1215 146 1978 930 1051 2060
4710 2934 3364 2815 6030 1271 957 6464
4711 4522 3287 6172 4860 2490 4107 36 1069 2861 287 3897 4266 970 701
4712 1078 4948 2496 1634 1505
4713 1841 1072 3161 546 1058 2458 587 1541 1082 89 2930 1065 5979
4714 2755 5834 599 1841 542 6221 18 1184
4715 1988 443 401 116 1018 675 2075 440 789 225 1168 2030
4716 763 2633 668 6351 3224
4717 682 3502 937 454 1932 929
4718 5859 6465 1223 1686 1202
4719 390 3054 1498 1229 1100 4522
4720 1951 98 6466 940 3590 10 259
4721 331 1307 1178 406 3073
4722 428 4217 821 6467 40 5047 2917
4723 2125 5356 855 6199 5477 3830
4724 3104 3916 1172 3781 3725 3782 1616 1337 291 6468 2603 1622 4485 824 1474 3276 3137 620
4725 3554 268 108 2791 1756 269
4726 2519 3919 1312 847 2742
4727 331 5230 112 1051 330 3694 3210 5121
4728 2110 1041 6362 853 1603 4047 809 5696 3824 6179
4729 1846 2578 7 409 263
4730 2611 1371 407 2742 35 108 356 3054 637 439 1013 1779 391 4089 4100 36 13 256 399 156 114 763 6469 1031 5558 2190 1856 5518
4731 574 1286 122 546 1756 2917 2636 6470 6471 4596
4732 5423 6472 2164 6415 4057
4733 3992 68 905 655 5882 1589 3891 2019
4734 3520 7 593 550 357 153 1604
4735 5324 4699 2614 2190 2019
4736 223 152 871 150 550 145 1019 5698
4737 4664 4126 979 1949 366 2083 1398 2927 1273 1006 2305 4691 2365 461 2937 3216 2408
4738 2557 3686 289 428 1763 5346
4739 3935 3897 2490 927 2437 3050 527
4740 6230 140 2149 3632 2991
4741 5429 1390 989 6030 4853
4742 556 5971 474 6473 1382 309 2968 3408 53 4661
4743 946 3321 6474 4713 2798 446 2647
4744 3595 2133 1199 6475 352 2379 6476 1604
4745 1615 2550 3303 5891 493 4664
4746 5200 814 76 1287 1932 6477 620
4747 1446 349 1734 406 1508 5622 479
4748 34 2347 152 985 1438 2947
4749 1415 3371 2802 76 3694 118
4750 2148 798 24 1979 1149 1433
4751 687 909 2156 2929 1556 288
4752 1951 4210 221 76 170 2013 2213 803 4438 787 2468 4135 909 4920 3594
4753 151 955 5442 1795 5683 1079 3003
4754 114 276 367 3088 1772 1616
4755 1178 758 1975 5537 1192
4756 2200 918 4537 2506 831 1652
4757 2365 3563 366 5073 588 2104 2273 2212 1243 2512 948 1504 963 997 1396 54 3253 6400 5650
4758 1554 6416 6478 7 4478 1069
4759 3543 149 1780 264 179 6078 4706 3319 1892 6037 2156
4760 1241 1312 78 2386 74 189
4761 271 3789 6056 52 257 3127 3769
4762 1927 1601 617 1016 457 4458 336
4763 368 280 1532 3726 4325 2434 773 1958
4764 181 474 1054 3516 81 1048 3908 1355
4765 43 45 297 3446 6479 5783 3203 85 69 1271 1472 626 376 631 2419 5108 4500
4766 487 154 415 616 2597 1509 2417
4767 3055 5421 1396 2620 2325
4768 2148 2156 2003 590 1370 50 288 6281
4769 149 1468 2075 1137 3602 1425 12 1081 18 4661 605
4770 5004 1149 828 6480 1668 5204 4249 118 2337 1816 727 980 3857 3114 4862
4771 2657 1841 636 1690 4592 788
4772 1485 1202 169 1038 731 473 4567 464
4773 4866 1040 80 348 5152
4774 4625 1271 816 70 416 794
4775 152 162 631 5851 153 1659 2776 1851 4920 3125 5397 1038 636 6427 1271 4632 359 909 3243 4025 87 1631 1691 432 1215 5975 2519 3255 3824 2444 4932 1819 2790 239 576 3397 4773 5956 293 4576 105 3253 290 2638 3198
4776 5056 2489 1412 1887 2156 282
4777 3977 687 85 1734 6119 6481 3758 171 5117 1718
4778 171 4481 876 297 97 644
4779 200 6482 729 5997 1879 1329 1287 895 3491 732 675 5179 775 2067 1854 1761 331 298 681 1000 3216 153 174 90 626 793 1192 5335 5598 519 3743
4780 979 2679 4664 1265 3072 586
4781 2960 1149 987 2156 5739
4782 3460 1049 3602 158 4872 1073 68 1729 948
4783 826 156 655 4642 1503 482 2872 6054
4784 541 1040 3385 1398 430 3584
4785 3283 457 3142 259 972
4786 141 1710 4476 2079 2914 2589 758 86 2703 6483 474 311 1432 4748 2023 2935 351 4554 259
4787 1390 276 4009 2308 530 5326
4788 2210 1759 3448 6484 5352 257 817
4789 1365 1202 77 153 3255 5102 592
4790 6485 1072 526 280 4123
4791 6486 1653 1764 178 1449
4792 6487 4849 2730 1558 6488 1444
4793 57 3201 3099 897 3173
4794 1353 186 627 68 3477
4795 3247 3605 6329 3001 186
4796 904 927 1161 3797 6489 2030
4797 4189 816 1372 6058 966 1336
4798 1711 739 2949 81 1365 1331 1939
4799 859 6084 2283 2792 2286 1216 6337
4800 1242 409 536 3349 3752
4801 1026 114 3741 1610 2326
4802 4836 6490 1605 6053 5196 3390
4803 2346 4588 510 599 3548 582
4804 5461 6063 3914 5054 3915 3579 3022
4805 300 3541 2900 5582 1801
4806 558 1978 744 356 1013 2075
4807 2573 3371 6491 5081 276 3266
4808 4508 619 664 763 67 1202 5067 3675 900 1178 301 148 1558 711 3295
4809 2742 5832 2442 5789 2030
4810 5132 3501 349 6492 286
4811 15 5817 1756 4093 254 5018 3769
4812 179 6449 2526 149 6493 24
4813 319 245 5668 1133 94 1543 6065 5777 22 541 2145 655 5866 251 5595 6220
4814 3651 858 841 1446 128 6494 1584
4815 2419 2061 4223 4352 18 4026
4816 1843 2383 154 139 152
4817 1691 4024 3524 73 2622 28 1942 4157
4818 636 1365 1915 34 6263 148 4371 4285 3597 3030 2863 399 5254 1008 186 6129 152 1948 6495 1115 5491 4734 2520 1539 3673
4819 1188 1241 3070 2956 1233 5207 1504 390 309
4820 915 654 868 989 5450 2387 152 1274 1729 221 2061 583 317 3822 4737
4821 4051 501 6496 3731 5766
4822 1048 803 3802 2658 832 6497 6498
4823 1037 1675 1836 2044 1176 3545 1220 1142 1202 2061 4872 297
4824 5150 522 596 2796 950 940 259 50
4825 651 576 1978 3583 6158 53 390 5470 815 1055
4826 2740 3521 616 2144 5564
4827 2709 2339 6499 264 114 3974 5386 2360 1072 1603 6500 621 3377 2210 2408 6283 4927 1587 1150 727 4918 1912 790 4669 1104 366 3032 53 842 881 274 5562 2890 1267 336 1701 511 507 1107 999 517 332 409 4058 1166 876 643 1600 256 2742 4071 2190 2590 1351 3134 2719
4828 5423 914 101 1614 4167
4829 331 297 2890 1037 834 1782 3752 2909 2376
4830 738 1628 6297 861 455
4831 1083 150 1398 3082 1708 356 5010 1362
4832 269 81 3435 68 1729 1927 20
4833 3754 548 2647 152 1943 439 2279 6501 2519 1378 179 1365 2693 1778 969
4834 150 675 1841 2729 1601 4094 4346 451 64 2446 5696
4835 687 1055 881 1807 1433
4836 552 811 108 4474 242 517 681 3161 4275 221 268 4714 76 5798 3100 1671
4837 168 120 6443 1080 4531
4838 267 2098 928 1332 1330 4075
4839 588 4567 3214 1069 5703
4840 6502 2686 2890 642 4955
4841 1267 2483 245 757 749
4842 5988 6003 3068 2722 2479 1358
4843 636 1631 171 156 625 4859
4844 2475 1626 1398 1785 311 487
4845 168 2811 1469 17 490 2930
4846 739 2784 4615 2136 349 2419 1364
4847 699 476 86 2946 3014 5153 846 739 2357 3699
4848 832 6503 2883 136 2899 1839 356 2814 2581 592 2890 53 2076 809 36 2457 400 1293 1242 1983
4849 1113 739 3434 430 1055
4850 3136 6132 3171 76 2524 945
4851 4410 1714 4894 6504 5469 1727 1016 2092 5424 422 4391 6505 5764
4852 4713 1240 2775 263 6506 859 3507 2786 687 2104
4853 2841 2057 694 6149 2441 612 2824 3526 3572
4854 1729 2140 4291 154 6503 3474
4855 901 319 5421 10 323 4407 3193 3702
4856 122 612 331 2154 357
4857 2784 593 1005 635 652 6484 6239 173 2892 1210 3438 2563 154
4858 3606 886 729 6158 3992 1914 2037 814 655 1508 357 81 583 3509 989 3188 1013 3100 171 2417 1651 546 356 2536 154 382 3764 1078
4859 1029 72 2932 6507 767 6210 4514 3824 6508 1696 5168 210 1456 2037 1160 211
4860 826 1224 268 655 4334 1365 1167 2053 1341 81 6028
4861 19 3624 449 693 3389
4862 1415 3800 4669 1287 3110 3123
4863 1930 3754 3805 6251 4426 4435 312 63
4864 364 522 541 515 3684 2608 1616 1181 1016
4865 5566 4140 2450 870 1040 2792 816 1976
4866 153 297 152 3837 944 176
4867 77 4852 170 1518 2108
4868 1610 810 3276 1381 169 3391 2773
4869 149 6509 412 1067 666 2673
4870 171 3389 76 3317 6489
4871 6510 3785 1451 5047 3299
4872 5391 2626 6277 3139 3265 1772 1616
4873 558 744 190 2141 1030
4874 747 749 2125 1239 2273 1595 970
4875 5757 739 128 86 1046 1952 2416 4192 3488
4876 5215 3087 1955 1551 930 73
4877 6511 476 167 841 4259 6512 767 949 3389 558 77 2141 3473 85 6513 1711
4878 1544 1516 1841 170 803 420
4879 862 6514 4346 4650 10
4880 1178 701 3386 617 314 1876 888
4881 1202 443 3160 1629 2598 1924 3125
4882 1340 3100 662 3462 961 2026 1040 948 2518 3961 2511 5468 674 4575
4883 3348 259 1660 401 1144
4884 797 3374 5314 708 119 5546 3250 2883
4885 6515 997 221 624 1024 4196 930 666 289
4886 367 10 5737 2683 4111 58 1346
4887 1684 1381 1150 1616 1181 171
4888 1005 1038 79 5925 895 1210 504 905 2165 596 4476 2259
4889 621 1468 1467 241 2156 836 789 4911
4890 1544 2934 37 961 2427
4891 245 229 233 179 3550 6428 2389 4247 6516
4892 76 2790 6019 3549 2222
4893 1149 902 406 1889 1607 576 3972
4894 1833 4111 1727 2729 1763 4399
4895 35 3940 3133 266 2434 1365
4896 4922 4063 6517 6518 3896
4897 2496 3661 6519 1719 1037 5612
4898 1729 5190 2454 1708 3067 3746 4441 2590
4899 102 3029 1249 3249 1438 4319
4900 1149 579 980 1321 1534
4901 2220 1332 99 959 2928 1407
4902 2696 1112 2475 259 1478 294 288
4903 2550 2925 6520 2603 4545
4904 2419 3559 5477 4051 1387 1271 3956 1232 2946 3280 93 4795 85
4905 1067 1149 2484 2614 3088 2586 589
4906 5735 202 1224 1870 1287 2214 1390 1298 5240 631 334 1601 2312 154
4907 35 52 1034 742 4478
4908 6247 317 724 635 760 617 1456 2020 1455 3891 1390 584 507 254 2826 2308 1054 821 2056 2868 416 1222 6004 2452 847 6366
4909 708 2748 1287 1192 76 89 1329 107
4910 1183 876 1629 2742 1438 5144 7 391
4911 655 163 1012 140 1018 291 2286 1086 186
4912 1978 2290 1199 6521 1381 3223 959
4913 1205 36 199 1366 6522
4914 2865 1471 948 681 332 2791
4915 558 2190 186 1229 590
4916 1202 841 8 2742 1438 1433
4917 2458 98 416 2451 4571 3243
4918 2220 6158 2636 5791 4192 1342 115 6373 670 331
4919 1402 1297 862 1587 311 687 558 6523 1516 85 2044 3397 657 3105 1163 5836 3788 1469
4920 114 1603 4773 2537 5139 2909
4921 2662 4417 3553 1701 2828 365 1014
4922 4156 4993 875 2829 1178 2605 1768 987 4693 114 169 6090 1782
4923 441 6517 3205 5439 2350 240
4924 2756 6326 4045 5701 245 3935 1183 151
4925 35 1951 3501 4160 5059
4926 6524 1212 930 2267 3830 6145 50
4927 3586 281 6525 2403 6526 5559
4928 355 402 5510 1819 2071 712
4929 1218 1183 267 443 4237
4930 1450 1038 1729 131 401 221 1266 2146 2986 1720
4931 298 77 583 6259 637 5223 5389
4932 941 765 3675 4453 1405 3047 1725 1536 158 367 112 574 2291 983 1048 801 3635 13 271 504 1752
4933 2999 2350 69 248 13 2890 754 1658 1417 548 5113 356 3966 930 2436
4934 1699 76 1504 2189 4856
4935 6256 1287 3549 3396 521
4936 1224 267 3978 1318 4386 2970 4331 120
4937 1057 2608 2690 3408 4261
4938 1018 2794 1396 37 3133 1008 2856
4939 3413 2673 443 631 2909 93
4940 2635 3065 574 3938 3072
4941 13 1327 26 941 6142
4942 5289 2898 6527 3239 3431 1249 680 3283 332 2612 5601 3238 1744 6528 682
4943 4024 150 1026 114 1709 925 1503 6169 2104 1149 972 3265 85 3072
4944 3651 1484 10 2487 76 2508
4945 474 858 476 3828 61
4946 1145 54 2272 6529 3408
4947 511 2829 1882 4313 3463 5596
4948 834 3159 6023 1250 687
4949 627 108 2867 2883 2895 6392
4950 2512 5176 493 1055 1665 2964
4951 2845 66 2890 976 877 790 2084 4710 2357 3530 2079
4952 612 2096 663 466 1239 331 1763 438
4953 1891 264 1893 234 3582
4954 1271 1561 1964 172 2378
4955 324 332 1816 2467 6530 3283 5108
4956 2269 940 1970 1271 6041 1334
4957 1681 6488 1078 2275 2740 60 30 4891 587
4958 500 702 4314 3294 6290
4959 2081 1118 6531 3452 877 3111
4960 221 1003 267 6158 461 2098 7
4961 696 143 2987 2858 3391 5500 1078
4962 35 24 3717 4077 210
4963 2384 2024 98 3001 651
4964 5710 4424 6070 88 6532
4965 1068 5300 1298 221 1242 2172 2200 2092 4352 4451
4966 6358 476 1757 43 276 2910
4967 6533 4233 6534 6535 108 2393 1268 6536 4563 4780
4968 1347 1034 267 1696 947 1494 841 636 682 637 718
4969 332 89 2184 439 4192 793 3834 1286
4970 2432 4748 4769 3581 711
4971 85 3160 83 4669 583 416 1992 6537 1279
4972 4706 2251 1072 1022 926
4973 2244 927 617 824 2074 2935 1987 3760
4974 3853 81 6480 5016 189 889 186 895 576 987 2472
4975 6407 3454 60 714 1055 655 1876 4824 1270 171 2156 590 457 416
4976 2614 153 1757 1575 5687 4650
4977 1762 1266 79 435 493 128 2789 6108 3811 2082 4903 3617 2037 4284
4978 3544 81 1251 4578 2013 1949 3397 3132 1069
4979 4152 1202 948 1484 337 76 268 2883 2200
4980 1432 576 89 937 2326 2883 6538
4981 3201 1768 1475 1761 3684 4712
4982 787 3364 325 2464 6539 4273 1408
4983 2096 473 1327 4023 1898 331 298 1202 740 3510 1432 789
4984 1542 151 1757 156 6540 1819
4985 2183 743 2847 1585 4893 4726 4854 1202
4986 153 763 2164 2191 1473 450
4987 143 997 6541 940 1161
4988 629 575 221 1747 837
4989 1816 3135 742 68 5687
4990 2165 2580 2274 3014 2452 2836 2231
4991 35 108 40 2934 550 416 4967
4992 304 108 2540 5843 3105 4739 1334
4993 1494 1178 3516 2165 1951 487 522 1628 540 664 1330 3894 54 905 655
4994 6542 2956 2512 178 1516
4995 2784 3030 894 639 732 67 3006 449 6543 5397 297 6072 190 3032
4996 6544 152 1432 6545 2618 2876 3046 616 3548 6546
4997 359 2399 2797 481 153 146
4998 5960 587 4135 4589 3219 280 3646 3049 1091 4089 1070 4661 605 1841 3532 2020 4532 2919 4911
4999 149 826 53 663 2916
5000 6547 4756 2220 1925 6548
5001 2383 3267 2057 4436 6549 3926 2254 4964
5002 532 304 581 3992 4774 959 4493 816 5122 4218
5003 5882 4882 3876 4744 4344
5004 3370 3545 1551 249 1295
5005 409 1655 407 32 1726 4991 3037
5006 114 6319 53 66 13 1353 409 6222 507 449 5629 489 4901 1459 5476 4328 711 2358 3526 5377 876 2351 4210 1558 1829 2229 254 1322 4157 336
5007 331 4639 6550 4048 390 1210 3754 1005 1199 511 1040 594 1494 2946 5731 453 5254 6260 1691 2141 1484 1140 120 154
5008 1268 6551 5531 1150 5639 1518
5009 1347 3362 590 298 818 826 80 1749
5010 5166 248 842 278 2416 2429 2980
5011 763 753 5542 863 2651 3991
5012 712 1953 311 924 575
5013 1847 992 2699 3651 476 3541 367 4526 78 6552 1685
5014 114 1149 2755 2987 81 1976 2783
5015 745 3030 5643 409 6449
5016 1019 6046 2614 2723 3408
5017 5724 50 1006 268 1511 1352
5018 2223 108 1055 2195 3223 5282
5019 4326 293 4665 6243 412 1841 5824 2693 2242 1149 3022 2423
5020 893 2569 1242 2317 5292 137
5021 7 353 5124 1346 842 2883
5022 6550 790 6553 1825 332 1412 5961 2550 331 2746 842 6554 889 1178 6315 181 687 740 367 3365 2406 1987 824 1000 5042 564 1239
5023 268 1056 5631 859 297 2794 473 3287 1075
5024 1240 1041 1026 767 2427
5025 3173 108 423 5865 2598 1206 1690
5026 2825 2598 5444 3791 909
5027 109 2347 5474 1790 1357 5834 5046 358 965 566 1831 5690 2883 134 876
5028 3567 96 3158 1146 2640 4123 1429 1098
5029 80 650 108 481 3632
5030 687 1747 3415 1613 3448 447 746
5031 1839 841 271 2588 2366
5032 2918 499 1657 6120 2172
5033 5950 264 1035 6555 1532 6556
5034 972 1307 4804 711 1365 152 3325 489 2086
5035 5048 2600 162 6363 409 2193 881 2525 590 276 5569
5036 1841 1584 2557 5755 3313
5037 271 4800 1297 268 557 1056 2091 3166 2676 1269 4320
5038 5919 4254 3522 1008 354 24 2242
5039 5138 681 4949 4813 1406 1192 1223 2598 1247 1444 818 912
5040 2896 390 1891 10 1 16
5041 3927 1696 643 1997 4093 4668 2710 93 6281
5042 1232 546 729 6525 1176 151 77 6557 4071 3574 2618
5043 1951 298 2981 3372 613 6558
5044 1358 4801 1748 4027 6454 951 57 763 1577 5254 4334 5837 2014 4554 4475
5045 5305 1138 2322 3433 128 53 2775 2981 6507 4127 847 4258
5046 1686 24 3444 2099 1498 3527 6416
5047 6559 5397 4116 1783 2269 6091
5048 276 2826 1038 876 732 1673 1041 1453 2526 1646 1400 192 437 918 1348 257 4717 3397 742 687 5127 1503 629 1298 989 4325 154 1451 3449 5670
5049 164 722 631 1757 816 187 2406 5127 4508 2008 6560
5050 276 298 3162 2082 3557
5051 114 164 2100 4062 2152 5847 4409 3849 6470
5052 11 2386 3720 63 1149 78 2314
5053 987 2657 4773 6273 220
5054 3545 13 1048 2393 2111
5055 1884 5505 2470 576 65 1868 1498 2557 3175
5056 1762 154 5656 2600 298 809 1922
5057 1401 956 1402 275 714
5058 2383 563 1432 2618 4852
5059 553 930 2634 2729 5146 2928 2866 4114 1017 2451 1013 24 171 6561
5060 3497 367 1767 2314 3027 349 108 1763 5010
5061 1374 2897 2990 64 2030 788 6562 4975 1905 152 3882 2037 4599
5062 52 76 6563 154 6564 5564 5876
5063 297 1346 1433 2847 171
5064 1287 4334 122 89 5784 1326 1406 223
5065 1585 6038 1633 412 6355
5066 245 57 5462 276 2212 4908
5067 5215 992 164 6565 6045 3072
5068 5930 1789 667 4617 1038 199 3072 2825 3276 3416
5069 2900 162 1846 1984 6041 4104 1118 3289 5065 2618 158
5070 2393 2985 5063 3566 149 691 1349
5071 4594 506 1290 1696 4614 2786
5072 6566 2265 3747 6035 143 2996 4319 5790
5073 179 1398 832 3646 485
5074 158 297 811 271 151 801 3540
5075 24 2430 4231 5440 1878 1566 1237 3575 4537
5076 1113 2202 145 589 1363
5077 2563 440 1176 540 2756 67 4147 1272
5078 2339 2706 2662 946 763 2927 1425
5079 1454 5098 1750 3890 3924
5080 1941 1920 2451 79 245 5072
5081 1285 3151 2322 1564 147
5082 826 164 930 1022 1783
5083 1034 4775 6567 2394 596 1699 5368 3881 5563 2577 118
5084 3177 1816 1693 2202 1287
5085 5203 5941 1055 1658 4157 1345 1165 751 152 481 4416 5080 4152 1419
5086 102 895 1378 424 2262 1180
5087 2629 735 1055 3564 2829 1274
5088 3735 687 6568 280 596 276 293 1112 3817 406 2017 81
5089 10 684 651 266 89 683
5090 5023 799 3122 254 1741 674 2
5091 1266 3633 5537 5783 1710
5092 108 1183 2956 2174 1920 1411
5093 271 52 2622 1783 4966
5094 2698 1726 5040 4093 2215 1532
5095 476 200 905 7 1071 2274
5096 1176 558 2874 744 356 2393 434 1298 6032 2512 4173 1463 5174 336 2351 2752
5097 476 2896 1276 6569 4944
5098 1986 5106 1891 1273 482 2866 3841 3854 6570 6571 2536 809 5419 1011 2417 6572
5099 1770 1868 3202 3163 53 173
5100 6573 1313 300 2547 655 482 3373 2455 1107 918 793 6574 1551 4669
5101 5217 2794 6248 1486 651 1191 695
5102 3555 2755 389 625 2274 100 941 137 1224
5103 321 1703 5459 332 1106 622 405 3134
5104 360 264 4550 3977 1891 1863 3865 4951 1895 2706
5105 819 5364 2013 1137 2238 2587
5106 2924 992 1770 127 1558
5107 2075 1008 61 291 1069
5108 1240 5378 1297 5325 693
5109 114 154 6426 2989 3180
5110 739 76 119 537 1177 2076 3410 5717 3039
5111 2412 2134 4624 3028 4105
5112 2323 2231 2887 1876 1537
5113 1416 152 3545 108 1260 889 2456 16 195 1320 93 3870
5114 1218 4236 1763 6575 108 4673 546 6036 1555 2323 4498
5115 4714 749 2055 1891 242 817 297 357 1795
5116 1079 1061 5791 2062 1063
5117 681 1484 2021 711 3725 1545
5118 141 6144 452 156 4608
5119 81 1417 2892 562 2026 770 1562
5120 5557 672 4108 5485 4507 4219
5121 945 2051 6576 3683 169
5122 432 146 809 2088 1915 687 2666 3876 351 1239 5422 3197 784 768 1105
5123 821 298 4401 687 3540
5124 321 398 2376 742 1752
5125 97 2469 976 321 6125
5126 4201 4642 5268 1055 3132
5127 1379 1453 895 1826 6577 65 4986
5128 3783 2545 1054 268 5132 6578 1579 3894 5934 901 3123 479
5129 5522 1008 816 916 1927 3827 1880 881 821 2775 3429 127 753 709 2190
5130 179 6579 3886 2535 114 260 2057 4178
5131 1163 3017 1557 4711 6580
5132 359 940 2810 6443 4717 2812 5 3086
5133 1176 23 168 3746 1011 1540 4217 391 2947 3614 7 4998
5134 2104 3865 1999 4221 5407 1871 228 4032
5135 671 2029 4 4812 6581
5136 2148 2340 885 5844 6065 2900
5137 1696 486 1795 36 6582
5138 1139 127 76 5790 6035 2387 2441 2098 88 175
5139 3530 1202 821 1069 155
5140 318 5242 1620 5069 4555
5141 1485 1841 5324 1753 1183 5153
5142 3356 1054 821 2260 2597 154
5143 317 1681 68 2279 276 5145
5144 6583 1359 886 248 356 170 4585
5145 5087 1298 2146 3441 5765
5146 229 2332 234 1392 6584
5147 1285 811 96 1353 1239
5148 2125 972 2678 5292 192
5149 1742 1054 1989 2345 1764 331 1202 821 948 241 626 873 2924 5529 671 2572 897 687 2786 87 2357 1149 6448 3927 35 1587 311 596 143 1660 1260 4361 4373 1379 1589 186 1767 326 6254 4372 1741 480 460 54 6234 1033 3397 100 3787 3114 1889 833 6585
5150 2419 989 26 506 1270
5151 3828 1467 3577 6168 1082 609
5152 858 5378 612 4806 87
5153 5668 50 926 2127 1589 2692 4325 4627 971
5154 3463 557 1350 1048 309 1054 826 652 1205 1665 1315 154 1176 1507 3628 723 466 930 451 36 1711 1575 1067 480 148 576 6586 2916 1435 3065 6587 617 2732 4418 95 4773 6157 5270 3459 6588
5155 4157 1630 2357 2366 3790
5156 3864 365 114 3865 2708 1195 4587 4183
5157 1729 589 1229 5450 6158
5158 1551 3353 713 895 369
5159 1038 152 153 836 2880 1554
5160 367 4889 1110 463 334 6589
5161 2519 2259 506 5425 1806
5162 356 1013 3358 2585 217
5163 588 140 6187 280 4891
5164 1507 4298 3421 171 4735 2495 114 189 1640 977
5165 1761 1202 4367 352 539 2520 1342 1242 1126 1008 1996 1433 1931 4257
5166 1359 749 81 816 1013
5167 6499 1998 6590 1862 2359 938 230 2343 6591 3804 2709 6061 2532 1893 3227
5168 988 114 3199 2648 66 1347 750
5169 67 2409 745 548 5136 1550
5170 254 7 794 2117 3092
5171 6521 1757 2832 1719 141 466 1342 1209 2932 489 45 826 1224 276 2239 1202 522 3223 1608 4495 5536 1686
5172 1072 1054 3190 4058 3589
5173 6378 2602 6092 3778 4864 972 711
5174 711 1053 4797 6504 1067 6233 1011
5175 1288 503 3190 336 209 1482
5176 1693 1750 2357 135 1764 4849
5177 2136 583 3752 151 1628 4631 3172 61 6592 720 46 1900
5178 2082 616 3779 2387 6295 3097 4053 742 2111 447 1569 6593 6091
5179 1034 6043 4497 3636 693 1160 4958 2484 4593 4617
5180 6594 5661 933 1029 593 1022
5181 3583 1041 583 179 3746 753 3316
5182 1956 2131 5044 1587 4596
5183 493 841 409 5214 423 259
5184 2016 2679 3499 1869 992
5185 742 675 4093 2410 2366 298 1530
5186 2410 85 172 331 60 61 4056 2673
5187 3498 311 687 5811 448
5188 276 1236 1055 4642 1425 4717 587 1087 2734 139 1088 491 1184 1091 1429 1094 604 5233 1098 5804
5189 98 675 4533 3093 6595 5519 2930 1775
5190 1918 1782 4790 3909 3771
5191 484 2315 834 1691 1291
5192 859 492 1227 1224 1202 1838 310 4890 3897 6596 2201 4372 969
5193 2426 777 4244 1803 1806
5194 367 2310 1612 309 2934 67
5195 4371 510 1165 152 866 575 1786 6597 792 530 5813
5196 2136 2796 6134 3874 3603 1370 1022 2309 1587 4255 829 5392
5197 2122 1494 6370 4209 2039 2450 6598 1361 5399 1287 5123 3668
5198 1966 1783 1690 3122 24 1149
5199 3042 132 1646 1478 784
5200 270 6159 493 297 5639 889 1262 4372 1055 721 6599 6600 634 2267 816 4642 3027 3297
5201 6159 596 930 3927 6601 2353
5202 6602 1895 1864 6430 183 698 3987 556 2662 364 621 3751 114 2051 3620 3154 4193 4033
5203 1468 542 1425 1184 491 609 3980 3086
5204 1347 484 3280 959 2156 2055 377 37 171
5205 2049 2200 2784 1516 3042 713
5206 165 2800 1271 1359 111
5207 2212 1823 5325 1386 1847 668 1029 1402 254
5208 2592 6221 2595 6603 5412
5209 666 997 3576 5090 148
5210 2463 5793 4469 317 1788 896 1915 430 1753 137
5211 1658 1611 6604 1202 754 246 13 3368 3684 2486 4696 742 3251 79 1068 349 2518 1684 169 1995 3074 409 1239 4622 2317 6378 1979 6605 114 1149 5939 1507 2326 817 1067 297 1040 128 5988
5212 3358 52 6606 989 4770 4095 2161 1149 311 2040 411 3339 4165 740 56
5213 6509 2044 2607 2292 2089
5214 2125 1149 1603 2357 4498 2231 2232 6179 1737 6607 4249
5215 5150 2409 1055 6108 69 480 5884 2059
5216 2612 1372 859 3968 2274 1697 2257 297 3102
5217 2200 187 5960 1029 3370 263 701 98 4282 5243
5218 650 1347 476 930 5492 623
5219 34 1353 1673 1890 6608 4006 5089 5629 511 2011 1536
5220 2964 1631 3902 1619 292 186 826
5221 1347 3845 6609 1040 153 3307 1276 3495
5222 834 5227 928 1844 3216
5223 32 6127 765 2200 1541
5224 480 589 3271 824 1986 107
5225 3694 2172 1031 1192 288 5270 336 3950 961
5226 377 2116 1074 650 2786 1635 4501 66 4053 2568
5227 652 2518 128 641 1646 1711 818 287
5228 5479 1474 590 2558 3460
5229 268 635 108 2419 1371 1763 2201 25 5364 227 641
5230 1229 653 242 775 682 492 2416 2947 590 1500
5231 261 2947 589 1011 5972
5232 2866 5135 6610 3291 1156
5233 621 5721 1318 3528 420 245
5234 164 1483 1375 1247 173 912 5514 4003 5216
5235 537 3678 4324 290 3339 1120
5236 2582 6224 117 1008 276 823
5237 1764 5225 1387 1510 4271
5238 4126 3190 858 811 2987
5239 4418 6611 3133 1601 4754 257
5240 1273 6297 469 1537 49 73 5866 1071 4532 5261 439 809 6178 1567
5241 1417 367 1729 2073 1474
5242 1415 150 933 2956 349 1342 1329 2612 937
5243 3377 2662 474 2343 1598 365 3805 3156 5928 1866 2654 6612 2707 1067 4728 1893 2183 6613 3962 5726 6087 2794 151 169 524 5627 1577 2927 2808 405 1468 2810 4691 5247 5233 1281 609 1279
5244 1071 1425 139 4123 607 608
5245 763 893 2897 4777 1795
5246 2934 4679 461 1582 311 2273 928
5247 3614 2145 349 5222 6614 2883 4090
5248 1681 6615 3101 1241 1006
5249 153 4750 2738 1022 818 2051
5250 3367 2413 905 71 4920
5251 1229 904 1915 1100 970
5252 4216 6616 6617 217 876 930 1069 125 2424
5253 732 127 443 2419 583 2238 4523
5254 945 13 3559 2448 1192
5255 297 1711 1938 4678 2020
5256 1999 2532 179 1867 991 509
5257 806 2776 6145 114 1119 4273
5258 4927 4892 3258 3026 833
5259 241 5574 6618 860 1566 6497 5217 859 236 2075 2 6619
5260 3867 1212 3528 1752 114 1841 420 1433 2785
5261 69 6270 1484 2102 2314
5262 1265 1239 253 850 2243
5263 1902 1639 271 1841 2297 817 6444 3007 557 3240 5189 6110 1405 4141 3316
5264 1150 3968 698 3117 912 2076
5265 414 68 4832 5314 3008 3494 586 5125
5266 298 637 2326 114 940 666
5267 3783 739 1038 732 3340 1185 2892
5268 2383 1229 2825 76 306 930 4076
5269 2044 749 1372 867 2220
5270 4581 540 541 1228 701 5104
5271 2133 126 6620 3447 2098
5272 1759 1055 53 1041 816 2774
5273 1371 2459 1771 2901 109
5274 498 349 443 666 4575
5275 2265 2756 5419 5153 5617
5276 2273 1766 3756 6621 114 2544 1312 5728
5277 2345 803 1443 1516 865 323 1577 6622 2946 76 5731 4507 3537 1991 565 505
5278 4020 1347 1129 4411 4292 6623 1165 297 1312 740 359 5182 2133 1374 3023
5279 1436 631 311 378 1764 1316
5280 3957 2475 2488 2212 1298 2512 1008 4665 1667 3001 1114 850
5281 5636 3007 1137 5117 4998
5282 763 1307 443 4318 268 1829
5283 476 4532 240 5564 396 5535 546 246 3174 1756 191 32 399 2536 4665 836 918 1828 833 788 2590 5079
5284 675 41 5255 718 1889
5285 4020 297 2940 1881 758
5286 655 179 127 303 2140 163 816
5287 690 1510 1202 1757 694 135
5288 753 125 260 2043 5208 4267
5289 5633 74 2738 2087 4665 5044 2893
5290 476 1298 1231 143 108 1720 3803 868 847 7 573 985 4258
5291 4363 2716 2860 2309 2606
5292 5753 81 3397 4418 854 173 2338 3871 3606
5293 987 473 2736 66 3995
5294 179 268 5572 410 3202 69 5016 43 78 2572 2895
5295 1178 1551 6598 298 316
5296 2350 4071 539 3193 3843 4803 4801 492 474 476 53 3862 4878 2076 871 3881
5297 297 2902 5581 298 4103
5298 1891 4221 2706 360 1895 3934 3448 2484 2636 1841 1577 2927 369 3978 371 4356 3662 3533
5299 4594 1111 3164 3622 178 4083 834 2315 3368 6624 1518 434 4546 390 166
5300 6520 6625 5368 1233 758 1815 5197
5301 3838 4943 712 1629 6586 3023 1831 3932 6626 4451
5302 3188 150 267 3160 1038 332
5303 4147 266 476 5492 859 2416 2878
5304 3091 1510 88 3133 3376 1393
5305 1029 6499 3808 179 530 5949 2273 5726
5306 3321 2047 162 151 5939
5307 53 297 1266 200 4767
5308 2346 1610 1071 379 5494
5309 976 1298 1505 153 836
5310 2746 1428 6009 3692 3859 1260 173 6627 4772 1646 3891 3484 1974 3131 1782 619 1326 912 2147 909 3310 2466 4532 4192 1690 784 176 587
5311 1029 4728 668 1599 5062
5312 1347 2009 390 297 2915
5313 1202 2928 174 648 171
5314 3741 2263 168 6454 5731 3699
5315 4002 987 1147 79 367 2986 948 303 128 53 2195 1018 2109 416
5316 6628 877 2188 3277 3234 6629 3239 337 634
5317 542 532 730 1841 689
5318 753 76 16 2436 1276
5319 268 4759 6630 2138 4071 443 3530 3458 3830 3575
5320 1340 264 274 1485 5894 5223
5321 972 1589 1069 5630 1942 1433 4784
5322 463 739 164 2871 86 5222 836 430 2720
5323 475 2440 7 1593 5189
5324 179 1893 3886 1780 228
5325 1836 1046 836 175 1841 1241
5326 114 493 1976 5153 2306
5327 1708 221 6207 154 132 2883 4261
5328 1603 687 4614 1679 5729 788 3921
5329 476 666 1321 4339 2037 621
5330 4182 487 152 1417 1199 723 2393 2757 1256 3144 2231
5331 1951 2153 40 2776 22 3515 1399 1531
5332 1037 1787 1185 4502 988 1584 1050 227
5333 459 952 1034 631 1761 859 246 2757 5718 37 873 1433
5334 6343 391 636 4563 399 1248 1184 5400 1365 2484 682 4038
5335 81 96 3545 5168 940
5336 940 259 3869 1311 6631 3849 2856 3870
5337 1510 5289 2267 3728 4803 2435
5338 1008 5989 2023 2327 155 5794
5339 221 2457 718 114 46 4225 1229
5340 2801 895 1642 4073 6224 4749 2686 6019 727 6543 2323
5341 2737 1616 6466 1015 948
5342 186 10 1003 137 3230
5343 5459 6319 2848 3521 5483
5344 1178 476 462 4925 5518 959
5345 229 2548 4417 1780 6271
5346 66 1176 447 152 3882 2937 3325 1354 248 114 276
5347 6632 1266 5572 4121 5981
5348 482 2052 1589 407 912 1334
5349 659 3660 675 1088 1523 476
5350 271 108 1752 3079 52 655 2067
5351 867 930 410 2464 1925 2238 4873
5352 151 852 1570 930 3129
5353 1700 3206 588 629 2847 1498
5354 179 114 1054 1176 1488 4857 968 4319 4945 443 2303
5355 6015 2200 2996 50 5901
5356 2718 984 1891 529 6032 3072
5357 1183 2017 3126 6633 4624 178
5358 1123 5341 4523 164 2779
5359 5706 474 1468 651 114 1893 946 2329 245 2653 826 2492 876 3755
5360 2629 5166 152 816 1055 2644 824
5361 1040 1508 817 2895 1336 2214 1078 3265 7 12
5362 5322 818 1112 3720 1783
5363 3132 1150 409 1384 5113 257 1433
5364 3704 2776 5883 4111 2858 2895 2894 2729 3421 249 4254
5365 246 229 1835 3042 511 1989 1507 2454 3669 576 6634 2974 3289 5792 5824 989 3031
5366 1239 1117 3605 5296 768 824 507
5367 53 2579 108 666 382 2587
5368 4206 2454 276 1823 77
5369 4127 624 1793 3678 3098 1456 3457 5840
5370 3129 1878 2061 1337 2242
5371 3661 979 1251 6635 4630
5372 2191 985 2073 443 3559 6091
5373 3899 5890 429 6636 1935 2204 832 6637
5374 365 1872 1624 1780 245 234
5375 5462 3979 1467 2967 2436 1468 542 1077 1425 587 1429 604 5233 609
5376 6166 26 474 631 2477 6114 5857 4927 1948 2047 1533
5377 1153 473 5942 3898 52
5378 89 519 3549 120 2509 385
5379 149 298 268 152 636 2557 809
5380 2561 3308 5396 284 147 2585
5381 3800 2061 5744 5652 1607 6464
5382 1237 2518 2281 1337 2156 2242
5383 1390 1763 826 4063 416
5384 53 242 1836 1531 4078 622 1757 1326 617 1783
5385 6169 6638 1937 871 2272 5782
5386 3095 3583 1616 955 5081 390
5387 3497 2551 4921 646 6639 5573 3141
5388 621 886 476 53 817 81
5389 245 930 3919 2055 2720 931
5390 763 152 1473 836 6640 2044 757 1740 257 1980 2078
5391 499 662 3933 6641 5655
5392 2536 2687 77 85 1062
5393 682 2477 2806 1316 1527 2632 1337 151 5870
5394 876 4617 2840 517 297 68 3893
5395 5315 6642 172 6390 1667
5396 596 666 2557 174 4516 3025 3092
5397 2339 885 2083 298 2290 1985 763
5398 367 688 4437 1783 152 1626
5399 2662 3700 6331 6643 6644 4375
5400 158 930 3044 4046 6645 2419
5401 247 536 487 1040 1122
5402 881 2856 1825 810 1989 3094 115 1729 297 1711 6460 2512 1727 4263 4682 223 2357 108 114 5566 1140 356 4626 2273 4252 1715 1444 1709 68 3624 897 4894
5403 1165 297 1868 267 4430 481 6056 1224
5404 1770 5488 3319 2818 6088 245 1265
5405 245 151 740 4421 3121 1017 6646
5406 1515 2310 149 627 1185 4343 693 4583 255
5407 67 1485 151 3027 3072 1108
5408 621 3261 2757 53 108 200 2047 5045 152 100 627 1505 592 1100 416 6001 5457
5409 763 2605 4664 5576 749 4380 321 972 6416 4073 3644 2217
5410 5579 1822 5770 1111 218 37
5411 3403 928 473 152 6074 122 666 4180 186 5628
5412 1037 1354 867 4063 1272 2529 2436
5413 127 24 3523 221 67 4803 86 1628 1202 1203
5414 650 1978 6358 5692 930 108 85 1920 881 989
5415 842 949 127 81 593 675 1296 53 356
5416 2255 5732 1752 6647 863
5417 474 264 13 4921 3606 5435
5418 945 263 1396 5947 3410
5419 173 1350 784 617 5066
5420 507 4050 4111 1433 1841 3528
5421 5629 1918 6648 1795 901
5422 1847 476 179 2991 1584 4919 2193 1202 480 1503 3968 940 4942
5423 2361 1889 4832 2520 6649
5424 460 5447 254 141 3079 589 1831
5425 108 709 332 1038 448 2454
5426 5299 52 2179 428 4285
5427 5723 151 1150 6258 1873 5018 1031
5428 149 859 1579 2853 24
5429 3546 1185 2536 809 416 1023
5430 1039 2204 2355 3368 5117 6161 6097 824 2416 1831
5431 3247 2686 126 1914 3988 1056 1230 4503 2755 184 107
5432 859 2404 5517 2618 153 24 1298 3728 4607
5433 323 16 1711 1690 5865 970
5434 627 2327 2110 2482 1927
5435 2164 6178 3176 576 4294 1541 3231 810 1163
5436 6581 1651 1951 6650 459 959 4926 945 1113 1347 2141 428 334 240 496
5437 5749 2072 1029 639 4296 2884
5438 367 1170 1210 1486 4583 174 152 1241 506 117 155 1150
5439 3550 6345 2828 5928 265
5440 2108 3894 1763 1645 240
5441 4147 3023 511 641 2229 2694 4763 627
5442 288 1242 4905 1456 253 586
5443 2227 2111 3758 2026 1767 339 4595 1731 2579 4334 1571 683 4445 1276 4444 58 3431 4630 384 385 4440 2509 91
5444 1137 1008 926 1243 2546 1189
5445 3962 297 164 2290 559 1698 3008 36 925
5446 5135 1837 687 6276 740 108 4103 905 153 6651 1242 1199 3325 2116
5447 1292 2675 316 76 2075 681 6652
5448 621 2200 3004 906 465 432 720 514 627 480 1149 1380 481 37 2977 701 1239 2289
5449 480 2043 85 2368 4680 3193 3702 869 6653 400 6026 4615 1248 4192
5450 174 5190 972 3926 4168
5451 1696 6654 2928 7 722 1100 1967
5452 4866 5257 2656 2273 3117
5453 2496 6655 1137 1553 2410 6656 469 256 4217 6657
5454 1224 6575 5205 1427 1659 6658 1160
5455 3276 3908 4893 3916 2547
5456 2110 174 3280 254 152 1342 740 2694
5457 360 5821 2389 2533 1893
5458 1137 443 6429 2537 114 870
5459 6418 4748 1772 1703 1741 6369
5460 651 753 5900 443 2140 3515 2030 2378 3 883
5461 889 2637 357 4955 4731
5462 2841 2076 1763 3992 2557 1005 1943 4665 2357 391 1816 1713
5463 341 793 937 6569 5609
5464 6659 3373 1730 400 480 2326 1229 3784 6094 2743
5465 482 1055 2154 1456 4954 3332 1192 3100 4790 353
5466 3462 6614 81 6186 1008
5467 2934 1385 2985 6544 2156
5468 1347 842 5680 4149 910 45 6072 1914 463 1417 77 948
5469 4250 2413 96 6035 2453
5470 42 854 1432 1807 5559 5153 1026 7 976 576 2582 289 3411
5471 2212 297 811 268 434 152 6519 3187 3314 5891 4240 652 4869 2144 3325 1757 4029 146 655 2148 6598 3659 288 742 221 2854
5472 4022 6660 654 6661 5959
5473 5521 1358 52 1729 5765 6563 3584 3569
5474 2755 1166 1205 5818 6662
5475 1847 1347 13 987 1147 108 473
5476 1135 108 91 154 3718
5477 4504 3399 6396 1680 1224
5478 227 1587 2825 1970 2108
5479 349 1400 2784 5376 930 3104 144
5480 4063 298 617 293 781
5481 1634 317 151 2636 740 85 2987 4245 171 3572 463 331 152 3524 146 3703 3307 4192 2779
5482 2512 298 814 5285 3102 2753
5483 502 2091 5143 5925 4240 6580
5484 298 1069 6031 588 293 2987 89 192 4891
5485 1423 1603 1123 5324 83 342 4559 2364 266 1298 2014 2095 2247 912 4701 5117 793 91
5486 179 1949 5995 899 1 1629 498 455
5487 114 687 151 4223 809 3768 2020 6592 784
5488 816 4422 3591 2067 1292
5489 972 830 825 1032 2909 558 3036 773
5490 501 3162 476 4127 612 892
5491 432 367 909 3435 3771
5492 1761 558 5857 744 162
5493 1029 298 858 476 114 1055 2676 547 1936 3160 655 3251 297 5094 2570 315 2878 1546 305 4593 4603 3276
5494 367 5109 1483 5387 2063 3107
5495 5547 1396 4930 3601 4505 3764 2782 5723
5496 2096 2144 1286 125 813 1050 1407 6609 1232 767
5497 189 3605 152 1247 905
5498 5287 1731 200 5938 1725 164 3801 6615 798 3324 2140 170 3291 626
5499 1894 367 2383 3091 726 408 1465 1741 959 3725 2362
5500 297 2512 2611 742 67 456
5501 1113 1966 1718 1036 909
5502 2482 1236 3276 5104 948
5503 2160 4531 1087 5951 6663 4970
5504 298 2634 1510 3367 302 1374 2915 1603 687 147 2536 59 3747 5566 2413 1474 4367 168 1828 1793 1149 1558 4134 4013 4964 176 1160 6664
5505 6665 1841 2757 24 976
5506 1753 1446 816 3992 1396 1679 1023
5507 3927 297 5707 636 3023 687
5508 1154 1416 2202 248 476 5817 108 297 151 4081 2319 1402 834 5161 2199 959 2814 2427
5509 580 3940 4453 1202 6517 2518 1479 6666 172 1640 768 5077 2691
5510 1689 3130 1764 861 1199 356 4765 2829
5511 2643 6337 2662 4055 4316 2742 1903 1902 2810 6386 4730 4012 2377 4026 2973 1281 5509 609 4087
5512 3507 5063 241 4567 2017 298 1962 2406 6667 4940 46 172 930 6668 1890 770 1997 987 4192
5513 2706 6084 524 2926 5627 1665 2927 2482 1818 3291 2572 1433 2075 542 1077 1425 3646 2593 491 605 5509 527
5514 5540 1695 3255 2365 3314 1548 4436 4923 1932
5515 3007 1410 898 5576 3688 5878 300 4593 179
5516 5586 2235 2746 6340 311
5517 876 2164 5801 114 5364 1236 1590 422 1351 1876
5518 2272 1170 25 55 1682
5519 2526 5766 836 1298 2067 1449
5520 1401 6669 3124 696 4298 3961 841 767 532 1202 5364 170 1486 1113 145 1040 693 3083 817 36 65
5521 5220 108 5538 6606 824 3449 616 2252
5522 2657 443 5938 68 1185
5523 810 1273 942 68 78 959 1715
5524 6670 1582 2163 4104 1955 1551 1583 227
5525 2644 940 2450 2949 5763 174 1222 256
5526 1202 2518 740 3193 634
5527 1524 151 1529 1708 221 1833 253 3487 380 6092 355 5093 718 4522
5528 958 2305 1303 3927 681 631
5529 949 2944 22 132 6060 4731 4075 2020 1478 1362 2008 6508 3548 400 3515 773
5530 367 114 6670 524 5129 4894
5531 511 3193 349 1447 1112 970 1564
5532 740 95 1879 2362 1508 5552
5533 149 298 1687 2865 267 3586 1788 623
5534 321 3091 565 519 1498 6456
5535 1018 270 6646 4097 1456 2580 3965 739 1681 253 4726 259 4891 1617
5536 987 6276 881 3463 2465 26 155
5537 550 885 47 731 6226 241 624 2639 1659
5538 1590 4391 6671 1068 763 4041 1366 3032 1626 169 186 4113 1367 6668 4980 4478 2339 5967 2115 4758 1879 598 5164 1640 5165 139 4123 3647
5539 4526 5202 2775 5530 1881 1772 2739 3581 3448 2632 5371
5540 2076 709 1344 6672 209
5541 2792 1662 4871 5336 1275
5542 276 3373 961 1584 227 2479
5543 1216 245 306 4935 1585
5544 108 637 3133 3515 24
5545 6673 5117 5728 3471 227 1232 683 4034 3587
5546 1604 484 847 1630 612
5547 6425 4024 6674 6074 382
5548 2780 5531 1271 3064 5954
5549 670 5002 1185 152 2806 976 5384 44 5031 155 1290 1219
5550 3867 681 332 4099 81 3281 2393 3102 3391 6675
5551 655 81 4577 152 1697 1137 1851 4 4522 575 2814 6517 1187 768 2513 1558 6091 294 2590 35
5552 6615 6227 6676 1715 5182 2508
5553 152 349 2694 6677 37 809
5554 621 631 2361 836 146
5555 3007 268 1815 6678 118 1255 4738 1329 1572 2657 1778 4522 2263 2632
5556 1868 1365 3600 3261 2278
5557 1978 2116 1686 2069 3700
5558 1239 1369 6679 2336 1218 1557 895 926 235
5559 1425 12 587 139 607
5560 370 3654 3679 4108 1469 1570 4730 1966 336 770 6680 1101
5561 3685 1882 5576 4595 1127
5562 3828 763 1026 843 6481 2666
5563 4024 97 6416 2569 341
5564 2273 1447 930 108 1153 3547 1563 1016 619 4077 701
5565 476 522 1035 3290 5677 2629 3042 24 4892 3595 149 3388 687 139 4576
5566 938 1624 179 234 1402
5567 1416 1949 2814 1510 3173
5568 5287 200 1982 2879 1767
5569 2207 1071 2363 5570 3125 1347 158 52 816 492 6296 1507 4225 2917 161 164 4894 6174 4470 5066 3610 1570
5570 2140 3080 3102 3983 433 6681 147 5672 4157 2455 1978 2889 1183 68 4 4282 156 4884 4610 3973 739
5571 4140 792 4948 81 5139 3303 311
5572 1037 1841 1072 2807 1058 1406 132 1071 5834 3002 1074 1480 438 1078 5893 168 1060 768 4796 4717 139 1090 1088 6682 1277 4661 1091 5006 2377 1093 609 1095 6603 4124 3051
5573 6683 2025 874 441 248 811
5574 2049 1888 1035 3035 199 2128 6577 909 134
5575 1624 757 1112 1435 415
5576 814 1250 5916 1335 1026
5577 5607 764 3695 548 1568 1260 1262 331 2399 2133 366 245 3401 889 2677 1784 5511 4415 2630 321 4380 20 409 4699 2955 3267
5578 2912 2354 5216 842 2075 841 840 1953
5579 2096 1327 6134 2146 6559 1540 5238 2181
5580 1468 2921 744 3392 963 816 4329 19 6684 6548 487 4211 2622 3064 5847 2156
5581 96 108 174 1799 1220 298 2484 959 4346
5582 1396 870 2278 2012 764 271 2110
5583 68 108 2357 3389 61 1008
5584 5200 2451 6685 430 2858 1761 1396 1510 2557 16 909 1783
5585 1202 948 998 632 2785
5586 57 67 4157 89 644 4323
5587 6686 1896 1195 3399 5628
5588 1930 1467 6297 3764 128
5589 979 298 2756 2003 2565
5590 265 2746 5586 2652 672
5591 2166 3850 621 128 4953 1374
5592 4692 2808 372 1425 1907 4911
5593 1639 2193 5372 688 5626 1484 35 3042 3029 1356 4066 2905 2468 392 76 4150 253 1137 2247 3537 5030 1537 1410 151 631
5594 158 52 6002 4282 1954
5595 885 3546 1017 8 2742 1474
5596 5213 274 127 53 3188 314 249 989 4597 3196 349 1038 114 1298
5597 66 200 6520 356 2108 765
5598 1176 267 5607 2926 6391 370 326 309 2436 209 2808 1467 1591 582 1072 1498 6443 4122 12 2719 2377 1492 604 3980 1430 6203 609 5434 3086 6147 527
5599 2746 164 3164 2473 1347
5600 167 655 1679 816 4817 6134 2935 5573 4835 2909 401 6161
5601 2283 1055 1953 5352 2419 3728 1763 4422
5602 3200 5891 5671 4669 3238 2104 3775 2244 3191 4101 1746 1608 3134 3072
5603 151 4484 1055 1042 841 5823 1601 1756
5604 2859 52 2500 2620 227
5605 271 972 701 1628 506 1631 1752 5500 2610 3335
5606 158 739 3737 255 5744 4192 6687 766 443 2410 18 781 6688 2784 629 909 3139
5607 376 1990 3238 3690 4614 5209 2577
5608 583 2207 6689 1707 2096 1794 5510 4368
5609 1202 1524 3240 511 1626 2035 4112 6056 603
5610 2501 928 1026 506 5943
5611 2856 1453 155 257 416 1449
5612 52 1013 2311 1260 1326 4776 860 4534
5613 4374 1459 4112 757 5082
5614 164 1305 797 1233 2522 276
5615 4593 3042 297 19 1040 2840 144 5387 1361
5616 2586 1229 390 966 2757
5617 2956 2989 1035 3849 381 6468 854 3025 1078
5618 2091 1127 473 512 4636 740 3594 4827
5619 13 3216 3264 5613 1069
5620 1795 5999 699 758 1787
5621 6343 3898 89 853 479 2458 4669 2806
5622 3650 297 873 927 1483 3118
5623 297 164 1375 4172 2403 5886
5624 114 227 293 4785 141
5625 331 1467 2618 5987 3413 1402 81 6690 487
5626 3318 859 3805 2224 1610 3267
5627 1208 1165 6306 4415 1112
5628 2455 1552 881 2536 2417
5629 941 24 5658 1372 1071 3434 2075 3904
5630 1352 5026 576 3276 1067
5631 108 447 408 813 687 2530 817 1587 3955
5632 229 114 1893 274 2699
5633 96 3392 1729 221 1073 154 416 3273 3665
5634 1996 1740 2074 1270 1000
5635 7 6236 816 4844 5608
5636 3097 1546 1026 1510 6015 4231
5637 931 1976 2174 1053 4290 77
5638 1624 3865 2001 4728 234 1780
5639 1890 5465 15 390 5933 5565 1792 1836 1969 4763 298 2430
5640 81 5619 3397 2519 276
5641 1289 1995 764 2096 4023
5642 78 643 249 3714 957 4026
5643 1467 3170 6657 1764 420 6666
5644 473 428 1624 152 242
5645 1374 787 1992 88 1783 154
5646 2922 1890 790 323 5186 2356
5647 4913 575 1966 311 336
5648 2742 1033 652 1600 2673 1241
5649 5103 54 280 4296 8 4261 2493 5348
5650 2450 1847 435 841 6691 1224 108 1696 3310 1411 409 590
5651 5607 6692 859 3538 3675 3548 3012 3581 326 336
5652 4934 2569 1878 2786 3970 6159 916 257 687 271 3314 4052 666
5653 331 4614 2061 174 1793
5654 5868 5801 259 1106 826
5655 1072 1467 5006 5053 1095 3980 5233 1098
5656 276 254 108 1178 280 637
5657 3586 1650 6693 367 4453 297 1629
5658 403 3593 760 4626 297 68 2742 978 3893 2537 4920 4895 1076
5659 409 6694 5636 2575 71 3660 4920 2890 1149 713 1008 412
5660 2125 4918 1610 3673 4157 666 1075
5661 1272 26 3842 2536 1019 1831 2417
5662 1352 3711 79 550 5355 5694 254 6695 5276 5823 1781 108 2156 1370 288
5663 229 4193 360 1150 6499
5664 1055 4002 1417 2426 3595 842 143 1645 430 2858 171 2417 505 659 139 2450 1725 271 930
5665 631 108 4023 2987 2419 1604 3095 1418 2540 828 4452 5974
5666 4577 1468 5664 3029 419 4957 3294 2657 631 115 2419 5581 816 802 4215 1834 5107 958 2393 6696 1922
5667 4413 583 416 2917 4192 4084
5668 1624 2297 2393 5630 7 1741 2716 158 271 1628 693 441 5399
5669 2890 3120 6200 1662 1110 1699 1205 1964 4125 3075 2444 2498
5670 1675 2842 1708 185 1952 220
5671 4512 3537 2189 76 2713
5672 1787 533 2456 5068 1202 1434 3968
5673 1551 4268 5856 32 6697
5674 152 6304 1365 1993 173 1849
5675 19 1055 1018 3854 4136 5565
5676 493 1147 915 77 334 2037 624 6176 5535 25 1184 150 4378 5454
5677 122 1544 858 6698 297 4514 2156 5628
5678 1868 877 5535 1106 416 6699
5679 720 5960 6700 4512 2323 757 1122 4325 3411
5680 1165 740 87 1484 54
5681 6701 1587 723 2096 3035 6268 1008 3175 76 897 1795 600
5682 4699 61 6131 354 1326
5683 2414 1396 3776 816 485 435
5684 4925 4323 5395 1147 3040
5685 6702 5766 108 1137 5117 6149 2931 1506
5686 3171 1036 905 636 1078 2598
5687 558 5224 2611 370 99 517 4269
5688 1272 3863 227 2890 6394 6218
5689 1760 1389 6703 5080 434
5690 361 1896 4412 229 1998 245 2329 2549 3653
5691 268 655 4215 6290 3572 6704
5692 4157 1757 2144 4029 637
5693 4058 1713 5848 3717 4571
5694 297 1727 681 626 6585 3718
5695 179 3954 2339 4222 2709
5696 1398 77 445 1388 633
5697 6035 3395 943 3647 1734 583 7 5127 4546 291 5134 6280 5251
5698 4972 4641 6645 2861 1459 757 6597
5699 1105 6469 2720 3598 2325
5700 3264 1727 2487 332 89 3139
5701 1836 1419 2956 596 1966 68 493 108 720
5702 2673 2889 2436 2059 2990
5703 1951 3166 1516 3958 472 2770 809 5846 1763 169 612 787
5704 297 79 740 3597 221 959 2840
5705 2354 546 297 1836 1203 801 1134 817 5602 5728
5706 1976 1373 1845 3601 4533 1516 1387 4803 4640 891 1603 2233
5707 539 4282 6140 6653 4074 3566
5708 4132 68 3057 3679 507 3072 60 61 315 2851 1292 1229 2650 399 5256 270 3135
5709 1153 332 1770 493 6272 1995 245 311 1944 480 3392 1383 1587 687 621 2393
5710 367 6542 1055 2076 1933
5711 863 3510 4584 5571 702
5712 6429 859 1165 5166 2034 1156 110
5713 96 1486 1767 1202 2474 1216
5714 281 5579 802 1822 4133
5715 5643 1209 3966 1271 4617 1592 1976 4134 511 997 4487 3368
5716 1788 52 1135 1614 390 901 1138 3514 2995 116 957
5717 593 1185 636 1577 5117 872 1900 227
5718 1841 3187 2014 4075 6462 1006 1202 1459 2089
5719 2018 6355 5283 417 3276 1444
5720 4352 1571 119 2302 4826 4536
5721 3190 77 4689 6692 493 2462 331 122 3427 612 740 1176 862 489 114 4973 2522 4902
5722 6705 4769 6214 1415 87 2502 2508 6706
5723 229 5917 2896 841 642
5724 5932 3555 274 53 356 1003 35 2916 5172 5259 482
5725 266 1432 797 151 2890 1170 3169 4297 1026 5166 4554 1757 2147 4 4993 5966 687 3077 2156 1353 409
5726 5640 4546 944 1988 6563 5422 4954
5727 4992 389 1000 6707 5265
5728 331 3258 6708 3510 4774 3452 13 3797
5729 274 2323 3940 1218 52 2079 989
5730 4381 662 4427 803 4883 3661 4908 81 24 526 53 4656 2894 409 1433 287 6709
5731 4689 3558 3266 1933 1202
5732 2512 1342 3482 5123 5960 6504 4609 3985 3135 4226 1611
5733 709 2110 1507 1941 804 891 556 961 2935 5342
5734 1053 1240 3362 2755 2202
5735 1393 849 1166 4184 256 6710
5736 621 6191 1491 4260 1433 5077
5737 1673 1696 171 2740 6116 3344 2860
5738 1055 40 6711 6712 1725
5739 3072 1200 940 628 53 10 357
5740 4418 2737 710 2021 422 4943
5741 1691 3163 2798 4448 923 5752 1684 4568 1447 6584 311 976 2793 924 3073 1057 1383 961 1187 927
5742 1807 5040 1160 1118 1603 2014 213 1378 4396 1885 5031 2693 1062
5743 1007 5856 2013 2847 3315 3540 440
5744 1019 3744 2267 5987 687 2430 2883 161
5745 6476 1029 96 2523 489
5746 3754 67 5461 2617 4071 4397
5747 708 1502 6106 2809 6185 612 2566
5748 2548 2550 1829 1399 915 1292 3624 2350 1208 2384 6462 3722 5384 1412 5404 3010 67 704 336 5842 4722 1200 328 243 66 6105 2603 847 4441 5861
5749 2901 5413 1293 2792 694 1049 5673 2999 3994
5750 3299 6713 3504 1192 631
5751 3536 4754 2843 1108 2236 2277 1269
5752 859 4017 1815 153 6714
5753 108 2557 4319 2215 170 331 3764
5754 819 2572 1587 2524 4894 3821 3960
5755 2468 886 3732 3504 1693
5756 6613 245 1893 2689 1629 6192
5757 5057 1092 987 652 1757 3942 4765 2388 966
5758 2426 653 682 1975 1645
5759 3661 179 826 1272 3651 3223 307 2876 4023 1327
5760 643 1446 2956 550 4547
5761 229 1999 179 4193 842 1511 1494 6011 3409 2845
5762 5775 1978 3540 4192 154 826 152
5763 37 297 511 2417 1417 517 937 833 3039
5764 432 912 2207 3195 3059 6715
5765 276 19 4410 836 3541 3429 191
5766 651 1984 1467 410 1572 2061 5827 5859 3414 561 2508 3281 91 385 1890 1412 331 877 582 2202 1298 1287 4756
5767 246 4089 542 4659 2973 5986
5768 3126 2098 1615 4872 617 104 5938 3757 6716 3066 6276 45 2569 3408 6517 3678
5769 2644 276 2197 987 687 268 1503 1390 2847 881 969 1606 1158 6082 132 3125
5770 742 1836 141 257 209
5771 636 2491 375 1696 5746 637
5772 3866 577 5194 5459 6628 2225 530 1106 114 2159 1484
5773 2354 1137 1365 897 171 297 5883
5774 97 2630 192 104 3802 4980
5775 311 2632 1603 687 1503 2877 809
5776 687 1696 655 836 809
5777 747 53 1838 4773 1631 811
5778 6518 930 2172 399 461 2620 351 66 80 5629 1137 989 3515 3719 722 3172 397 6717 144 1906 35 67 156 1024
5779 624 817 3498 297 6162
5780 1105 89 3740 1593 1962
5781 274 4250 53 966 3698 945 300 4806 153 712 842 10 155 1026
5782 1691 2477 2934 41 1690
5783 311 663 4244 50 1556 1617
5784 2840 593 744 6668 1369 1551 749 3424 832
5785 1788 863 2366 6230 1072 753 1510
5786 961 4084 1046 4278 5682 876 506
5787 1534 146 3703 2917 1587 3466
5788 4546 2680 2021 191 4895
5789 462 712 2406 3970 1366 1069 2049 186 2101 6718 6331
5790 4167 2636 6719 3117 1271 959 1589
5791 34 1240 79 2657 2685 1481
5792 2999 266 6720 4443 4430 268 3203 473 2009 81
5793 6309 68 332 481 3080 1979 1888 51 1927
5794 3223 641 3203 655 430
5795 4209 1287 5046 1013 2581
5796 254 1579 4337 540 3157 1587 4096 288 1402 152 1246 666 2393 897 5147 4188 6188 2755
5797 2018 3720 335 1484 1287 507
5798 1147 4759 5089 3372 984 3193 1156 10
5799 928 810 1630 2636 2825 256
5800 924 2409 3101 1603 4305 1784 3291 297
5801 6354 1029 6584 6311 4705 1693
5802 1137 809 1624 353 897
5803 4670 3550 1150 3185 4950
5804 276 299 3787 1402 3528 1213
5805 758 4236 189 1026 2581 4200
5806 4749 711 1668 1347 4319
5807 3238 2473 3694 5961 1415
5808 1189 6115 2673 1655 506
5809 221 89 1443 1815 68 329 4053 3238 1026 1161 5186 681 4023 280 88 6217 3081 5072 749 3873 3720 1888 824 2509 3791 399 1259 58 1795 3431 1019 2989 565 6150 5199 1889 3971 511 5417 1741 78
5810 74 596 1411 1113 4871
5811 631 905 164 10 816 6575 681 1314
5812 1166 1167 2589 1942 1348
5813 2 2075 242 5442 24 2669 6098
5814 1287 1039 3124 5531 2871 2742 2919 1216
5815 3670 4557 1640 3696 193
5816 522 523 6721 327 304 3674 178
5817 4395 5656 1183 271 876 1756 170 100 3729 114
5818 841 1878 3429 1449 1498 480
5819 1745 2436 5488 3392 114
5820 1762 43 1178 247 2296 2703
5821 3145 529 4146 5465 305 2267 1365 6700 6722 6265
5822 363 2002 2341 234 1780 1468
5823 1347 1105 1013 154 4021 742
5824 3545 1274 331 740 1315 3943 5067 1110 1518 420 4860 4723 6606 5077
5825 402 1402 2802 253 2603
5826 1147 1510 905 4281 787 3172 5414 5038
5827 280 4476 5948 1647 2632 4133 4325 5278
5828 5261 962 2036 3940 629 97 1055 2110 2141 1185 2156 814 959 655 5027 6082 984 5870 1274 2092
5829 3136 1396 517 343 3150 2784 2636 2054 4885
5830 6723 274 277 1891 979 876 2098 406
5831 297 3920 1419 3656 2125 227 2964 959 5678 970
5832 5003 6064 749 5054 4991 1050 867
5833 67 1499 905 1143 4885 2148 1117 2604 711 725
5834 6724 3473 5762 6725 6522
5835 297 517 3290 88 790 5964 1888 4406 1104
5836 701 1891 3357 81 1049 28 416 67 841 2110 1783
5837 6109 123 1987 259 4651
5838 1040 200 814 4807 583 3745 1753 694 496 1181
5839 2613 35 675 1515 1890 1699 5333
5840 1342 27 3520 24 2082
5841 3749 6078 3553 2532 2744 1893
5842 2847 841 26 2465 2058 496 147 693 2887 1178 3278
5843 2676 4750 6492 637 4616 8 2742 93 3284 484 6154 104 5070 1587 617 3955 857 3233 768 286 3066 1041 625
5844 742 1038 428 5535 1318 1037 6334 4686 3651 1485 1788 3188 2060 151 3397 3114 2201
5845 2674 301 122 392 4642 288 6317
5846 399 5081 1889 4717 1044
5847 4713 6046 2792 655 1048 6726 5096 2271 726 644 892 150 2832 2082 2322 1459 1038 873
5848 2784 870 244 5931 2357 274
5849 997 2523 160 4025 293 711 409
5850 89 2424 4057 6685 5934 3660 6727 3537 6022 636 1209 16 5017 879 1932 2467 930 4920 434 332 886 1515 393
5851 6520 1778 2935 1055 4005 5127 4242 4243 2980 6728 6180 3097 871 6264 1752
5852 1484 76 2195 67 267 2010 955 461 3580 53 997 2419 6251 581 1890 877 1329 3492 173 1473
5853 1504 117 2481 4410 1271 113
5854 2016 2329 5325 169 5463 760 1303
5855 897 3425 811 1038 1841 3340 3289 76 983 1009
5856 5495 558 20 5900 1364
5857 1072 1468 2967 2436 4012 1064 1429 604 3086
5858 2033 3374 1566 5242 482 4372 454
5859 1761 3744 16 5938 3842 584 140
5860 959 824 3069 912 1922
5861 6394 114 5465 1636 1474
5862 2104 967 1535 5573 809
5863 753 271 15 816 5893
5864 3235 1662 2201 914 2164 1355
5865 187 762 712 3303 2557 2216
5866 238 821 1628 356 1013
5867 1761 1417 10 6528 4686 3714 4454 432 2074 174 576 331 151 4774 4519 3044 4156 1197 617 61 909 1596 3339 1149 629 930 790 294 1932 5563
5868 1374 86 69 4756 2804
5869 1334 108 473 681 816
5870 5787 5525 3706 174 3519 87 1922
5871 2163 652 10 4853 1792
5872 1149 311 687 655 147
5873 1388 658 156 3436 5262 6609 68 153 57 2414 2238 1148 1224 4780 2165 532 72 442 4368 16 4223 4946 6729 6730 3 5987 37 1844 2215 644 1433 2306 4165 282 1807 6129 764 6452 3824
5874 229 4808 342 1246 1329 2189 2156
5875 274 476 69 749 867
5876 5507 264 1780 2709 2724 938
5877 583 399 2253 1040 1178 895 1616
5878 576 4052 1557 81 4375 3216 1900 458 1219
5879 1891 493 1990 89 1210 119
5880 4669 3705 5333 4900 4969 845 3691
5881 53 642 5473 2140 6731 1415 934 4721 958 4078 5059 387 1390
5882 522 5626 3760 3212 5342 3195 505
5883 149 1067 1861 991 4032 1780 2662
5884 6615 2620 1406 6168 1425 1091 5984
5885 1455 556 2662 2436 2075 309 5231 2673 227 587 1536 131 1184 5802 1279 3050 5007
5886 274 271 870 1041 5298 5431 1901 476 349 1055 1056 270 3728 1841 1839 816 871
5887 575 1841 6277 6316 20 1580 472
5888 4418 4544 3531 4628 6346
5889 2365 2087 912 2878 2811
5890 506 2337 258 114 316 27 1654 711 1237 2952 792 2196 2267 257 5500 4255 240
5891 434 3977 4131 424 221 3123 1453 918 6732
5892 1624 5224 473 43 2509 423 694
5893 6733 2402 5878 1537 2069 6572 3374 1247
5894 1485 5701 1038 2187 1224 269 6734 489 892
5895 1699 3595 1587 271 629 2200 4397 3720 407 1752
5896 5562 2409 2676 1587 4707 3605
5897 1933 581 1068 4523 1210 2082 2326
5898 1501 156 460 4011 480 1696 2037 682 5560 2015 3133 1595 416 1055 2537 3824 3437
5899 6735 3900 150 841 1886 43
5900 1436 5122 3123 446 3041
5901 753 6429 1564 155 781
5902 1475 276 248 68 740 821 3309
5903 368 6594 1352 43 466 2274
5904 364 739 34 149 4372 3624
5905 4925 173 2095 636 3065 2120 2776 2073
5906 1117 1029 5740 2299 1498 1591
5907 1599 5370 3550 4247 3805 2533 6371
5908 1183 150 4126 997 200 2419 6736 1736 443 2491 81 790 6053 554 4555 2478 3114 506 617 2497 588 4848 5125 3357 341 5578
5909 1419 6126 297 2419 3112 6737 2780
5910 2098 4996 1298 636 50 663 148
5911 4773 1055 2172 854 1989
5912 96 476 3263 4192 102
5913 179 1847 3545 1055 841 2372 2037 1165 4613 4982 5860
5914 5662 466 6738 5432 294
5915 57 149 4211 2238 5012 1286 484
5916 4176 1165 331 1930 189 1878 1587
5917 158 52 1143 652 3293
5918 158 2943 2460 652 2588 1085
5919 276 3233 4720 5960 793
5920 3160 3135 694 4634 3384 4210 4628 408 2811 651
5921 574 2139 1977 5216 1828
5922 925 331 1321 2133 376
5923 1046 382 1103 1102 4170
5924 1801 721 3706 2507 2597
5925 276 2227 5810 1305 6739 2411
5926 2134 3540 1160 768 245 1034 1710 3134
5927 2741 4883 5933 6574 479 2884 1484 1287 154 1005 443
5928 74 836 152 3528 2938
5929 2297 2076 297 1425 2980
5930 2756 356 5784 2644 1868 114 2425 2096 3557 172 1630 6740
5931 5726 260 6103 6369 4131 4797
5932 6620 1619 4044 3621 4759
5933 1382 701 5365 144 541 2884 1503
5934 6094 635 2200 918 666
5935 474 1185 506 655 4820
5936 693 1205 862 2841 480 3129 1158 1384
5937 89 2841 473 5495 6002 3591 118 3057 909 2977
5938 1628 2140 681 909 6544 2036 1807 1270
5939 1812 3615 546 836 2909
5940 4721 1077 6111 3284 2346 1520
5941 2581 2883 6139 1478 809 3334 3017 4522 2619 2441 221 3133 674 430 2858 3746 5549 5339
5942 140 77 1289 2156 5239
5943 297 5639 749 1512 4629 1783
5944 1026 1630 4105 2883 6102
5945 299 1503 1419 540 961
5946 2600 78 657 6741 3854 6742 50 3423 3357
5947 3563 366 4798 930 1558 1295 24 3402
5948 4099 2451 1547 1510 3114
5949 1149 687 241 6743 155
5950 507 3623 550 4547 3735 123 3876 4787 629 139
5951 1402 2083 1321 1176 1516 238 4784 6744 3830 1557 3027 2471 6350
5952 680 1347 267 2010 2943
5953 128 1293 4940 3044 1212 3955
5954 3510 826 1795 4325 1912 2290
5955 826 842 4329 371 3528
5956 2549 365 4417 3886 1872
5957 1149 3673 2076 895 2357 3434 1974 506 1569 61
5958 1998 4526 2237 1185 868 4773 433 2482 2502
5959 1178 1371 769 2521 2531 2447
5960 2657 3677 1072 1829 476 5973 1783
5961 1347 1841 2372 1833 2451 1889 3559 584 2020 1020 5347 40 1248
5962 1305 2819 4253 3827 4077
5963 68 1579 1708 1200 493 331 5709 3843 1566 4751 821 881 5654 122
5964 372 575 638 3873 2454 2048
5965 382 143 1776 5869 4800 1736 6711 642 4695 1540 5422 1707 469 390 990 3335 243 3949 5616 5620 2785 5865 3036 1807 174 1169 2444 4114 1476
5966 1029 1966 7 6700 446
5967 6305 865 1555 114 6745 636 2958 4379 4223 714 5495 3769
5968 60 6712 89 4192 1477
5969 186 2482 79 2586 1660 4228 830
5970 24 5849 264 1890 1518 456
5971 2442 141 1168 3436 405 156 2055 1348 297 2600 6746 6738
5972 3919 1854 150 88 4122
5973 4075 5786 4740 918 2111 5944
5974 1541 1905 609 3980 1430
5975 1511 108 5186 1485 96 1928 151
5976 298 5222 3756 1185 5206 2894 3354
5977 3504 3583 1266 1841 3586 2281 314 3975 6134 6747 5435
5978 227 117 3339 3476 927 2447 2491
5979 621 2512 6748 3771 177
5980 140 4923 884 855 2980
5981 909 10 5166 2233 1078 4764
5982 234 3011 3804 1468 179
5983 556 2002 5111 2389 5462 2125 6424 264 2654
5984 2548 6061 4504 3749 4728
5985 5633 2944 2581 1973 3587
5986 945 274 2140 1833 3728 1979 307 6749 2887 2561 4642 4386 420 5265 1026 6353 1295 416 79 1922
5987 1760 1990 1287 332 1699 6144 5022
5988 1659 153 432 1462 1353 1055 178 929 1631 156 457
5989 2934 742 3535 2143 390 1816 2731 409 6243 2603 449 3776 4426
5990 4362 3088 2128 4856 1335 2884 2181 2669 669 764 1003 857 1396 3569
5991 1200 1575 655 2844 4698
5992 1154 6458 548 7 2553 1633 617 610
5993 460 68 3082 3628 4601 859 298 447 76
5994 4083 89 1912 826 1271 517 4559 511 349 680 790 5983 4968 223 682 3926 2496 323 1329 3549 3537 3234 268
5995 3374 1735 458 4546 959
5996 1352 79 1841 550 10 90 3212 1453
5997 229 179 3499 1598 2331 1865
5998 1055 2238 2115 1759 1760 127 948 1200 1214 5225 53 1879 574 2098 305 3135 1048 6750 430 3113 5728
5999 2511 740 1024 5870 36 3972 694 4089 1433 3635
6000 621 517 119 3431 2962 401 3565 81 4011
6001 179 2136 2052 4628 5880
6002 270 319 6070 4182 3126 344 5974
6003 81 512 349 128 1763
6004 621 1417 639 6393 5624 1185 356 1594
6005 6550 703 2655 357 6472 801 4937 743 4282
6006 945 826 1051 1153 6751 4801 479
6007 2866 6752 26 1417 3093 682 2729 529 1055 1697
6008 596 636 1812 873 1113 4580
6009 476 6084 2259 523 841 451
6010 410 1969 905 41 2219 6753 4078 823
6011 5198 167 3851 681 966 1335 1331 85
6012 3138 4900 1197 3205 6754 2248
6013 826 6755 3317 1503 5195 2179 2946 1172 4794
6014 16 289 5457 6464 2272
6015 366 186 2160 3482 489
6016 1551 4060 399 4223 139 989
6017 473 1764 4484 419 834 3524 117 5289 2147 2787 2611 4448 2022 1298 1438 535 980 637
6018 1729 1696 482 2451 5102
6019 3550 179 1893 2532 365
6020 6454 299 681 76 1331
6021 828 5974 1541 1570 405 169 7 6700 1034
6022 1208 651 1005 5036 390 6242 2259 3789
6023 6559 557 5192 6469 6756 847 2015
6024 2639 3160 4476 224 1484 2877 3793 353 4348 866
6025 264 106 22 5251 1632
6026 3373 5559 356 1759 492
6027 3942 4104 816 492 96 105 3754 1293 4794 1376 1029 1517 945
6028 2017 244 4767 6734 2786 466 775 1589 2351
6029 5531 2110 356 4986 6757
6030 588 183 1767 621 2910 169
6031 66 3548 53 2484 2078 434 1560 2427
6032 4996 1055 877 681 223 1644 335 1641 2584 1591
6033 987 1894 3417 1057 2164 3640 3413 507 4451
6034 297 2010 1601 5933 1939
6035 1443 3837 4111 4533 152 847
6036 54 1030 2352 2231 2232 3573 2254
6037 536 109 1593 114 1149 1266 666 1420 406
6038 3755 1581 6758 876 4180
6039 2375 5188 6226 1628 1979
6040 3331 1836 173 439 909 824 171 35 37 2073 3611
6041 1067 2393 1159 1560 7 2603
6042 3367 6155 6656 4852 957 2669 2231 2232 1538
6043 5672 284 4920 1402 3139 4253
6044 68 1287 1513 85 4586
6045 4314 5246 6759 7 4418 6490 1605 61
6046 474 367 790 2316 2981 2657 61 2479 6416 2825 2715 5748 1433 6642 4426 1352 958
6047 428 4673 4194 3448 2741 1150 1038 268 1200 4619 883 6760
6048 297 5865 73 1315 117
6049 2346 1029 2974 2518 280 6241 6148
6050 1471 168 1049 1022 12
6051 896 6127 5963 3703 2056 210
6052 1347 2310 1710 4784 1801 170 2272 1989 834
6053 1067 1410 98 1929 833
6054 3448 5383 2591 4673 2711
6055 1966 1008 1569 2508 386
6056 4686 6293 2929 110 275
6057 1939 1352 576 447 1398 2253 948 2776 1807 287 462 2125 612 164 821 5168 2201 53 173 76 3325 801 2975 816 451 836 768 37 1859 186 1113 269 1900 1433 6112 6517 167 3522
6058 264 1459 6761 66 668 2489 6762 1527 2082 268 542 6545 826
6059 78 4441 68 2634 1365 1751 3357 3703
6060 274 67 297 52 3171 626 4217 3139 3720 420
6061 547 895 1559 2048 1017
6062 1429 5178 681 1287 3694 118 4669
6063 2496 2792 1396 1753 3851 430 3587 905 805 4618
6064 1371 108 6135 2354 1286 696 3108 440 816 2807 3515 2416 416 1633 6446 3151 612 860 1298 1603 50 4894 3231 1691 117 3198 5311 3179 1642 3611 3031
6065 5197 2810 1834 4026 5609 1165 464
6066 6763 2702 6735 67 3188
6067 558 635 202 473 4094 2082 1202
6068 114 3186 1995 2176 2968 2989 6194 2427
6069 172 4947 1433 137 4325
6070 438 2458 4388 1425 4429 2734 587 4599 491 6216 6764 5053 5339 3221 5007
6071 5579 3635 3707 1281 1282
6072 2943 4063 444 821 2460 3174 482 2736 1067 424 1989
6073 5636 4104 2688 13 1511 2829 4402 24 1317 2721 5832
6074 2311 680 311 5909 4418 5722 4482 3713 5094 3572 152 620 5795
6075 635 187 189 711 926 4180 1831 6765 1795 5987 75
6076 245 108 2620 3359 4345 1003 114 7 1072 209 1643 6700 1076 3654 4051 434 1877 2784 174 873 3583 4478 5664 5024 968 4112 4122 139 1278 2386 3788 5079 1401 5956 227 2437 1692 1065 2595 3085 1169 2525 1279 3437
6077 4743 897 1783 171 35 2200 1379 1868 1029
6078 488 1347 164 2473 5239
6079 5679 826 266 53 1048 5171 703 3435 803 2393 2611
6080 1247 980 170 5206 240 2876 2374
6081 5005 590 3242 2041 2427 4963 2222
6082 2939 2738 3072 432 739 2929 3633 5891 1209 310 2087
6083 2803 4184 6036 420 5440
6084 151 1008 192 354 3198
6085 852 4629 708 329 739
6086 6444 1036 3983 752 1111
6087 186 3548 3111 3236 984 1181
6088 474 2141 1763 4628 4369
6089 224 720 499 3961 1113 3943 4455 643
6090 698 697 268 2110 5593 1253
6091 3867 724 1153 756 682 1484 323 714 4772 733 4643
6092 2855 6449 2043 4337 5580 3283
6093 298 3325 1274 3662 2287
6094 3752 4186 626 6221 6147
6095 4063 1417 1485 164 476 2756 108 1390 4999
6096 264 1951 1365 4533 2436 2452
6097 3956 108 832 2291 1008 16 12 1987 1216
6098 264 158 271 68 4146 221 5997 1610
6099 1040 1976 254 2291 2680 5748
6100 2584 2572 146 3172 3017 3891 555
6101 621 901 814 5400 3188
6102 174 5687 1200 2014 4136 757 5221
6103 1506 2456 3283 1990 280 3720
6104 1982 1543 6514 1197 1311 2233
6105 1147 3316 1242 2429 1966
6106 1984 6766 5282 164 298
6107 636 35 6471 4665 276 125 2570 2563 154
6108 53 530 748 6767 747 3202 390 3661 4126 594 2141 307 1841 1551 739 331 466 1365 1402 2312 1977 217 758 1219 3411
6109 122 297 2156 249 3373
6110 6768 1551 3463 714 1235 408
6111 621 2361 821 53 85 1113
6112 2738 764 4807 3548 6769 3255 2411 229
6113 1691 39 1673 1478 2233 1538 286 3339
6114 1639 57 3057 3615 5341 101 3745 97 10 506 4872 1433 416 166 1150 172 4673
6115 114 2619 2132 621 2691
6116 4104 367 4077 556 1033 1286 1659 4984 2334 6384 1321 120
6117 227 1149 297 114 432 1131 4135 258 796
6118 2144 3316 5778 3000 6404
6119 1218 131 649 7 3196
6120 3482 3065 68 948 4680 4872 1019 3104
6121 474 886 122 1756 5728
6122 600 2357 1690 152 895
6123 14 3342 846 221 390 2082 953 833
6124 3362 1137 2067 832 1287
6125 448 1298 2457 4134 1587 2860 345
6126 1189 3388 1365 976 6543 5108 768
6127 753 548 2550 1471 7
6128 76 274 3042 3280 1298 574 1737 2147 768
6129 627 739 1112 2473 2751
6130 1847 271 3225 3966 178 253 6770 576 1055
6131 432 576 3042 2512 85 3915 1022 1557
6132 1365 834 3702 428 1334
6133 359 927 1237 1008 155 2417
6134 617 1478 637 5134 1640 856
6135 747 1839 81 309 753 1985 2373
6136 6705 2210 596 150 687 5542 652 353 6303 3979 4114 1017 2860
6137 5645 816 2022 85 2924 2889 863 4287 2636
6138 3727 2134 2135 3842 3785 4628
6139 3595 558 2757 2140 1752 156 3196
6140 6771 202 3373 1592 1415 2384 6128 3136 3248 3111 1888 2509 19 6074 6096 4757 3182 5240 336 6399 4628 76 1589 50 3622 1411 27 5738 248 740 221 1808 4865 1973 1704 173 2901 1236 1126 319 3849 4789 1287 5772 3537 2508 4192 537 1483 84 2061 2632 877 3765 323 1329 517 1556 3916 5873 456 2482 2022 2985 479 3092 321 3295
6141 3461 933 821 4120 852 479 6585 592
6142 3545 5261 6159 717 1047 6772
6143 2130 1761 934 2116 5825
6144 1312 1471 1232 2315 2856 123 354 118
6145 2247 1151 19 6555 2355
6146 1649 266 1202 757 548 4455 5760 1918 4629 3955
6147 3105 1402 535 1199 311 6498 2233 2363 558 137 210
6148 2906 3293 221 1130 4682
6149 4920 876 3660 108 156 5592
6150 3096 1810 2636 590 439
6151 164 298 1719 1665 2315
6152 596 765 3943 2992 3894 178 163 2419 2053 5600 154 3984 171 2326 6092
6153 477 1463 2890 3357 5760
6154 909 3658 3737 576 2145 1326
6155 3942 1067 1347 493 766 156 5715 5824 114 740 6634 1757 155 809
6156 4481 1788 29 4191 957
6157 5225 313 5098 2670 1691 2949 1484 2508 1725 6093 3092
6158 2436 2419 1029 1263 5530 780 1184
6159 432 739 1640 1120 3337
6160 6773 1901 4186 3828 373 2662 1072 3105 4598 2592 1541 4661 1967 3533 1284
6161 1526 3240 1055 3461 2022 663 77 814 1271 816
6162 1681 297 164 2512 446 752
6163 2119 5195 825 3242 6286
6164 80 5065 1502 2079 6456
6165 621 297 1342 881 648 3132 2687
6166 1759 6650 2135 389 5668 1505 390 1630 3415 3912
6167 2586 145 3684 969 3250 259
6168 1251 4161 4452 4737 291 416 1078 6098 2030
6169 298 4665 174 2156 4234
6170 3555 389 749 1342 1026 1941 108
6171 2134 270 3196 749 4835 3602 2367 4089 872
6172 2643 1176 6305 3293 268 4395 66 1005 1549 1985 3681 297 3897
6173 474 4574 3317 68 108 3148 2094 2512 617 4466 596
6174 5808 1650 4520 668 506 2987
6175 594 2168 4386 5235 1841 1508 1072 1467 1468 4089 5547 1844 583 1548 108 751 816 2075 6454 1798 3445 1018 3516 2096 4920 2885 2623 463 2759 125 1417 5723 3671 3894 997 1045 399 1049 156 6774 1313 1327 1156 6775 740 1202 146 2557 612 590 2703 1592 2989 1742 4824 1750 3299 1149 1022 2268 2274 5600 2087 1077 1902 4387 1903 4389 1626 2265 4448 2154 1469 4659 1237 5219 3339 1081 1317 2242 139 1082 586 4661 3132 6216 4475
6176 2289 3548 1990 1484 1629
6177 297 5055 127 265 1841 2546
6178 144 428 642 3602 2785
6179 588 4922 1041 1946 615 2256 3283
6180 1665 2808 2386 1419 1504 3048 1902 1425 280
6181 925 2084 2357 4879 873 1877
6182 69 108 1995 1987 6228 821 1055 2673 6080 1791
6183 465 3697 2638 3283 4741
6184 3577 2945 245 6231 2891
6185 3595 5950 1298 2662 3779 3825
6186 2212 2211 2763 2607 5899 4431 5965 2808 2620 1848 1823 3828 1072 1076 345 542 275 841 431 150 260 420 356 1013 1077 2971 2970 3529 3602 1425 12 3304 4369 139 1877 1082 4661 4124 3980 3648 2837 4911
6187 265 1347 4922 1242 1587 297 4692 1425 1902 4123 6389 2812 4661
6188 2603 3613 3928 2752 5441 5151
6189 180 4248 2654 3550 3377 1224 1598 4417 229
6190 6618 3669 1347 2310 163 583 2038 54 2357 449
6191 4918 2386 89 1192 5068
6192 3466 152 937 4493 119 2247 3391
6193 443 81 151 930 6638 2269 2421 201
6194 1639 1175 6634 905 4567 81 1949 876 2468 85 86 174 1038 897 2622 199 1354 1006 1783 6776 3365
6195 1390 6344 1011 826 1628 40 5535 6563 1388 4835 6777 5435
6196 3160 2393 390 881 1735 2666 944 6018
6197 1075 740 2651 1149 2127 4602
6198 1762 800 4210 2311 2391 945 6358 2397 52 2200 3943 3126 590
6199 1342 4172 173 423 155 257
6200 5325 655 466 841 501 2600 2277 589 5727 3556 3728 5291 2055 4735 1757 354 666 36 2454 144 774
6201 2935 276 3146 148 6677 2417 3331
6202 4396 3136 319 1329 4789 3720 119 1699 89 4405 1094 1067 970 1429
6203 4295 1508 1417 1036 440 2387 916 1485 724
6204 53 4236 937 803 4444 416
6205 5965 3682 6598 5063 1601 367 1719 5416 3191 4184 149 5364 2611
6206 6295 4665 1831 5102 1557 1292
6207 1767 3283 3830 2990 288
6208 1998 300 655 6313 122 751 1604 4309 108 5188 153 3702 3628 2082 297 1185 6049 3365 293 62 1265 6778 5368 1233
6209 1041 5282 53 390 81 3188 2829 156
6210 2603 2570 114 164 3407
6211 3586 297 3084 4769 5651
6212 2272 6123 3994 4282 6779 72
6213 1347 331 464 4563 1365
6214 1862 3153 1624 264 2340
6215 2934 5358 118 803 5141 3940 641 19 3325 146 152 1041 4225 937 479 3434 430 5510
6216 3365 2421 3636 2256 2087 2847
6217 529 1558 2490 68 3725
6218 271 3261 1526 301 3950 131
6219 1269 143 10 5284 3367 4329 1481
6220 366 5378 1178 2489 2200 6415 1177
6221 120 589 1258 6469 227 1379
6222 4022 45 6780 781 276
6223 2229 1566 189 6189 5365 742
6224 3942 1314 3984 4414 4392
6225 1113 4555 1040 3813 6157
6226 304 85 6393 2141 836 420
6227 4472 469 3795 285 2484 80 170 1013
6228 6672 96 6096 276 4961 5415
6229 1485 2194 298 5612 1459 276
6230 930 4766 1987 1126 1996 189 3097 6508 3575 1878 576 757 4811 2406 961 2333 711
6231 1036 3243 79 909 940 1711
6232 410 325 1003 5390 3840 1172 786
6233 417 248 1763 2354 1039 1224 297 446 1038 268 367 152 2141 53 108 1729 356 323 832
6234 10 1329 2458 5880 5578
6235 2784 80 2160 1292 1456
6236 860 331 152 2502 836
6237 1759 1138 6711 1220 4807 2552 617
6238 463 1037 629 1483 4343 1825 2841
6239 621 266 811 53 1508 309 803 5117 4844
6240 2988 6009 462 1636 1150 3493 489 3353 4726 926 590 336 4894 950 2563 2156 2897 1008 5347 3659
6241 1374 1733 2136 1845 2593 3339 4165
6242 1055 979 1930 2940 3099 212 1940 4343
6243 1639 4168 4240 4935 5999 666 1591
6244 1891 297 821 1041 1372 2244 1516 2021 1354 457
6245 885 3604 298 690 753
6246 68 5853 473 4578 1729 4474 199 5959 1558 6 711
6247 2178 1764 5094 2738 477
6248 1495 771 1843 1587 457 1557 35
6249 767 6638 642 4097 3104 3261 841
6250 1131 2673 6241 463 2927 1309 6781
6251 876 1582 2131 1 2992
6252 264 2409 1985 798 1286
6253 5568 1014 263 1194 686
6254 2572 4598 4730 4717 1087 1276 6782 1064 5007 1085 175
6255 2311 4212 1949 200 6332
6256 1040 4071 901 1330 4926 2565 300 1827
6257 1055 2496 240 151 4452 2792 1365 633
6258 6425 526 345 1480 4387 3048 666
6259 1955 681 332 5740 637
6260 3854 4138 5725 3859 3139 1484
6261 1358 1106 3298 624 131
6262 1312 1890 6783 4103 1329 81 6259
6263 248 2096 4547 2146 5777 944 2069 439 5254 674 6784 5728
6264 297 5691 2809 803 5748
6265 5154 3343 3842 28 953 1191
6266 575 114 450 2651 276 1711 1564
6267 4835 6785 6572 1974 4192 4473 637 2108
6268 904 16 71 171 5775
6269 3504 151 108 85 3460 2883 592 4978 3770 609 589 1209 37
6270 1164 474 4654 1417 312 4816 4073
6271 4103 1639 1823 5090 1377 3566 2500 3068
6272 1371 444 158 6786 412 4048
6273 794 2127 958 2912 2338
6274 6506 199 4450 1718 2125 5834 5223 314 1353
6275 1989 37 32 5492 758 1783 155
6276 4814 5967 89 1672 3943 1912
6277 695 1762 4953 4225 1374 4313 168 2791 254 5216 1753 3173 5153 3594
6278 3873 1185 1484 76 3210 221
6279 6276 1045 2805 542 794 957
6280 331 629 152 583 3764
6281 43 7 179 1739 1154 1499 2756 4313 316 1795
6282 1347 2156 353 145 4111
6283 245 328 876 10 3194 2865 76 2693 2242
6284 3430 1453 895 1404 457 6778
6285 88 1549 76 930 2935
6286 1019 619 586 2161 1417 6420
6287 2203 3594 997 1982 3463 171 416 2428 84 836 1807 1691 487 85 117 1606 1241 739 1076 1985 18 833 1362 2723 209 1585 3297 1149 1587 290 2847 3397 2630
6288 221 106 122 5987 1632
6289 5430 1224 4961 3652 5756
6290 3807 229 1862 4418 2533 1861 363 6029 3806 280
6291 5261 1495 6407 4879 4349
6292 1459 1378 926 3528 701 1265 408 1876
6293 1829 108 1150 254 222
6294 675 863 5421 108 16 1137 6730 3615 137
6295 1045 835 997 1131 2557 164 3276 6599 144 2363 588 2929 4742
6296 2018 76 88 517 814 3133 1888 240 324 5931 3390
6297 1044 3407 1149 3547 1455 711
6298 409 179 2259 427 573 1793 535 1274 836 428 6534 4418 2325
6299 389 186 2092 1202 457 826 69 305 5265 627 416
6300 817 575 926 206 768
6301 2311 1633 6259 2917 1729 980 909 834 2585 1939 1209
6302 1286 152 2078 3020 1650
6303 2424 368 2149 53 542 149 4867
6304 88 5540 4852 522 384 1250
6305 3550 3886 5398 6017 2552 2248
6306 52 4 5994 268 24
6307 463 6004 1038 4703 1026 1610
6308 2167 2187 5618 2673 6787
6309 3545 1494 103 2884 5539 1365 6687
6310 3282 4039 5416 1328 3276 1757
6311 3029 895 422 6080 5614 4596
6312 1183 217 6457 5328 1057 4185 4118 992
6313 2361 1759 2987 6111 792
6314 5220 3299 5791 3662 3049 5247 1908 3648 5509 3051 3532
6315 317 435 751 3092 1362
6316 1807 4103 1927 43 4720
6317 268 6297 408 4141 3715
6318 2974 1823 3640 1057 2409 5523 3133 3926 4009 1974
6319 443 1715 644 953 742
6320 1764 4448 331 666 114
6321 235 7 154 420 6361
6322 476 1113 4961 6551 439 465 1682 269 1041 420
6323 859 1037 1342 2755 473 89 1137
6324 876 2037 452 540 5397 406 1372
6325 1165 1271 2199 6055 2968 1494
6326 4953 1551 814 15 592 1113 4399
6327 631 4665 2457 5276 2111 6788 2297
6328 5978 1165 1185 655 2287 1764 6116
6329 1224 67 4798 981 4871 671
6330 227 2282 2299 3830 1455
6331 2632 1116 701 1650 2788 2752 3023 3570 3826 2305 4054 2606 1456 5108 5761 2073 2693 6054
6332 2325 1454 4256 1574 3391
6333 1165 152 244 481 1434
6334 128 2149 170 817 31
6335 1961 2386 4123 1064 1280 1431 3753 3086 1909 1098
6336 367 3674 1576 2927 297 245
6337 2409 5910 584 2156 331
6338 600 7 119 989 876 5893 221 284 2385 3410
6339 2414 1696 1045 1548 1833 3367 901 298 5290
6340 1006 1844 2193 2473 5182 1716
6341 3675 836 1807 892 3198 409
6342 1026 5978 763 930 834 980 1646 254 665 355 2305 1752
6343 1625 2096 740 3729 2263 325 694 817
6344 621 6621 590 406 568 2384 2885 1377 1259
6345 5378 434 693 1421 1933
6346 271 1673 2057 1624 297 2460 3203 3518 1271 2230 859 1801 1399 5430 278 4693 4722 4723 2403 709 1650 4523 4925 2257 1686 4903 27 5652
6347 3226 1810 298 6583 1823 1383 6087 3337 3027 714 492 4651 301
6348 547 1915 642 817 2909 2181
6349 3908 6772 264 1841 1516 814 1137 4668
6350 4113 158 271 1987 1918
6351 114 450 810 4755 3632
6352 3261 1754 305 4034 125 2292 5880 2354 2566
6353 3122 1176 1271 297 4497
6354 4789 4507 793 2508 521
6355 1432 6692 337 223 682 1395 4232 1236 4474 366
6356 945 1525 2140 6578 1104 2965 406 6621 1166 2642 616 879 1631 147 768 4625 8 43 367 681 1396 5554 256 2742 6789
6357 434 440 1678 2434 2622
6358 187 1433 128 406 918
6359 5150 6692 2512 1038 2235 2699 245 5964 1584 476 87 3943 227 1894 4523 47 3276 3283 3162 186 1239 753 2583 53 507 348 3313 156 6138 459
6360 2741 5203 3364 1903 2676 1338 137 1062 1541
6361 5978 1160 725 663 2376 4555 1987
6362 6527 77 3300 149 809
6363 3346 5303 2530 70 155
6364 2154 1948 4520 2268 4827
6365 6584 4635 5163 6790 6301 599
6366 881 1777 66 150 652 221 959 4722 4723 3188 2883 396
6367 826 535 1603 687 636 259 2165 5561 4244 809
6368 3055 2994 5421 1000 1199 3337 5019 897 2860 155 3610 2693 2242 4458
6369 2808 2972 1089 1277 374 3534
6370 1468 2436 1467 4388 4011 4369 1083 18 4600 1094 3085 3052
6371 1005 2926 6024 1829 5416 1577 1498
6372 2987 1662 2037 2393 2165 2238 2883
6373 2364 34 199 297 5291
6374 3866 67 559 6553 6622 2620
6375 1551 108 1172 2920 984 5342 3180
6376 89 3762 4544 152 1040 10 1397 2508 118 6194
6377 6791 930 1008 3181 6208 2298 1116 959
6378 2343 179 6792 2389 3542 758
6379 1713 334 2642 3475 866 919
6380 1255 5319 1545 714 3952 300
6381 651 6276 190 681 76 2230 4838
6382 621 6038 6793 5564 67 682 583 4695
6383 3007 2864 5894 891 6403
6384 319 5143 4847 584 1069 701 3075 5318 2298 1456 3791
6385 459 1034 708 1702 2097 502 2460 3800 822 2462 2826 1589 1579 3484 1058
6386 5106 3068 1690 1023 6336
6387 3583 1322 2775 422 4543 1752
6388 6460 4559 6385 567 4037 1238
6389 1029 164 1 506 4426 5222 34
6390 1353 1404 6435 507 3943 1678 3293 816 2985 5332 240 4401 1603 1518 169
6391 627 151 1551 1836 281 909 297 930
6392 114 2748 2616 3513 634
6393 3555 419 108 6794 6098 150
6394 2550 476 2657 4427 170 1468 1124 1121 443 3034 5776 2539 712 1258 3819
6395 1639 108 1019 2067 3569 2989 803
6396 1289 847 765 5070 4333 2451
6397 70 6524 151 3387 3114 3233
6398 1639 67 3947 6411 583 114 2899 2355 3660 186 3203 3043 5772 4494 60 2632 2040 4196 4133 2568
6399 6424 5897 3340 2040 2328 3125
6400 4741 3164 4948 199 6429
6401 1018 1376 2808 1511 154 453 2968 587 139
6402 695 4176 1073 4386 674 291 3223 1327 548 4023
6403 4058 1618 1642 1274 5974 2646
6404 2174 3172 79 245 754 1471 6293 2441 2393 5666
6405 1202 6145 22 3188 4089 6026
6406 4418 576 447 3338 3587
6407 366 1053 1503 1677 487 5921 1342 5162 625 1767 5467
6408 2422 5578 901 4285 5893
6409 245 1186 2946 2630 1149
6410 4268 81 5383 1718 2393
6411 78 314 4073 2847 2250
6412 179 3499 114 2654 1780
6413 1327 1577 298 810 558 473 1943 1584 2540 5439 47 297 2740 5974 2975
6414 1446 3167 443 2721 986
6415 2726 4040 3359 1406 1433 3084 12
6416 1254 862 2141 1338 1345 3067 1335
6417 3088 651 2584 1726 2361 3007 5435
6418 712 3303 675 2889 1137 1275 271 190 1754 76 2165
6419 1603 2337 356 3745 4854 4774 1271
6420 150 1721 2586 5443 401 674
6421 1647 5976 681 332 1110
6422 2037 1564 5341 2777 809 617 16 5070 285 1551 1626 256 109 2456 4338
6423 982 4617 511 1410 5137 81 3944
6424 541 514 2372 1917 86 775 1364
6425 5595 679 6795 534 489 2540
6426 1624 3203 2357 926 137 895 968 4 2909 5371 1365 2111 1545 1069
6427 1548 675 2091 761 425 2781 4026
6428 4718 2587 4986 1587 63 1181 4608
6429 859 3692 4073 76 2222
6430 913 583 7 891 1845 416 6588 266 68
6431 26 3533 311 297 2943 77 473 337 1679 3824 529 3830
6432 2792 5971 240 3020 2580
6433 826 762 108 3160 2107 3001 3389 174 1134
6434 77 473 1729 4093 1347 1176 367 68 352 1841 522
6435 3121 574 6796 5769 1038
6436 859 266 298 2611 806 311 434
6437 695 2450 319 1153 1699 2508 457
6438 3314 26 4058 4174 152 1243
6439 81 1229 4196 6452 5203
6440 229 264 2924 326 269 5372 367 1485
6441 5401 3392 1432 6521 20 3482
6442 1721 2019 5678 5288 784 1323
6443 1411 3605 4980 596 31
6444 5808 3907 5089 1934 801 3392 536 691 2132 2738 2200 4073 2086 149 858 747 748
6445 1825 328 2414 332 3720 862 173
6446 108 3821 5801 4265 959 2190 617 1978 2431 5148 1968
6447 2829 790 1888 1110 5793 1040
6448 687 1673 1167 1631 4391
6449 2717 1000 989 331 1471 3520 190 6574 24 944 3093 1067 4926 891
6450 1995 476 1176 303 5430 814 221 905 655 1276 842 108 170 1334 2909
6451 6454 6296 4425 3014 3559 695 930 1008 589 2076 1333 6518 42 5825 6419 968
6452 532 2482 631 693 162 6453 1365 941
6453 1615 1165 1962 2433 1433 2811 2529 52 2588
6454 5925 4020 2193 2900 4364 629 6157 35 3774
6455 896 178 895 5560 3566 3411 4047 1900 6382 1795 173 2721
6456 5258 312 839 1587 4734
6457 1686 3001 6797 331 655 4167 5027 6549
6458 515 487 1841 1419 902 3464 583
6459 443 5101 7 3566 29
6460 268 297 6692 3638 3181 5915 2235 638
6461 2096 930 1231 1241 173 801 1326 400 3204 5649 816 296 4566 4608 6265
6462 125 1202 186 35 57 1648 80
6463 6798 4343 5704 959 16 2317 2598 3309
6464 798 1837 1734 5751 476 352 1516 2238 4089 1276 5667 297 744 5399 582 289 535 687 26 2357 6469
6465 3717 119 565 1360 3994 757 2273
6466 3448 1026 2192 5156 3133
6467 650 1638 2136 6344 2759 149 675 254 153 1757 989 6799
6468 473 6246 2639 6800 4468
6469 3392 3792 1231 3336 3847 4867 6801
6470 3606 1763 3741 1384 110
6471 3235 1185 666 6344 130
6472 4828 319 6626 1229 91 6184
6473 1325 1987 1149 2036 681
6474 245 3836 997 2251 2174 2454 2522
6475 2742 1438 5135 4078 416 3364
6476 3306 2775 1377 3362 356 2563
6477 5375 1553 5691 1520 142 3415 3876
6478 821 4925 979 693 1914 901 281 3752 4132 4295 2866 252 2202 13 1038 4953 861 2943 1729 1560 2504 3359 435 1888 32 119 1995 709 3121 1359 594 14 1781 6003 2142 76 4364 3816 50 6196 309 2969 4494 1077 5133 2810 633 1591 944 3304 6443 4619 1081 4429 4975 4661 2377 1279 4026 5006 2568 1065 607 608 6802 1099 1101 5750 1102
6479 237 2932 1581 1794 5759 288
6480 2797 152 357 3383 6803 4238 957
6481 4104 4920 877 4547 4216 2574 34 217 1885
6482 276 2992 677 5166 1514 1747 912
6483 1558 876 2159 2081 3497 4611 6218 2680
6484 2630 4052 271 160 4235 2757 674 3102
6485 1639 3988 2414 2496 763 6804 6546 2884
6486 1986 1836 2636 173 2730 3261 158 1358 114 174 836
6487 2526 1502 642 4051 5617 1215 589 2147
6488 2451 1150 1147 303 78 1678 108 6785 4631 3697
6489 3276 4414 1956 739 930 1048 6677
6490 2160 353 2544 511 2148 1536
6491 3968 1416 6066 2251 1729 307 1370 6730 787 1283 1271
6492 6299 4038 4676 294 5219
6493 826 1385 3507 1593 1008 1577 796 5549
6494 4507 4263 5856 617 4701 1292
6495 270 2343 1762 1260 2037 2776 1783 416 6805 1026
6496 1033 6487 4547 1361 227
6497 868 687 152 114 1477 3391 3798
6498 5609 826 5127 4127 4873 5329
6499 955 2345 503 1631 5944
6500 1891 1761 1149 1503 78 108 88 2061 1444 2357 2125 323 3044 3255 1161 1311 296 2712
6501 271 5542 4140 2871 4628
6502 1894 3851 6806 289 5661
6503 946 1639 6807 1995 3223 443 1697 4329 6145 3389 2075 5549
6504 2896 876 3414 1178 4130 6291 6675 631
6505 2474 5153 6331 4740 1591 6697
6506 877 2188 5459 3236 3531 337 592
6507 2748 108 2901 681 5711
6508 5507 1624 179 4728 4950
6509 1156 897 114 152 4665 2551 2484 1795
6510 81 1629 693 4488 1617
6511 5401 1067 1068 1265 1163 6067
6512 2662 1780 3543 2339 2706 1468 2409 2408
6513 2332 1999 2000 361 2724
6514 274 842 390 1192 581
6515 1595 2047 2907 1501 109
6516 5110 3121 2519 629 3249 506 6380
6517 26 642 3114 854 2909 2154 3759
6518 3359 3979 1072 6196 6774 5508 2665 4387 4255 4331 2811 12 4796 4011
6519 4067 3448 1987 5205 5358 5036 1778 6379 171 257 351
6520 248 2272 81 3540 147 1167
6521 4350 329 6289 4493 2965 2962 6629 4293 569
6522 1286 757 3972 4749 4245
6523 937 3718 5238 1088 521 4444 89 4559 793 3111 341 2754
6524 4222 322 559 634 5020
6525 164 675 687 1587 1603 280 1153 1116 1027
6526 3623 1870 116 2229 4164
6527 89 56 1746 5882 824 1243
6528 1385 6155 36 1692 3587
6529 476 675 435 4622 2669 5305 4331
6530 4168 4082 5914 2039 1202 127 1471 2372 2156 4622 693 390 2914 3923
6531 3358 4292 1205 4820 50 1600
6532 747 902 3555 889 73
6533 4132 552 284 2308 918
6534 2016 3553 1072 4477 334 1766 5595 80 3760
6535 589 221 3373 4668 1100 217
6536 1705 593 1342 2146 5919 2914 154 6793 1247
6537 3717 151 77 1601 583 2357 4631 3515
6538 1240 1485 5576 5322 2140 1764 579 5090 2775 15 3616 4981 3106
6539 6427 757 3244 1536 2811
6540 1154 557 2581 842 4127 6808
6541 1521 1801 5810 3948 6708 2078 174 858 2491 2863 440 1601 1495 1940 5847 2405 1534
6542 1068 806 655 590 4513
6543 1891 4713 307 382 5761 675 1553
6544 3203 242 69 305 1137 4801
6545 1149 930 1008 2357 4513 1219
6546 150 2950 3916 2026 4891 6037 2262
6547 5363 3484 5882 1925 1646 2490 107 5262 6346
6548 1254 1545 1718 3606 171 5130
6549 297 2145 681 7 2771 149 443 154 1069
6550 3828 582 4896 3051 3532
6551 6741 6229 5119 5059 1045 3039
6552 1149 36 1603 1667 2117
6553 34 860 1504 1566 28 4634
6554 5303 959 289 3335 930 2172 792 3429 1807 291
6555 6061 264 991 4026 4400 1664 2479 1282
6556 267 1841 4106 390 5138 4024 4093 5600 5326 2928
6557 4514 5356 5066 4228 50 169 2968 6209
6558 1208 274 5127 1202 128 803 6809 2612
6559 5416 1019 4254 1433 946 493 2536 2054 267 1383 2847 144 1757 1646 5986
6560 367 4152 297 3164 2512 1582 3675 4871 173 816 315 1149 2786 1836 1483 5365 5657 3775 4869 2530 282 2861 2312 3963 1558 1112 4554
6561 116 2616 4470 1459 926 3452 895
6562 1018 4157 2281 6091 1384 617 4520 1383 283
6563 3690 2244 23 5581 584
6564 1209 2025 5497 404 114 2530 1182 1547 918
6565 3433 1045 916 1898 1202
6566 814 5763 847 5422 67 1149 4633
6567 1935 445 156 6092 452
6568 171 1536 2190 4775 1856 1293 1756 1224 1807
6569 987 6070 847 4282 3474 516 4347 2779 3870
6570 5973 2110 7 2920 2215 1157
6571 476 6355 6058 3309 532
6572 2419 1354 5206 6806 4458
6573 5969 2991 526 5117 948 3223 13 1995 593 140 920 833 3490 3255
6574 297 85 2163 1473 596 3891 357 5314 4244 3139 2621
6575 4285 2235 1987 331 5694 154 3515 1783 6664
6576 2756 1 5810 540 409 2013
6577 626 394 740 1396 636 3707 93 519
6578 3053 1402 5980 1816 5600 6810
6579 2675 428 1686 1365 1192 3243 2667
6580 179 826 764 367 1041 152 4992 6811
6581 798 842 2873 6812 590
6582 2582 4575 3311 749 6709 409 1294 117 5389
6583 5137 6171 6173 2013 220 2173 1624 1841 2785 5010
6584 5402 1444 1744 1329 1026
6585 1141 1227 1113 114 1841 2474 1936 5375 5376 108
6586 934 4775 2048 3310 1229 2989 2326 4266
6587 1764 1149 122 331 1711 5072 357 2518 4362 3114
6588 3540 2588 4464 557 349 2483 254 153
6589 3680 3512 5705 1370 5511 6056 3289 1183 2427
6590 128 1387 120 479 3764 139 5053
6591 2757 3586 4507 1783 1782 1113
6592 480 4953 66 5174 1670 2215 1068 2577 723 1370 155 4180 1823 1708 6773 3341 2860 1242 2718 2600 701 930 3384 295 1876 586 758 424 3127
6593 6813 1999 2329 939 1425
6594 5014 3227 5015 2706 1862 6430 360 1208 3710 231 474 695 6814 4670 4002 3184 3156
6595 1976 2302 4371 3894 4450
6596 1847 1801 2900 5582 6188
6597 747 149 1255 2313 4617
6598 2302 753 434 125 81 1554 1453 356 1366
6599 1890 593 1055 930 1112 1725 405 742 773 3830 5884
6600 2354 67 141 1178 583 3829 131 416 1209 2148 576 2259 636 1783 4478 2172 2598 2742 6531 156 4165
6601 227 2482 5705 824 164
6602 511 997 1545 158 2299 216 288 65
6603 695 3744 2866 6344 443 767 1541 577 176
6604 537 4103 4332 3014 5268
6605 2013 1639 3811 85 3943 791 2262
6606 43 532 3604 2105 6370 4290 4848 1202 3182 1378 5249
6607 1756 1717 139 147 3250 3824
6608 980 3327 3188 3203 4118 1067 1587
6609 297 271 2321 6815 1210 2025
6610 3248 4152 416 248 519
6611 1995 6072 2414 1814 2128 1920 5694 3601 1388
6612 71 5682 1973 3374 1234 407
6613 1026 3148 842 319 1287 1819 3773 1451 3391
6614 4976 1606 922 3510 2428
6615 248 6816 745 1421 2600 464 4613 1333 2892 662 5334 81 1069
6616 3992 4280 1171 2136 420
6617 4120 4427 153 3415 4189
6618 4053 2156 2424 4133 6149 4910
6619 4299 1499 809 114 720 331 162 2776 276
6620 1841 50 5294 2436 4089 1468 2807 1467 1275 6817 1077 5181 6281 3304 1070 4598 1087 1541 1089 4966 4123 491 2437 2208 3221 3051 3533
6621 331 268 3695 1419 680 4546 3151
6622 81 929 108 4983 944 5226 679 633 1649
6623 1998 2125 189 1603 2253 1298 3397
6624 5388 274 53 479 1026
6625 476 687 3314 1199 1681 352 6551 3622 1979 816 2985 556 2784 1818 1978 266 1176 434 20 1333 4244 152 1421 4453 1544 466 1566 6808 973
6626 260 666 151 1582 2131 26
6627 2354 2076 4493 1438 2590
6628 1703 406 918 3134 3903 1354 3955
6629 1416 1417 52 2845 1683
6630 1627 2756 443 1185 540 10 3160 492 2075 1634 6650 3036 76 3080 6507 174 1795 4533 3585 3467 286 5389 1183 2636 841 1558 4894 3193 583
6631 768 3763 926 3334 6361
6632 257 1966 1037 2045 1756
6633 493 912 6083 143 1185 1594 6025
6634 3397 66 2635 6074 5236
6635 476 1551 816 980 6818 637
6636 3885 3804 1999 3153 3156
6637 1039 2484 4053 1982 1818 3522 2776 1480
6638 742 96 266 221 4018 2561 826 1055 997 655 1012 852 2466 933 128 108 540 10 600 247 2588 2563 147 4399 4085 1199 1013
6639 1205 4405 918 2177 3134
6640 6819 320 5848 2726 326 1587 4682 1963
6641 229 3378 361 3550 264
6642 319 589 435 1271 909 2494 2825 1442 3527 3039
6643 1348 1013 460 4895 5448 1297 5451 4533 6127 150 128 5850 2037 2046 172 2253 1783 577 4293
6644 1939 187 2901 6560 36 1603 2493
6645 1644 6820 3484 4127 6031 1348
6646 1459 1385 4396 655 5036 310 1604 912 3477
6647 6732 4992 1847 1165 331 1985 1235 3590
6648 978 307 5185 3283 5009
6649 5242 2421 5226 4563 2366
6650 1966 588 1007 2273 297 5909
6651 3167 1696 1121 4625 6343
6652 536 891 1100 591 5259 1610 2975 155 2309
6653 2202 1754 2518 834 1209
6654 1822 1577 739 3289 837 1778
6655 446 6416 297 443 4560 1378
6656 1267 2770 6821 1068 294 4942
6657 96 1414 1008 670 1795
6658 367 1443 1229 319 1572 341 342 517 10 2384 323 89 1825 1826 1888 565 1868 6752 1927 3803 2108 1326
6659 1829 4292 2756 1224 1347 248 4707 5734 1577
6660 1432 189 1485 6616 1202 300 3255 1516 2048 359 2158 307 4518
6661 1233 988 2200 6012 1831
6662 1417 867 420 1224 1624 108 3340
6663 2436 4717 4369 4012 605 5007 5434 1103 3052
6664 264 6291 2083 6088 186 3590
6665 1995 1658 5490 5595 1262 4045 5382
6666 2537 5767 1374 2287 575 280 4779 3312
6667 1224 5283 4053 714 291
6668 3627 3215 276 4478 5343 245 3483 5663
6669 1029 886 241 2929 6505 4923 4474 6263
6670 1937 3960 583 1168 2013
6671 4637 2729 13 3046 4073 68
6672 4646 3283 3406 54 3548
6673 4003 666 366 4917 409
6674 352 6326 2044 2985 4510
6675 67 4411 2182 3972 2407 1390 248 1273 293 1435 128 5354 2262 1113
6676 4053 805 2860 2309 253
6677 1240 2494 5425 4294 979 1285 5132 5464 2776 2039 1041 1137 625 3172
6678 108 3565 1604 1518 3434 6806 3224
6679 1841 81 1018 2508 519 3719 4375
6680 444 4539 2546 2323 254
6681 108 1452 2629 2774 410
6682 859 6393 5132 77 834 85 2618
6683 81 492 156 284 1149 724 1573 3331 877 323 4625 511 1494 53 2516 681 768 1794 5088 620 3984 1067 114 1008 169 3611 2693 2242 1616 2382 1384 452 3916 1070 2989
6684 4725 2023 3135 6297 2022
6685 2290 1890 4053 2316 5068
6686 600 1398 223 2150 2985 1518 367 2009 179 3724 2746 5034 331 2076 297 280 5717 2096 811 3540 1752 4312 1298 4850 932 3878 4414 3438 6349
6687 4420 1816 6623 1475 687
6688 1402 4438 2492 738 3775 5946 447 1610
6689 972 6822 257 5115 1257
6690 1129 3138 464 1307 1149 1633
6691 1149 1302 733 473 2849
6692 152 4851 3829 5494 6733
6693 2794 5622 220 1549 1137
6694 5458 77 244 389 221 959 1137 240 953 5564 6729 2370
6695 2917 1923 152 73 788 860
6696 57 1436 691 816 391
6697 108 391 6614 615 2259
6698 3927 227 1603 293 5314
6699 98 289 151 428 832
6700 621 297 5858 276 2141 1849 1011 499
6701 186 2041 970 757 666 3216
6702 299 4755 1662 4017 1686 350
6703 1146 1841 1480 4875 1080 4659 4717 603 602 1905 4688 6823 2646 1065 1784 2208 2525 3222
6704 2841 100 309 1054 2098 1040 2657 2454 2291 2588 3114 833
6705 913 1419 653 1729 2067 2106 4089
6706 76 4018 149 6714 3115
6707 1037 1033 3042 554 1038 2757 3283 3118 624 1075 1853
6708 149 297 1342 834 170 4554 1058 637 1795 2589 4051 789 4143
6709 1639 4521 5319 1953 583 558 1342 1678 85 309 1279 432 271 6237 1754 3728 901 4243
6710 3754 811 2443 4615 1347 271
6711 1847 827 905 963 1982 5016 6467 4732
6712 3303 1018 309 1365 289 2909 382 1924 944
6713 625 1271 1544 3228 4607 729 1884 809 2270 970 4860
6714 2164 2553 6824 5011 2056
6715 35 2146 1396 153 169
6716 5562 590 1370 2427 912
6717 239 311 1843 1415 447 2111
6718 507 3624 78 3822 1889
6719 276 712 1966 179 3379
6720 5431 2970 1425 4188 3219 2812
6721 229 5928 5821 2389 1780
6722 152 473 5360 6825 2598
6723 2748 108 1071 1778 5494
6724 298 367 5615 681 76
6725 34 2784 2141 550 1329 1335 6386
6726 6826 751 1396 1719 1591
6727 1262 4811 2305 4054 1494 1557
6728 98 2146 1013 80 221 93
6729 2533 6500 3818 293 5713 1086
6730 1634 859 2797 3241 3617 841 487 69 4107
6731 2141 6072 732 1841 3171 4225 1670
6732 152 4106 254 2451 1067 1149 1603 2087 1454 968 2536 2416 2982 855 4123 6329
6733 5914 480 6462 2743 5757 1004 2034
6734 3694 3281 4380 2924 3305 5490
6735 114 423 4643 781 153 1763 5094 1922
6736 268 928 89 297 2165 3124
6737 1847 24 4039 5029 504 114 4 350
6738 687 2357 2017 186 1719
6739 729 2968 162 4242 5005 4419
6740 1893 1014 2535 229 6017 5386 1897
6741 6383 767 5244 5397 3461
6742 390 4236 351 2022 1756 1508 81 1518 2220
6743 1526 3692 2278 1630 1690
6744 5162 4796 1081 1065 3648 609
6745 3492 88 680 1699 667 4113 4407 3938
6746 222 249 739 108 3102 1630 5770 2219 4165
6747 1410 1379 876 68 2871 5183 1577 2357 1348 653 794 2536
6748 841 68 71 7 1210
6749 3236 6827 1642 1287 793 1125 2608 4108 1335 1639 758 918 3134 381 5856
6750 687 1292 5142 1074 2259
6751 2238 473 4152 3682 1577 359 2600 1841 3117 2796 1008 299 2200 355 4609 264 859 151 897
6752 6809 1691 1987 1976 2357 2536
6753 4517 6058 1069 2276 3452 1352 1315 4795 5131
6754 108 5261 199 493 1504 4289 480 5387 2125 2383 6808 2482 1185 457
6755 899 399 53 1761 150 997 5281 2454 909
6756 934 2662 1516 680 2866 1249 1200 4280 749
6757 5091 2897 1630 1022 1171 291
6758 4395 4965 2207 1089 794
6759 1894 2359 1598 991 2501 2273
6760 2758 272 687 896 3733
6761 2322 905 2038 3174 3339
6762 1287 309 3035 2364 565 4414 517 617 329 389 4738 3555 96 615 2009 5342 832
6763 6596 1651 6597 3133 2713
6764 897 1160 713 855 3830 259
6765 695 5713 593 3264 2729
6766 367 4916 666 2039 469 1696 3824
6767 1036 1614 1390 1388 2364 784 3955
6768 2167 1761 2956 1224 745 6828 1055 1711 1149 2572 1520 4029 4961 1716 629 4565 7 1498
6769 2584 1622 5743 1503 297 3450 596 3475 53 1558
6770 3595 1762 1673 4436 2483 4575
6771 3504 976 1131 1630 2357 6427 1281
6772 535 7 24 416 729
6773 3689 1000 1779 4399 3674 3013 3587 2422 1290
6774 1759 6326 6750 5522 2249
6775 4094 297 701 1374 2096 5469 3105 96 1162 1411 1337 161 2186 209
6776 464 1283 3471 5333 91 5203
6777 6458 5227 503 842 4954 3897 4740 1435 2936 970
6778 473 349 2661 108 2017 2467 926
6779 3005 2656 476 532 419 1326 439
6780 938 2838 3499 3805 3550 264 4553 4728
6781 811 1973 426 493 2144 1763 1757 2169 5969 5694 247 1697 514 3358 1467
6782 268 81 492 1113 841 3628 311 476 687 179 3276 1671
6783 200 5856 642 627 1202 848
6784 2999 3358 2393 3948 5153
6785 2067 61 1550 2416 659
6786 4250 1402 2890 1752 477 1319
6787 96 81 2231 298 1627 6829 74
6788 1764 5380 2756 666 5310 880 291
6789 268 904 108 5934 430
6790 416 1333 650 4933 3815 739 443 4966 2125 141 641 2291 3891 1660 2013 1851 4796 5191 209 6830 1449 2056 6281 6366 587 1652 4958 172 1661 3104 837 1807 430 2860 1149 2020 1067 742 2393 3728 5025 225
6791 6688 1620 4894 587 139 666
6792 156 3201 2517 1716 2056 6512 452 6777
6793 3583 142 2864 15 6458 5023
6794 867 2618 7 1236 3566
6795 1229 2836 2311 4306 6266 6811
6796 276 298 1780 5941 1038 2212 367 6670 1673 1164 267 1321
6797 2267 801 5168 1730 1120 5204
6798 1844 583 248 73 153
6799 363 1624 179 245 2501 234 2342
6800 653 3779 1026 3374 3566 970
6801 859 2992 2523 2544 810 1662 2473 918 4943 1703
6802 1033 2836 860 934 2557 4242 24 6487 3860 1149 958 5339
6803 3169 2872 556 499 2629 1141 87 775 593 2965
6804 3238 877 6628 3236 2188 6629
6805 834 767 836 876 930 1433 1551
6806 6197 988 496 3566 1192 91
6807 1984 96 2409 3482 1189 588
6808 695 182 2332 1780 1257 1322 1309
6809 506 2698 39 687 298 4872 749
6810 1860 556 807 1185 1192 24 2891 425 2806 2829
6811 651 6074 4922 1642 356
6812 2017 622 930 2271 88 5983 790 517 4710 2509 5167 1589 1390 1712 912 1366 1112 2803 1055 2441 905 5337 3104 3088
6813 151 953 4453 108 2232 472 1690
6814 3029 1374 4953 108 693 1631 1438
6815 3681 298 2934 2926 1767 54 4569 489 1425
6816 371 1072 1467 2436 1468 1059 542 5876 2970 2733 6389 1065 3085 3086
6817 575 809 448 4351 1016
6818 916 1589 1433 1877 3163
6819 1176 1841 2755 3849 5761 307 430 2858 3606 1845 2 5508 161 2458 1024 4
6820 5559 1011 1276 1569 2008
6821 560 2588 2220 5153 3901
6822 2083 5182 1385 557 3957 2676 5360 4339 3204
6823 186 826 434 309 1331
6824 377 1762 631 4147 4642
6825 529 3058 5844 311 930 751 3139 6831 537 6832 905
6826 1352 3392 5483 6484 4923 950 5029 4835 65
6827 7 581 1202 449 3013 5359
6828 337 5108 5761 3463 4 5764 307 1071 1003 2895 469 416 2909
6829 1029 6331 506 1589 120 381 6557 297 1055 841 5593
6830 5959 1816 114 1202 4071
6831 1223 3496 4640 811 687 2302 1352 367 2635 1185 1629
6832 1620 4282 1270 4672 985
6833 217 1152 2729 4063 1510 2009 2419 3772 1050
6834 2125 576 158 152 1934 1944 2286 75 574 6488 153 282 1795 155 2436 1942 1813 2019 3593 3583 1265 3104 1660
6835 276 1055 983 1332 221 76 615 457 2189 1927 4214
6836 1720 1417 6226 5306 298
6837 1000 675 1551 108 6513 2418 1520 155 2417 6833
6838 151 5559 1502 5989 153 273 150 5892 811
6839 1829 1149 1199 5899 740 4453
6840 1318 50 6231 1224 68 3457
6841 1067 2454 5186 4340 6400 4559
6842 1117 947 1494 432 239 154 2200
6843 4744 2078 576 711 940 5347 3661 4545 4072 2484 930 929 1029 149 1634 151 511 2454 588 1767 530 367 1199 68 2756 2937 1118 3162 1475 5220 1005 757 3074 4761 1185 721 4229 612 280 2322 347 619 969 2115 5518 1536
6844 3138 246 1998 4348 2901 2312 3951 1618 6172
6845 1896 179 3543 2533 6271 1224
6846 809 2588 4317 5454 6569
6847 6103 1347 423 1398 3167 484 2949 303 1516 834 841 631 899 85 86 3524 6493 775 905 655 1432 3367 749 100 5025 1365 909 1208 57 1639 1352 1485 1036 268 3545 3374 53 162 3803 816 2659 6517 3293 172 1271 2419
6848 1406 1072 1003 2967 3105 633 149 3644 1425 1904 1278
6849 171 6531 5584 805 2931
6850 4892 265 234 4477 6354 1392
6851 274 1417 1034 2096 1386 53 997 309 4233 4960 1335 1276 5880
6852 511 1108 1584 5906 465 666
6853 2259 284 683 636 2883
6854 636 2580 114 1987 873
6855 264 546 309 5728 111 5049
6856 593 1640 114 53 919 24 1163
6857 2829 53 5282 537 1511
6858 3358 716 913 4155 1433 5675
6859 4751 1883 1185 1459 5122 416
6860 1029 3153 1891 4550 6834
6861 1067 1816 432 666 2229 2357 24 2944
6862 631 1078 179 152 108
6863 302 1510 5763 881 3284
6864 510 2082 132 1603 621
6865 811 1185 1981 5145 1075
6866 331 126 481 276 3042 631
6867 2396 2399 5172 5259 1433 122 317
6868 5308 3138 1847 1297 1467 2075 2640 2732 3299 1591 5133 582 2811 3304 1425 4451 6389
6869 3517 220 1490 4063 1761 3622 6560 1922 1433 1022 2865 227 1335
6870 319 1844 2143 1491 918 4188
6871 83 2946 118 3912 437 2308 89 3725 1026 220 1509 6382
6872 1015 1322 588 1209 3216 2987
6873 867 2265 1396 2076 4909 709
6874 1949 476 3938 311 164 20 2489
6875 6504 837 2920 4570 259 5745
6876 5527 276 248 6835 466 862 311 1603 687 923 4643 6206 6362 2363
6877 1072 1467 2201 1080 2377
6878 612 4312 152 1200 146
6879 3911 2937 980 2156 280
6880 331 2271 2455 881 156 2508 740 682 681 91
6881 621 1033 1638 4624 2098
6882 77 2419 2061 305 3014
6883 1301 2512 4302 501 3713 2056
6884 6379 3021 1149 3276 4344 3678 5132 26 1589 3134
6885 2329 2354 1347 5925 95
6886 1554 473 476 1040 2013 174 876 1757 881 4029 294 1546
6887 227 4415 2209 6836 1610 4682 405
6888 1160 799 3830 820 3874 6125 4788
6889 541 3828 156 3410 1477 462 1587 1603 74 2172 1008 895 2787
6890 6707 60 5118 1501 3596 1331 2017 2037
6891 5764 1147 4953 443 108 1045 4111
6892 826 511 2885 2981 903 909 4657
6893 2598 1396 636 825 5697 2857
6894 1214 6045 258 122 127 989 2017 2472 1740 5927 6209 480 620 2917
6895 173 4050 1362 1067 5064 3703 3250 5093 291
6896 3985 1071 3764 757 1603 309 5630
6897 1809 280 1018 406 879 1560 2920 950 4290
6898 144 2393 4869 3314 2997
6899 1347 150 540 2451 76 912
6900 3121 1432 5449 823 6837 3661 352 959 6801
6901 5575 6594 6354 149 5925
6902 2889 814 6273 5523 2096 1764 1664 6454 1693 2202 6267 744 3591 2883 2912 4878
6903 4684 930 144 616 1630 174 6803 3584
6904 627 1410 2136 1327 3420 2238 531 1955 2935
6905 158 645 3940 740 153 255
6906 1240 6768 811 260 6783 3546 407 4055 3910
6907 3252 507 635 108 174 3927 24
6908 2871 4978 2920 483 227
6909 2799 2239 925 6573 319 2031 2032 6654
6910 1691 450 4580 3182 4498
6911 621 3988 2419 4493 1374 2357 4258 5707
6912 812 1398 1887 619 2563
6913 211 76 1976 156 3039
6914 507 2195 2055 3784 5664 2657 2892 957 6170 1720 6138
6915 4603 3586 3518 2393 2215 2878 496
6916 1185 6749 4095 1836 1890 1577 455 6113 305 618 2008 1616 5148 5765 3881 3890
6917 476 1508 6616 1049 4323 2175 3274 4122 532 416 3684 636 3574 174 2814 6451
6918 4625 5316 2884 863 1396 1697 3615 3204 1033 6838 3280 3444 6569
6919 1035 2022 663 28 5240
6920 179 229 1862 4950 234 2724
6921 229 2532 2653 3620 234
6922 2125 1022 2720 1067 1781 2882 574 895 4874 1752 257 6572 5134
6923 3464 2746 2512 455 3125
6924 4388 137 22 1469 4717 309 5411 1277 6839 5006 1280 3419 1065 3085 3982 5805
6925 3606 5420 1202 3675 399
6926 3586 2037 2928 5547 719 3788
6927 593 532 20 1055 834 427 540 5614
6928 800 67 2008 221 3603 420 809 474 245 1577 173 1640 1610 693 881
6929 305 1604 309 814 842 1185 4175 3595 53 81 154 111 682 4585 512 5564 3567 5492
6930 593 3659 1149 1936 6840 2748
6931 298 3590 1271 357 1630 1365 1022 122 3417 3797 4577
6932 1800 643 1211 57 311 687 1008
6933 1962 1004 2328 5504 551 5715 1050 2518 819 2013 5683 957 5234
6934 4852 5345 164 430 2738 3037 4180 3273
6935 6841 304 2075 140 4926 905 536 1793 1603 6030 2866 4084
6936 859 1485 2611 2775 2916 3102
6937 2633 1165 375 1178 959
6938 1891 1199 2985 5023 240 6402
6939 473 681 173 4548 76 905 655 2419 1725 2505 1071 2883 1729
6940 68 6319 84 4098 1446 1937 6521 2856 3381 4662
6941 1183 57 246 3294 356 1123 1205 1560 5897
6942 517 2077 5578 1607 4606
6943 484 1166 4228 286 1831
6944 3545 2801 152 4441 5748 1767
6945 6482 740 152 4744 309 1757
6946 1949 140 594 865 4405
6947 2762 821 1054 4367 3492 2009 619 150 446 1511 128
6948 3571 1123 4554 6395 3706
6949 3440 5501 3317 324 1192 4926 3590
6950 2512 4404 2597 3351 1538
6951 373 3047 2662 1072 941 1059 542 1076 1144 149 4388 1077 168 2810 1425 944 4122 4717 2592 5526 1541 1492 5053 2930 1091 4124 6760
6952 4053 221 3603 68 1067 739 161 2588
6953 4157 1565 4722 240 4283 390
6954 1788 108 5677 6145 3445 416 152 1202 2618 816 3017 998 1732
6955 3564 2114 1535 2262 6149
6956 6707 5480 298 881 22 430 3141
6957 913 3898 669 1687 1192 909
6958 1576 3208 1683 486 1140 926
6959 763 3181 2488 2462 3425
6960 53 1699 1484 10 2856 274
6961 1237 1725 5687 6032 3845 3337 409 1632
6962 643 5855 2845 2118 81
6963 1365 2044 5555 2366 2099
6964 81 1055 5025 5786 930 2588
6965 36 199 540 276 297 267 3190 6176
6966 1240 1485 473 1046 297 19 668
6967 6360 1202 5674 476 200 2889 6842 2979 2721
6968 264 3341 1752 668 1348
6969 179 114 366 5378 2141 540 6546 621 763
6970 886 116 3854 6843 1184
6971 1053 1485 775 576 311 4996
6972 4061 5069 3659 4178 3313
6973 937 4023 6263 3289 2823 1481
6974 4047 6844 5275 508 2255 6624 3186 4068
6975 3583 680 1484 3373 6128 4138
6976 1427 6023 5068 1554 2719
6977 577 3207 3457 1050 457
6978 554 430 2140 1630 2883 53 439 1149 1474 871 918 1547
6979 1019 1172 156 4150 428 2146 633
6980 3251 862 2847 6845 5264
6981 1371 331 2376 5699 1799
6982 265 2643 476 2210 1392
6983 6846 297 6527 1029 473 1605 6847
6984 1005 546 796 4619 273 6145
6985 4128 6343 5787 2657 1328 1584 1476
6986 68 3975 975 1433 1982 296 131 36
6987 1069 588 1254 756 3950 1741 2529
6988 34 796 305 1631 156
6989 5694 4017 200 6491 292
6990 763 1298 4619 108 5103 2471
6991 3155 1516 1271 2419 4802
6992 2207 3764 6657 1976 390
6993 6242 2683 274 905 3930
6994 5636 1372 3177 6115 2800 2715 1149
6995 3975 244 406 1390 2443 2728 311 4876
6996 2083 4594 5577 5641 1333
6997 3314 428 367 1396 5169
6998 114 16 1797 809 1630
6999 248 3810 4758 1558 3927 772
7000 896 2860 2267 4558 969 6848
7001 1177 2729 81 2336 2436
7002 3957 5555 363 4604 297 701
7003 2244 6276 832 298 4460 1836 2023 803 3030 2238 152 881 2630
7004 1342 401 1485 476 309
7005 1841 2967 139 491 604 1098
7006 1151 151 961 3500 3994
7007 753 120 1949 6469 1750
7008 548 3196 3042 448 1553 1349
7009 2136 119 4318 627 337 1287 1979
7010 5576 1764 1347 3541 744 6401 1056 3622 4495 2408 858 2419 1018 2160 861 3314 4484 5817 3293 6625 428 6791 641 3735 3412 5019 3979 1134 2662 164 4523 4314 1113 2829 172 1587 2576 1241 105 2651 3642 3032
7011 78 3490 636 156 640
7012 2408 1789 6834 4041 473
7013 621 1012 655 505 1949 297 5495 4978
7014 1347 298 1516 169 151 712 757 884
7015 402 627 307 5206 24
7016 1347 2952 1614 2441 99 1390
7017 821 1222 930 5444 2579 836 837 37 1017 2598 809 152
7018 4605 229 2389 1014 298
7019 152 74 3965 1237 7
7020 1949 3967 2408 3835 1153 69 323 814 2140 321 118 511
7021 1056 584 3365 2475 1390 5291 589
7022 98 4340 1444 3680 1168 636 3095 292 80 3408 5415
7023 1521 3530 248 6232 4060
7024 1896 4568 1893 5462 976
7025 2588 651 2140 3196 5074
7026 1035 1486 1167 1591 1425 4645 1082 1184 527
7027 372 2115 409 507 4057
7028 3105 5570 420 1718 210
7029 2354 1176 461 822 241 3206
7030 2533 1639 234 4031 406 1416
7031 3241 2829 740 221 2231 2232 3573 1587 695 1577
7032 2001 1867 4248 2533 245
7033 556 1072 2665 2075 1468 1467 1078 2733 789 2734 2437 6680 1429 604 3532
7034 4853 1326 909 6123 6002 1427
7035 1112 1147 3009 863 1008 3501 889 3852 4104 1713 816 4061 5477 4256 1574 2673 1619
7036 4204 5036 4405 3796 88
7037 2784 108 4722 34 3025 1597
7038 464 3460 3464 179 331 722 2530 100 809 3608 4967
7039 794 1949 276 164 3039
7040 4415 6186 239 1725 3689 4832 2589 930
7041 2512 2209 6303 3284 5556 6849
7042 1045 1067 675 881 1433
7043 24 43 2017 794 1412 173 332 1933 1362 3198 3650 89 3549 845 3818 3515 5956
7044 1338 5655 2267 1013 3113
7045 2758 5346 6558 832 2200 807 1363 3231 3945 6850
7046 2662 1072 1468 1467 1059 542 1144 1077 1086 1089 1905 3646 1090 1429 609 1430 3533 1098
7047 473 1758 1030 336 2473 474 550 4274 5549
7048 3802 3960 4314 909 1504 6851 2308 1456 1974
7049 1628 4741 6209 5081 6448 1433 4860 5630 67 1788 1471 81 4765 24 1193 2600 3294 1315 1202 1704 42 2775 2344 3876 2348 1348
7050 3651 2842 1764 2828 1551 635 4081 4636 1847 2900 3203 1392 1841
7051 337 877 3236 3277 6629 3238
7052 958 8 323 1501 73 2063 513
7053 366 1949 32 1585 2429 1631
7054 271 1526 3775 1754 160 5291 4034 5503 6451
7055 85 40 841 767 464 5291
7056 1984 1026 159 704 3792 2576 2238 649 803
7057 1722 2022 1788 1704 440 6683 441 625
7058 2165 435 2108 4632 3487
7059 512 432 629 1353 1622 1890
7060 1113 1978 940 3510 81 454
7061 2779 1426 79 6469 672
7062 5495 2796 4254 288 254
7063 1929 1005 1878 3073 529 1680 3044 6200 2959 2081 209 6675 6852 171 6697 4307
7064 6721 89 1055 332 1110
7065 297 1761 1696 307 871
7066 4654 3358 2098 881 1407
7067 583 3255 4192 5826 2233
7068 695 4900 3251 2160 1302 876 164 1973 6208 4741 1587 657 1178 155 1788 5563
7069 749 203 1146 5636 3135 4738
7070 53 905 2174 4048 3124 2060 506 558 1229
7071 411 2675 1008 2416 2417 1201 5050 1366
7072 432 739 1696 2955 291 3910 1011
7073 2263 76 4 2141 4089
7074 356 4522 945 847 297 2096 144 584 5036 649 1581
7075 621 10 99 1927 650 367 162 68 1040 247 254 2075 297 2354 108 809 274 672 784 155
7076 4287 1566 1438 4458 2565 640
7077 2019 593 1185 439 2221 5314
7078 1117 28 6204 1334 2778
7079 4233 619 2451 4628 1697 170 823 5045 764 1779 1326 2051 754 3255 585
7080 1013 588 1602 1069 972 1379 1055 554
7081 530 1029 2339 3553 1468 1780
7082 4485 422 588 186 1767 2519 409 92
7083 114 1719 1202 594 427 3690
7084 895 5069 3339 856 6709 4392 3821
7085 979 958 3408 2892 2075
7086 2476 4100 725 1265 666
7087 49 152 334 5649 36 4259 4965 4596 1551 1040
7088 366 114 2156 723 590 2685 2877 817
7089 1663 1165 246 4442 108 1982
7090 5524 274 366 1177 2529 53
7091 150 1040 128 1838 5442
7092 5282 5258 2287 5525 6853
7093 3340 712 1650 1558 2454 1069 3943 44 3179
7094 1410 297 1315 3036 4 6665
7095 5360 1890 540 428 626 6854 2518
7096 511 652 1984 740 406 489 3068
7097 1347 4533 2150 6657 1292 476 271 85 87 5784 1913 817
7098 1471 2698 749 5154 4246 6539 428 28 809 5258 633
7099 3657 324 3111 4232 1313 4578 1584
7100 1406 1425 535 2812 6216
7101 826 152 3046 2267 5176 2860 2423
7102 229 1862 2358 2339 360
7103 476 57 68 968 1392 2842 5915
7104 16 3326 6465 1978 1335 316
7105 360 1598 1867 5821 3553 232
7106 309 2145 1202 246 5737 2618
7107 992 6694 108 6855 3561
7108 1654 2156 590 455 550 6487 2323 549
7109 2399 53 2618 37 4709 1433 416 6127 3909 948
7110 2880 453 3283 3295 725 6650
7111 1416 3968 5055 3166 1658
7112 3204 1510 428 54 3344 5342 257
7113 1164 2017 3497 6668 2883 4244 3608 257
7114 6131 148 4253 1465 3295 4658
7115 349 650 2784 859 68 1601 170 3243 128 10 420 3030 1546
7116 6482 663 1315 2980 2200 2215
7117 52 6772 127 221 390 152 1013 912 6709
7118 244 2543 625 169 5998 2531
7119 5319 6856 1362 1507 153 156 3066 1831 3339 190 2641
7120 762 1721 6649 5473 674
7121 4075 164 1224 5593 895 893 4924 6095 4942 4973 3283 4626 4253 2860 1008 6546
7122 918 507 617 1547 1498
7123 5787 6857 6858 1584 174
7124 1069 2585 221 957 753 3901 4953 1796 173 5457
7125 367 4374 3972 4638 20 4204 1839
7126 1134 590 4180 1235 4288
7127 6783 6258 940 1499 3027 1586
7128 6249 4062 3298 5122 3828 5925
7129 34 2048 881 2259 4773
7130 2059 3634 1193 754 4197 1831 209
7131 627 739 2956 443 5968
7132 349 1055 1026 972 3484 254 169
7133 575 1781 4112 1943 399
7134 987 108 5051 247 11
7135 876 3574 832 5510 2274 787 891 170 687 152 809 5228 4856
7136 116 115 470 895 3457 5764 1987 4749
7137 3301 1809 636 2165 481 3476 1011 633
7138 254 1347 3441 1048 583
7139 1577 729 67 96 2414 1045 3359 3485 3357 5877 2054 50 209 345 2969 1545 5133 3602 6281 944 22 3390 81 4659 6682 1092 4898 6603 5412 5804
7140 4754 1466 2046 3703 479
7141 701 1975 1265 44 2156 6322
7142 97 1298 930 1686 6026
7143 651 532 744 6148 2080 973 6859 3876
7144 763 2488 1008 241 4188 2934
7145 1406 556 50 2731 12 3304 1060 4796 587 4717 1910 1184 1082 1429 3050 609 3980 1523
7146 1 1107 298 511 809 1629
7147 758 260 2551 4358 3115
7148 3276 617 1390 1730 50 1885 4790
7149 2988 653 3316 314 983 5290 143 1723 6395
7150 2662 842 594 2657 319 1104 1034 1855 3210 801 3482 3023 1569 1140 378 1496
7151 1693 1949 687 522 504
7152 3583 749 4445 2713 520 793 2508 2364 519 3471 385
7153 2414 4567 1287 519 416
7154 2706 2662 1891 3806 6613 2340
7155 114 2546 2611 1558 6635 1976
7156 1128 1147 6860 1033 2211 1055 3046 2318 5964
7157 2983 1398 1945 88 227
7158 2614 2423 4642 3025 544
7159 3406 2557 68 1456 876 1137 6837 3121 3459 644 1498 152 836 1778 2075 3272 2413 1982
7160 4045 3306 2317 3661 66 1868 863 108 540 1247
7161 5564 863 5413 3849 2466 7
7162 1783 6722 1878 2582 1879 768 7
7163 449 108 4332 5872 2451 1037 504
7164 881 7 1438 4844 6706
7165 411 268 2085 937 3046
7166 1433 1229 1026 2156 1729 2323 649
7167 452 1942 3706 1022 447 940 3881
7168 879 62 681 6861 3789 5367 4761 465 1163
7169 3136 319 4507 2632 4725 186
7170 5997 85 255 3725 4661 6090
7171 651 1200 841 309 1049 5223
7172 276 643 2200 5175 711
7173 1658 356 1365 331 164 151 173 2590 1610 481 2100 1013 430
7174 108 5988 1438 1012 2962 6289 1888 2965 88 3345 156 2909 519 1727
7175 264 4728 149 6516 365 6271
7176 1037 583 3290 223 650 765 1149 671 81 24 617 155 2200
7177 5767 77 1633 6324 4520
7178 1347 2320 1888 989 809
7179 635 447 1418 675 307 296 66 2039 1140 2729
7180 5197 4508 461 390 240 6161 5151 4294 139 636 1075 428 1165 1315 2207
7181 2329 938 2042 365 4728
7182 1764 1008 800 254 3281 5291 681 2920
7183 80 1055 297 1499 832
7184 1503 6862 832 809 416 5836
7185 3563 2899 53 5934 39
7186 1183 2897 5075 3337 506 5107
7187 57 1312 930 85 1708 3741 482 5856 687 172 589 836 71 1274 259 1456 294 5400 3114 4180 4111
7188 5353 600 836 907 5326 2550 729 1342 81
7189 1424 1081 5052 4661 4897 1908 3221 3753 3222
7190 13 1302 1943 1459 1781
7191 3046 3752 1372 1406 1003 2662 3979 2742 209 2967 1425 4389 4598 6863 4764 3051
7192 1149 1962 80 1782 3824 3194
7193 1416 1410 53 822 1604 6864 5442
7194 2146 2048 466 1453 254 76 3529 1547 1270
7195 76 89 3249 9 119 937 385
7196 10 3263 85 753 2757 221 5035 1681 1185 4342 3042
7197 1407 434 615 1347 766 6681 3597 627 2141 1184 2231 2232 4838 3348 631 3429 3231 4590 1444 2254 2172
7198 1008 2286 4665 626 6157 248 3968
7199 3046 5922 524 1662 4183 4550 3605 3965 2292
7200 227 1257 3944 4372 3996 969 2585 5455
7201 423 2576 3949 457 932 4943
7202 1048 956 3170 6181 505 3108 6865
7203 2135 223 568 3211 118 5983 3742 565 621
7204 2841 1287 247 4061 913 4191 5782
7205 10 583 2782 77 1131 153 4388 4464
7206 409 2949 1610 2847 3373 1977
7207 596 3927 1587 6369 666
7208 1959 3188 1935 5691 2836
7209 2625 5566 1038 747 108 2468 1553 1049 5450 881 3463 220
7210 2031 2032 1970 1260 1261
7211 4410 4100 1007 244 2407 108 5066 4147 832 171 416 3879 3088
7212 2847 3924 1718 1355 5944
7213 2662 556 4255 1079 1080 4531 6866 4127 3049 4661 1431
7214 18 546 4401 4040 271 6467 357 146 817 3587
7215 2757 225 6491 1880 3442
7216 757 2192 872 5848 5332
7217 821 1185 1577 6198 3133 173 6344 3660 2497
7218 267 808 347 4211 81 441 6234 1527 4885 5000 5728 6094
7219 1028 268 461 3842 2914
7220 789 152 5997 170 4319
7221 1992 4098 3063 764 5873
7222 2757 53 814 221 2067 2207 6607
7223 885 3208 1262 153 596
7224 114 1417 3251 5723 6840 1584 2573 1127 3110 1314 3912 4669 1582 877 1484 1287 2612 2364 76 1239 876 2188 3537 793 91 2711 2202 2247
7225 179 2550 593 352 162
7226 1788 70 6717 916 3014 1697
7227 2044 821 200 1048 268 2114 1516 4520 672 1987 257 1674
7228 46 2629 1971 6716 1149 1456 139
7229 1183 6086 4364 122 3180
7230 1891 4147 980 3263 4097 93
7231 666 2120 1426 968 2326
7232 901 1371 1696 2688 432
7233 5222 4318 5703 1016 3570
7234 6720 6276 1342 3566 68 3632
7235 2385 1010 3092 862 454 4863 139
7236 1286 6797 4675 2141 4427 823
7237 108 4242 3027 4541 3507 6840 1754 87 307 2850 5423
7238 1685 6497 744 1019 5757 4419 1922
7239 4651 399 1433 1775 742 615
7240 10 1177 4508 297 1161 280 1932 1331
7241 1894 816 739 5939 930 439 5268 3391 1379 6158 63 50
7242 1328 3305 2573 293 406
7243 229 1998 2662 3551 2187 6671
7244 841 1390 2238 402 980 5441
7245 976 2393 1640 5341 1459 46 2716
7246 122 297 149 2156 5351 5303
7247 3510 3515 4200 3927 1211
7248 3283 2129 1646 1616 2673 1589 4894
7249 2779 1756 637 909 3572
7250 3266 749 2741 816 2219
7251 76 258 318 6673 4737
7252 382 144 4111 1168 560 1229 10 4200
7253 2451 5079 151 616 147 5750
7254 987 68 2676 1390 88 1933
7255 1140 6059 3121 2834 1738
7256 687 1601 2165 5309 1970 1286
7257 67 596 535 96 4316 1456 2323 3302 47 3313 882
7258 3248 834 2640 934 1696 6527 740 6867 2419 692 173 170 1215 1022 4425
7259 2495 3335 962 3287 2494 6569
7260 3756 2017 1795 5040 3304
7261 1532 6714 1499 6120 1175 178 1355
7262 6661 2702 702 6178 1983 4345
7263 53 40 1924 1438 2075 138 297 1771
7264 535 1601 3276 3139 1400 5070 5079 3484
7265 4003 480 3567 1241 6051 2256 1784 2245
7266 149 1251 2246 1575 790
7267 2630 6868 1790 3698 2703 926
7268 905 2829 6669 4665 758 2816
7269 297 877 3859 2508 1013 817
7270 2792 666 5573 1585 640 1347 315 1355 1224 4321
7271 5184 546 3793 1438 2917 3036 6869 809 821 2350 53 1363 221 173 3916
7272 2102 6270 681 88 6870
7273 716 221 584 154 35 2869 4423
7274 8 2125 1006 757 14 3878
7275 2051 742 409 68 2027 5155
7276 1639 108 892 3322 701
7277 2083 2312 2530 1022 6477
7278 3148 1942 1462 153 240 3391 1241 186
7279 16 4701 4463 155 1607
7280 5528 6311 6033 68 2018 548 958 127 3736 5051 3256 681 6513 5449 1689 1540 4285 1639 753 3279 2011 790 76 3764 128
7281 1055 3481 6158 6871 42 2096 794 5853 3100
7282 859 300 1067 930 1149
7283 96 53 2029 1783 3569 1678
7284 3493 276 950 4118 5255 5756
7285 3426 4644 1055 173 1876
7286 1183 3010 858 298 1313
7287 2075 307 1003 150 6184 120 4011 1079 4659 4369 280 4475 969 4780 2525 4911
7288 1485 4062 1200 740 309
7289 1829 108 4384 5042 63 1067
7290 1006 763 3524 1739 758 186 1177
7291 1581 2756 1372 4 1071
7292 698 2706 4504 3806 360
7293 751 980 6348 6089 1966 4832
7294 6588 4824 4974 1374 5288 2418 2385 250 6562 5526 1063 6687 6408
7295 1038 680 3936 2356 1297 1328 1887 4503 2201 6568 3913 4997 3451
7296 5044 7 24 171 1718 2582 1596
7297 1037 1038 3223 1220 905 4812 5902
7298 1955 636 542 311 3979
7299 34 579 5439 3879 3408 664 2015
7300 6534 248 2207 930 152 73 897
7301 6025 349 3728 3409 274 53 191
7302 1587 6804 3586 271 1235 4943
7303 1823 1378 5901 4627 893
7304 67 3121 4721 1396 1880 2147 6561 4666
7305 1720 1737 1342 1144 616 506 878 2814
7306 572 2563 958 6872 3307 957
7307 254 5291 854 2890 1374 713 1684 2172 1757
7308 3521 268 3586 263 1474 4520 1382 2706 540 4231 694 6873
7309 764 5087 127 631 108 847 3919 430 2858 6469 1336 479 4401 2909 2069 6755
7310 274 1731 4925 3007 1255 1490 1123 5661 170 169 78 2631
7311 4470 1239 1116 2156 4346 3642 6234 6135 457
7312 150 1202 3580 108 67
7313 405 506 4837 1763 3642 1782
7314 298 481 6822 37 4592
7315 1631 3075 4757 2383 6329 6562 3040 2673
7316 2764 3988 5067 930 1107 5581
7317 6783 162 1985 775 6598 1347 1314
7318 2051 826 109 6489 739 164 1332 2380 2914 187 893 758 1126 2201 1515 2734
7319 2425 1715 1330 4651 336
7320 1468 859 1432 1969 86 4614 3193 1764 1930 81 834 3203 4427 4738 4859
7321 2582 3972 3114 1719 1342 85 4398 254 1577
7322 474 150 881 420 1761 2829 648
7323 268 1202 1800 79 1419
7324 2036 3392 5067 5104 1178 116
7325 274 859 860 331 152 53 75 3746 2946 3224
7326 987 1178 5873 6731 3288
7327 2372 170 1183 2128 4423
7328 2886 108 1832 1347 3960 3038 2570
7329 739 476 3625 3368 2537
7330 1116 44 5483 3117 428 171
7331 1000 2607 2178 3301 6784
7332 6874 4594 2467 5057 3632 1463
7333 152 473 2519 87 720 1066 345 662 2375 636 288 357
7334 291 6163 1838 4742 1585 781
7335 3652 1761 4127 3675 961 171
7336 5316 2110 5077 1453 457 1932
7337 5513 359 297 5482 4891
7338 5044 424 4842 6875 3528 768
7339 695 1628 4399 5500 6876
7340 108 6503 2883 2600 13 1170 1697 1922 2693 2242 4297
7341 151 4981 482 5064 1686 5059
7342 1347 13 3168 5881 2889 681 4404 1887
7343 859 4062 1396 2771 156 1363 5389 896
7344 2864 1041 5138 6534 4928 5620
7345 1843 1239 3284 768 2117 2746 3973
7346 170 166 834 816 1565 1022
7347 4539 2583 1504 217 1847 5604 2442 3502 1072 927 2662 154 4494 2436 2968 3720 4188 2811
7348 336 2929 809 3587 2610 2156
7349 297 53 596 2014 968
7350 1891 1742 812 164 467 6040
7351 36 893 2569 2328 3276 3977 895 4890 768
7352 859 675 2916 6135 1191
7353 152 5687 2490 5962 4325
7354 600 2354 1396 1314 2392 3133 6877 5481 1287 89 2067 2508 118 4368 704 834 2128 665 681 307 1150 4436 1554 2587 2416 1690
7355 229 3185 3378 1866 1029 1999 181 6834
7356 2386 1456 912 1545 1646 5553 655
7357 274 1494 889 2547 6277 4836 1605 1030 59
7358 76 1444 2433 4737 256 985 4175
7359 6878 1472 4792 709 3193 1614 644 2636 76 1630 2357 882 4325
7360 4713 4957 2656 988 1343
7361 1629 474 1847 1949 2841 2044 2009 3032 1239
7362 152 5854 2305 940 1008 2200
7363 5216 5174 242 155 896
7364 1639 5512 5581 3652 3027 1563 6648
7365 3812 1236 1202 3723 1754
7366 1183 1224 2039 1249 636 3698 4300 5066 3188 131 1845 4676 3180
7367 1055 2044 2195 7 687
7368 5153 2115 190 1013 4233 1407 5880
7369 651 1287 83 381 474
7370 229 1029 2331 6835 2927
7371 474 1462 3265 4748 620
7372 307 5536 297 5166 1229
7373 930 809 263 78 4774
7374 588 186 1352 1016 711 408
7375 221 420 4684 1763 5289 2300
7376 1347 2113 2795 127 4411 1055 4377 192
7377 114 3910 949 391 1585 5855 2610
7378 68 4567 646 3942 6585 2930
7379 179 1867 264 685 991
7380 753 1242 2660 1453 3878 4038
7381 2742 298 1419 889 2468
7382 2776 1107 793 3714 259
7383 1704 406 487 4146 2259 1841 2386 226 6176 2864
7384 19 1298 4613 5849 6390 2604 1215 282 75
7385 1415 2139 682 627 331 1176 1241
7386 6369 1246 2630 4112 3288 254 1225
7387 4508 1202 1271 1587 4832 672 4201 1236 2883 2711 1061
7388 1160 1923 1575 81 1405 5523 901 378 832 2771 3658 4628 957 1841 187 5901 926 3464 3255 5456 1006 4463 5417
7389 1117 3190 1894 714 6584 316
7390 1838 1926 4629 959 1013 154 2895
7391 992 3190 1665 3507 455
7392 361 3448 2646 2752 517
7393 1542 2354 1417 5723 434 151 78 85 693 6521 5123 309 153 816 2144 4932 2363 154 937 155 156 5744 2232 2670 5340 3918 551 5880 4571 6879 1084
7394 2985 867 2666 1592 766
7395 3551 4553 1624 5213 108 832 5110
7396 5707 3657 644 1148 773 36 1973 329 889 4157 1554 918 453 2673
7397 2742 2729 6572 635 2188 5079
7398 2956 127 3293 1396 6418 901 2451 3440 2028
7399 73 463 2889 4669 2349
7400 1176 367 6066 315 60 1069
7401 476 2657 816 1137 787 6879
7402 1639 816 4619 758 2423 1265 2715
7403 6880 536 2060 3196 3635
7404 1204 274 496 3510 53 6079
7405 506 1067 274 1456 406 1554 257 4924
7406 168 120 1670 2432 587 1062 3219 1081 491 1063 5596 6718 257 5805
7407 6498 204 3392 1297 535 1160 2154 205 207 5078 1577 209 210 24 211 633
7408 889 687 2190 770 221 3104 2847 950 1536 1616 3295
7409 500 5555 889 4750 1326
7410 1432 4773 1795 447 3790
7411 2530 1297 821 1041 221 3081
7412 24 1415 1286 2563 4282 4089 3230 1624
7413 675 4360 582 6318 3897 5425
7414 1055 655 1231 65 2518
7415 367 410 2156 1189 590
7416 2311 6006 2835 3869 823
7417 4157 2434 705 2207 723
7418 1272 1039 1202 6447 4722 5574
7419 5725 1210 456 3528 452 1433
7420 60 5697 635 2383 666
7421 4530 151 1774 6648 6753 1036 4323 451 311 4084 227 6415 359 763 6881 4722 2598 1050 1540 1597 4534
7422 81 68 3296 5141 3906 932
7423 2436 633 3084 1078 4013 3 883 4661 1845 4475 5053 3086
7424 297 2833 876 5925 796
7425 897 2665 3625 2537 2810 462 576 3071 2506 5828 3879 3673
7426 588 6109 13 2632 4229
7427 1639 2007 6292 559 3708 5576 1415 317 2447 1227 186
7428 336 5659 5303 4204 4372 802
7429 794 876 6198 2462 5364 1149 3956
7430 593 532 150 3125 1365 657 1029 742 720 331 128 1071 5020 836 1764 744 4448 297 1326 4699 174 588 114 2110 902 3669 5170 2901 1008 293
7431 596 223 3027 4740 4011 205 208 24 211 6427
7432 329 5156 6882 22 2536 966 661
7433 199 1242 4796 4773 5834
7434 1138 10 1452 1334 5177
7435 5975 2226 940 2089 5017
7436 1302 6224 2582 6583 511 2156
7437 109 4890 913 68 1055 108 627 248 267 151 1628 740 441 80 1349 6138 897 2894 944 1587
7438 1003 1072 3084 1082 609 1430 3533
7439 2934 1045 901 367 98 4653 1519 6111 4695 401 1993 476 2039 1170 708 221 816 2165 1334 2367 6642 6128 154 6404 3231 1640
7440 4508 6158 5430 6639 2666 763
7441 2883 401 859 266 3949 4323 2553 817
7442 4637 4081 1713 4338 80
7443 276 443 5844 1254 297
7444 2259 2842 4834 847 2652 3624 877
7445 2501 3030 745 4292 3988 2014 909 1767 1069 293
7446 2116 240 6170 1191 957
7447 498 6340 329 89 4686 168 2962 5948 4544 1607
7448 2756 1041 1494 540 3291 816 1363 5831
7449 910 1417 2579 912 294
7450 955 4625 693 67 3100
7451 5590 1670 1354 2406 1603 1593
7452 1333 4107 5132 1051 1998 2110 687
7453 1696 297 3441 152 19 1313 1205
7454 3089 2662 378 1687 6726 6883
7455 80 2776 1013 1100 2518
7456 366 749 1551 1407 2794 2795 2052 1334 5397 37 79 941 1342
7457 681 76 4474 5851 859 5222
7458 1592 5287 593 6374 535 3003
7459 1242 2518 666 1354 4584 3114 2587
7460 76 2966 751 483 739 1149 1986 164 629 2871 1836 1890 2946 801 2322 1859
7461 236 1214 6077 464 6153
7462 1224 579 3137 3605 2226 1587 4270 4824 1741 5100 65
7463 5599 1225 1587 2087 326 889 1382 5034 969
7464 3150 842 43 81 1209 6551 1040 2757 5783
7465 2317 2588 1959 6396 2241 1433
7466 2492 2874 1930 409 3124
7467 3117 2752 1415 89 3549
7468 3787 388 4405 1927 384 3239 1484 89 6884 5873 3236 6255 9 1334
7469 3467 5402 5143 5446 76 2183
7470 744 3846 155 687 672
7471 5845 5040 2845 617 3790 5885
7472 6437 4281 540 3279 2231
7473 2359 6813 5507 4504 5970 4193 4551
7474 6519 6212 4642 1298 1220 5746 889 4410
7475 276 1604 5735 1814 5978 4880
7476 5888 153 633 172 3549 3878 6352
7477 4694 4109 3428 612 576 152 4355 5516 581 167
7478 2501 1272 5035 1729 617 1187 637 2870 2857
7479 1978 2419 836 354 989 2536 155 4936 2417
7480 3129 3504 1761 3373 637 1582 4244 3684 691 4234
7481 546 4251 4458 4255 6866 4087
7482 2417 298 6440 2536 3923 74 3069
7483 1682 1968 652 959 3779
7484 254 964 1995 2892 4343
7485 2045 617 5712 7 4333 169
7486 1468 2134 2135 4484 5668
7487 1385 1298 1406 3172 29 1761 5851 158 271
7488 4174 1572 1524 1456 4558 2723 2108 4015
7489 5916 472 1650 155 3876 2603 5563 259 1112 290 462 2201 257 264 4072 1717
7490 360 695 474 2761 6591
7491 5636 2853 3962 1949 1729 2083 4545 5603 1765 5566 243 4781 1951 202 814 6615 2310 466 2987
7492 696 3409 749 3844 276 152
7493 276 13 687 3426 740 1153 1246
7494 6885 4127 149 1417 409 1795
7495 5641 2281 4411 641 4759 153 638 1420 3268 3203 1665 116 989
7496 6445 3567 3258 5364 4068
7497 276 749 4097 1167 1631
7498 6485 108 81 309 1868 816 2554 3125 1927 3841 281 4632
7499 2575 3772 763 415 2513 6838 1558 564
7500 1149 1236 6691 100 6128 3212
7501 297 1235 68 5632 2825 2579 1333 6399 6847
7502 2922 790 89 6266 987
7503 432 3767 3702 321 2047 259
7504 349 443 390 1763 4978 4558
7505 3879 1922 1603 2400 665 811 1660 5367 6091 830 1337 6786
7506 151 80 68 3060 1603 3021
7507 1508 1991 5296 6622 3720 4474 6508 5335 1587 6886 6887 1573 5311 254
7508 339 390 245 1468 5570
7509 2662 5128 1425 4369 280
7510 114 6236 4445 3599 871 493 3351 3040 4470 227
7511 85 2916 2139 2216 5244
7512 2620 1558 1498 1762 68 2262 4153
7513 149 885 2794 2083 811 1847 409 3653
7514 5287 5465 2629 744 53 1715 6804 2122 6725
7515 1542 6676 1361 1178 953
7516 484 1342 100 309 310 6265 1807
7517 3319 3189 1150 1584 621 2338 895
7518 621 2992 53 670 2404
7519 242 4648 2267 154 5770 1479 4666 2309 1111 2674 2264
7520 669 858 2664 3409 655
7521 1002 6135 3364 100 505
7522 767 2084 3848 5176 1295 1259 2806 3675 4056 3529 976 5202 2411 2110 1574 1190
7523 298 687 4858 1718 3587
7524 2924 3504 3343 5856 1067 1761 320 1984 54
7525 886 2544 5364 2446 4192
7526 2321 1673 668 850 963 768
7527 1410 1177 1471 5876 396 5170
7528 97 127 653 81 2109 2170 1286
7529 114 149 740 636 3803 174 897 5889
7530 309 81 273 5740 4125 7 152 638 2326 1161
7531 1231 3036 146 852 957
7532 6010 4903 6106 408 24
7533 234 1891 938 3751 114 1780
7534 3456 821 870 100 81 816 492
7535 643 356 1331 744 443 905 623
7536 2673 1026 10 1756 479 3092 211
7537 2156 590 3813 1200 6490 7 785 3114 4010
7538 323 2143 4722 4723 3537 1107
7539 993 1044 1577 5735 6888 162 809
7540 1176 511 522 69 822 171 1202 274 1007 1592 5132 2756 5200
7541 3812 2094 1223 69 1680 6864
7542 2165 2662 2934 1199 1039 300 2076 160 905 881 3463 118 430 24 2771 4960 1481
7543 266 2666 1026 636 5311 1163 970 1031 210
7544 3138 1551 1504 1581 1775
7545 1809 1178 1631 292 701 5316
7546 1467 542 1077 4255 4011 2734 491
7547 89 3972 1443 709 4211 583 6416 576 76
7548 1208 179 1847 2706 938
7549 2489 858 2074 2148 4781 5696 4875 1442
7550 4063 1396 2147 53 1224 1165 542 826 6517 37 506 274
7551 3111 3414 5755 2561 1706
7552 1237 5179 6250 244 476 1199 6682
7553 2039 6437 13 1629 617 65
7554 763 2775 1833 254 809
7555 826 274 3956 3895 440
7556 514 6072 2096 3223 1922 1650 929 1967
7557 1985 77 948 2529 6889 305 416 4875 6753 3003
7558 404 2934 4036 6242 202 881 1234 1606 1741
7559 528 2314 323 4507 3537 5742 2508 118
7560 2484 173 3095 1626 687 889 1241 1345 905 517 4205 2965 2509 2238
7561 2354 108 4838 6515 1976
7562 1980 473 4397 164 1247 1106
7563 275 1998 2357 3390 6466
7564 2096 2793 958 6694 473 356
7565 2742 151 114 847 254 391
7566 1417 1347 3389 1949 2076 565 2110 3276 1750
7567 3186 4386 945 3047 556 1072 4058 1333 132 1850 2662 1022 50 6262 1425 789 120 1080 3219 280 4012 4661 1429 1094 2930 4475
7568 268 5641 303 254 1342 85 905 4313 3160 655 1166 6433 989 79 1067 4211 752 4131 1149 1944 1008 156 1610
7569 151 24 959 170 1554 768 171 257 1771
7570 979 1814 646 24 1416 583 6742
7571 3153 1891 179 3808 939
7572 4687 1581 2346 1393 1158
7573 4614 636 4554 1557 2697 3038
7574 2829 186 6881 3621 3329
7575 859 476 558 1055 6269 3060 3062
7576 2468 356 4104 6309 5676 1541
7577 987 5605 4291 817 5102 5518 5474 2860 1208 2298 1510 416 5880 1467 1920 1601 723 2353 1531 3786 999
7578 6890 4003 3367 2316 6351
7579 248 121 5287 1731 5593 533 744 863 2657 2496 1432 2482 3851 2550 2775 2315 465 19 4957 2618 2730 2939 3482 6213 86 1603 4393 687 476 733 5046 2072 2349 2337 4860 1423 1642 4112 1587 1402 1577 2154 5453 2935 2324 1235
7580 2136 1467 3732 1252 740
7581 3623 3164 2662 116 117
7582 4407 420 189 681 76 519
7583 4181 1149 3605 4271 81 666
7584 153 2136 439 763 720 46 2485 145 1329 240 4192 2568
7585 1872 4909 5431 526 2785 4123 2812 1281 609 5805
7586 2156 2825 288 6891 6436 6379
7587 3943 2110 6626 5820 2830 156 2365 1552 2427
7588 2588 4813 33 817 2909
7589 4714 81 3729 1192 675 152 1527 166
7590 1299 2512 717 2826 1757 2313 2262
7591 484 6327 85 1066 506 1237 4811 895 5031
7592 474 4504 1891 3550 2707
7593 34 331 1719 2271 4774
7594 1072 2436 1079 1086 4717 4013 5803 6203 2781 3086 4970
7595 297 263 328 1149 293
7596 796 4213 6411 6742 151
7597 2585 1208 267 675 154 4606 4533 2365 2061 1202
7598 2627 1598 4031 4032 1865 6761 3543
7599 6292 77 841 76 2061 4104 401
7600 5014 4221 3710 2339 1862
7601 3374 4817 2144 3974 4029
7602 4981 2045 2890 4588 5967 1235
7603 20 2844 4805 694 2697
7604 4281 4709 2829 5179 1783 1752
7605 1841 2732 5133 1425 139 491
7606 2310 1055 930 834 631 4104
7607 3463 1347 1253 191 2590
7608 2339 3550 3543 758 5785
7609 3235 3795 753 98 5369 1927
7610 1891 929 4738 5214 2917
7611 767 3509 1297 66 590
7612 1237 5067 2014 1558 1532 586 2624 5789
7613 2460 5848 434 1662 5330 3375 5698
7614 186 4466 78 3408 4266
7615 655 901 6715 1851 1752 909 1013 1078 35 1630 472 1209
7616 3347 5179 6654 5947 3578 1016
7617 5130 1069 1239 321 3570
7618 1348 2520 1640 173 4653
7619 1443 1494 3157 6892 1647
7620 775 3278 1469 6079 6495 5652
7621 4411 3957 3447 1241 152 1298 5253 1610 1187
7622 6293 1589 2845 3813 3684
7623 311 3684 934 2570 575 4320 985 511 1438 2190
7624 2183 1965 4158 4180 701 2229 259 269 3606 312
7625 1984 2798 6893 5937 1018 6344 583 2557
7626 114 1595 4498 1270 1069
7627 1183 6358 992 4393 6039
7628 1624 681 174 3435 937 1211 227
7629 1970 4957 5168 2657 174 3529
7630 6625 814 2039 1836 1757 6040 2287
7631 5111 2340 4690 885 5386 6516 6696
7632 704 1577 1467 1468 1275 1090 1093 5 2208 5007 1431 3052
7633 1417 5723 4023 625 5151
7634 1872 4642 140 693 433
7635 1035 687 271 1055 680 616 337 2317 4890 171 2462 1629 3825
7636 3358 441 127 1185 655 154 2336 396 4401 1361 3569 937 1692 413 4940 4244 1246 2457 2868 4192 1398 2450 461 76 2084 3255 2895 1540 4368 3310 891
7637 267 2519 987 78 832
7638 5325 108 753 271 1359 2165 941 2895 6894 4268 5836
7639 1639 5673 5005 4963 1498
7640 2148 6608 1678 4520 4954 1140 3693 457 6307
7641 1131 823 6559 4835 4237 5074
7642 1149 297 1055 52 3216 1508 1752 809 479 2564
7643 1691 1298 740 174 6714
7644 5189 1592 1040 2110 3756 1112
7645 904 1801 3672 1240 2637 473 6701 1432
7646 3314 636 2482 4723 6531
7647 1624 179 3799 2706 230 3749 1067 6895 6271 120
7648 939 2187 2706 698 1999 2339 2627 3808 2709
7649 2125 2273 6896 1587 876 3039
7650 596 311 4994 1696 5457
7651 2413 3281 2068 1951 4098 1712 4360 2711 1782
7652 160 2164 155 1069 2646
7653 3552 229 179 4412 6103 991 149 245 2001 361 2535
7654 897 1224 5492 1438 151 2462 624 959
7655 3029 1271 390 3001 674 1192 5428
7656 1224 1014 230 234 1780 1347 409
7657 4664 153 297 1165 2310 2291 1499
7658 4022 6783 2165 3867 901 1415 2508 5276 1987 749 2636 1596 3339 1831
7659 2265 945 4062 79 2657 6182 2067 2207 240
7660 1978 3676 4885 153 1370 6414
7661 2755 2477 2190 1057 968 2156
7662 550 2211 1411 215 1487 1767 1619 6243 4887 280 1589
7663 484 6120 5453 1740 5311
7664 149 1242 4854 10 832 95 682 4524
7665 682 988 681 76 1108
7666 476 811 2727 905 816
7667 2210 2744 2676 3077 5424
7668 2408 2757 5575 6552 1261 2098 1342 81 816 6043 5084 5684 1432 298 2618 2807 5686 2374 4401
7669 3638 2037 1347 540 447
7670 986 259 850 2243 2929 4324
7671 3555 1340 505 2257 2366
7672 947 902 2466 6210 1889
7673 1719 3674 2308 3482 871
7674 621 838 55 1202 2796 617 5070
7675 698 3987 2042 2707 3550 1864 4504
7676 1392 2114 280 2657 1516 202 1312 1315 2082 5730
7677 665 1026 6353 1479 6897 4457
7678 865 1224 842 1185 5701
7679 2549 1829 2934 1837 2818 1514 1655 4126 57 475 3816 3675 2187
7680 297 3348 3012 248 4721 1057
7681 3564 2660 2279 132 5460 154 6288
7682 2273 1242 2164 506 171 1973
7683 636 4061 918 4642 1922 2894
7684 3661 1165 6231 1517 2269 2144 3615
7685 2104 16 4104 657 2711
7686 1251 1932 1762 1951 1160
7687 6111 1026 1595 4593 1270
7688 1347 4713 248 67 702
7689 4248 1029 5309 4195 4576
7690 1589 1455 5773 4757 2510 290 50 1498
7691 4063 681 1365 937 2883 3666
7692 836 5314 1504 2262 2572 1610
7693 1462 4442 2637 2557 4291
7694 826 4546 583 832 2883 4694 1500
7695 1844 718 249 416 3299 6124 1029 3600
7696 3543 2533 987 1305 2515
7697 5668 4773 4695 2992 709 4879
7698 681 5132 5180 1417 5457
7699 1624 1297 1638 558 3035 3346 4199 305 4920 5592 135
7700 1949 1 811 1752 1462
7701 754 1120 452 1651 482 2020
7702 524 360 523 2620 5823 4894 2897 4580 603 1083 3049 3646 1091 4151 3533 1101 1103 5750 5249 1102
7703 81 1071 501 3509 2362
7704 627 1055 1662 327 3873
7705 1031 253 4527 2115 1292 6878 507 1536 3440
7706 1170 682 2108 5764 5723 6304 98 1920 298 1607 1510 1326
7707 1946 1485 1347 77 5138 1844 34 1196 1636 4020
7708 3942 68 870 1078 742 2858 24 420 1569 1333 171 257
7709 4084 919 5147 4319 114 2462
7710 297 2414 78 3408 1591
7711 687 1503 3681 1636 2714 763
7712 6506 6565 245 186 588 4922 4847 1496 2401 1118
7713 476 4302 152 241 1836 3260 3499 1985 1246
7714 4025 3305 670 3362 5206
7715 522 4103 2267 4104 81 3574 636 5635 2537 2036 494
7716 542 1298 2374 3036 3855 2536 1509
7717 1841 4520 1057 2673 1008 3674
7718 987 267 539 274 1039 1696 615 906 1043 170 3609 621 5884 5216 2700 3445 68 6898 546 493 957 1162
7719 6063 6064 3022 2392 1834 425 26
7720 390 3574 476 679 2871
7721 3148 4926 5148 1889 1055 5866 2096 655 1334
7722 6647 5156 926 5162 293 5138
7723 1240 2365 2174 1631 4273 1979 3170 744 532 6744 948 1646 288 4672 1456 351
7724 5123 1503 4287 1729 1630 439 6138
7725 540 1034 816 773 152 2940 6899 2108 1634
7726 5823 3030 5325 199 4473 2685
7727 1148 2939 1055 721 2598 4094 2801 2987 2723
7728 114 618 4057 1361 2259 1636 5629 1464
7729 2792 443 5714 4492 5812 5785 1912 3135 357
7730 298 1123 309 297 544
7731 367 242 87 3524 775 557 810 2720 1986
7732 718 2249 3068 6038 3000
7733 3661 1930 4001 1770 81 528
7734 2921 4002 2903 1352 4341 910 53 152
7735 5320 615 459 89 1211 4720
7736 4749 276 174 816 2826 1359 5632 5367 5005 4575
7737 3353 581 447 3284 989
7738 4800 5168 4343 1241 3897 1807 3263 728 1587 297 930 834 2046 4286 612 331 1549 1756 1178 1486 378 43 1406 166 45 367 152 4508 3621 1055 3894 2037 4469 314 4427 5856 3829 284 5614 2207
7739 4480 158 2134 557 6278 220 4408 2945 170 2156 288 1078 4790 6414
7740 179 311 297 298 151 732 152 631 473 1577 2393 1018 170 357 3373 5737
7741 2508 3281 3436 89 517 100 384
7742 821 434 666 2357 59 897 4789
7743 730 319 968 2156 725 1536
7744 300 311 1395 1162 1630 6353
7745 811 1857 826 5087 753 3968 550 108
7746 5962 1049 6125 888 5649
7747 584 2021 1512 2825 1876
7748 164 3029 4981 4679 2159
7749 473 5036 3459 876 2234
7750 1891 79 4927 482 1349 39 3814
7751 942 3811 1107 5449 83 3397 5283 1033 1287 1584 89 1210 6614
7752 1759 6626 1817 1536 4322
7753 4470 68 841 3862 6577
7754 5781 2168 556 4434 6900 4109 816 3428 804 3391 2911 744 3170 3386
7755 1639 5287 1551 1729 80 1727 2972 1741 276
7756 307 4619 4281 146 783 4341 763 548 174 1087
7757 1036 834 6144 408 2909
7758 106 5016 4740 6082 108 4045
7759 2641 6901 2244 2384 2579 341 102 4967 781 2327 3611 558 1976
7760 5845 6798 5356 3525 3295
7761 2126 1402 3321 34 2924 1221 4604 3370 4499 3927 1202 1946 5344 535 5513 821 2583 169 298 6249 5846 4752 3796 6361 714 961
7762 1575 3441 4320 1069 5389
7763 3808 3805 1587 269 4682
7764 297 3684 247 1932 4043
7765 2100 6723 2419 2741 1305 5040 2 1485 1795
7766 2482 1779 2156 1310 4507 830 3323 291 5367
7767 74 3417 1069 2056 1876
7768 202 5688 5481 1420 1720
7769 34 297 149 152 3627 3367 632 240
7770 137 37 6631 189 872 794
7771 1111 1178 2140 2987 1137 6251 3097 61 6279
7772 2890 5604 6779 4053 5036 3994 5694 4282
7773 6847 6755 2455 4114 833
7774 4604 5910 3369 1947 5644 3149 6693
7775 362 5231 524 3652 2054 1072 5028 556 2662 2967 542 4089 1467 1060 3132 1430 3648 609 3086 6902
7776 6903 859 1601 297 1504 3685 1595 6503 192 912 3955 6532 577
7777 1639 1192 4408 2108 108 1416 826
7778 5295 4041 271 160 2490 1384
7779 3792 119 4517 53 4157 881 3764
7780 3638 860 1120 4355 1003
7781 2367 6904 211 2197 752
7782 3423 687 298 3863 1961 3260
7783 151 2630 2214 170 949
7784 945 45 4643 6189 1659 6905
7785 1236 2347 1747 600 5442 2585
7786 2662 1978 1439 6720 2657 5138 5365 1577 1612 4852 2711
7787 902 2125 4665 1569 6593 3267
7788 1347 1734 331 152 3188 122 87 439
7789 2367 5437 745 2061 5526
7790 359 1731 6532 919 912 259 6192 3216
7791 1271 4104 876 2495 3070
7792 1417 5723 2146 1013 5151 3417
7793 726 589 720 2547 4304 2519
7794 2433 753 2281 170 6427 1708 1022 1311 4228 2825
7795 2471 3017 2714 1403 5460 5427
7796 4878 3565 1978 3968 1930
7797 3313 1292 410 3203 4125 1113 5516 3088 833 2693
7798 5004 6312 2164 2191 2439 725
7799 150 1067 526 3531 2070 3762
7800 37 152 3566 3038 4375
7801 1699 321 1046 4507 976 5068
7802 254 763 3937 4908 2326 4893 506 5695 171 462 5512 1976 455 3027
7803 3447 3910 3054 3894 482
7804 716 5818 6809 2541 764 1757
7805 5582 3544 1379 5748 4935 1741
7806 4236 6618 1113 4216 6665 833
7807 1055 877 2929 2985 209 966
7808 651 158 271 1123 2146 891 1752 3092 3707 6548 5836
7809 35 353 5183 174 2720
7810 3867 3894 3439 5580 5818 4635
7811 4503 1443 89 793 1536
7812 5497 1696 465 2193 2477 4535 506
7813 855 2221 1503 127 1370 1469 2568
7814 6898 894 6721 253 3519
7815 574 4063 593 162 1683 1932 2886
7816 227 2512 1943 147 2537 6124 432 1658 1055 3421 4007 1729 4347 5878 3002 240 3178 6631 3869 1950
7817 1801 2924 43 6767 3446 2143 1888 6906 4019
7818 987 1365 24 6907 2391
7819 4587 4693 2140 1135 1624 440 89 1270 899
7820 3431 897 511 4146 2327 1073 6258 2476 1569 4470 743
7821 1402 1149 1265 1069 5966 52 3943
7822 2354 905 895 6487 1137 4818
7823 945 1 1287 1340 5578 3003
7824 3056 675 2669 151 2172 1697
7825 3555 1266 2346 303 1678 691 540 1210 6797 5340
7826 2272 5201 546 5972 1933
7827 1347 285 2636 1232 439 2804 240 416
7828 3596 4895 4906 2217 2218 6303 3959 1348 156 3436 1551
7829 297 4785 3132 3849 4322
7830 2496 636 94 5239 2154
7831 6183 763 3450 2196 3482 4584 2495 5642
7832 709 666 644 3093 4199 3519
7833 4093 1039 178 4855 1737
7834 5325 4953 2418 250 5691 6588 3594 4974
7835 1998 6149 5451 1342 4565
7836 690 6073 2489 624 81 1365 7
7837 336 456 5108 3697 661
7838 5497 3507 280 3083 1117 1035 465 85 2522 3139 2200 701 1076 1508 1570
7839 2521 141 6077 813 5217
7840 4259 6673 164 3289 439
7841 612 2802 2800 1137 1517 6807 481 6163
7842 53 1048 5844 3819 3313
7843 1587 4649 280 726 893 2737
7844 1978 3744 1920 24 833
7845 3661 1347 1788 1026 81 1630 6807 6572 2220 6510
7846 1357 1770 6608 447 4883
7847 2393 1176 1045 307 4813 832 3569 4089 67 3956 179 826 1549 693 5704 3133
7848 913 3337 968 1595 275 6125
7849 740 666 19 117 4684 1030 54 466
7850 876 1150 1113 3548 986 723 2600 6208 2003
7851 2844 5566 2061 2669 2598 5652
7852 1417 6908 4789 1149 381
7853 1767 612 484 636 1686 175 1407
7854 3661 4444 1888 1571 1071 384 393
7855 3084 406 366 3898 1459 164 1541
7856 1302 5470 1045 1763 2809 443
7857 621 297 2795 1643 2504 4465 1433
7858 1847 297 299 501 3568 2244 2393 316 572
7859 418 331 6851 6856 36 3330 398 5929
7860 2589 5391 2123 817 4800
7861 127 693 1045 249 1208 474 945 3225 1471 2076 6367 897 430 646 6909
7862 1371 268 989 803 1011 428
7863 1025 2212 1045 4149 474 4976 5046
7864 1482 2375 4320 5367 5820 2013 3926 589 5104 5280 3198 806 506 2019 2040 637 3869 587
7865 2618 5383 2990 3374 472
7866 1048 114 1582 2291 297 1453 888
7867 590 6057 6163 2897 1541
7868 1616 781 1504 1667 257 63
7869 1147 297 1232 3893 4199 788
7870 2961 4354 140 3267 5373 359 33 4795
7871 1640 5474 2423 210 5259
7872 1388 2618 102 4735 2187 616 624 2323 6824 4317
7873 4004 4281 3965 417 4976
7874 1471 817 554 816 2783 2704 3595 2928 583 96 139 1526 3003
7875 4058 2055 2154 2298 768 876 173 1008 5756 3635
7876 297 476 152 77 309
7877 5449 2712 550 109 3912 1444 3704 2784 1242 1185 655 6487 3291 1979 3720
7878 3136 1161 681 4228 5341 4279 4433 3849 720 6529
7879 1571 6756 1425 1419 583
7880 4061 2537 4796 4494 356 406 1067
7881 1347 248 732 1471 3223 1185 1396 221 816 307
7882 268 822 76 1410 98 2387
7883 3744 901 3343 1558 2189 1355
7884 2818 2927 4188 1591 1877 12 2812 3086
7885 747 3950 1741 3747 25
7886 2337 4590 4763 681 5488 1160 359 5186 877 1484 519 4282
7887 113 340 2498 91 3466 1484 89
7888 4670 3681 1631 2732 5133 3132 3086
7889 3943 68 3245 353 443 2789 6678
7890 229 1029 1624 1014 1780
7891 2581 6757 2254 328 2231 1819
7892 2182 227 3995 254 1013 1551
7893 234 1034 2408 858 267 334 958 6620 202 1137 297 298 1055 280 1231 5621
7894 3562 2795 57 858 298
7895 3691 463 5873 3495 34 3720
7896 687 940 2929 173 2061
7897 298 1584 1008 1891 2943
7898 200 274 2569 293 2047 4575
7899 114 35 928 2552 1365
7900 4797 6157 1508 526 472 248 423
7901 297 1640 174 809 171
7902 2618 1650 3849 4346 1335
7903 2738 5906 2250 1696 5641 5382
7904 1797 1039 834 1486 4488 640
7905 621 1033 4193 1040 4489 6597 6492
7906 1639 52 2500 275 3675 227 4793 959
7907 353 909 5882 1172 472 1900 3360 4722 1006 616
7908 2625 167 2928 3983 1183 298 2190 153
7909 1454 818 254 263 54
7910 3397 983 98 1822 5695 2253
7911 6115 4851 1432 1137 590 1370
7912 763 2556 2584 359 1966 74 2766 2010 4583 1371 248 2212 349 186 1767 6155 68 522 641 1977 1795 67 743 3992 4216 2266 3100 3606
7913 3358 227 1833 1564 4254 4776 6748 1207 4375
7914 2136 681 2883 2060 5251 6098
7915 1176 3082 307 1013 674 1004 624 108 3389 26
7916 1788 1969 1205 6614 6007 2020 1987 3651 488 1880 1630 637 3545 5884 3251 294 5315 711
7917 2839 5659 2805 3201 1982 1170 3198 1172
7918 1912 5983 4232 1888 3912 58
7919 3216 1229 3069 1184 1036 511 1055 4084 644 1013 154 1023 153
7920 811 1544 298 767 152 432
7921 1630 1067 940 6228 452 391
7922 13 1186 3218 3186 4040 1018 3359 918 492 1351 2969 620 2970 1425 582 4255 1440 12 1498 1469 587 4659 139 3049 4123 5006 4764 1277 6680 4661 5158 1581 604 1429 1094 1097 590 3086 5804
7923 2314 481 5310 3042 405 2471 1890 1287 5486 88 89 749 941 6910 401 2837 775 1046 3367 583
7924 53 5982 4289 2914 357
7925 541 45 816 4089 46 1317
7926 4713 1841 5838 4092 1209 4797
7927 4127 1202 3624 1516 4081
7928 6525 3122 4821 6119 3525 4501 5254 2230 5619 1271 2419 2452 2502 1986 84 174 1534 1326 3600 1231 4180 6557 722 3293 3511 2779
7929 2651 1474 1383 2662 3968 3482 149 1342 473 1365 714 297
7930 2616 566 91 3039 2424
7931 1237 5512 1752 3071 1011
7932 1789 359 5202 575 1603
7933 2744 69 1680 4211 3150 3812 3697
7934 3048 1276 1083 2062 4123
7935 1640 6003 2142 3360 428 3114 1536 1433 2811
7936 6738 1818 5367 2019 1337 3449 2520
7937 1352 744 2174 3375 53 108 2143 788 428 803 1272 1298 76 423 3580 1149 1038 4164 517 1210 81 309 3091 4899 790 1192 114 1499 617
7938 5370 1847 4201 3319 297
7939 1166 2546 3340 154 2473 701
7940 172 291 4734 3448 164
7941 402 209 1900 282 1607
7942 6377 5731 2335 6395 6342 6600 628 2903
7943 1844 1 3302 3170 909 1029 2570 88 257 1828
7944 653 6507 612 2692 2381
7945 5464 3080 972 6308 336
7946 1208 474 229 1891 2708
7947 655 1531 2076 433 830 825 3297
7948 6758 1418 4076 3290 1775
7949 3595 367 5120 559 53
7950 1371 359 85 3025 5958
7951 2013 3647 1514 655 2020 784 1086
7952 1272 3504 6911 5131 477
7953 3193 5347 4602 2558 6225
7954 593 1836 443 139 1371
7955 816 2625 2579 11 5565 3817 3975 5153
7956 5966 2153 1943 1647 33 718 6414
7957 1823 1849 53 681 4773 5088 239
7958 1930 4018 2636 6624 6454 3944 186 1298 1055 1610 1005 860 3675
7959 4508 935 1138 278 2729 832
7960 1076 168 789 12 2437 1910 5339
7961 905 987 557 108 321 2588 4780 5855 481 833 1932 3276
7962 1603 615 1026 3283 768
7963 2212 6084 1701 248 96 1321 4020 1029 5685 1767 5905
7964 78 49 10 816 1416 1659 675 1271 5065 5240 302 1751
7965 2924 149 1780 267 729 5639 3010 3863
7966 4317 2140 1347 657 3133 937 832 565 479 5117 2896 2264 6289 683 2933 1038 376 6095 4436
7967 2116 2542 822 4064 2014 676
7968 1036 877 76 517 682 81 4120 1962 1379 3267 172 6912 2577 3789 6128 6560 4325 4108 1474 3882 2344 1589 926 227
7969 2210 3247 3595 588 1662 1329 526 2436 1072 2970 4188 120 4796 4661
7970 2213 2174 4803 5122 1352 1250 1433
7971 3849 6481 2503 474 6913 2302
7972 1939 1301 4774 2545 1313 6914 481
7973 2244 179 1046 6105 653 26 2742 1188 3760
7974 292 1019 2608 1616 1181 1889
7975 297 4507 4101 2856 3489 1927 199 1370 171 2231 2232 3069 3868
7976 359 434 3513 876 4474 4555
7977 1998 808 465 5301 6506 3030 2699 860 331 2133 297 488 3675 6915 179 2533 991 1439 894 6136 1057 692 1535 367 909
7978 1254 4056 260 1149 5107
7979 511 242 3975 1797 4193
7980 6690 546 693 5332 3180
7981 2922 1055 2987 146 6916 4065
7982 1508 2188 10 1729 2165 912 6205 2883 4192 1806 2252 4407 2508 91 5883 2809 1178 223 3510 918 1149 151 2600 3203 2238 166 4985 1783 1020 1831 3063 4286 2233 6666 1911 930 3703 1595 207
7983 540 1683 1727 1287 3211 2092 1741 156
7984 1841 1003 1072 1467 1275 1080 587 1904 4661 1098 6730
7985 321 968 1558 336 806 3917
7986 701 78 1235 2037 1631 452 3852 6144 276 2172 972 758
7987 701 998 1600 2245 3440 3117 506 156 2742 2691
7988 67 1014 298 4800 655
7989 3215 2347 1200 352 1603 687 486 4774 1455 752 7 5672 6469 1690
7990 1661 5223 164 1055 2419 694
7991 3583 1055 154 171 138 4729
7992 6068 4173 1640 5684 3739
7993 742 3957 352 2013 5197 2908 2210 2207 2742
7994 1271 816 412 2760 5093
7995 1013 4532 6706 1040 2729 154 6434 2566 139 1398
7996 1709 2311 935 1153 681 5385 1741
7997 2829 1939 1332 909 1166 152 6127
7998 5513 2396 876 1985 2203 5816 5611 3030 5644 3149 6693
7999 6088 4149 5978 652 143 1979 816 298 4369
8000 3824 353 616 2173 1391
8001 52 2588 1142 858 122 1989 3397
8002 2467 806 791 808 507 4918 1624 405
8003 621 5605 281 3373 153
8004 330 297 1124 6881 5629 1069 1384
8005 186 523 524 525 2244 1773 1575 3415 1000 1072 2054 1841 1837 4884 244 556 2108 202 4147 1176 2310 5950 941 1601 1467 678 2967 2969 2003 1480 4271 2403 4235 789 6281 4598 587 4645 4906 1671 5006 1905 4966 2377 1279 4026
8006 3303 3638 164 816 266
8007 443 6618 24 666 3342
8008 1737 3529 6364 5064 2770 1495 2598
8009 2482 2570 4459 636 2256
8010 1550 630 1396 2116 12
8011 3426 525 713 2620 904 4070 6917 1261 248 5004 19 4775 2086 2808 6659 2125 4242 3337 154 2968 4895 2075 396 401 5958 431 2274 3905 542 4387 1903 397 3304 4906 1080 2972 4429 1081 6517 1089 1278 1906 3221
8012 6614 1165 1558 2847 620
8013 1266 2811 1208 1601 6510
8014 1780 1402 2308 2083 311 4684 600 501
8015 621 304 236 1841 870 440 69 78 687 5533
8016 507 1363 6429 1783 2814
8017 122 297 1308 276 2927 1008 1558 1454 3186
8018 2135 299 144 900 100 3158 2038 24 3958 321 174 2258 42 373 2943 2460 4479 443 2557 2500 2553 3023 2809 2087 1160
8019 150 3621 1436 2876 250
8020 3905 91 644 291 114 5192 5437 3039 248 1805
8021 5168 6918 3622 2328 786 1622 3337 2796 4997 770 1453 2929 2638 895 711 969 155 3610 926 257 1353 407
8022 331 4103 443 2657 2251 957
8023 4715 6508 4244 698 2756 4181 1473 2393 1391 5207 6195 1767 2156 5310 1069 2427
8024 583 140 4267 6100 289 2909 6655
8025 349 3728 149 5024 2657
8026 493 6269 1342 1421 486 3825
8027 801 60 558 5995 1557
8028 2246 5321 1610 1827 5892 958
8029 1662 977 2048 5310 4665 1456 3408 1558
8030 427 6919 3371 3706 2258
8031 581 1972 2433 2920 549
8032 3425 266 316 2136 933 6297 4079 859 3558 1298 3587 482 809 1023 4334 282 476 6225
8033 5027 2647 4751 3162 446 2512 331 2523 4453 248 763 60 3044 1149 693 4876 1321 6199 643 5963 2590 5516 2298 2222
8034 633 2319 1008 314 6015 37 10 1231
8035 6267 2450 5641 594 3607 1245 6676 4340 2509 267 441 1011
8036 3744 826 4693 2207 1927 5163 1868
8037 1847 886 959 40 6656 4852 1113 3707
8038 1176 5287 53 554 6920 1048 989 3504 2112 476 558 4725 930 950 65
8039 6634 2553 2909 1634 4422 2598 930 3276 6336 1819 3597 623 5066 4261 6803
8040 1727 223 6301 1927 331 5783 2512 252 816
8041 3761 2311 2847 6715 2669
8042 2140 4918 1741 171 1557
8043 957 633 5834 3632 298 4475
8044 69 3628 471 6337 2218 80 6921
8045 2421 3434 149 1298 4189 694 257
8046 1205 3828 946 1342 4484 634 4147 373 556 2662 1072 50 5403 132 3105 209 542 2704 1076 633 1078 4458 2733 2811 1498 1633 1469 17 2972 4661 2593 2930 3050 4124 3532 3126 5249
8047 470 2177 2777 2456 1987 1603 1622 46 1456 5066
8048 1329 333 994 3358 708 731 2149 749 2883
8049 547 268 1443 128 1678 108 4792
8050 644 2451 1148 451 1074
8051 5917 3987 6061 4221 2653 6591 6613 2724
8052 158 271 1754 4511 890
8053 1113 827 376 2028 227 931
8054 141 53 4542 3429 803 3901
8055 6261 4189 1236 4180 752 5440 1987
8056 2125 447 4957 191 895 7
8057 4424 515 447 68 1890 319 1484 2468 561 3914 3283 323 1329 2140 681 80 333 2455 1352 396 4838
8058 2889 1845 244 98 787 1292
8059 1665 370 359 1786 2769 299 297 1651 164 5891 372 1067 515 2786 617 2808 1059 3339 4051 2693 2242 2970 5133 4387 4255 1276 1081 3646 2593 1279 4026 2594 3980 5053 1906 1065 6203 1282 3533 3221
8060 4995 3074 4651 2974 4420 280 1055
8061 1218 6276 108 1729 2866 1226 1333 1757 881 3463 22 5564 1034 1836 4925 787 1365 4323 24 817 1696 443 2572
8062 24 4522 114 933 1372 104 3597 834 398 795 4053 85 2928 3266 442 297 2757 2116 1778 5819 948 2547 1013 457 428
8063 1764 2579 1468 3849 4120 1839
8064 681 52 1979 3770 1385 298 6047 416
8065 1699 2004 1484 2922 6922 3291 643 1642 620
8066 558 961 1484 323 1140 4405 166 2935 171
8067 258 1951 2907 1379 6597
8068 1871 1067 3974 991 1113 4222 2042 149 1598
8069 1930 108 473 2084 3099
8070 3517 1517 466 4715 2368 331 151 2323
8071 179 1893 3619 114 2342
8072 1398 3310 1503 930 172 2964
8073 6731 961 1483 1859 457 3019 3703
8074 6923 3456 512 476 2699 2629 1228 3973 1008 1590
8075 1224 511 2808 5431 3978
8076 2937 4573 3548 336 1542 5865 2419
8077 1841 1468 1467 4011 4170 1098 6663
8078 1327 4471 2553 3034 1793
8079 3468 441 3309 1137 6812 5211 765 1561 430 506 4790
8080 1673 3985 617 2977 2161
8081 1818 2121 757 1319 50 1379 5124 1600 3054 585 1900
8082 83 2384 1890 89 343 1990 5771 457 3611 1764 1693 4434
8083 108 2892 6363 961 409
8084 4415 248 3088 617 5472 2476 1729 502 1820 5837
8085 1926 1209 4837 693 757
8086 1549 1640 576 1298 331 5829 3284 4935 529
8087 1012 1417 10 1 548 681 1444 3110 1826 120 5335 1991 3774 6752 6572
8088 4690 2628 364 4830 2319
8089 300 108 895 3018 711 194
8090 1342 4614 2530 90 6113 166
8091 1747 618 896 1342 3256 895 4118 417 4675
8092 37 1073 34 2337 355
8093 402 1739 3138 1274 336
8094 2644 5525 1767 2577 3797
8095 6854 4180 3482 6369 1008
8096 1587 963 3772 3039 6294
8097 268 653 3015 3714 6790 1633 2729 5159 1268 1055 450 576 6593 428 3198
8098 1415 3498 68 723 454 288
8099 297 1398 6924 5677 3775 4045
8100 6374 709 3121 2142 3791
8101 881 473 642 81 3650
8102 997 624 644 356 1013 114
8103 5166 687 2657 823 1651 4866 860 4376 1147 744 284 2868
8104 5941 443 3251 1055 1113 4426 4849 4192 6891
8105 1298 242 85 1587 1640 3037
8106 1227 1496 4718 2607 2718 2825 1503 655 3935 68 940 52 6780 3690 2457 3444
8107 6232 1058 6559 631 816 2136 3723
8108 3251 4270 268 507 5103 108 2825 6891 1279 2670
8109 2160 757 144 506 962
8110 5014 1999 2339 6792 1183 4033
8111 5902 4484 905 1696 389 53 3038
8112 3061 6696 3187 5740 824 5174
8113 387 3753 6925 1607 6926
8114 2685 1987 3578 5512 3229 1669
8115 1691 1298 115 3803 5763 117 7 5069 5720 2919 2083 1067 2920 6534 5134 3276
8116 1462 3806 4521 191 1145 3104
8117 3952 1498 425 5221 4399
8118 260 440 5438 441 5010 6161 1925 3507
8119 3012 757 4158 4075 758 4230
8120 2662 1072 1841 4869 980 941 1468 2967 1059 6129 3531 2519 401 4388 1480 2274 2458 789 4255 944 1570 12 164 1280 3050 1281 1098
8121 5736 1776 742 2699 5212
8122 860 1149 3482 2323 1224 4787 1976 1400 68 1504
8123 1005 4625 636 1210 3509 6293
8124 753 127 1516 53 2387 221 3803 1631 7 3001 8 1973
8125 3706 317 693 2479 1660 2020 912 1022 1843
8126 2877 1116 2222 1150 2909
8127 1055 1417 1287 4401 482 833 217 152 2829
8128 858 1976 254 3984 2306 1257
8129 1485 2236 2468 2511 2776 2483
8130 5711 282 458 174 146 423 148
8131 3661 360 859 2095 744 1628 1802 1699 2770 1343 1223 390
8132 2387 3118 3112 1696 3035 751 337 76 2572 1888 2575 1433
8133 2165 2883 2076 6595 6537
8134 2636 1994 2706 1467 50
8135 150 6878 695 4903 300 997 1715 108 128 816 4226 36 5045 657 6927 637 1153
8136 35 1633 3417 2156 2989 4742 3440 4301
8137 635 1474 6447 4058 4474 264 3035 1844 2314 3160 1589 6928 439 50 3784 4343
8138 3121 1350 3870 5100 1017
8139 1598 3954 6061 6590 264 6430 4931
8140 2184 3503 2262 2752 321 2293 409 788
8141 1185 1365 50 592 1298 1453 3720
8142 4872 2756 2866 2453 4026
8143 1299 2098 4099 5231 2937
8144 763 788 1606 2598 4051
8145 763 720 297 6694 191 4131 711 171
8146 34 699 3247 297 1223 1345 1855
8147 650 1949 6160 170 2099
8148 1296 34 149 514 1347 5099 930 1419 1953 1676 5090 3036 3735 1045 191 655 2932 1936 1531 33 4642 156 1916 4591
8149 1443 1018 472 1943 297 443 6810 824
8150 4319 701 1601 2092 1508 6014 1531 4163
8151 7 406 3606 311 297 687 1503 2919 2357
8152 3137 316 1214 6929 4307 1727
8153 2717 2159 4894 1459 2721 1665 3312 1355
8154 2017 77 1229 5753 2191
8155 6930 2238 2732 419 1920 1121 1510 4157 155 1270
8156 6878 4571 274 1417 1292 3358 69 252
8157 1029 859 511 127 1106 5557 901
8158 3096 1297 2156 5179 76
8159 128 243 4019 6152 2357 5840 5261 1265 61 6199 3311 1494 2968
8160 1770 2172 2125 1234 2215 590 2935 3594 2308 1229 1337 3342 918 1823
8161 1178 833 407 4744 1200
8162 1443 5623 1185 1287 5977 498
8163 23 473 88 6106 6535 1942
8164 5198 297 298 1447 4366 1298 1940 87 2863 6250 4276 701 2467 321 4922 114
8165 764 96 928 108 653 1122 2354 440 52 209
8166 2936 2985 348 4584 3313
8167 269 651 2116 6648 1255
8168 3768 5010 1202 4084 5770 5602 3310
8169 87 2125 893 2201 1366 3740 2484 3002
8170 229 1999 2000 365 245 4221
8171 2172 3368 1474 4112 617
8172 2110 1516 749 1348 5075 1614 3609 5535 637 6508
8173 593 194 947 3121 4354 259 1646 174 6913 290 896 452 1435 1616 2955 5270 2030 2624 3109 1069
8174 1697 55 4155 170 1146 1003
8175 4720 765 276 5623 2307
8176 1634 1767 2847 3830 1718
8177 1042 4410 1989 6016 3791
8178 3732 2956 727 3792 631
8179 474 859 476 1202 816 2287
8180 3744 2618 5046 5516 623
8181 6894 3114 45 4606 6713 5822
8182 2110 469 1494 332 1762
8183 1113 229 6590 3749 233 4728 2954 2626 3128 3377 547 2925 228
8184 6402 583 782 740 1271 867 1250 171 135 989
8185 1029 2411 1267 6627 1187 2394 5615 465 1215 6931
8186 1976 3129 409 1202 260 1357 1560 2297 428 4935
8187 6932 1508 1067 5476 114 409
8188 4487 2335 5064 3848 3891 818 3077 6566 2019 1017
8189 945 682 1825 3492 1991 5662 553 4177 681 4716 384
8190 96 66 3027 7 6697
8191 1387 3228 164 2530 2985 50 240
8192 4825 6403 2018 4169 941 1038 2670 5549
8193 637 10 6202 3597 3534
8194 35 1995 1484 4432 2314 4847 3480
8195 484 7 1624 576 1347 2406 732 948 98 506 2200 3211 5341 2665 2693 1443 486 983 4340 1976 4559 987 4109 53 2262 1069 24 926 4787 187 89 4674 1730
8196 356 447 3237 899 315
8197 3129 979 2991 1176 813 4128 156 4558 3092 659
8198 360 5568 992 2083 317 96 6381 2319 114 2273 3500 6584 2721 2397 3147 476 198
8199 4520 666 1045 314 871 2989
8200 1347 4201 2259 1342 1494 2755 576 1165 227
8201 6251 3097 152 711 2860
8202 4127 1592 3203 2775 1614 2815
8203 958 3046 53 2561 803
8204 1397 474 3545 531 24 3025
8205 621 4605 1050 1292 1342 4929
8206 4282 300 1630 5560 833 6809
8207 4140 1549 2792 6556 2518 5123
8208 476 3595 152 930 2527 4704 775
8209 1137 1331 4209 2547 4966
8210 179 546 242 5443 4090
8211 2968 5079 581 2022 2720 2847
8212 1342 4103 988 655 626 1597 6824 1783
8213 2742 389 847 2030 859 67 77 2419 81 626 6482 1087
8214 5722 753 159 3395 2040 2691
8215 2302 743 1516 116 24
8216 1055 1374 841 507 707
8217 2380 5352 4063 740 3390
8218 2210 826 127 674 803 5435 3764 1604 390 4401 1995 1067 841 843 786 4097
8219 4769 309 496 1348 134
8220 3354 2655 6933 3519 1071 1406 3047 2662 1072 309 5028 2665 2969 438 6817 6073 4389 168 417 397 582 12 587 4369 1081 131 1082 1905 4123 6252 4012 6175 4170 6839 6782 6216 1092 1906 4897 6802 405
8221 635 89 1856 2224 4061 6258
8222 1150 4417 1598 3379 3319
8223 1045 3988 6890 815 633 3390 2028 2146 3632 1816 1416 3141
8224 229 6934 4670 6499 231 474 840
8225 1697 2392 4190 3645 5282 749 3434
8226 1165 744 5138 631 540 5284 3193 4315 19 487 164 484 4869 1807 1202 254 1667 3255 617 3353 837 4555 1426 1582 209 3871 1791 1618 1616 1767 4396 1448 1026
8227 349 128 6411 2146 254 5855
8228 2523 6632 6220 2571 3283 5976 1178
8229 1347 141 2174 55 4 5789 3065 416 5070
8230 2148 6337 6833 4052 174
8231 2255 2541 4063 300 918
8232 297 1576 1757 7 331 439 636 2100 912 2815
8233 1551 4235 747 2755 4713
8234 1292 5421 2561 36 930 1667 1163 1605 2262
8235 524 4020 297 266 2014 1015 2092
8236 1604 254 3992 1147 156 1271 881 2020 1794 452 138 3777 5137
8237 2399 2311 1471 3540 2869 1287 4104 5890 2464 3460 989 1010 4268 3063 2785
8238 1165 2043 1986 151 4042 5339
8239 1664 2572 3276 1149 3625 788 2736 2929
8240 6164 5953 3845 6604 5269 742 6578 5287 259 711 1200 2958 621 841 6384
8241 859 6931 2273 484 5975 5216
8242 651 5538 359 297 152 3792
8243 2904 2974 6162 3426 235 322
8244 2782 432 3282 720 5207 970
8245 2662 1949 3724 3549 9 1761 1484 4789 6900 1429 3238 3210 2817
8246 1038 1962 2047 3849 668
8247 530 1780 114 1848 3169
8248 6245 4495 4741 1484 930 6935 489
8249 297 1385 79 152 550 1495
8250 3748 1071 2967 5432 5876 2972 4012 3980 1430 3648 1431 5750 1102
8251 1008 2987 274 3311 1455 1456 600 749
8252 3736 548 1783 886 1298 1552 145 3415
8253 6397 4204 809 6731 1967
8254 2482 720 5391 1622 1610 192 1807 5066 2608 4673
8255 3400 1551 712 1342 1773
8256 4583 5631 1577 2498 51 4058 877 1602 6723 3814 5505 347
8257 5603 959 726 2883 2310
8258 3025 5293 3344 5279 209
8259 236 1223 1508 1485 410 325 390 5630 2012
8260 69 4713 10 179 1417 2408 1673 1508 6458 5168 740 4193 1040 1202 826 862 6469 1172 1750 108 836 1365
8261 149 4851 410 1913 152 3539 3382 3084 1024 4978 651 798 3291 4987 2891 3490 2908
8262 1515 3932 4230 5841 1754 2037 948 1589 701 2752
8263 5681 3806 267 298 5075 186
8264 2775 2213 1113 2156 1605
8265 189 314 749 295 4294
8266 13 958 108 1262 280 166 3133 239 4533 761 5652 4192 5855 5219 139 4825 1431
8267 3447 4961 4093 522 3779 540
8268 2013 4732 799 787 1214 3093 1486
8269 639 1781 2027 931 5881 2102 1237 559 4902 2929 1236 816 2462 3658 4284 5347 239 2190 227
8270 1393 635 629 1342 2579
8271 1166 1526 293 6556 1927 298
8272 1345 4245 186 3357 446 1504 4138
8273 3157 522 3537 2569 2098 2866 2638 648
8274 3068 2458 1086 1088 4369 2972 4688 1278 5411 4026 5158 605 1095 1908 3051 527
8275 1634 50 3548 2041 6492 5569 6162 3311 444
8276 2005 758 2538 465 5225 1274 356 428 2880 809 3390
8277 1049 565 3492 4860 2364 3502
8278 4107 1055 3293 1271 390 1778 4577 2894
8279 1759 248 53 2987 2419 1350 6639 6406 5326
8280 1191 89 1106 3464 5201 6030 3127 966
8281 554 1292 266 10 1069 5718 3357 558
8282 362 3814 2212 2818 1347 511 3373
8283 151 297 152 1026 636 6888 1319 457 1557
8284 721 1150 2863 172 594 152
8285 961 443 153 1989 7 3196
8286 2128 879 5566 1987 297 186 455
8287 528 6376 19 801 179 49 2483 1949 443 2393
8288 6808 809 1925 1690 6330
8289 52 2588 930 3296 61
8290 49 2076 1297 4340 406 2949 1019
8291 941 1183 1050 4241 2293 506
8292 775 80 1287 519 10 989
8293 227 480 915 1546 834 5937 6914 4622 3160 4093 1974 305 2013 816 583 1900 1066 3231 3283 1241 909 4748
8294 57 268 488 554 3949 5676 583 2018 4793 4496 2386 1370 1222 617
8295 635 1019 6238 3023 1020 930 2189 793 854 161
8296 739 1149 318 680 4453 775 1390 1622
8297 1008 3313 81 7 1607 837 3273
8298 3586 53 1048 2363 637 3499
8299 1055 1782 6144 5336 3873 2357 666
8300 96 2212 77 6936 1246
8301 1035 4983 93 173 2100 5986
8302 2262 4112 5068 1878 3073
8303 1861 230 1864 2332 2533
8304 464 1715 3313 5306 319 4360 711
8305 68 4669 5000 4188 3050
8306 600 1231 1008 305 711
8307 2972 1081 1062 244 26 5340 4216 2568 1064 1530 1085 2781 4780 548 1099
8308 4720 4669 242 816 2969 590 32
8309 621 2214 1003 3112 3285
8310 476 5511 1185 6769 4061 217 297 989 6644 6479 5784 2278 583 5793 1541 1601 5259
8311 4230 2988 2056 291 6349 6008 535 694 3313 2603 6366 1323 5077
8312 1930 5920 1987 1298 2419
8313 276 409 565 4720 1444
8314 4050 5244 2570 282 5031
8315 986 2304 10 2479 1670 5420 5769 3214
8316 152 740 1326 1017 22 1910
8317 2921 687 26 930 4446 5081 6057
8318 1406 4147 438 4251 6817 3299 1144 3644 2733 1425 12 137 587 913 5637 1097 4717 1276 1088 4123 1084 1094 5802 5158 6839 1429 605 1096 1284 2781 5986
8319 1034 1240 2365 489 5954 301 20 1433
8320 5878 546 1985 1037 6810 1995
8321 1028 2328 458 541 3779 1939 4053 6149
8322 370 1061 1080 5791 1082
8323 532 1202 248 677 24 407
8324 5764 4704 1507 6495 1271 2894 6041 2030
8325 840 3499 2332 3620 231
8326 2263 898 1365 4144 399 24 4053 1219
8327 1113 1358 3540 900 4701
8328 683 282 1181 1329 2189
8329 18 1095 4708 1098 3533
8330 4726 2927 370 602 6760
8331 687 5383 963 172 2600 1120 2117
8332 480 1621 1772 5414 26
8333 297 288 54 3813 3310 2298
8334 76 5572 681 1380 5071 1235 2603 2415
8335 152 511 108 2516 221 1508 171 5235 3943 2957 4673 5367
8336 6854 4835 4217 3299 4649 451
8337 74 5069 3093 809 416
8338 3889 493 1297 687 487 2193 5809 6363 2125 894 3857 4684 5037 753 1 1346 2233
8339 2044 2580 1778 3019 4243
8340 2369 5059 519 3504 1008 6015 881 37 3133 5516 145 88 2231
8341 120 581 2244 4909 514 1372 1388 2483 268 2096 1579 4023 170 128 150 539 24 1149 1986 1008 1381 1668 768 155 4498 1134 3413 279 5602 1515 3397 4133
8342 3142 6381 3338 4450 1499 743
8343 814 6796 619 2868 2512 328 1243 1399 6635 966
8344 1417 764 125 648 307 6011 3162 81 1552 4127
8345 1696 20 711 5739 4323 171
8346 2343 1120 763 1212 1973 2847 171 6641
8347 621 596 2156 1456 950
8348 1729 4773 415 1633 1153 1205 1371 1891 1036 1400 4093 81 3598 5882 1783 3016 472 3201 2172 1569 2037 1022 903 3440 2590 189 2030 1541
8349 1629 1352 4862 794 1040 3594 590 288
8350 2924 1764 987 1662 164 2818 862 1149 2484 1474 5159 1352 3008 1120 2156
8351 1240 5144 1385 926 1435
8352 73 153 809 1622 1537
8353 1693 1377 1199 848 597 44
8354 767 2322 1019 2666 1177 1008 3266 2357 2536 1456
8355 4607 276 248 1040 2110 573
8356 1210 479 317 2289 85 2884
8357 1450 651 2889 2146 3764
8358 6069 1634 164 1473 153
8359 5689 1975 972 192 2981 836 336
8360 1199 505 3504 744 2144 5432 2409 2877 496 155 6008
8361 1629 1610 1355 4451 6456
8362 6860 530 1033 264 2925 2045 4502 5151 4201 3605 6122 2929 3818 293 6515 2136 2050 173
8363 945 798 3291 2771 1785 5843 871
8364 1054 172 1630 4231 1757 2014
8365 1975 701 408 1496 4307
8366 1402 2283 2014 3871 5700
8367 6667 108 6937 53 1187 4112 1546 2798 435 266 151 821 1675 473 4093 588 186 1767 299 2154 1624 1841 1227
8368 331 4637 617 152 174 2576 1750
8369 179 666 4180 5844 1067 889
8370 67 2634 5561 2108 2357
8371 1639 1651 3943 1073 2943 53 1314 625 3686 474 68 300 108 3203 983 4093 1550 399 1366
8372 6 6938 116 7 6926
8373 4798 3191 1829 596 476 550 887 1495 349 1516 2357 4887 3139 1446 2314 682 3927 223 3210 3467 2046 1076 2044 5504 457 44 4513 2015 80 2674 1254
8374 230 1067 1893 3620 234 1468 1780 1701 1847 1014 2828 4816 1784 1828
8375 5111 229 179 1867 234 2625
8376 1200 3983 6681 6939 1137 12 4233 1842
8377 151 2076 2588 1595 4192 1819 2108
8378 5287 3545 1627 331 1402 2519 1558 4868 1880 2847 1013 35 2262 4133 3897 5748
8379 2897 6768 2657 1446 79 2017
8380 3210 2364 3035 553 5784 4111 2966 3239 3583
8381 194 2772 50 817 982 1660
8382 1966 712 2365 4290 3121 156 411
8383 758 4800 4309 5323 6362 1997 3373 4476
8384 2661 2762 2792 3542 946 764 6611 1844 1416
8385 2314 171 3196 3662 3515
8386 5405 4922 83 4828 937
8387 3111 1575 329 1443 1189 4395 1051 4199 1978 1296 1930 53 1327 3720 790 324 2508 5610 298 2108 4496 3040 4982 3824
8388 552 6276 1135 1287 406 309 5121
8389 2335 3165 1510 1912 2965
8390 1867 2706 627 84 2108 1100 469 5878 4458
8391 6600 1766 1008 306 5367 1457 1976 4674 3950 1717
8392 6874 2794 1485 34 6940 57 2533 1780 4421 3318 5524 858 4140 6551 1617
8393 1261 4847 984 3023 4797 4943
8394 3504 1268 599 428 469 816 240
8395 2148 1841 1807 5029 4596
8396 583 251 1737 6459 4580 153 2411 1711 155 1027 2215 2935 1889 6258 5018 5210 1975 970 2493
8397 898 280 3420 3139 1777 2631 155 1353
8398 1255 1579 149 4062 1432 661
8399 1347 841 6904 2909 472
8400 1425 120 3219 6866 139
8401 1463 336 3617 1239 1244 408
8402 1026 346 158 271 5851 2720
8403 506 6907 770 482 2357 897 1206
8404 621 122 1273 6878 3942 5457 2563 1891 1761 67 1410 842 2988 53 653 4157 2271 816 583 2985 6827 832 2728 291 134 2917 3926 401 6294
8405 367 745 68 349 905 2872 6145
8406 360 6428 180 264 4417 6029
8407 306 263 4103 1762 631 2054 2884 3916
8408 1385 5311 5369 1589 2716
8409 2281 612 1940 2313 4539
8410 3291 739 271 242 10 998 644
8411 489 77 2657 3422 4517 940 817 2606 5286 3572 1757 4808
8412 3842 2426 559 5499 4042 6688
8413 2910 1486 2482 36 1161 6265
8414 2290 849 3238 1949 3009 687 559 443 3061 3806 409 302 628 794
8415 2340 3749 6686 4605 234
8416 1815 749 269 3313 5017 834 2204 1192 139
8417 2525 1886 35 4570 1741 4410 2044 1554 1167 5569 321 2110 1433 114 2204 2244 5163 3135 2987
8418 5326 128 4633 1365 85 6262 2787 740 4239 1998 5492 577 1219 2588 1932 637
8419 2538 593 3483 1801 3564 540 1696
8420 2838 1598 3499 263 1893 3805
8421 5463 6224 1447 6024 1188 5243
8422 4578 6198 1407 275 826 2257 2588 6643
8423 3015 1459 617 6815 4304 1425
8424 79 821 53 3429 1434 1001 1745 5531
8425 6325 75 1031 61 2447 3495
8426 2334 674 4317 36 873
8427 2155 1149 1516 997 507
8428 600 2658 474 264 2110 1839 55 325 2889 3415 2985 2287 5932 5029 803
8429 6678 1730 120 3862 5983
8430 1516 930 3260 1274 721 2152 506 1349 2919
8431 1029 13 3126 1026 3013 1137 989 4748 2530 3693 5417 6257
8432 2104 6703 1026 1381 114 770 1558 4977 895
8433 1149 6171 1986 3353 5064 4535 5072 2975 1593 3924
8434 1572 1192 3093 603 3115
8435 114 164 1116 1640 5560 1978
8436 4362 3452 114 1404 2490
8437 1360 855 432 5022 4112 2233
8438 762 4431 3223 80 987 1177 6229 2067 2942 2083 811 3053 4546
8439 744 876 473 4719 2082
8440 2098 3247 4292 465 3688
8441 111 867 1764 558 1851 5649 417
8442 5322 152 809 65 2139 4651 588 457 2183
8443 5881 2305 1975 13 4146 1652
8444 1310 2304 399 462 2125 1944 1673 1587 2860
8445 2332 4670 4417 938 1599 2828 276
8446 264 69 5300 693 4596 1477 3291
8447 1594 5077 4068 4069 825 4319 4458
8448 2108 297 5891 3529 6364 2335 2837
8449 2678 2277 757 2632 5748
8450 1662 5743 1590 3021 1879 1876 2115 1353
8451 3425 6941 4135 1634 434 575 841 300 653 2357 809 5716 1334 566 2664 286 1640
8452 1516 1696 2881 122 1298 1507 3752
8453 2775 4469 4763 3258 4937
8454 1113 526 5740 1671 196 1819
8455 4051 1759 389 3017 3661 151 2366
8456 5217 1691 1462 325 174 1206 2610
8457 1415 1313 3673 1411 5560
8458 2679 5307 4211 2457 1453
8459 4974 3764 5971 3867 68 1757 307 2691
8460 2361 928 2657 1072 1914 428 1055 1333 832 1013
8461 4449 4302 721 4894 1390 2738
8462 1225 899 1708 767 3419
8463 946 3553 2533 1847 1309 6381 276
8464 1782 3033 166 4852 1692
8465 832 164 46 1419 4112 10 6299 3014
8466 3235 337 1833 1396 1485 1868 1055 223 4081 1679 2451 1117 3895 1205 1551 1624
8467 1053 2944 3598 405 701
8468 1978 245 3545 1836 1055 10 323 2271 816 3100
8469 562 2100 1111 76 817
8470 1055 2473 624 4642 4558
8471 68 1205 6350 4862 1481
8472 1943 2212 3397 4252 2685 2335 2519 4077 2147 873 2292
8473 2738 1938 2020 4411 1824 2490
8474 389 3223 53 749 1933 2580 28 809 1342 1013 4732
8475 1759 2112 1837 2529 1071 1749 2806 416 2200 1554
8476 672 2445 3779 6525 6606 1485 5312
8477 1891 229 3954 2533 4032
8478 5213 814 4129 1683 1192 416 4235 6404 6585 3584 139 2413 1951 2376 4795
8479 150 6942 1018 6419 2897
8480 151 3510 3856 13 1165 122 331 2637 788 6390
8481 1208 164 1035 1419 3090 6821 1797 439 6884 4192 93 5059 3039 3834
8482 3652 2646 179 368 336
8483 877 324 681 562 333 7 1991
8484 959 2451 674 657 1979 3580 1614 5284 2610 754
8485 10 3720 687 1711 399 2989 784 627
8486 137 1510 151 1312 244 174
8487 541 77 1241 1566 678
8488 1840 189 3882 2386 2618 1125 1181
8489 1770 1759 946 4496 22 551
8490 5282 2010 236 663 948 3294 4135 749 3574 3434 505 493 2757 1636 4554 3632
8491 114 331 2949 76 89 378 58 380
8492 150 3202 5950 162 152 624 919
8493 1327 836 3310 2312 5707 3737
8494 474 615 787 1738 3001 4089
8495 588 227 742 423 191 2948 114 1026 2607 1354 2573 6099 2357 405 2537 3774 186 3625 2299 1498 2212 3689 3862 1779 2422 768 2273
8496 3455 3105 831 107 837
8497 2632 4133 407 2716 2696
8498 1979 682 767 694 2783 2971 2297 5873 117
8499 2017 1310 350 2125 711 1616 6193
8500 2866 1831 4564 2588 426
8501 675 2829 740 4157 36 439
8502 3314 6277 2441 118 119 989 2363 4288 794 3385
8503 4980 2615 1112 588 3067
8504 10 242 1814 3912 2952 5617
8505 298 2901 3972 257 6741
8506 2163 1943 439 1291 2576 1595
8507 274 5050 158 271 1754
8508 945 59 5713 81 1287 1390 1112 3537
8509 5473 2061 2376 169 2174 1451 1315 1400 1365 1527 3612 3728 1859 1911 536 2636 2917 2309 801 2495 2779 1915 2860 3610
8510 6421 6552 687 2523 4167
8511 122 2636 3203 2165 4192 2779 3548 1402
8512 1371 2207 3289 14 4580
8513 1542 3172 166 239 2720
8514 1662 164 5520 3425 122
8515 474 1396 98 3746 2419 105 3545 1070
8516 2550 1443 69 816 140 594 1398 2912 1485 3485 1298 2247 2940 4755 836 336 5677 970 53 2116 4812
8517 4600 1096 4461 1097 609
8518 3314 85 4295 3463 6824 1078 6404 1978 764 1439 144 881
8519 2292 817 766 1730 4055 3217 259 666
8520 859 299 6702 3622 454 1995 297 248 1202 427 122 1979 6604 4446 451 1587 2570
8521 842 1038 3188 1168 128 617 2801 2386
8522 2632 1687 841 4003 390 834
8523 6470 1526 3240 108 1754
8524 151 7 3046 5309 5985
8525 639 6158 722 428 1022
8526 1624 1285 52 2044 390 3707 834 155 824 6477 4986 1820
8527 698 3987 1869 6612 3185 3153
8528 730 5527 1628 43 403
8529 6674 3289 4211 120 3595 6184 3320 178 2909
8530 749 1008 3208 249 776 80 6429
8531 4564 1384 3114 227 53
8532 366 237 4048 1769 600 6651 5326 3850 627 675 1045 1000 1997 390 309 1604 240 957 5675 6330
8533 5489 1973 1122 1718 1055 5677 225 6875 4628 474 5711
8534 4595 1949 2096 10 6943 1327 681 1502 855
8535 1757 2495 3926 1950 4773
8536 275 6281 3645 1080 1061 4531 6866 3980 4390
8537 149 1626 4671 1966 596 245 1014 992 5949
8538 6258 2017 540 4811 1782 852
8539 708 2448 3791 2049 3444 1460 976 1355
8540 227 3261 158 1358 423 152 740 1315 900 5030 2536 6558 1900 2417 5070
8541 2662 5807 698 234 1780
8542 2580 2711 2598 94 4737 149
8543 4118 6411 2537 6808 5318 4133 1225 2572 860 984
8544 511 2516 4482 2462 269 3794 457
8545 74 268 1402 2146 4133
8546 3137 3606 297 740 67
8547 4834 1976 3932 1757 5939
8548 3311 79 588 1055 753 2632 3289 5148 425
8549 3189 720 2104 511 6277 1512
8550 1134 297 1025 5628 2840
8551 1388 2165 2883 6733 1502
8552 765 311 79 2622 357 174 146
8553 1029 5302 870 594 200 2207
8554 2995 1358 488 5261 1539
8555 1008 407 156 3444 6158
8556 179 1862 2342 234 1868 1624 245 5398
8557 859 2396 6167 222 309 2442 6518 254 4147 2501 3030 4165
8558 256 3949 2819 1435 3593 831
8559 149 6136 3098 1199 2910 5753
8560 77 2792 4837 2147 848 3014
8561 2350 1332 980 24 16 659
8562 1426 3253 61 892 171 1503
8563 3374 799 37 409 3916
8564 97 6459 1462 537 77 6913
8565 753 98 113 349 6155 5296 462 961 2305 4054 1851 1915 416 1831 2673
8566 4311 2398 4797 2752 2477 1980 409 1880
8567 1154 4062 3225 834 242 3871
8568 753 108 1267 6377 881
8569 4811 3176 2013 1969 13 2512 1008 2416 711
8570 2009 959 6134 2056 6777
8571 823 3665 1416 535 297 73 153 793 592
8572 3741 749 768 1266 2125 1041 1477
8573 877 1484 2530 199 1427 4784
8574 1890 328 3821 3081 2365 6732 2539 596 590 1500
8575 224 1329 712 1816 4021 1949 2259 680
8576 4052 493 3722 462 2569 6293 4874 2636
8577 2600 2357 926 4954 768
8578 2501 3030 276 1041 2517 2557
8579 6574 4580 4879 1272 758 1646 117 5654 155 3034
8580 530 1297 1199 3548 1764 1468 1347 4183 5575 297 1312 1503 629 1532
8581 5153 2302 3042 1054 476 419 2756 127 841 108 1827 1729 814 1577 6513 655 600 816 171 1753 6747 461 1342 2946 170 2108 583 1645 6790 3923 1673 1836 4722 3592 378 166
8582 2215 1153 1761 877 1347 2188 4309 463 1987 3657 2519 5962 1593 2308 2036 432 930 108 67 5570 4458
8583 106 2491 24 297 6048 682 2985 3912 119 1161 1974 1831 4053
8584 732 5934 2419 847 1508 254 617 156 5269 30 2693 2242 6434 288 6456
8585 186 1185 2714 2049 110 3478
8586 979 1350 2755 2148 1035 37 4558 1366 4525 407 809
8587 85 5692 2304 117 5738 2530 6113 6202 4576 19 801
8588 6944 390 1734 6267 3108 68 4927 3367
8589 1241 1703 2154 737 4997 1114 2357 1616 918 5147 2570 3042 1775 276 1948 1624 1587 74 4520 3134 267 75 713 1008 576 2506 2087 2242 482 1976 114 2484 1113 152 1029 1067 1494 249 3373 153 297 3524 3090 801 1762 2795 81 1560 2572 151 889 2019
8590 3884 2533 1872 2706 4371 1966 697 3564
8591 1641 108 1919 1536 472 6757 2419
8592 1138 480 1756 60 71 3893 225 1370 2813 3178 2585 5291 155 3583 190 1450 5191 68 154
8593 2525 1646 1105 347 290 5270
8594 2657 418 1459 4396 1959 4097
8595 1872 5643 1113 763 6462
8596 3090 4665 5697 1202 2044 1187
8597 1455 4264 6215 1205 3951 3971
8598 1236 1809 1149 930 2006
8599 370 1425 1184 4461 609
8600 2462 3284 6795 161 535 6917 140 406 485
8601 4878 3603 2851 131 794
8602 834 1499 3832 603 4058 1216 3526
8603 1711 482 2357 2147 784 587 152 1241 61
8604 680 1727 80 223 2860 3718 1451 918 2890 76 5503
8605 4543 2148 3133 4401 2374 4319
8606 2209 4181 2383 3181 5222 3349 2607 5695 1069
8607 2354 2661 108 3671 847 3188
8608 1026 2326 3160 1616 1212 1932
8609 1199 4140 1202 1342 20 6247 798
8610 2229 6536 797 931 4325
8611 4424 796 6035 270 10 3724 1853 823 3464 6469 5237
8612 459 359 500 274 4526 1841 3672 1392 367 1847 4714 2193 4605 946 1145 2314 5343 977 6694 4168 5222 758 1425 120 4123 3766
8613 2588 4097 6729 2553 655 5086 139
8614 1294 5245 4638 5463 2092
8615 654 841 5659 2251 814 2579
8616 2856 76 428 4245 2693
8617 5899 108 1343 915 4381 1057
8618 150 128 6552 2890 876 5820 2190 841 246 4093 2420 4636 1113 2630 507 620 1229 2192 5556 1043 723 701 1641 5368 1669 63 1356 1643 2403 1400 2146 2573 4415 3659 1536 5338 1586
8619 889 482 2020 2357 274
8620 274 989 357 1312 1551 5070 3397
8621 150 1266 781 681 4408 171 2326 5258 1449
8622 1499 3632 2242 1008 1939 151 740
8623 6167 757 2861 3212 628
8624 4247 1038 524 1773 2620 1665 306 2662 1072 2292 1966 542 1591 1425 4429 4123 1905 1184 4661 3419 3980 610
8625 594 532 1199 2136 641 2140 390 583 657
8626 1729 96 511 128 655 351 506
8627 3579 155 266 6308 1241
8628 4454 1257 4982 2537 3635 114
8629 751 4533 2258 26 592
8630 36 2917 287 833 5219 6609
8631 2090 2211 4575 5514 116
8632 4714 1067 5811 2686 1709 925 405
8633 1041 4431 367 557 675 1947 2793 3800 5621 268 3957 2096 2934 4953 158 2259 876 150 127 1601 6945 1038 3405 164 297 331 4774 529 6439 877 1149 2825 2630 1474 6754 293 5394 666 1521 1975 254 2457 93 1616 2518 2847
8634 6676 6780 2419 174 622 1859
8635 325 2841 2999 1177 817
8636 2017 352 1137 1924 4771
8637 1546 1113 253 2607 933 4108 6072 1752 2588 2871 989 4319 2603 3033 171 457
8638 3588 2890 881 4068 4069
8639 1581 5898 6831 77 5860 4860 5604 3224
8640 4312 2786 3324 765 289
8641 6358 5846 2677 2690 171
8642 259 2456 5068 6185 186
8643 1347 1126 6312 5734 4714 817 6115 752 1877
8644 563 1402 1272 13 876 1515 2201 3397 2361 1137 6406 2518 872 2705
8645 3793 1078 1425 2810 633 6443 1082 3648 1098
8646 5344 3651 5351 3187 2763 2351
8647 4925 858 1628 1034 461 4126 6276 3251 763 512 618 1399 2693 3449 621 2361 2242
8648 149 178 484 81 3839
8649 1003 149 2810 1082 131 5526 4660
8650 6777 271 2274 108 390 2413 637 1038 2729 5775 876
8651 446 2305 4466 1558 636 6094 1158
8652 2355 4872 769 303 5337 2662
8653 6673 5153 3303 5464 3930
8654 1371 2407 3763 137 535
8655 1459 4410 4860 1438 640 3133
8656 122 1365 4875 740 4723 487 930 3600 5313 1298
8657 3008 67 349 5640 5222 583 3 758 1008 1241 458 5488 6167 4476
8658 5457 2636 143 775 583 705 4217 152 5029 3707 636 24 114
8659 1949 366 1611 319 898 1494 5576
8660 597 1117 321 117 6254 3039 3342 405
8661 13 10 1685 4904 5326 4159 3093 432 1510 1334
8662 3504 6096 1928 5135 6205 2073 2847 1351 78 309 711 257
8663 229 179 2389 5370 2331
8664 2108 43 41 3357 2825 657 4097 6140 554
8665 859 1485 331 1812 227 3283
8666 940 465 2051 3287 420
8667 1076 1074 2734 587 1081 1082
8668 114 4230 6379 1255 3117 457
8669 152 466 740 2408 858 1344 6672
8670 2926 2460 3545 493 475 2842 2115 1342 241 1120 3117 5207 5945 5905 3637 3965 1239 1202 1879
8671 108 4640 6395 2165 6084 1852
8672 432 1160 108 5833 4444 1888
8673 1500 274 77 3537 172 2378
8674 6796 440 271 675 3188 1347 68 1492
8675 468 5731 2448 4563 56 2536
8676 2633 3320 637 5291 5085 668 416
8677 6198 266 3368 624 816 3281 118 2536 663 801 627 2721 446 171
8678 151 722 389 2140 1822 2418 2075 3465 1844 4966
8679 36 52 4071 837 4711 3019 6420
8680 2200 1973 757 895 3606 1752
8681 3190 511 149 297 3090 1634 13
8682 367 19 1045 1503 303 2916 4434 6341 876 4535 3151
8683 464 152 3510 1485 409 5039
8684 2339 2761 2051 245 1891 2389
8685 409 1454 620 1425 2870
8686 2354 108 3245 839 4047 830
8687 6946 3919 4773 2666 1219 784 3003 5707
8688 317 1 1172 1254 3458
8689 2679 6010 2755 389 314
8690 2596 331 629 1200 1048 1199 282 2559 1589
8691 593 2442 3569 3274 953 2909 4317
8692 4372 2752 1778 1538 2732
8693 4971 245 5978 5072 3757
8694 2115 1966 2632 2796 370 61 5314
8695 1590 1239 6826 3117 1057 5469 1876 3917 189 1298 1138 2337 56
8696 307 2947 1754 4034 29
8697 6350 4201 2242 663 1884 1040
8698 297 6745 4992 4112 3730 2847 1158
8699 67 5925 3535 473 367 6200
8700 3173 4339 149 469 4246 353 5258 4748 2357 6879 223
8701 1651 1205 3298 3975 2220 3316 3196 5251 397 307
8702 1417 331 297 140 834 86 2917 636 4448 259 837 1337
8703 298 1460 708 6843 4945
8704 858 298 1949 1494 1069 3039 5837
8705 4411 1729 978 681 89 599 6851 5132 128 877 2065 6187 4263 1912 517 331 1199 1989 5869 2368 1665 108 69 2308 2262 5765
8706 3651 3894 1844 1166 6826 436 2944 897 6171 1718 4701
8707 621 2084 5664 1260 5533 2632
8708 297 781 6632 5839 508 1711 5585 1224
8709 701 714 186 1069 2638 749
8710 7 2441 674 817 139 3931
8711 4927 2604 4987 4517 2786 1419 4289 5739 739 297 151 174 6174 3786 3166 2479 3608
8712 1639 5891 4922 789 6614 1040
8713 2927 5159 1491 876 940
8714 2379 2022 6509 5742 1432 1785 1503 5287 1642 1104 1329 2047 6185 1562 1610
8715 1500 6214 2884 3063 783
8716 1800 5086 294 3747 5219
8717 4926 3007 5501 143 2419 351 3717
8718 3251 6610 6166 4048 6439 2891
8719 3425 3957 1725 2141 171
8720 274 821 5865 826 189 78 1 1882 832 3594
8721 170 767 4291 4534 666 2074
8722 2600 1298 593 644 3093
8723 271 1161 4203 2277 1762 5572 3764 1113 841 3343 439 546 4157 2278
8724 2999 696 2419 1192 425 1191
8725 742 1053 694 872 2883 2165 2537
8726 5521 1754 3463 817 5996
8727 1577 5973 1547 2877 2308 1229
8728 826 675 1276 4205 2272
8729 2901 74 2960 1100 4869 2078
8730 1670 3575 2610 720 2508 4720 311 186 1767 432 4411 663 3988 6615 1 814 390 1432 336 3295
8731 4093 650 2924 1029 1072 946 1762 859 268 1055 2928 816 3309 149 77 78 1048 1888 4567 2372 5270 794 24 6310 67 5404 862 223 3502 276 4192 763 423 1915 4735 970
8732 639 3894 3133 3332 1591 4790
8733 1347 3595 1463 245 114 945 653
8734 2900 3681 3837 885 2883
8735 556 179 1468 1780 365 3499 234 1866 3620 3185 3319
8736 1786 3354 665 1417 1515 6542 757 5459 926 2571 3853 4789 3210 297 160 4617 1880
8737 4400 117 2319 1113 266 2764 4217 722 4900 5673
8738 1240 513 1303 6597 280
8739 1347 6878 644 2609 859 2310 511
8740 695 550 1123 76 4642 5649 7
8741 535 1603 3689 636 1432 4279
8742 559 1579 501 2167 6485 1580 2251 3248 682 4920 2933 387
8743 5051 4622 4101 4662 5385
8744 152 1420 1123 816 1113 826 1643 256
8745 492 1433 2141 10 3721 1927 62 2008
8746 826 297 5741 152 1142 6703 4582 298 53 3263
8747 309 1241 672 2417 5221 729
8748 1064 3980 1292 5127 4189 1431 1065 3188 6802 2595 3220 4461 1099
8749 24 4780 2069 1298 930 2863 1730
8750 757 3994 768 3660 6365
8751 746 3638 1123 88 3512 5353
8752 1795 4017 3871 36 152 1499 1224 930
8753 5299 2676 1998 6670 576
8754 6780 2856 5294 5314 6413 5092 258 4811 3908
8755 1356 2140 1266 1471 2250
8756 506 2622 2578 6851 4507 76 2165 6131
8757 1166 1631 5863 5796 5411
8758 1986 1787 2350 5709 69 4210 3434 1575 1762 2482 782 816 4118 3812 3314 3261 720 1297 3425 331 434 152 1841 3622 1374 2588 2519 2136 2168 6134 1526 1493 428 3240 5440 836 6941 2644 127 2393 498 6062 2633 665 636 668 2611 694 3787 1546 1315 436 209 1163 1922 2471 6675 961 1241 1219 4016
8759 1890 1315 311 1202 1274 1329
8760 652 4561 1637 156 530 5553 292 5875
8761 3425 108 5565 1184 3918 4331
8762 3703 6607 2917 615 4343
8763 337 2189 1035 443 1811 681 6947 4263 1068 2245 4611
8764 621 2562 3985 3371 5668
8765 3797 3339 1646 4228 4199 166
8766 4996 67 1841 1471 2140 4354 2267 1202
8767 342 4710 5083 790 2965 517
8768 473 480 152 5145 1631
8769 991 245 992 232 1966 3076
8770 3851 3138 114 2350 186 4567
8771 749 2466 5046 3114 89
8772 2924 3555 1240 1271 5073
8773 2057 147 1202 930 1751
8774 3638 2776 466 3512 2451 4829 4874
8775 73 189 2287 757 3849 1384 1668
8776 98 2174 4654 5657 6293 2847 1558
8777 111 1890 1178 118 2809
8778 5594 798 5903 2889 2464 5366 2602
8779 443 4533 591 2170 53 1979
8780 510 1454 2386 712 1684
8781 1696 1374 108 2809 6887 6665 6786 192
8782 817 1753 1468 596 321 6230 4054 3325
8783 2577 4150 1973 506 3106 5581 5552
8784 1700 2145 1432 2393 1634 152 2313 1763 2019 1558 1458 1353 2731 5107 4104 6149
8785 1639 1153 810 3121 1017
8786 4500 2782 85 6653 2962
8787 1347 23 6771 4117 891
8788 149 2953 164 4918 507 2013
8789 67 164 152 5174 1055 3622 1626 757 477 1026 1329 871 6021
8790 359 826 122 331 297 1176 6393 68 5538 87 1812 554 1046 5784 788 4490 34 114 73 153
8791 3203 6418 11 2711 5885 2930
8792 3027 4843 4318 96 298
8793 1185 655 307 3373 5790 2047
8794 276 4808 6065 2135 2755 4771
8795 2383 3512 2906 3035 4860 2713 174 2354 886 2691 1538
8796 945 10 681 89 3912 4028
8797 2404 108 390 435 3389 2144 5429
8798 858 297 3393 5397 635
8799 297 3779 5897 2573 49 872
8800 1385 1342 2419 1372 1433
8801 363 1868 3620 338 6105
8802 651 4312 2871 108 2666 5564 114 1216
8803 3548 4654 276 987 1700 1980 2652 78 1026 714
8804 3133 3100 909 227 432
8805 5459 4353 2795 1878 1178 4374 1459
8806 164 1044 3191 4672 4508 6158
8807 1627 2702 961 68 4799 3632
8808 5423 1317 1634 297 701 5036 4370
8809 266 5548 6268 4689 474 3147 1199 3320
8810 3136 324 681 367 4507 909 3100
8811 1631 1319 3041 2632 186 970 4808
8812 841 4060 2985 4244 146 1022 4192 5086 88 4154 5597
8813 3513 565 408 3943 687 2393 1013
8814 179 5995 5577 4634 336
8815 337 558 5567 3111 5891
8816 1628 359 2022 4625 870 1055 6167 1453 5856 3021 5682 1535 135 3304 5661
8817 114 2705 687 2712 416
8818 5685 3800 4384 1943 664
8819 3465 4388 445 2028 120 254 587 4209 836 2947 2231 1083 5526 1082 6252 2568 4661 4911
8820 480 1187 2262 60 1326
8821 1240 5799 3946 6045 24 5225 1407
8822 5756 186 3800 2800 1880 128 247 6948
8823 3562 1194 5041 461 1031
8824 6485 2059 1891 1176 1727 4939
8825 2588 3230 1926 5927 331 152 740 81 6645 2688 4537 1987 1149 245 1209
8826 1034 721 482 1008 4446 2040
8827 108 6949 297 152 2043
8828 4083 5730 2077 2668 2937 5729 6915 2692 2756 3373
8829 3913 768 2685 404 1355
8830 5605 6377 4993 2949 968
8831 3977 1953 1749 2125 276 1379 2929 507
8832 376 4414 4198 1943 909
8833 1966 4109 1242 1008 3943
8834 1443 1696 5416 2200 3344 666
8835 2883 886 2581 2893 3100 3926 6234 1443 416
8836 2259 1328 1933 225 1066 1459 847
8837 2900 2156 428 2403 4821 1073
8838 4339 2096 4309 2229 409 506
8839 5955 3594 6562 4975 6764 2593 6408
8840 859 6234 5542 4296 5633
8841 1939 3318 987 5176 250 5677 5471 155 206
8842 360 2865 992 434 298 2439 312 2036 3354 2187 1068 1634 5997 6224 701 1425
8843 1508 108 279 2215 6950 909 4401 558 2157 5238
8844 3117 680 1601 2314 565 1751 2452
8845 174 1326 6053 1160 2700
8846 4062 691 3461 2664 798 918 4344 757
8847 5879 10 5731 4512 5862 2567 5827 172
8848 5175 1013 5579 2287 2585 2274 138
8849 5194 653 2867 1618 6264
8850 4961 6196 6092 6718 120 682 4493 989 4838 675 4531 1699 91 131 3049 491 89 1106 4661 1806 2883 2930 1091 1429 1094 604 4507 4780 3222 6951
8851 1177 298 1199 821 487 1055 242 86 5276 1022 4692 2756 836 2478 4558
8852 66 636 4472 4053 4920 2601
8853 3170 3412 2622 3972 5465 2488 757 972 3882 326 5476 1717
8854 6393 202 2009 5784 6014 1055 1776 248 2546 263 575 1976 5923 2287 2484
8855 1788 4773 4625 2760 897
8856 637 3675 985 5069 2090 2156
8857 359 6324 5942 3265 895
8858 523 369 5176 1406 1841 1072 1058 1467 3905 1425 2734 18 1184 1082 491 1429 604 609 3663 1430
8859 152 740 4684 5301 4172
8860 4624 6043 3910 816 348
8861 1939 2949 638 173 4535 439 636 2987 7 176
8862 1912 2965 4710 2928 4841
8863 858 276 4328 297 5143 5066 1112 1211
8864 4343 841 191 3632 16 1757 1406
8865 1040 3408 2607 1619 4740 4217 1359 1648 106 5670 6092
8866 1149 744 3752 3250 2325 873 2920 2938 959
8867 2674 763 1640 2407 2474 6395 1112 6254 950
8868 1696 6945 1622 1581 280 4132 959
8869 3119 3943 1551 2114 2172 259 1646 1456 6789 168 2020 897 2561 5689 603 2111 1845 65 275
8870 2543 5657 1629 186 3627
8871 695 1697 4674 2608 1616 1181 1026 3984 432 6675 6452 259
8872 1107 4601 1785 1426 818 50 3549
8873 687 5503 1212 311 2546 3528
8874 511 3867 589 997 1821 1201 3188 565 30 417 1888 2508 2364 385 58 3234
8875 1435 2148 4188 2673 1018
8876 1665 1145 85 1581 5899 3218 2901 5058 1841 1076 3048 582 4387 401 168 4659 4717 309 4556 1089 1093 1065 1431 1498
8877 367 913 5468 4817 1134
8878 5244 3997 2364 1417 693 4559 1737 2116 1604 1216 3013
8879 1037 68 2883 1670 174 583 28 803 356 1924 4159
8880 6064 3941 1891 1418 6063 2617 5195 3915 3579 4771 6772 6850
8881 1850 3136 493 1766 1629
8882 108 1212 4157 5057 2054
8883 5914 842 2657 841 631 1137 70 5806 1450
8884 1185 1485 1417 297 1056 493
8885 57 1165 1176 484 2110 3397 221 3175 1045 170 2500 1365 918 637
8886 34 466 3275 3174 1558 507 1011 758 2048
8887 1347 3115 4230 7 5937 6952
8888 4481 331 833 928 3438 3042 4410 414 1297 3955
8889 1125 6953 3276 4231 2575 132 1845 627 723 2357 637 3597 1956 4513 2423 718 1785 1008 1069 6862 5563 65 587
8890 5810 2986 1359 1582 722 2638 507
8891 2866 2565 1266 1202 323 1250 3470 134 2670
8892 1553 188 4024 3722 702 1406 2690
8893 1626 2797 3820 1812 4399 2125 1471 863 5335 3332 3831
8894 3314 751 200 2393 3266
8895 1657 3600 1022 6717 4104
8896 636 1804 3608 2806 2805 542
8897 1227 4277 763 3498 1150
8898 1816 1234 1149 6551 1791
8899 1179 5300 1927 1402 463 66 3943 1247
8900 432 359 217 19 1298
8901 108 2148 1170 284 1013 4386
8902 6819 1149 760 169 2424
8903 4768 156 34 16 3273 4523
8904 948 3537 815 2013 1955 4165 111 687 4744 428 637 1922 5794 1062
8905 3651 3586 899 221 5737
8906 153 2055 4586 6417 1711 3891 5526 1910
8907 5083 4818 1673 3374 4244
8908 2016 5264 2948 3740 926 1055 2037 2117
8909 311 2124 3209 3340 1757
8910 128 108 557 1603 3360
8911 366 128 300 3316 331
8912 1341 6856 666 2078 1370 1433
8913 1699 3492 153 3203 2260 1668
8914 2 1287 2507 937 1332 247 758 3765 2498 936
8915 762 600 2859 6910 2883 4895 5176 5085 637
8916 3806 3619 3809 2148 2360
8917 122 317 1499 357 3511 3032 6280 3114 1536 3135 2675 691 3141 3916 24 582
8918 432 67 1484 3720 957 1932 1444
8919 3066 1931 895 711 2531
8920 447 4669 2188 2995 1226 6176 881 4983 1038 1205 4920 4996 91 936 22 1150 461 680 5989 5934 252 406 3463 3912 3783 583 4093 2498 1406 4640 600
8921 186 1410 4432 148 3019 5038 714 1380
8922 1286 297 1812 2267 311 841
8923 905 420 655 2146 1013 6954
8924 1402 2003 2572 3873 93
8925 1639 1046 2395 164 1719 1673 2291
8926 2 540 3752 5696 1503 2620
8927 847 1658 712 3493 2048 6395
8928 254 391 6955 3000 4237 4780 2565
8929 4161 3413 2460 941 2943
8930 6421 1236 5215 1754 2987 1917 1387
8931 3714 2009 2067 3133 24 10 943 463 1974 174
8932 3555 1176 53 1697 3871 6837 6588
8933 311 6201 3374 81 6744 574 2497 1485 367 2657
8934 4210 108 364 2511 3288 1366
8935 627 1243 6642 3275 931 2614 1055 5296 1844 988 1970 290 5830
8936 405 6349 1547 930 1717 4320
8937 635 5599 321 1818 3338 3760 1876 5628 3956 701 170 1976
8938 5150 1742 1271 3867 876 4753 1826 4111 171
8939 2413 3590 1192 1132 1541 4117 5035 2917
8940 3898 1415 3187 3190 4101 2156
8941 6723 1177 1389 3114 2960 1200 2561
8942 263 4167 275 6956 5957
8943 747 6957 994 446 507
8944 1143 1365 1379 1696 2705 1783
8945 53 382 2783 297 4198 684
8946 1984 6565 849 511 6958 577 721 1775 3027 2314 1016 2102 790 1887 5962 5505 1558 76 6473 356 1189 5404 3417 1791 4922 1741 2935 999
8947 170 4324 469 3176 451 5261 5448 1970
8948 4157 768 2901 1067 687
8949 3614 4807 3580 4775 1856 4669 118 1716 2164 2563
8950 1067 1285 765 1347 271 52 53 3397 2047 1729 655 2457 1982 3837 2588 4 399 823 4602 2326
8951 297 1053 6088 1841 78 806 1008 5891 2291 245 770 742
8952 2095 868 3559 6511 687
8953 2764 3681 1590 276 2937
8954 811 3121 2372 4314 5749
8955 6743 108 847 583 6294 3284 5956
8956 199 495 2345 4639 173 985 4078 297 114 826 617
8957 675 6115 81 1247 6917 763 3500 1008 91 1746 3038 4123
8958 10 688 169 1550 5495 2141 5036 3484 146 5122 1818 1637 895
8959 735 751 331 701 4319
8960 1347 2136 108 906 816 1076 687 1503 673 621 1718
8961 829 970 1569 332 1337
8962 2287 4244 3740 3443 4914 895 2977 61 1905
8963 3277 3236 3238 337 3239 5459
8964 5817 152 5082 1827 6195
8965 1371 416 128 2829 4093
8966 4508 76 739 342 871 2957 2247 873
8967 886 1149 428 803 5134
8968 1236 151 675 482 5533
8969 151 589 1050 2060 4110 1178 2530 4631 3068 132
8970 1265 959 2419 496 4360 3703
8971 2425 3058 4755 2588 455
8972 476 1926 917 5108 3828 1408 5793 704 81 2075 541
8973 43 1246 1342 2188 323 88 6332 336
8974 481 1236 6804 3698 6305 2262
8975 274 3004 5179 1477 2987 4312 6751 2248 6878 4100 987 1975 1506 2917 6054 3373 1115
8976 2988 3518 4294 913 1729 655 832 430
8977 6444 476 6374 1418 1491 4100
8978 6557 6007 1860 763 1933 2991 1526 1493 5851 4230
8979 1202 652 918 289 893 294 154 1783 155 794 1078 3824
8980 991 95 1761 271 461 653 98 2021 5123 171
8981 621 3565 19 1720 1727 3803 88 1890 78 4018 6959 122 5475 314 1691 744 740 3005 801 517 6812 3137 1484 1068 3068 3965 624 3088 5552 189 5924 3642 4774 4079 114 576 76 1563 1444 5070 3276 1384 1624 6420 1008 1587 293
8982 5810 4220 3392 968 2313
8983 600 316 3624 32 739 930 655 1716 2370
8984 1037 5382 859 1601 5910
8985 621 575 4264 174 1691 46 3547 357
8986 1501 749 2298 119 391
8987 583 416 1752 6652 655 4620 3323
8988 1371 3099 69 171 68 200 2140 441 5305 2928 331 2212 428 81 5661 152 675 1729 814 6057 1029
8989 1038 729 35 2840 3873 5113
8990 1785 1642 4112 2215 3104 4053 1337 5223 6316 3960 3477 6102
8991 987 186 82 2829 2084 1806 1757 4167 1314 576 1378 1026 1258 2528
8992 947 5554 976 349 841 1185 1348 4966
8993 1178 61 1453 135 1270
8994 876 253 1137 430 171 1975
8995 2152 1298 930 178 4560 576 172 1725 1055 816 264 463 2657 1210 1295 6809
8996 79 3936 152 6319 4707 1456 1841 1337
8997 3967 6296 6074 4058 2890 3730 2600 141 3408 3819 3494
8998 359 1987 297 740 85 174 455 4580 860 1549 536 6960 171
8999 834 3671 1433 3926 2811
9000 1458 314 4942 507 35
9001 6433 2836 2357 1019 4520 1350 1520
9002 1347 5899 179 1847 6701
9003 172 253 117 4362 5221
9004 264 652 246 4110 6784
9005 179 1067 5460 248 1841 127 1507 4126 3622 172 506 1001 309 1554 249 3574 61
9006 976 151 3117 2037 2078 1137 3416
9007 817 4268 763 3042 2231
9008 621 934 298 178 268 836 749 817 511 1210 708 1807 227
9009 583 636 2076 655 482 989 1932
9010 248 1034 4083 2188 80 1287 89 3373 3537 4585 1147 3426
9011 2751 1603 4893 1254 961 6462 2725 3674 2124 3453 336 1448 4750 6492 3955
9012 324 4789 1889 5329 609 6464
9013 5913 432 389 3415 4 1388 2274 4352 3602 111
9014 524 4335 1665 3938 3978 1425 6760
9015 298 2375 3208 1040 4683 145 3960 583 626 1406 6706
9016 1055 128 5784 1363 297 4796
9017 3595 2832 3966 870 5207 1658
9018 1402 35 125 506 5069 1725 4422
9019 2110 1229 2214 5954 2887 3783
9020 674 1334 179 5305 1842 100
9021 474 2331 2408 2793 2832
9022 1029 2133 4816 57 367 713 10
9023 1486 309 746 4223 391 416
9024 5447 633 2020 2919 3283
9025 5243 3627 895 1384 4304
9026 1292 1407 2987 6152 4735
9027 900 6508 4426 6322 4284 4682 6519 544 763 36 1196 876 1642 52 3353 2281 1455 3740 40 6600 195 3642 61 2601 1585
9028 1185 2308 3276 506 2569
9029 2149 651 79 1192 2374 4844 2884 4093 921 710 4299 3890 625
9030 2509 1415 278 88 517 2364
9031 1286 151 1125 2608 3790 3719 5733
9032 271 2919 1337 970 1317
9033 2013 4073 6040 172 3492
9034 2830 3998 3797 1255 150 3574 441 307 1335 1988 820
9035 2409 2024 6308 2383 125 1914
9036 6611 4424 5302 2235 2897 2985
9037 17 1081 4975 6663 1096 1099 1284 5804
9038 1516 79 3728 5023 576 4062 2871 167 798 1979 5025 3842
9039 895 257 3411 3757 5628
9040 248 1048 6525 1002 456 3871 803 702 144 1729 2387 1241 2165 4932 909 6869 171 73 2393 4094 2144 817 4187 2811
9041 3695 2096 1484 2542 323 1104 1107 924
9042 1022 257 447 805 4325 325
9043 108 2468 575 1630 37
9044 739 3541 221 5469 3529 154 953 944
9045 4177 332 3238 1699 6266 6780
9046 876 5417 742 76 574 581 52 68 2387 3492 3516 40 2949 3894 324 2883 303 2529 3409
9047 292 3505 3492 959 3100 4944 618 909 286 3069 5897
9048 1229 3079 53 80 935 1390
9049 297 3524 90 5739 171
9050 596 4761 2890 1761 1717 211
9051 2924 122 1402 2368 378 3358
9052 1752 5396 803 2250 1467 832 3514 6879 1930 280 5457
9053 701 1183 4203 1358 841 1271 416 5316 3888
9054 1402 4953 2433 2417 1231 174
9055 327 3035 246 319 1494 4380 318 5490 427 681 89
9056 834 3187 1298 1008 1271
9057 6257 798 3956 3141 3874
9058 1385 5062 259 2029 6961 635
9059 2100 1192 6282 709 4669 1200 2508 479 3466
9060 4699 631 4846 1729 6218 76 3267 4640
9061 1747 6191 2156 2847 414 1616 336 5148 2357 5884 155 817 1270
9062 5876 431 3850 1991 89 249 3364 4235 5181 397 2265 1425 12 4598 587 4659 4906 139 131 4966 6823 5802 6652 2594 4475 4735 1099 5008
9063 1195 1151 2983 1947 1699 886
9064 6646 402 2044 2563 1041 3586 2262 2715 4983 1640 758 2520
9065 5664 4800 303 2657 143 655 144 6830
9066 4125 834 108 2337 6135
9067 10 681 76 120 2613
9068 1551 2265 2816 5079 5804
9069 6369 713 621 2673 2055
9070 705 612 3943 3825 6631
9071 3767 354 1497 1889 4301 5339
9072 1240 297 447 3882 2636 53 4851 1274 1772 5113 6189 1668 3413 453
9073 67 809 2165 656 633
9074 1677 3228 1631 876 6275 171 1783 130 6197 3416 342 6286 6914 3031 588
9075 6653 68 80 803 3608 3093 653
9076 3185 2518 303 834 677 1979 3463 1730 5738 2909 111 587
9077 2588 4 2427 5153 4051
9078 5712 1741 1433 4166 3266 3311 2092
9079 621 1347 511 3035 466
9080 2450 1691 541 1176 1433
9081 10 3410 1335 2908 179 826 2181
9082 66 1414 2445 636 2693 1563
9083 1577 4942 1025 5834 4255 12 280 1063 1282 5509 5007
9084 4866 98 170 2530 3600
9085 2777 5711 414 969 6335
9086 2843 2032 1589 1966 2289
9087 839 298 972 1008 3757 5272
9088 406 1951 3148 2460 5183 191 2943 655 1149 192 3135 3014
9089 4040 4147 6935 1841 5432 1467 897 275 5133 4598 4369 1277 1090 18 606 2208 5434 3086
9090 1764 1347 1696 1202 1664 128 1362
9091 1128 1136 6916 976 6054 5592
9092 6248 1417 6048 6507 108
9093 4058 4003 1236 1544 2190
9094 2343 1153 324 2311 3492
9095 2875 4411 6962 3189 926
9096 2662 2340 2343 4417 6339
9097 2620 2808 3793 369 888 5294 4186 1468 1467 3828 556 542 2969 401 2274 3956 4331 2811 1425 4607 1498 4598 1469 2734 4659 1087 587 4429 139 4991 5239 1277 1278 1184 1082 491 1910 883 5596 1279 1845 5006 1091 604 1092 5007 4014 3980 609 4898 3051 3086 6663 5247 5986 6760
9098 3241 1251 1837 3170 4978
9099 621 6787 1113 401 3994 2530
9100 4324 297 925 1122 5282
9101 928 80 1390 1616 2326
9102 1397 5823 1757 957 4234 4344 5234
9103 4152 5687 2901 4118 6832 269 674 109
9104 3968 476 1731 144 711 3313
9105 229 365 234 1780 3011
9106 4428 4717 3662 6866 4012 3646 3980 1281 3220 3533 1098 5610 5984
9107 3039 2144 2189 3872 1409 1932 1820 4321
9108 45 4541 1485 4399 443 1271 469
9109 886 4411 901 497 5223
9110 114 4918 739 1987 2400 1298 550 3276 173 1600 816 117 6053 3068 156 2742 1438
9111 234 5325 476 635 3903
9112 1474 173 536 821 4860
9113 77 6963 441 740 2868 1843 2693
9114 179 928 151 796 3692 3290 6964 2213 1223 91 681 1890 655 1287 583 5971 2443
9115 389 4416 5469 1544 6325 3754 1384 348 1202 4820 6358 2160 49 3258 3340 2200 2621 6770 721 456 3882 3693 2850 968
9116 3547 280 3408 1557 3583
9117 78 227 2607 2074 2728 4322
9118 2620 370 3106 1468 1467
9119 1761 1816 5571 2829 4774 1783
9120 36 1229 5705 2570 2824 998 2752
9121 367 1199 5016 1255 617 119
9122 2798 1189 2299 3819 3417
9123 2014 1432 3189 311 837 1023
9124 4479 1757 6370 1407 289
9125 221 5149 1417 1327 5974
9126 1419 1756 3758 3092 3385 1147 482 766 106 93 2030
9127 5934 4953 271 1356 3545 53 4103 80 655 4 71 3204 1363 659 5251 1036 3729 2037 136 174 2074 27 819
9128 1353 5875 666 3570 6134
9129 3447 5467 1298 2156 2393 1645
9130 813 2863 788 3093 3255 2588
9131 2273 3112 2490 2608 1616
9132 3042 1371 881 3093 1315 2076 4401 1366
9133 1329 1137 4926 841 822
9134 1621 5743 1067 770 1000 3741 2407 23 2443
9135 81 247 7 5029 420
9136 81 4326 2280 87 2746 2393 60 4054 186 2156
9137 150 3472 1040 2530 2960 773
9138 537 1813 1219 4923 1922 1671
9139 945 140 108 3092 5736 300 3347 1970 5179 681 5498 89 3434 936 3257 4255
9140 910 739 89 1783 2 501
9141 2331 1392 2706 2408 4568 1468
9142 475 297 2541 1816 4395 2985
9143 2706 938 2533 991 2389
9144 152 1812 331 4301 5911
9145 3454 4316 720 1587 1311
9146 5769 1601 5660 2636 146 3324 3855 629 749 3100 1469
9147 2583 1286 912 1919 2951
9148 1508 2445 2811 78 1313
9149 511 2885 631 2231 1329 189 701 1844 6589 6481 1211 2831
9150 2688 297 152 813 829
9151 1008 26 121 2553 1347
9152 2044 2258 257 5762 3311 998
9153 749 1 37 24 3039
9154 138 1396 2555 4386 156 3923 6351 1078
9155 917 6182 5894 2458 2219
9156 297 2767 2447 476 3516 1692 6838 1055
9157 1640 1650 1510 662 169 303 2946 6965 2694
9158 1485 6108 155 930 3286
9159 1240 6939 1551 108 307 2232 1967
9160 108 269 5022 3357 758 701 781 723 5794
9161 3009 759 6758 5267 1611 5315 3819 718
9162 6727 1705 152 536 3159 6023 617
9163 2534 3167 484 6438 1210 6811 3440 2785 2393 912
9164 324 332 89 3110 2965 4559 5167 790 307 517
9165 629 68 881 2144 648 4813 1008 1022
9166 2290 4775 3030 3754 6791 3684 338
9167 152 636 836 1922 4192 1441
9168 13 268 744 6966 2057 55 3615 3188 4422 3007 248 473 5029 391 469 4749 1982 1337 4323 351
9169 1037 5466 266 2572 1790 3643 506 3311 666
9170 976 834 3779 3519 696 75
9171 3159 4988 2364 4657 332 2673 5956 4849
9172 327 6513 4199 619 5377
9173 1135 3463 4444 2784 2273 727
9174 1237 535 2482 311 36 2014 2891 227 16 1224 3283
9175 3481 638 1511 6468 6130 5860
9176 298 1569 3578 895 5130
9177 4127 3524 2433 3093 6403 6262 1024 2829 85 775 6418 1979 2809 6268 4486 1564 3988 1326 1022 809 758 1911 1007 1549 1161 3697 829 5027 257 4850 5957 2817 3423 151 2013 1192 3926
9178 229 6814 4221 3864 2706
9179 2629 3779 2497 3871 617 1560
9180 217 1298 810 2751 3595 54 2019 105 257
9181 2826 1347 1149 2569 1229 4295 584 254
9182 4820 404 4131 1640 5891
9183 3169 555 929 2056 3304
9184 3160 959 980 655 4192 462 4133 3255 926 3757 2089
9185 3290 5121 1247 3871 5457
9186 6355 114 2572 809 4165 1624 1538 46 624 1796 2146 2598 2980 2801 109 784 2369 1499 575 3255 1841 2895 74 1163 842 349 6169
9187 1508 3764 249 5764 1696
9188 4980 757 6401 529 6275 2786 189
9189 1767 2924 841 307 298 3956 1333 3280 6176 2310 1364
9190 254 745 1178 1374 1566 2887 532 4961 1966 1149 1266 2632 3472 1494 1679
9191 2156 6525 297 6107 628 2100
9192 1847 576 4302 550 1185 5553
9193 3673 3060 6759 117 2156
9194 141 1167 1631 4347 1718
9195 1639 2784 5683 474 6251 2632 749
9196 6349 2292 3134 4811 3323 1703
9197 13 6675 83 89 4640
9198 1973 1113 926 2847 2630 1757 5856
9199 474 1510 3993 4629 852
9200 294 2231 4165 1207 1162
9201 5409 179 3976 5970 3153
9202 349 894 405 2364 5971 1979 837 3198 3042
9203 2191 3146 1347 1327 132 6104 2269 6098 2857
9204 4168 3828 1072 1841 556 4386 2075 3397 542 1076 1468 1078 6817 4389 1902 120 4906 280 1081 1522 6802
9205 278 3345 40 4777 4685 3998 1542 2091 270
9206 621 3027 147 3791 1017
9207 1053 53 2956 241 447
9208 13 391 67 4072 5848 6864 620 1298 47 48 299
9209 574 590 1661 3862 65 1041
9210 690 2060 3636 6651 1845 1379 1630 2221
9211 2644 612 3103 87 466
9212 2924 1764 3251 1199 13 3426 4791 367 1040 2792 693 298 4295 6145
9213 6298 2702 6735 663 1979 4757 6328
9214 2481 5260 1541 5203 107
9215 3065 144 2641 298 4819 4747 1040 1482 2980 3289
9216 6440 152 1298 930 2057 5982
9217 3294 969 873 2519 5366
9218 2682 6072 3792 2889 93
9219 821 4367 944 53 428
9220 1624 3886 2339 232 1208 4931 1067 6338 179
9221 297 4104 6727 4695 1210 3046
9222 1841 1467 2075 4089 1059 1429 609 1101 1102
9223 3284 842 5176 6014 5997
9224 1040 1123 1214 313 3946
9225 5899 687 1505 241 297 511 1699
9226 1393 268 1603 4133 1416 957
9227 826 2482 663 1428 87 1453 1779 3673
9228 5792 192 1030 873 852 450 959 2200 1433 721 4372 2519 291
9229 2001 6245 2953 3293 905 5810 6536 1961
9230 3927 5921 53 1552 786
9231 695 5783 665 1743 108 4879 2576
9232 763 1759 665 2110 53 740 625 254 6481
9233 5183 6032 671 1882 1827 3276 2156 4860 3167
9234 3509 464 3208 432 1757 2357
9235 80 4312 3894 1231 2172 6739 221 3429 2391
9236 1200 810 1584 317 2611 624
9237 4704 87 75 583 1644 1564 809 833
9238 5355 3567 5266 3142 1233 1833 1215 282 1798 3068 1631 5206 6748 4344
9239 1195 1242 5068 3199 593
9240 653 1640 78 145 555
9241 2273 1507 791 2519 824 1581
9242 2890 1367 1008 6635 4118 1069
9243 199 5273 480 3977 148 1453
9244 152 187 2731 1290 5748
9245 2407 4172 2756 158 1754 16 1371 4188
9246 297 4242 1719 723 1297 558 550 655 986 536 2551 1352 2784 1112
9247 6596 2045 4981 5246 6020 4834 4073 781 6769 4637 5367 1116 940
9248 359 3512 1587 588 2718 1815 5021
9249 474 2331 274 946 276 6819 941
9250 4209 1255 462 972 768 3763 854 1831 581
9251 1233 6952 6311 529 636 1692
9252 1352 3510 152 5686 346
9253 925 271 6421 3340 918
9254 740 4157 1630 5535 472 1690 6265
9255 747 3992 6966 401 5035 21
9256 1485 164 370 5120 1202 2191 1839 1008 2156
9257 122 19 2757 440 153 2238 6497
9258 1459 3818 465 199 741
9259 4510 3258 2023 945 576 5383 3728 6365 768 666 1518 2694 400 3763 3180
9260 753 3988 6614 2935 4578
9261 739 1165 331 3545 127 898 357 1365
9262 4213 1581 2037 6727 5817 4061 1067 1775 5938
9263 259 4942 364 3469 4018 3825
9264 2125 4996 477 1640 529 449 768 104 257 4255
9265 480 589 4845 288 1889
9266 3290 89 2364 3523 3887
9267 2632 5785 2291 588 1767
9268 1147 1286 6058 906 174 617 3255 152 80 171 294 81 5009
9269 1067 5566 128 1178 1048
9270 928 1601 1727 280 174 4640 909 788 5569
9271 763 2488 5144 1177 53 2753
9272 1055 2668 2877 37 4522
9273 2532 114 1353 20 116 542 1315
9274 5128 96 961 740 5647 5859 111
9275 476 675 67 114 5577 108 4165
9276 2717 1548 4171 1742 476 68 4092 4343 814 4567
9277 839 1123 6855 2920 986 6019
9278 152 6493 436 5092 3454 930
9279 1342 2439 297 1038 732
9280 1743 3697 787 1851 4849 4190
9281 2346 2889 5388 10 119 4737 937 3039
9282 1895 1872 1014 3011 114
9283 309 53 4749 3423 187
9284 1852 6425 2365 2156 590 5884 4879
9285 5666 1397 1143 28 10 4536 3292
9286 5080 152 2047 245 465
9287 6754 2257 164 2260 6565 5309 636 3027 2176 4054 356 5383 65
9288 1166 43 1298 268 6910 970 2075
9289 3805 229 3750 1999 6940 179 3379
9290 947 119 4854 793 753 2622
9291 2036 1474 2570 259 2738
9292 668 4712 290 2457 821 2357 28 2427 693 617
9293 2183 3168 1246 2393 3938 2132 2984 489 2847 405
9294 164 876 2657 575 6134 2146 1553 2996 1348 855 416 784 4534 2815 781 550 4342 824 2357
9295 5498 6574 3669 2985 6607 1379 1932
9296 2477 6536 6275 1944 186 1459 1035 104 5309 959
9297 1639 1199 5457 128 1396 1334 5549 181 1013 1993 4408
9298 4065 3390 5144 895 154 462 3073 636 323 1216 4194 3495
9299 1224 858 266 1554 4094
9300 6234 2264 2512 829 167 3121
9301 1719 1256 2826 3512 1067
9302 1137 5565 2873 6534 143 816 240
9303 298 6312 6967 3220 6802
9304 4036 2632 1392 4545 1703
9305 2556 6190 548 687 617 2215 3276 1646
9306 2657 2053 4233 227 2357 687 5297 2231 2232 860 282
9307 6478 141 1055 452 1113 1515 889 1631 985 2326 1718 710 5563
9308 229 233 1623 1626 114
9309 2976 297 449 5032 4157 3994 3702 4111
9310 3686 1757 2720 1410 1831
9311 1150 276 5524 808 151 2259
9312 172 6222 1426 3740 3819 1452 4266
9313 541 474 2148 2987 563
9314 834 1699 4157 681 343 844
9315 621 1347 2371 1928 465 6587 337 2920 1497
9316 739 2013 803 1889 195 631
9317 6050 291 3824 6179 1605 4002 2987
9318 859 2408 3543 1673 66 5541 4329 5497
9319 1150 2890 897 705 5287 876
9320 464 1608 6533 153 5515 2982
9321 217 687 5909 6965 637
9322 5488 164 4744 293 4584 3707
9323 77 440 2792 1137 1335
9324 359 164 3264 2156 3778 6189 3477
9325 3967 3894 53 3293 4367 2116 1365 3133 3459
9326 4413 367 3744 657 5422 351 3390
9327 149 1761 5881 3752 3093
9328 1679 4703 291 768 1793 4780
9329 229 179 6591 264 1896 2744 2533
9330 1485 574 369 2644 6968 4781 280
9331 2690 6969 3333 893 4080 4573
9332 6114 448 2518 53 4103
9333 81 1177 4961 1149 2253 629 6495 5778 5341
9334 1829 67 1485 745 6243
9335 3185 359 186 6970 2042 3804 114 1459 4247
9336 6329 2090 4740 4371 2642
9337 477 2285 2847 135 1149 1158 4796
9338 319 3238 740 4907 153 3281 6653
9339 2764 1359 5989 314 3959
9340 1729 1763 2147 644 1481
9341 636 227 311 1603 687 1503 536 487 3348 2156 2313 1970 259 1697 1247 2929 356 54 590 2892 16 4228 2357 50 2366 809 1922 240 1023 4143 5151 3
9342 2096 2451 3102 2357 828 1366
9343 1639 1396 657 493 1342 959 169 2710 666 556
9344 230 1891 183 264 5386 556
9345 264 366 858 1485 5576 729 6768 2148 1005 2259 6691 859 4769 2305 409
9346 817 3999 2030 359 409 3280
9347 2439 3938 316 3027 888 994
9348 1846 811 6298 2372 2738 1495 2147 3454
9349 1847 2328 152 87 149 1673 3510 1685
9350 720 79 4744 2136 309 6910 1626 5367 713 5837
9351 152 1747 117 4147 359
9352 5260 1673 736 3972 486
9353 366 3544 3850 6045 389 785
9354 1076 1061 4012 3049 4600
9355 2987 13 877 1887 6266 2073 3316 550 3036 329 5404 2966
9356 4224 2212 3564 3225 1016
9357 1633 16 901 4640 675 652 876 1146 85 4372
9358 541 149 739 4541 3779 1372
9359 1978 3679 7 3342 5221 2207 4149 114
9360 416 2811 1287 1331 248
9361 1575 3579 6307 276 158 1035 298 271 629 3121 680 76 4205 3463 937 2712
9362 449 1767 758 1069 4824
9363 627 739 2956 1178 6785
9364 1761 2656 997 4774 816 752 3923 5510
9365 5225 3946 272 6045 1214 2758 313 1004
9366 2440 2937 6961 1880 5604
9367 2224 247 1987 3956 2460 959 1047 4129 405 3134 24 1026 3276 3038 416 397
9368 1780 5054 5461 6063 6064 67 6901
9369 4692 1167 1406 50 5432 2075 3048 4188
9370 652 3448 1239 1767 6003 280 6018 6971
9371 3988 108 1851 1406 3515
9372 274 3107 803 3792 1215 155 4231
9373 2454 4625 53 179 2963 68 1549 297 3736 791 3545 2584 1708 217 1516
9374 1054 5230 2011 81 937 803
9375 1202 6280 4377 413 3848 1767
9376 1665 1577 3106 2324 3048 17 605 4390
9377 85 331 152 1603 297 3061 2739 2937 3163 5674 2110 877 3111 3210 3177 1055 2017 1150
9378 108 120 5428 4586 763 1779 576 4854 2518
9379 811 744 5382 152 540 3497 3325
9380 2235 2746 311 297 2523 926 5187
9381 811 1374 227 511 1948 4731 2723 1976 2948 3594
9382 5137 3366 2847 6243 6972 1236
9383 1371 149 47 81 6012 1788 4137
9384 108 280 1898 1630 3566
9385 5764 1312 455 1604 169 859 367 4313 3072 6973 711
9386 3678 2307 4558 3720 5689 4618 4826
9387 2252 2282 2519 6551 5568 2764 1720
9388 5168 930 1831 1224 5312 1674 4137 516 213
9389 1696 152 446 740 1532 5063
9390 2898 3836 1647 2557 1641 679 5839 962
9391 1575 762 1000 420 637
9392 5377 406 3314 435 2393
9393 3223 740 4386 2989 5549
9394 3210 2553 1992 6673 3502
9395 1342 2308 1111 2375 52 4793 2557
9396 2400 1976 7 5981 1140 3255 4192 6595
9397 2618 534 461 1113 1067 1366 2890
9398 1158 1662 6160 1830 6570 6571
9399 10 4469 1334 2 803 1433
9400 1739 1843 1030 2968 5687
9401 1271 276 1120 5619 2801 2607
9402 858 841 3397 34 721 4225 6446 1800 1622 4432 253 2090 5104
9403 1352 1417 79 4655 5127 1387 108 1343 89 6098 5911
9404 749 2791 3114 5384 1187 694 465
9405 69 264 1054 3123 3624 152 2867 2659 1406 1100 5378 1512 1704 482 3448 2901 576 454 495 2020
9406 5922 3898 2987 583 171 267 842 675 4192 6741 114 959 7
9407 1551 822 3628 1433 1785 1603 1298 3371 5175 5033 637
9408 297 612 61 3361 5686
9409 3221 4708 2436 1409 1283
9410 6499 530 2339 1208 5507 4506 2389 265
9411 2408 440 2748 171 638
9412 3680 26 2866 6974 3129
9413 4828 1764 1930 88 1847 2017 2756 356 246 179 2152 6924 535 1783 186
9414 5725 5853 1761 2588 687 434
9415 1939 464 2104 860 1236 708 1299 1882
9416 1165 356 1519 740 2273 2951
9417 6055 133 5993 2895 6285 1191 2100
9418 4769 6481 4590 1216 6797 2158
9419 3293 298 1975 2462 98
9420 687 972 1673 4638 68 1642 1589
9421 899 493 4051 5118 3390 5972
9422 4624 1786 3595 5490 5395 2841
9423 1067 3021 5462 276 2212 6500 3922 1630 792 4595 739 125 120 5425 1155 833
9424 867 744 83 3632 1924 6204
9425 1365 3793 644 1202 2236 767 794 873
9426 612 961 1243 6046 2281 4189 721 1584 2738 4128 41 3188 1022 1034 749 274 152 53 617 979 1870 576 732 1055 740 7 2582 173 6707 764 4753 1327 253 1845 2183 940 1549 1841 2393 1069 1070 5238 462 2507 1137 792
9427 621 710 2261 2077 3766
9428 5087 583 5117 519 4562 97 6741 114 227 811 1041 1630 2537
9429 297 5646 322 1314 3658
9430 334 6405 997 5010 4 382
9431 254 1501 6353 3916 6279
9432 3053 3990 1987 5848 2477 78
9433 432 4623 6049 2013 3959
9434 3555 1347 297 2956 1008 3604 2974
9435 2212 3010 1426 6354 967 544
9436 3732 2403 6526 6119 5002 3127
9437 7 359 2570 2502 4608 825
9438 2013 2220 131 2393 2149 539 1192
9439 309 1087 6866 1088 6939 3049 512 3196 4661 604 609 3648 2366 3764 3602 1331 1281 4026 1065 5007 1098 3981 4281 1604 6951
9440 4109 3917 5101 1323 6504
9441 2003 3208 269 409 586
9442 1701 128 879 596 1589 3927 576 739 3624 5426 1262 3023 6832 1882
9443 2354 1 2044 511 1577 2202 593 1185 2516 5736 2204 3029 6625
9444 530 2468 492 763 877 1989 790 1345 517 1793
9445 1054 52 3171 1223 337 655 163 949 4027 6606 803 416 1029 1579 78 774
9446 1987 3276 2575 156 2234
9447 53 1929 3842 7 1924 4844
9448 67 300 108 4049 616 280
9449 4031 1113 6345 1624 264 2342 66
9450 3672 1221 2224 1140 26 5981 5840
9451 173 2527 399 5598 385
9452 4925 5452 3687 1163 3283
9453 2751 1587 1703 1629 209
9454 1931 2253 824 660 156 566 1639 2346 3344
9455 1272 2156 3857 1365 3440 858 4148
9456 108 675 2441 649 53 633 1762 590 2060
9457 2310 663 143 1776 801
9458 1761 5751 5806 910 3572 2249 3860 401
9459 149 5604 199 1711 1585
9460 3586 3371 749 1072 2136 540 1024 6170
9461 552 297 1402 1365 259 223
9462 2764 151 3329 4515 1696 1057 2646 666
9463 4444 297 76 1679 2449 275
9464 959 6442 3537 4629 1801 6533 43 2274 49
9465 6724 1558 849 1716 1153 6344 5446
9466 675 443 651 122 331 959 3373 1019 4509
9467 6700 4319 7 144 408
9468 6828 3025 687 5168 1646 1270
9469 3513 3576 1574 2156 2877 714
9470 763 558 998 583 2146 809 257 1334 114 293 2087
9471 2409 3866 3755 3355 3604 2016 4981
9472 4871 1511 3626 280 2013 81 4555 5280
9473 886 3162 4719 116 347 3436 4571
9474 1640 5383 2027 1884 6975
9475 6835 2937 4374 6873 4901 2351
9476 493 2529 983 657 145 2703 2200 109 171 3965 1557
9477 556 2731 2662 4051 4388 5133 1498 4659 2972 6823
9478 4851 1218 151 2987 305
9479 4002 3284 1055 958 3744 653 98
9480 1485 860 2396 5990 5338
9481 164 930 2512 3117 1720 6567 3229
9482 4400 5523 852 4983 1730
9483 765 27 3073 6668 895 809 2427
9484 96 2310 3293 722 4104
9485 4327 895 2577 2201 1384 1435 3769
9486 312 432 757 1149 1757 4118 3494 2519 1435 1066 668 6906
9487 359 893 152 1026 245 794
9488 3227 1029 179 2302 5409 2654
9489 1106 2048 6116 2608 3583
9490 2509 1984 517 24 384 388 1912
9491 13 266 6705 1633 4023 356 1205 469 6153 144 872 5711 6502 3197 5422 596 5874 5206 6799 1297 1233
9492 268 859 4063 1510 2249
9493 4217 994 4397 2238 2837
9494 5949 886 6710 1419 1757
9495 309 4907 3720 3470 2996
9496 5004 541 651 2310 1814 3053 917 1404 3578
9497 959 2740 1483 2462 1530 2357 1026 1933 155 3114
9498 2509 1345 1754 4034 877
9499 1103 5823 1101 5750 1102
9500 1433 4719 3891 2055 50
9501 108 3169 6622 76 221 888
9502 52 416 828 6260 2806 3175
9503 1722 4309 248 2409 3539 2657 1046 454 1807 6055
9504 2509 5723 6498 1202 1665 1727 2076 88 4407 1964
9505 3766 757 2201 166 420
9506 246 1890 2796 1107 6439 6396 1849
9507 1459 128 108 817 2253
9508 1613 151 2757 2987 614 1137 6525 5559 6119 3141 815
9509 1236 1018 636 6703 3767
9510 3170 1347 473 6932 2411 2484
9511 3397 636 5069 1998 151
9512 360 695 1402 484 5543 2264 254 2561 2
9513 674 5900 443 905 767 1347
9514 5652 22 3194 5025 286 2306 617 71 5866 1132 3255
9515 1949 5995 1485 5641 865 2290 1104 6211 2139 67 2048 36 4336 114 901 174 3832 1232
9516 1218 2354 1417 3136 4721 319 1572 681 4334 3537 2307 3133 845 4669 332 2082 826 1287 89 2508 2946 520
9517 4962 88 832 344 3720 1888 2962 3416 3471
9518 69 1708 1729 3436 4285 5262
9519 3805 3149 925 1312 4156 3190 3640 1057 1732
9520 2585 6210 4481 6198 4008 3787 596 217 487
9521 134 6976 221 276 171
9522 5282 987 1412 5179 687 2113 680 3810 1035 4453 5303 3059 4227 2459 6675 4372 897 1067 826 328 3967 1987 808 559 923 2467 493 2350 5952 1650 1684 224 6669 6696 1775
9523 1417 476 98 2419 3630
9524 840 1208 3499 6029 3550 264 3804 6792 2532 4728 3749 2533
9525 1683 2561 128 6263 171 443
9526 473 81 5946 1406 298 587
9527 1072 1841 1003 556 132 2967 1059 2366 2075 1077 1480 1425 4255 789 120 1079 1080 4011 3662 3219 5052 6252 5158 4661 1692
9528 5834 954 331 6292 151 1985 1726 5400 492
9529 3638 1471 3579 1699 4024
9530 859 2408 858 590 5987
9531 1370 950 1181 3271 30 3350 1803 4824 1806 4507 3509 565 837 91 480 1521 5645 238 1616 65 1837
9532 2717 3364 1407 1432 2895
9533 799 3143 1321 2072 2077 1222
9534 523 369 5431 1372 1071 3047 918 5432 1058 1467 1468 2969 542 5876 2785 1077 4387 5133 2810 12 6221 4556 1278 3 5803 4898 5979 3086 1099
9535 4683 105 1490 1507 1067 1718
9536 3808 1739 6029 3153 1598
9537 5488 1966 297 2310 1699 646
9538 3586 4346 6711 4377 1683
9539 151 299 5322 1354 4626 911 3720 2298 4943
9540 114 1150 5681 1626 4922 2016 276 713
9541 1240 2529 3041 1257 3526
9542 3121 2868 1029 1870 1417 68 2387 60 4640 1049 2942 1259 6124 3444 4034 2825
9543 3330 1286 2247 4352 793
9544 108 68 740 596 744 1696 1650 2840 2282 1137 3193 2951 1276 128 5192 1600
9545 2764 3845 19 2 4217
9546 865 1754 3409 6115 1026 824
9547 1767 3722 128 1898 457 588 3117 3479 108 5358 1366 422 4797 1113 4343 5426 1332 1330 1202 2809 6335 1692 2607 975 3106 1591 1007 1996
9548 4504 2339 1894 2533 4913
9549 6494 271 2431 749 1651 5853 4453 507
9550 271 4606 5694 496 3460 311 1199 307 4739 5238 1417 5723 2841 302 1995 789 1510 2419 1396 5263
9551 78 1008 1178 1247 961 2544 1215
9552 179 987 128 78 747 1073 5902 1750
9553 1004 3671 1426 1347 3408 3669
9554 108 336 1767 2673 3472
9555 6819 3953 3074 2786 4128
9556 2160 276 52 904 2468 10 280 6313 223 1287 89 428 169 118 3188 297 1271 2419 682 565 5664 909 6478 171 291 1260 4793 1782 2784 3387 1974 153 6059 1295 1189 227 3484 5590 1354 4360 6673 1932
9557 499 530 5900 3894 443 6326 108 838 144 814 1045 163 2928 5148 1205 1615 816 3591 4965 4642 430 474 3812 979 1113 264 276 1053 297 744 3314 53 69 377 2776 24 2871 2156 666 1680 3697 1763 2020 4388 472 2215 1149 2982
9558 2584 930 145 1402 227 1274 1112 830 4879
9559 5190 1878 52 1370 2588 5311
9560 1729 1727 5057 5422 5790
9561 5252 4837 556 2569 4400 2003 1758
9562 2136 108 1577 2098 390 3574 5955 658 2909 311 1202 517 1782 555 6974 809
9563 311 4182 4084 3126 6419
9564 1236 1161 1000 2215 4199 220 3746
9565 905 655 220 5184 2361 4398 277 53 1603 298 482 1210 1745 2241 2742 1690 546 828 948 1105 1530 2357 156 4399 1149 297 2096 6439 1711 2075
9566 297 298 629 1315 1400 4723 4284 1616 136 4331 5262 5457
9567 1719 152 2128 1459 757 2484 2577 5116
9568 2171 3580 1178 6480 3601 3434 1003
9569 89 682 3720 2508 519 425 1429
9570 1728 999 10 2271 2100
9571 716 476 2096 1456 1395 1763 1749 6090 1354
9572 1473 1465 4672 2222 1657 1586 2093
9573 4499 4450 3357 5081 6927 4481
9574 4971 2426 369 4894 3218 2808 2044 5162 2572 373 3979 1358 969 34 2459 473 1841 1167 2477 3972 50 171 5294 3084 296 2742 3930 4255 1425 4598 6116 4451 4428 4659 1062 2774 4369 587 1905 4688 6823 605 5248 3051 6075 5984
9575 1417 314 801 6913 6977 432
9576 2136 1167 2053 452 876 3665 593 889 3216 655 3304
9577 492 1037 2755 1026 972 447 5417
9578 6956 6486 998 6881 3115
9579 108 2924 179 2782 826 1240 1347 860 3362 367 2757 1628 1119 1137 247 3415 4245 5472 4448 6978 5677
9580 5490 1990 89 4086 297 311
9581 1805 1806 5557 1825 6926
9582 4625 5518 2985 307 1736
9583 987 867 4854 2129 749 5996
9584 78 259 5068 655 1337
9585 6736 3586 5291 5335 316 1932 6789
9586 747 834 66 141 115 2392 445 2079 4488 5151
9587 3316 435 6545 473 432 2084 3843 496
9588 5531 3133 2061 2376 2581 789 317 3632 2883
9589 4295 1271 284 2917 957 1889 4044 171
9590 151 1788 554 3492 88 1287 1147 1149 324 739
9591 2673 1209 2829 6648 2875
9592 268 2514 1699 1412 4548
9593 1051 1610 4410 1104 2901 826 1312 2111 842
9594 69 6062 6711 1289 1177 1577 3613 1989 813 1564 5196 3591 2738 40 6025 6059 870 2598 6453 1970 830 872 629 1452 293 1646 1040 433
9595 5531 1454 4848 1433 1040 870
9596 360 1829 2083 858 245 268 4953 96 3681
9597 817 1410 2964 1646 4603
9598 1631 1176 2266 1898 6231 2053 46
9599 1329 4094 245 2053 247 826 3926 1293 3160 253 3134 2056 1347 2215 507 2200 918 2407 4762 5163 1167 5893 1716 6763 4441 405
9600 1286 4042 3063 636 5131
9601 2320 10 3121 2946 3291
9602 1665 1059 1468 1467 1078 6356 3662 4599
9603 802 6545 2393 108 99 1763 3832 704 6979 2496 132 4647 753 76 5036 3601
9604 1003 1332 2274 170 11 151 108 153 416 1086
9605 945 5723 1131 308 5151 934 766 300 1756 3965 906 2441 3265
9606 3175 6152 1933 1067 292 1354 171
9607 1352 487 2462 4879 4780
9608 1785 1995 2935 5998 3270 34 2091 3675 2887
9609 5899 753 3223 4340 108 533
9610 1177 2017 2344 489 1116
9611 1149 811 410 2140 2889 3896 5181 117 227 1603
9612 1194 1034 913 3708 3482
9613 621 2752 701 5186 6806 465 6980 5560 3525 3522
9614 276 5301 5282 2477 1841 5900 4345 5542 2967 309 2141 1673 2344 6817 280 4628 3126
9615 273 120 567 6219 6385 3466
9616 1165 1786 742 2934 2647 334 2399 3546 3910 816 2213 35 4815 617 5104 4291 2621
9617 616 4691 356 2929 593
9618 5732 6341 3448 757 1944 192 437 2569 117
9619 4775 1856 310 2495 227 5736 4981 636 4094 555 4874 620 3176 7
9620 2949 5492 1271 6135 834 4757 4903 37 2184 6981
9621 1041 749 3135 3313 3844
9622 2952 330 681 332 1853 2371 1928 76 88 3686 2729
9623 1830 326 2651 254 1763 590 916 1330 950 496 114 457
9624 3358 2502 623 152 3607 240 4197 25
9625 91 681 342 1803 5336
9626 1847 646 6639 1365 627 4563
9627 2635 3497 1622 2394 1453
9628 1949 467 631 1055 930 1939 2764 3314 1640
9629 3377 364 1867 4918 1286 992
9630 360 179 3799 1896 3553 1865 3011 245 4995 3809
9631 1202 2774 948 749 966 803 505
9632 2741 4110 4776 1055 3894 402 172 4532 1172 1717 1718 6031 2951 275
9633 1104 2355 811 6121 1040 897 1 4367 2189 6107
9634 631 1793 4580 1933 3566 6569 1995 687 4399 2221
9635 221 3596 1291 1298 930 2044 3373 6317 2019
9636 1417 1055 1365 841 37
9637 5954 3567 446 6319 5374 6721 5555 517
9638 621 2017 860 2314 5605 456 114 4112 1187 2930
9639 2568 4456 3931 4600 5053 2930
9640 3738 2466 1287 367 1870 796 877 3603 40 118 3597 4838
9641 920 826 140 112 1328 1142 2622 1210 3146 1685 2334 3223 1432 2776 2721 2722
9642 2546 4492 2390 2739 912
9643 1790 895 3001 1435 1453 2432 1270 1242 4973 1433 3984
9644 859 858 152 2076 153 259 1205
9645 3011 365 1014 1863 3886 2001 1893 1067
9646 1236 1754 271 6277 100 455
9647 181 245 611 857 186 2447 314
9648 353 4534 1029 1149 199
9649 6982 3233 2344 1216 470 2716 621 409 269
9650 1138 3499 6736 3323 3837 651 297 164
9651 650 979 390 5095 5834
9652 1037 5256 13 1987 588
9653 765 1269 2572 153 2020 1635
9654 10 297 1630 5238 3019
9655 3423 2201 3043 1747 205 257
9656 4485 1389 2122 6224 1378 2521 288
9657 1154 4091 1185 305 4312 167 1969 6712 27 3529
9658 6128 650 140 2516 76 314 3720 644 1360 873 5151 5474 937 4804 3081 259 2076
9659 2609 3344 2853 6598 5170
9660 36 300 1500 1149 1699 1783
9661 34 946 1137 1296 2953 311 164 3977 370 2436 1469 1079 1082 1453 499 1626 439 5249
9662 1057 293 714 6022 456
9663 876 988 5677 600 106 1976
9664 229 4728 4248 2533 2706
9665 1725 6852 53 6250 6808
9666 297 298 6189 2851 1948 7 711
9667 2247 877 323 4407 793 2508 9
9668 553 220 3465 174 2836
9669 1255 5544 356 645 1137 2067 3911
9670 2166 6068 5723 2146 4675 3569 1396 1691 1013 3871 826 2884 19 125 2265 775 847 3373 131 2818 5503
9671 264 4830 1868 149 3882
9672 1031 5029 1003 2693 5945
9673 532 5664 79 25 4575 2664 5072
9674 945 152 5511 1814 3347 410 540 5881 5541 5729 2530 3779
9675 144 1757 2662 6493 6893 764 3697 1000
9676 1236 336 691 2464 816
9677 5372 2014 1771 151 136
9678 1761 5365 5284 337 1210 1814 3899 4958 2197 1546 174 645
9679 4542 645 4813 235 1801
9680 1200 307 6715 2715 3424 1998 3408 1763
9681 1485 68 53 3133 47 86 3746 4967
9682 1144 149 2704 1078 3645 587 1062 490 5411 605 1065 5339 3050 3647 5249 5412
9683 2354 409 1255 34 929 3115
9684 1978 11 3746 3817 6704 2792 653 5329
9685 2110 821 81 2235 297 279 532 5024 705 4957 1354 104 6071 969
9686 6286 5035 1973 256 5830 6397
9687 297 636 5356 1084 493 1298 350
9688 3748 370 4168 3106 3978 1061 2972 5796 6863 4123
9689 758 821 3529 5549 1840
9690 796 1452 2464 4298 1146 1329
9691 1847 5980 687 87 4310 1665
9692 621 456 68 284 2249 4217 170 4522 980
9693 1494 5997 158 855 2386
9694 5098 1438 227 1528 881 2664 416 897
9695 6500 2164 4783 4752 1745 1167
9696 309 4184 584 2442 450 4559
9697 128 221 2013 164 636 1374 2165 5258 6876 3996 1783 573 354
9698 588 2673 596 741 2260
9699 460 331 692 3008 480 2253 850
9700 651 860 915 4984 52 3831
9701 1576 1165 687 5126 1312 3405
9702 390 1527 5535 151 4785
9703 2156 2419 2146 2741 2394
9704 4802 2147 1013 108 367 1371 1855
9705 3968 2956 4019 2065 5365 2784 3245 1067 1149 1990 1345 1106 701 739 399 1640 2323
9706 164 2246 87 5393 6969
9707 5679 170 4051 443 5946 4222 50 6441 5578 3396
9708 4767 1924 137 5168 1508 401 2814 1272 1659 3151 847 884 5793 6146 532 795
9709 4351 4961 5745 2036 4435 1483 1527
9710 2897 860 2739 4073 507 2632 5163
9711 621 158 3540 53 1754 4367 1540 1034 1603 5064 6983 2219 2567
9712 1587 3548 6412 721 5566 6293
9713 113 9 4445 6938 1331 5236
9714 1485 4168 299 5282 821 4707 5772 4123 527
9715 621 77 749 867 809
9716 1353 1985 910 943 1832 108
9717 6628 2314 6385 3725 5404
9718 434 2146 4258 5782 1165
9719 443 4542 2588 6984 2141 834 5495
9720 4420 3188 1113 356 637 3959 171 3500
9721 897 5240 1067 415 895 2357
9722 2367 2393 6700 420 6722
9723 2784 6921 5465 6267 1216
9724 859 68 390 1951 2072 735 636 1046 2368 1013
9725 1624 1246 6985 1763 4104
9726 1511 93 115 836 2348 297 894 1371
9727 275 942 2158 5060 834 5823 153 5564 712 174
9728 2350 6311 1699 871 3277 3408 1498
9729 4625 6370 4936 441 428
9730 1067 2083 1985 2756 53 1713 3032 1404 3606
9731 2795 264 6495 4628 242 1726
9732 1978 1727 1697 4903 154 1334 6219 3039 139
9733 1060 1079 4717 1082 4123 4599 4026 3663 3753
9734 1566 349 2009 4794 2776 651 108 905 722 300 4269 3093
9735 1639 1123 3735 4890 4034
9736 4377 473 617 1178 4922
9737 96 790 1786 297 1601 5810 775 254
9738 2964 6095 280 4264 1823 961 1243 1241 152
9739 297 68 961 3882 1557
9740 368 276 742 4903 3696 3595 961 720 408 728 2536 1274 54 4797
9741 1183 1995 5132 4411 4142
9742 1111 1884 1055 1419 456
9743 2082 616 2333 1391 725 3684
9744 2832 1594 2115 3342 409
9745 1385 2934 1485 5817 751 3482 6930
9746 3042 238 1223 4949 3108 2738 3631 742 5284
9747 80 2836 6515 718 1624 4295 5086 3451 75 399 2453 2241 1026 1125 74 3614 6573 2386 5369 6468
9748 997 2201 1030 729 6483
9749 733 4377 668 2141 3859 6970
9750 5363 200 1501 814 5098 1998 1149 434 2077 84 989
9751 1891 1446 2656 1610 1123 1830
9752 3121 1592 1202 1699 3191 89
9753 4811 918 6205 6570 6571 1317 3050
9754 3807 3550 1867 4417 3553 2533 2828
9755 2786 152 466 740 357
9756 1055 2244 5175 6423 4304
9757 1410 1658 80 5432 4323 1192
9758 557 1199 1374 2156 814 590 1491 4110
9759 1014 3885 3886 1701 4671 2865
9760 621 2361 3635 816 127 1437 1012 289 6170
9761 3920 1055 85 4317 1298 6459 627 862 1944 383 5510 432 926 2878 357
9762 3154 2042 4221 3749 3073 1491 4740 666
9763 928 98 627 241 1574
9764 4312 621 927 4893 1417 420 5651 1235 5128 6675 1404
9765 2308 1041 3791 1399 4926 3079
9766 298 6563 2413 1868 863 108 1396 1405 636
9767 2718 5599 3232 3163 4021 3972 1453 1435
9768 713 2417 3996 4188 336 770
9769 1205 297 4868 5794 783
9770 1630 1398 1315 1510 1162 164 302
9771 4663 663 941 5565 1276
9772 5793 78 1763 5153 3901
9773 432 3417 1959 1130 6778
9774 375 4500 1165 3258 636 763
9775 4229 57 1714 3545 3988 6928 841 4800 3203 1757 428 5029 6159 3160 6263 6144 5630 1495 4015 1369 3276 3607 1216 2700
9776 1646 1112 4042 4786 3116 6778 6151 5270
9777 1005 1456 2680 873 2982 2860 6125
9778 4003 1891 4561 2987 881 15 1541
9779 3160 590 2190 4775 5321
9780 274 443 740 6169 5736 1516 600 428 171 3879 977 1782 220 3197 4180 1900
9781 57 4957 337 2572 1602 5026
9782 765 1581 4320 1250 3770 227 449 3343 4342 2357 3733 4192 2378
9783 13 2999 3764 2490 6709
9784 631 1989 3185 432 4537 191 257
9785 1072 1276 6866 3646 1091 1280
9786 15 6732 3162 3680 736
9787 367 1149 1286 2117 291
9788 5089 36 173 2563 5460 3950 2369
9789 2134 4480 976 236 1040 693
9790 1165 1673 4774 1200 85
9791 3186 5990 927 5887 423 6110 537 3105 1425
9792 796 1716 6688 1208 907 6512
9793 946 1244 1795 744 155 3575
9794 13 2098 1997 254 2951
9795 2223 4702 837 969 6117 5125
9796 1459 35 3043 1660 1661 766 871 290 1718 5045
9797 1113 35 2272 1915 5278 1362 4603 432 1989 68 739 1670
9798 4520 297 6394 1040 443 3803
9799 739 297 329 3395 5059 3786
9800 302 4936 6300 2801 3242 1323
9801 74 1008 4567 1347 4081 116 918
9802 757 3882 1366 1958 4558
9803 1378 1587 449 3702 6709
9804 434 6979 3505 6325 2390
9805 3658 1727 4774 19 4168 959
9806 53 463 1398 3136 81 1029 274 248 1176 2757 3716 69 681 1990 89 1432
9807 253 2471 3337 618 3311 5833 6986 6124
9808 596 4449 908 1029 5108 3869
9809 1273 1292 1054 2387 160 301 6747 68 913 987 144 307 469 1183 3042 652 1178 3879 636 3528 3335
9810 365 5112 6061 2534 6591 229 3987 3749 6338 3553 114
9811 6567 4822 2403 3123 1577 3009 2261 1048 65 5207 1964 6434
9812 1166 473 149 6831 4799
9813 918 5682 259 4344 1703 3134
9814 2033 297 2839 5771 5210
9815 6675 740 1241 27 2917 3629
9816 149 476 1551 930 1342 1374 5119 309 1372 5283 4472 5689 4147 1783 6093
9817 2706 2838 474 365 4417 3553 3377 1866
9818 3142 1202 453 297 4053 1008
9819 2642 1106 2536 2417 4736
9820 5469 6877 2416 462 1218 1208 814 154 6281 5329
9821 57 2794 53 270 6730 651 401 2367
9822 1844 934 80 3556 5700 1479 1699 1078 615 443 1932 89 1287 2421 1990 1646 912 76
9823 3967 186 1784 114 1463 6935 150 53 1417 2416 16 1753 4998
9824 274 53 814 816 4640 1049 3332
9825 992 3624 5740 701 336
9826 5606 356 928 757 4230 723 4954
9827 2508 91 1803 936 3781 3239 4451
9828 511 1415 1026 2140 218 1163 1211
9829 497 2570 1161 1630 3105 1023
9830 4176 2110 1987 3408 681 794 826 297 998
9831 1239 67 260 173 4535 1976
9832 1240 4919 5490 739 513 2580
9833 2104 311 331 86 801 146 1193
9834 1837 2409 3232 1202 4956 3278 1053 1703 2848 1976 4674 918 666
9835 1696 1419 1601 473 1577
9836 1416 1242 876 930 1629 872
9837 6717 415 6014 227 2015
9838 6650 1290 3306 1371 3013
9839 5287 2350 1000 6526 3092
9840 297 565 1691 53 1008 1970 4614 75 4535 801 378 174 148
9841 13 5582 4017 4495 2588 1989 711 1435
9842 164 298 3658 1998 763 1890 959 3795 6572 6777
9843 3431 739 877 834 1727 781 61 6725 4324 4627
9844 473 1150 2303 1176 4810
9845 4657 970 3039 4405 3376
9846 2202 2793 3287 1499 5250
9847 4739 1691 2901 546 172 666 1584 1933 6987
9848 96 268 1274 1577 3970 850 400 794 481 1023 2399 4508 663 814 2790 832 479 650 4071 6656 2670 1906 739 390 81 1527 5728 592 432 2357
9849 4396 808 1546 1026 2577 53 3338 254
9850 1782 5085 5092 1819 3134
9851 164 1665 2206 4535 2055
9852 3873 4619 5673 1390 295
9853 1406 1402 1176 170 3899
9854 2569 1950 3625 3953 5689 2037
9855 863 532 557 1040 708 2156 790 4894 89 2739 2143 2455 2985
9856 476 1551 68 3616 740 721 1241 1055 428
9857 2729 3859 87 295 6988 131 397 435 331 1943 1365
9858 1166 371 542 4717 1184 1082 1093 1906 1095
9859 1696 2200 2519 909 1954 2841 816 949 3299 137 52 192 1737 257 1939 4773 1366 672 6723 6716 2779 1557 970 3875
9860 834 6797 2479 541 593 5744
9861 5168 3572 6054 1587 5178
9862 1392 1949 20 3005 529 2310
9863 1104 1292 440 332 149 5445
9864 1111 1501 3258 6828 3717
9865 1725 816 6827 6820 227 36 930 1781 1503 6490 1631 6116
9866 921 2114 816 373 2426 68
9867 6348 633 268 5544 519
9868 4024 747 108 881 171
9869 895 1384 926 206 257
9870 855 1587 1149 423 636 146 3611
9871 506 979 997 200 2434
9872 6989 2017 5430 1504 5538 5784 6695 5453 969
9873 1484 517 866 1629 521
9874 1417 1202 1969 3579 24 6990
9875 1152 5377 983 3623 4517 593 764 5869 3803 4180 6872 149 930 506
9876 1501 625 2013 1988 1579 1433 4 1342 1844 1580 3570 53
9877 76 4197 1987 969 3926
9878 917 45 122 3779 3828 2561
9879 1468 5462 1402 1623 1998
9880 629 2889 815 2746 2636
9881 1353 152 246 636 261
9882 3763 1767 3344 1783 1449
9883 624 106 1534 881 1326 2537 4138 4766 4983 719 4853 1757 5415 1023 2235 4735
9884 744 2629 331 152 4624 5410 4285 5550
9885 3541 1628 740 266 2688
9886 1628 2620 6809 834 159 2108 1023 2530 2871 884 4084 2779
9887 227 4384 4240 2987 3069 1499 2373 4622 637 3276 10 321 2905 143
9888 236 221 76 3714 3599 1697 300 681 5059 5605 154 937
9889 811 152 2139 464 1026 1757 5244 1365 3510 1100
9890 655 34 4006 5891 4474 293 3295
9891 5309 114 1499 6217 1715
9892 5501 440 10 1708 3519 497 2274 6346 310
9893 409 1412 1329 1002 3262 2383
9894 971 1397 1890 4457 6955
9895 1978 2140 3502 918 1570
9896 390 1224 1579 1122 4947 2636 6493 788 809 5095 2861
9897 4195 164 892 178 2935
9898 541 443 3099 247 1008 666 1118 2929 119 58 120 6116 288
9899 2588 2500 2497 928 2149 2172
9900 4996 6391 6258 6308 3741 166 264 1876
9901 1347 128 80 3842 22 674 6465 621 3594 12 138 627 164 1298
9902 2867 1330 4508 2500 2363 416 5074 357 930 3276 351 275 623
9903 114 464 1372 1071 2075
9904 122 2165 2108 3962 1951 1743 2076 2579 3702 5561 447 5216
9905 5899 1995 3486 3810 6246 1633 4363 88 245 4039 114 1202 5687 4908 6931 926
9906 1072 763 297 1273 151 5155 5688 187 1208 811 5374 200
9907 2225 6006 1138 6763 2229 5373 585
9908 2746 1835 1347 1165 297 579 152 4610
9909 5014 4951 3156 1739 229 2701 1891
9910 958 1403 584 5065 307
9911 172 1274 711 336 457
9912 1639 366 1202 200 749
9913 5947 593 1166 5029 506 2829 4849 3959
9914 2824 629 6358 297 68 1412 5446 6475 2756 1029 1998 1880 1425 739 1537 590 1851 558 655 2870 620 246 593 307
9915 4700 2935 61 3298 1263 695 3441 657 3224 111 108 1838 4216 803 3545 1298 5786
9916 826 199 847 2575 783 2537
9917 3754 221 104 1029 895 5938
9918 3042 331 655 816 1137 583 247 4490 4078 1832
9919 1498 77 26 171 957 1902
9920 1790 5445 4192 3834 896 6805
9921 3497 132 1084 1091 5
9922 1054 271 1467 416 396 6454 1978 3223 3367
9923 1646 1589 3081 3313 3578 3117
9924 1847 229 885 2302 6354 2036
9925 2756 816 1371 2807 1003
9926 621 4668 2302 53 2802
9927 5566 1352 2603 151 128 1404 170 897 903
9928 307 5475 1977 4809 3960
9929 548 3104 274 3035 3290 3044 1791
9930 3077 2574 1797 131 5552
9931 4640 1764 1990 332 89 749 319 4445
9932 1639 5612 742 2533 67 1137
9933 809 687 357 2897 1568 4894 2360 1743 1342 1665 1922 2572 311 2020 2357
9934 2329 1891 1949 1034 476 268 1398 745 466 167 2657 2792 740 1274 4103 3305 221 2753 5630 909 1008 259 186 406 6546 6490 1605 4458
9935 253 5983 1538 570 4989
9936 2934 2163 152 740 4613 432 2411 4059
9937 2332 1624 2709 1999 3554 2532
9938 2104 2476 4413 5576 4093 3316 2273 5747 588 253 321 2638 3096
9939 1891 4222 361 3806 4247 2393 409 787
9940 5603 3943 268 1727 4988 3017 1313 2646 1715 3137 6374 5514 4003 3634 6517 3812 1785 3610 4400
9941 511 713 1008 1948 2142 1017
9942 1072 836 2786 2656 3271 1078 4387 601 1425 3602 1070 1088 5526 5411 4012 1084 4026 1967 1091 4661 2930 3050 2973 605 2595 5979
9943 1787 20 2113 4961 5961 3564 2643 1474 1558 1662 3417 3949 3002
9944 268 4438 260 186 2351 2154 4165 5160 353 6701 355 3992 4426
9945 4285 4780 5251 2372 1334 3583 2512 4666
9946 863 2556 151 1200 631 4427 6232 5171 1171 504 4217 1757
9947 1290 179 1236 1841 4003 1142 1452 5622
9948 6492 1191 2273 1474 1646 3759 1290 1008 2911 2944 1219
9949 179 1731 4246 332 324
9950 4235 53 816 6924 4291 6541 5502 3446 3894 681 4219 111 6876
9951 1499 6969 507 3949 275 5723 5881 1069
9952 1150 2934 4900 1237 1488
9953 1639 4225 1887 108 4655 307 1417 89 721 6250 595 3199 5760 4262 4805 336 5749 1476 4372 6648 1591
9954 5859 1358 297 1202 4234
9955 1397 349 675 863 1630 432 1510 909 45 2413 5148 2720 6263 804 166 3978 4883 1836 5752 6677 4188 720 3882 1008 439 4734 2200 6397 189 3079
9956 1862 2332 3976 4728 1864 1893 1739
9957 6357 6727 668 4890 1025
9958 229 2342 3806 5386 3964
9959 6242 1316 1764 612 85
9960 2418 6991 1415 589 2267 682 2055
9961 1298 740 2738 454 3960 5945
9962 2302 512 2699 5362 6923 5930 2399
9963 1239 1551 2013 289 1099
9964 80 3824 555 1646 2030
9965 1029 2662 232 114 234
9966 114 1106 1558 1455 5486 61
9967 4752 4631 5659 1635 3600 6536 47 3014 3391
9968 114 744 1696 486 2357
9969 1590 714 4881 276 6626
9970 4625 3738 1073 1313 1697 1595
9971 1423 734 4118 3097 968 4868 1772
9972 556 2967 1076 1078 2458 168 397 2734 1061 1079 4659 6866 131 3646 1398 1868 53 803 6252 798 1091 1692 5 4151 1169 1523 1279 1909 4390
9973 1890 3227 1035 332 682 532 687 1503
9974 5844 2490 1673 1610 711 914
9975 3937 2156 666 2178 2427
9976 2496 945 1726 3266 1689 1048
9977 1176 53 81 2310 4245
9978 797 3498 6525 3122 2404
9979 4381 122 2316 3175 2432 1558
9980 2810 4659 2595 1099 6992
9981 152 1940 1008 889 1660
9982 1205 1149 3894 787 5633 5739 2784 594 2141 1628 223 4192 1836 1215 644 2893 331 4879
9983 52 859 5584 4393 1587 6873 2050 544 2751 347 2847
9984 2995 1417 4161 6784 1311
9985 108 67 2414 2871 1510 547 2882 5626 4967
9986 268 2098 4877 3754 473 20 713
9987 2518 1781 2308 1379 125 575 3972
9988 2104 945 367 5582 178 6625 2622 3163 92 1234 6526
9989 4136 46 6840 1729 6015 2931
9990 576 153 428 1859 5379 786 2501
9991 1347 367 2212 1558 5865
9992 2717 1402 3010 1847 3595 5372 1467 2485 5296 2156 926 4346 637
9993 511 108 1402 897 872
9994 2160 4131 6945 6851 2901
9995 152 146 5083 53 331
9996 1347 584 3100 1113 128
9997 328 1890 3185 1791 7
9998 1415 2922 4350 319 6115 3829 2051 10 89 68
9999 297 298 443 677 357 174 2289 2156 1564 5191 6116
10000 309 1055 1639 859 1199 1350 1847 3541 300 2095 298 1209 6296 4623 294 636 506 4180 5287 1841 4992 3266 3001 1449 3846 758 6120 6993 1981 3949 6898 4023 2691 3599 5832
10001 167 2757 681 1314 683 886 3929
10002 1224 1989 2561 3001 846 1024
10003 4343 1262 1665 6308 530 1394 1684 1040
10004 934 2611 1494 81 1976 117 3569
10005 2283 2798 740 3168 662
10006 1415 1699 1727 3949 343 2498 1803
10007 1072 1467 2967 1565 1826 1783 2220 6817 4600 5007
10008 1836 742 169 4740 166 809
10009 276 1286 311 1551 4403 897 2180 4075
10010 1930 162 1551 2407 1764
10011 2792 1639 2496 1055 4526 708 1518 2985 3916
10012 3729 491 3049 1038 3188 4012 1065
10013 1542 40 2807 1146 4505 5011 3635
10014 1357 4410 721 2406 5296 4922 3283
10015 6177 1486 816 1100 3114 926 2224
10016 6994 443 881 1606 4536 517 3725 720
10017 3509 148 4593 1939 221
10018 1315 1046 1163 1242 666 5959 133 2587 593 705
10019 1087 2972 1062 603 3646 1094 5053 4475 3648 609 3221 5007 3533 482 1283 789 1147 957 5804
10020 3421 3298 3280 284 1415 4216 909 4237 6294
10021 1558 6745 4230 1209 3139
10022 298 153 1801 1566 807 2315 1827 6466 3605
10023 1026 2721 556 1072 1467 2436 4089 1059 542 3577 1076 5543 546 6536 3996 4251 114 5078 2265 4387 199 1905 172 1184 6652 3 969 5053 4475 2731 1522 5339 4014 1085 609 3221
10024 1287 3537 319 997 4669 4789 89 6959 3857 324 718
10025 486 2261 2286 186 2308
10026 1678 21 1801 4235 1020 156 1889 6378 2518 3114 5957 3526 5474 1556 3411
10027 3524 775 4071 2325 5332
10028 2943 876 2460 4714 244 2267
10029 2619 991 1966 276 4545 1057 5557 1696
10030 1173 2039 2913 1630 555 2743 2417
10031 5953 695 1551 708 771 1616 168
10032 4595 271 1503 3801 930 173 1997 1757 683 684 1752 2417 659 1639 2049 3018 2298 5830 1070
10033 3377 826 3542 2924 547 6444 764 4705 1868 5965 3358
10034 621 6579 1626 2580 420
10035 1038 3371 4058 2091 5869 881 615 2544 7 4245 1606 420 3863
10036 6869 114 576 4094 4985 430 3417
10037 229 179 234 928 714 1353
10038 234 858 2611 6136 5353 1731 2662 1072 1037 1146 1841 492 1468 1467 536 4997 2458 1070 3219 4589 2735 4661 1353 3668 1098 5493 3052 1622 963 4622 1067 930
10039 375 1470 1287 2368 3510 518 5424 3565
10040 1610 3994 1008 5732 3501
10041 4637 3914 2617 5195 2252 5417
10042 85 5614 3939 2250 5024 5576 1979 6472 2976 5026 1165 160 5652 541 271
10043 3792 559 1419 517 793 91
10044 3555 817 4053 259 2964 5303 6422 1510 830 3129 1520
10045 4506 6940 3554 3543 2533
10046 53 803 1729 4295 2044 4713 1398 826 144 1508 141 1628 297 1761 4210 643 816 1331 1444 4445 1573 3471 959 1891 517 5424 596
10047 1200 687 247 5671 733 801 1385 1026 3024 3791
10048 1071 2106 5432 1468 1467 4835 5508 5551 6281 139 1429 1094 6387 5007
10049 331 2795 242 81 309 1438 586
10050 816 2174 4803 1176 4694 1029 676 5011 4746
10051 4201 116 6278 3097 642
10052 1998 264 297 4625 3218 2103
10053 4999 1402 6267 4127 2587 1836 711 2121
10054 1037 4063 1202 5632 2174 1743 443 108 10 323 2508 1571 6946 171 934 6517 5168 2188 693 1757 192 1201 5711 969 2427
10055 1560 441 2968 479 816
10056 149 2684 739 930 896
10057 2462 6457 4984 740 3284 74 1069
10058 108 6976 4574 5693 356 1842
10059 3456 1055 1844 76 1585 1498
10060 1603 3939 3434 4089 4926 5819 3272
10061 230 2706 114 1871 2901
10062 2717 6552 4613 530 1347 1040 464 299 781 1659 5618 643 2310 1034 1178 171
10063 860 3729 2082 1486 4102
10064 915 2756 4089 390 331 153 629 5373
10065 113 4104 4835 789 2293
10066 3835 792 6554 2900 46 326
10067 6662 3046 3098 5299 6199
10068 2082 1770 1494 3306 2167
10069 2108 1737 13 2883 5224 2742 8 1209 1541
10070 1665 2297 293 3879 3895 4881 4637 2897 481 2310 3100 2085 377 637 1991 1806 6944 4401 4750
10071 826 3065 765 297 268 3956 466 6036 2321 2755 4815 2516 73 173 5417 1432 2622 81 153 310 824 169 3984 53 1918
10072 369 4168 2572 4369 1089 5006 3419
10073 367 4526 4460 635 2829 2643
10074 3261 4201 1142 53 170 809 3955
10075 6671 5612 796 919 1646 2457
10076 3383 27 5847 276 174
10077 2934 249 2455 153 2648 2588 2490 316 189 2198 841 836 1260 2471
10078 979 7 649 6564 6737
10079 2679 108 3871 817 3569
10080 1639 4690 3582 3749 3319
10081 78 3314 144 3993 4935
10082 3118 5535 652 221 3102 2868
10083 1870 808 1039 487 1699 54 4894 1661 2424 1795
10084 842 68 1342 389 6918 2140 162
10085 621 158 53 319 114 324 1402 1292 876 930 1243
10086 10 81 356 2635 2460 69
10087 972 6201 930 115 1366
10088 757 4707 5476 3074 6956 6995 671 6250 135
10089 540 1347 5952 311 2569
10090 514 476 367 2156 905
10091 631 1538 2200 1026 722 1271 2456 1603
10092 5266 2198 3373 1788 16 4571
10093 1471 2140 5324 5663 731
10094 1802 85 89 153 432 1329
10095 1236 149 268 5174 2017 1342 6402 6411 1603 1687
10096 2569 4775 4445 949 4745 633 1474 1026 617 1478
10097 34 665 740 174 871 2588
10098 1598 3954 2954 1624 1864 1872 1468 1891 6109 4649
10099 2610 6380 428 1192 1994
10100 1396 2272 1013 655 2618
10101 596 3675 3473 5142 2008 3791
10102 87 6132 276 4355 2764 516 3507 1048 6604 2104 763 2488 1352 2784 2160 79 2259 2419 5664 1236
10103 775 1131 3133 86 801 2084 6225 742 1149 5217
10104 359 6304 5833 763 3361 257 5828 1927 179
10105 5610 2741 1346 4519 4770
10106 675 1709 300 1210 4524 497 416 1008 1040
10107 2421 5227 536 664 4715 2847
10108 827 934 5161 3825 687 1587 2523 5556 149
10109 4884 4701 1271 4199 620 3440
10110 1202 2003 850 997 1633 629 6787 4133
10111 443 5659 85 2047 2656 5755 3061 3253
10112 4508 6287 5769 834 3595 758 930
10113 5205 885 2083 729 1485 3138 765 271 3586 309 676 6580
10114 2924 2202 651 493 2364
10115 464 1273 6858 2483 1111
10116 253 2880 1783 2125 4575
10117 1696 127 137 242 1348 663 77 3540 4127 2569 1640 1630
10118 942 5603 3752 4988 1716
10119 89 4407 2508 339 565 681
10120 2346 1005 19 5645 1333 2847
10121 2890 675 6304 2076 4567 3714 1337 5340 1361
10122 2462 6246 263 1555 2291 3359 930 5246 187 965 4167 805 1966
10123 114 1025 616 2619 6808
10124 801 3975 2728 1250 5724 1797
10125 6901 68 4513 151 2116
10126 1426 893 3882 818 110 6372 4226 4860
10127 2841 1483 173 617 294
10128 4604 1392 366 1402 986
10129 1844 3734 1886 220 6314 2444
10130 5385 1659 873 6658 636
10131 1844 5971 1137 1049 2214 3185 576 594
10132 399 1347 3988 2968 3501 727 152 6473 787 4674 5870 3917 3625
10133 297 1419 3300 1406 4501 37 1274
10134 2942 6574 179 1601 789 2501 3467 1224 3283 131
10135 1784 1255 139 1429 1094 609
10136 6066 2805 1402 4304 3114
10137 1639 972 6134 504 1115 5214
10138 151 1371 380 2890 2577 926
10139 1780 2795 2408 298 2346 2799
10140 2113 738 2563 2451 154 585 6195 3289 5294
10141 443 550 667 583 5680
10142 2104 2706 698 360 3153 541 179 4552 2339 556 1867 114 3553 2002 4504 2534 3710 2924 5407 4670 2051 2662
10143 2994 449 2321 693 5261 153 152 390 6445 1741
10144 1949 4814 1151 1890 328 2156 169 6847
10145 1026 221 81 3410 2066 96 53 3056 2985
10146 227 5055 2320 4846 3060 3927
10147 430 659 1841 2418 941 2138 2858 6588 5188 17
10148 757 722 199 831 6456
10149 66 4688 4661 1431 527 1909
10150 4359 329 3417 3376 3297
10151 122 584 655 1262 506 2259 4292 4820
10152 1754 4938 989 200 3773 3046 6235
10153 2615 4836 3858 1605 4188
10154 3655 1113 298 4383 2928 1432 1630 254
10155 108 1686 2560 2909 944 2233 4154
10156 3467 1955 2297 1660 6643 5389
10157 4486 80 81 5406 676 472
10158 1554 1977 5143 1040 2847
10159 5163 1347 1727 89 4359 2343 997 4036
10160 1548 1053 1392 2295 7 5159 1287
10161 2210 1417 1984 1698 297 2825 4156
10162 3154 1999 1739 1780 2358 6271 3799 2724 4671 3379
10163 2632 3117 1464 316 1876
10164 359 1216 6975 3073 3847
10165 1224 5657 1719 4578 687
10166 2013 76 567 3336 6823
10167 593 108 160 5793 1334
10168 6476 997 2085 1145 434 4106
10169 627 2140 81 4192 2030
10170 298 2611 5556 1271 6054
10171 1297 76 3591 4143 6021 227
10172 1165 1040 619 4118 1899 5898 2455 3545 428 1807 1172
10173 2988 909 2920 5217 1445
10174 1113 161 298 3280 6540 152 174 1807
10175 268 1249 2079 285 139
10176 1600 901 1438 300 80 156 1640 1166
10177 298 122 311 3897 1365
10178 297 2775 6156 5715 21
10179 3036 1630 2147 809 4097 3635
10180 687 1970 482 2231 2232 3573 1690 2831 2234 2254 4534 1603 1022 6477 1319 5591
10181 3248 5934 2508 2238 1571 562 209
10182 2206 2165 5630 1167 2326
10183 1165 1358 1720 297 693 788 19 357 6748 2865 152 930 6726 114 1987 89 4507 174 694 793 919 4341 3471 871 1595 2021
10184 3517 1699 113 4152 6631 1298 2622 2721 3041 1206
10185 274 2310 949 6689 150 5999 217 4123
10186 3541 128 940 6480 896 644 632 5680 809
10187 5971 2955 1577 2393 4514 1949 5068 5765
10188 621 1847 1165 1549 6283 917 1109
10189 3748 1425 2972 3662 1277 1184 2146 5913 2323
10190 826 5586 2235 6831 2856 3868
10191 729 493 3638 1587 298 2476 4718 1185 2651 3477 7
10192 170 1658 3303 2009 6334 2419 1544
10193 4996 1055 5315 2632 1558 2313 2483 5148
10194 1038 5394 4689 6615 1917 3395 1810 115 689 116
10195 5322 816 1868 881 357 315 246
10196 1150 3045 991 5397 826 732
10197 2009 4192 834 331 1038
10198 432 652 915 481 959 2809 566 396 1184 4279 4941 2729 1045 76 6260 6203 4866 1485
10199 6742 5894 1034 1987 156
10200 3251 616 3317 5287 3956 690 2167 747 4119 1185 1246 748 814 4719 300 2607
10201 276 186 474 317 2425 1978 1165 1485 367 1271 3510 1376 6525 1676 6551 1482 3743
10202 3905 1417 764 5224 1697 1362 765 4677
10203 1358 271 1754 1048 1976 1527 1390 1113
10204 1342 3651 367 934 6400 81 1673
10205 2533 114 6671 2273 4270
10206 6510 3042 4482 4765 114 803 53 1676 2082 876
10207 368 1949 791 2393 405
10208 367 4791 108 473 2904 297 3516 4944 1055 1057 2424 1118 4853
10209 4925 1029 1485 3779 1334 1718
10210 1041 2468 1962 1642 5918 4255
10211 2484 971 1777 2078 1816 1192
10212 4145 1761 390 6582 836
10213 1037 2146 264 300 4317 2071 3289
10214 409 817 34 4918 3276
10215 4872 5492 4920 2014 3923
10216 2409 6584 889 1261 1262 82 6627 6759 5183 117 2690
10217 364 1598 1029 2000 1739 2389
10218 1185 1836 3260 1209 4047
10219 2578 1265 4546 24 5504
10220 2755 331 2095 6868 307 6858 3463 5715 4609 5438
10221 758 4093 2073 493 2057 5689 1357
10222 4918 1149 13 3267 1551 5646 169
10223 1000 4530 834 1246 5073
10224 309 729 268 6695 5607 2409
10225 1117 5296 1403 1564 1215 1793 2473 4567 1757 174 73 357 636 153 980
10226 3632 66 1752 5128 4409 3255
10227 2095 1035 4362 5910 1725 6880 4894 248
10228 89 4232 1287 4407 6266
10229 2080 1469 546 5414 3108 1365 3612 2858
10230 1045 1365 317 834 574 2140 2302 3632 5422 2991 1374 814 6198 3972 1381
10231 2619 1041 3126 832 1361 3923 3764
10232 233 1862 2359 2042 945 360 1549 276 1072 1841 245 6774 1467 209 6443 280 3533 1098
10233 1029 6996 1165 4979 5355
10234 600 164 4243 3105 291 1541
10235 179 80 280 349 479 980
10236 959 1659 5581 280 3792
10237 4112 617 1265 895 2367
10238 540 565 2794 2756 948 6927 1361 98 4063 76 6616 4810 401 4427 709 1055 2320 3203 1764 1468 4484 1223 1518 4089 5549 298 2095 3003 1453 687 576 742 189 257 2125
10239 2742 1438 3364 391 1003
10240 4020 1815 5316 2096 69 174
10241 4550 1695 1549 871 420
10242 1026 2416 1900 1352 67 1836 87 221 3373 818 876 152 244 1510 4773 416 4717
10243 1227 1228 3848 4789 712 3268 961 5567
10244 1816 151 2039 1342 299 85 1514 1457 3276 905 170 5883 492 24 4603 6537 6595 3522
10245 821 1166 152 298 1149
10246 959 19 1554 5740 1026
10247 3554 2709 245 3750 938 234
10248 1693 1287 2075 1202 5252 2337 1433
10249 5601 4597 2069 4615 1359
10250 254 6727 6785 2200 2308
10251 1154 2182 5576 6187 2017
10252 858 4604 2763 1347 2718 889
10253 459 108 420 5854 303 4250 1966
10254 1985 576 4160 2020 1364 3379 432
10255 889 1474 4635 1303 1660 6019 6410 276 6195 2476 2262 1305 6490 1399 5216
10256 561 681 517 1009 5167
10257 2156 2302 114 1587 995 314 296 897
10258 1117 3298 1249 154 5549 2134
10259 544 2929 542 6542 1527
10260 128 576 3105 1069 7 1070
10261 687 2191 5060 54 881 2055
10262 2706 2360 2707 1780 1224
10263 4302 1945 3164 152 2943
10264 859 1603 687 299 636 809
10265 163 1034 541 627 5766 145 3556 3779 291 5517 150 1149 128 4521 2484 1711 2200 930 3178 287 2270 353 5650 1459 2473 4470 2308 617 3830 5175 5592 1589 1455 3891 1456 2019 4532 4370 1070 6163 3700 5563 2092 4253 5884
10266 373 22 390 2985 5510 76
10267 617 1243 248 259 583
10268 2268 2047 2057 2673 1233 63
10269 5858 763 1884 588 1404 1352
10270 349 5290 662 506 1584 2557 1763 6825 449
10271 183 2104 2706 1623 1895 5423 5103 1255
10272 438 120 1287 793 18 1063 1277 4661 1094 2930 4475
10273 317 4104 6883 588 2521 2957 6679 2164 72 3075
10274 4926 675 1202 6797 4030 297 6461 889 3994 287 5870 176
10275 1224 858 1313 1582 2201 449 2321
10276 720 2890 145 6233 457 2369
10277 6997 1012 3985 6609 3007 1396 32 4445 1806 2115 1365 1058 462 1366
10278 816 1041 1729 2061 452 331 1036 629 3867 100 644 535 1298 156 1255 687 4934 4614 3728
10279 1681 2956 303 1462 2193
10280 4336 2622 2798 1936 5183 4372 20 2675 3100 3590 2034 3142 457 3014 1778 4824 151 323 834 2513 3408
10281 5543 5358 4633 1192 2721 1026
10282 164 4054 2736 2305 6244 1587 4121 3275 2685 61 4067 253 3061 2510 408
10283 1347 681 1444 816 957 242 5006
10284 2190 1473 558 711 1822 828
10285 1236 1467 2889 816 3764 4331 1123
10286 1260 4474 152 4289 613 4737
10287 1711 3343 153 3891 2357 784 142 299 3203
10288 5871 762 438 739 2890 5778 905
10289 1764 1067 1693 1468 274 97 1316 443 631 1185 1708 589 280 959 390 4427 2267 2889 816 1604 852 4401 4835 4863 1113 4484 722 1736 4141 3307 787 111 859 857
10290 125 3838 16 81 4175
10291 1603 1200 5442 5492 6511
10292 621 53 725 1255 298 268 68 701 898 1419 2263 693 4393 2607 3841 2960 2563 1209 1739 13 1313 155 1149 35 91 644 3095 227 6314 4699 4698
10293 5636 2722 4094 5782 1029 1150 1446 2956 1569 2344 1577 1508
10294 101 36 1202 1841 930 1161 2892 573 1070 546 1807
10295 621 3639 1205 787 1781
10296 6516 1893 1866 596 3653
10297 114 636 2021 1605 1616 1433 3198
10298 4101 1243 5067 1411 2856 4662 409 88 3210 5662
10299 2365 734 1646 4993 1069
10300 151 152 740 4928 2153 3119 1209 5093 4192
10301 1229 584 1777 1841 636 3891 6793 2089 311 1711 6113
10302 5566 331 434 3035 575 1943 1730 644 3926
10303 733 5981 1140 1843 2927 2386 275 4188
10304 2988 389 1838 1837 1352 150 858 476 443 905 442 742
10305 4568 5174 862 3209 3498 1474 5309 3548 986 3627 186
10306 34 3215 3138 811 5495 6060 1883
10307 434 1165 1711 454 1456
10308 475 276 3425 686 6998 160
10309 1962 7 117 3924 4740
10310 5887 3567 940 6440 2797 6308 4954 1962 1966 1353 4902 5064 13 1601 1487 1587 3392 2310 1679
10311 1948 2148 652 1040 1210 1120
10312 2799 311 1165 276 963
10313 4024 4800 66 557 751 563 1486 739 881 3422 1402 3797
10314 480 6781 1504 451 4274 3847
10315 1202 466 1681 2932 3045
10316 128 1519 6743 1286 119 6742 3128 955 617 3027 384
10317 1801 2426 535 1176 271 1577 4871 160 1432 2889 2716
10318 1603 1454 4068 2935 5261 2919 2041
10319 1767 1641 2391 1499 96 298 409 841 108 1601 116 847 67 1147 2468 76 223 1018 682 4530 1295 617 1474 6053 2632 2299 2673 326 912 1587 4112 293 918 1464 1112 3312 3178 311 2045 1605 4836 61 926 4699 189 276 940
10320 3017 2569 257 336 4860 155 3575 1062 1610
10321 2867 6170 45 3968 151 3764
10322 179 68 297 331 460 834 848 416 220
10323 2259 2201 6051 189 968 220
10324 6945 5231 1352 2886 6306 4052 701 3117 4797 114
10325 1764 3253 5969 5535 1026
10326 179 3550 4830 1780 1224
10327 1896 1783 4131 1202 1782 3310
10328 6118 3841 6689 1365 24 1753 540 836 1312 1577 5133
10329 4765 2757 1266 6836 623
10330 1551 3848 2357 2393 1205 1998 2928 5148 1456 5765 6746 764 4190 2933
10331 687 1149 1619 3592 1295 2835 2753 5925 713 2013
10332 297 3629 480 3548 3255
10333 298 356 1013 621 1199 108 1 221 749 1438 2572 138
10334 2749 4150 4093 2367 6145
10335 4508 4181 152 174 3231 1966
10336 1485 434 197 4942 1727
10337 814 1183 1054 372 626 3289 864 615 2337 3013 1290 666 2489
10338 297 842 23 85 3256 584 1122 926 6849 1363 136
10339 1551 2393 1679 6022 1983
10340 2445 4925 3783 2596 270 4533 1184 3906
10341 297 4515 1587 4653 3507 1163 634 1603 1464
10342 2297 1348 532 1055 930 78 1342 687 2037 1587 5060 52 1757 3323 3972 742 2588 2955
10343 1639 2419 6142 2764 2998 675 633 1570 6522
10344 181 1416 152 34 6702 968 2125
10345 1807 4623 803 4808 439 1020 6427 1651 210
10346 1870 108 5722 681 5856 2599 6178
10347 5748 2604 4658 1756 5367
10348 114 227 149 274 1841 2351 636 1241 816 117
10349 6391 5723 3187 1398 1474 1963 2656 4047 69 1886 5211 621 1113 629 1116 997 2310 1040 356 2318 3984 2125 2582 6243 2646 5771 1149 2036 888 592
10350 2146 1013 5492 6840 694 1192 3396
10351 2523 242 3046 1857 1374 918 4184 385 3039
10352 665 2076 305 3732 2037 254 3857
10353 78 36 297 164 1243 152 2393 3658 5560 4691
10354 1292 1546 1588 666 1205 1795 1585 2811
10355 1471 845 1292 4343 666 1782 897 297
10356 264 1266 1176 502 822 1210 5791 6350 6747 5457 1365 399
10357 717 6727 66 1149 164 1592 1040
10358 198 1307 3172 1035 2530 1574
10359 76 1494 681 89 171 2377
10360 248 352 202 978 1901 881 2859
10361 1468 1467 542 1076 1082
10362 987 3409 4427 6564 2901 1515 4580 5217 2306 3666
10363 847 6508 6605 4152 2009 2063
10364 1385 557 3164 1055 260 1029
10365 1935 2957 3340 1150 1117 1640 666
10366 162 5306 5332 1402 432 152 4851 7 4558 3292 2508 937 1808 681
10367 6872 248 870 1041 957
10368 268 1729 1365 4103 2376 1711 474 1379 3566 3023 1149 1215
10369 1208 4071 271 900 2500
10370 1890 323 5368 3253 118 5574 2292
10371 3655 3851 1271 1924 434
10372 1696 872 409 3083 1208 4062 3397 2622 310 871
10373 740 167 5141 4795 176
10374 855 740 636 4586 2270
10375 968 24 675 4726 4108 2030
10376 319 4907 462 4095 3527
10377 1503 155 872 3088 290
10378 1847 763 3289 2928 153 1022 2909 4618
10379 1639 1764 1033 2197 511 834 1678 3482 2578 297 687
10380 3311 5378 1005 2440 5114
10381 1345 5332 781 3039 681 88 3745
10382 432 6885 76 280 89 517 464 466 357 2482 1149 2267 2614 763 74 6484 926 1163 1435 757 1650 356 3581 535 687 1890 54 2928 5148 6487 354 430 2858 3881 3116 5117 6866 590 937 565 681 4860 119 439
10383 5961 1231 4053 1329 1692 424 420 896
10384 1613 2519 6999 803 2442
10385 276 3117 816 647 2809 1541
10386 266 2399 1185 3778 3408
10387 297 1891 81 1029 227 768 24 2693 3490
10388 3425 4157 843 661 5217 137 948
10389 6421 5914 1236 1776 6302 4327 2156
10390 5992 4814 26 4450 6487 3489 810 940 2456 4266
10391 152 305 6977 3296 2502 85 5517 2935 299 297 4603 1211
10392 3149 3835 1029 3564 331 152 6962 668
10393 2476 2201 999 2613 254 5291
10394 507 336 5432 729 1205
10395 3007 1202 1510 2079 4790 5200
10396 365 3620 2331 2828 651
10397 4949 6111 5649 3728 1979
10398 3988 4096 6034 76 4199 9
10399 2335 1619 106 3066 6372
10400 2620 1665 2386 2195 1406 154 2968 5294 542 3905 1077 1841 1059 4235 6817 1425 4122 1086 4717 1184 3049 3646 1090 491 1492 3664 1429 1907 604 2781 1430 609 3086 3533 1099 527
10401 4605 5535 2468 2943 4903
10402 1579 6368 3203 4093 2267
10403 765 4071 2847 1718 2419 985 1211 1426
10404 1352 1268 3732 3447 821 2317
10405 2746 298 334 2894 1729 2179 6853 4111 4165
10406 3342 4929 4789 2189 2962 3039
10407 443 5942 2866 368 2055
10408 5541 4222 319 5283 2512
10409 2431 1433 336 2847 2971
10410 3138 2673 3073 2184 5168
10411 297 439 2787 1153 4720
10412 1575 149 3956 675 1930 2140 959 901 307 22 968 2775 257
10413 5636 1000 144 2385 3520 1183 1036 10 6681 1184 506 93 6393
10414 698 3550 1893 6345 1780 4221 1865
10415 1086 4557 5542 191 1001
10416 3243 895 4935 5748 5687
10417 406 2491 28 835 5040 4110 309 626
10418 267 440 6983 68 1040 150 675 833 2149 758 5430 592 2377 1038
10419 652 163 2380 6730 6999
10420 2706 698 3553 2002 928
10421 1150 1038 1045 1551 596 152 2267
10422 151 1315 171 2070 623 1149 298 1202
10423 1439 1034 254 4012 4773
10424 1759 4852 3632 989 367 493 3603 5380 1534 4282 1360 6257
10425 45 1419 4648 2629 4410 909
10426 711 4805 4626 6015 61 4074 2041 1954 1646
10427 3545 3622 775 446 1665 797 2620 356 4121 889 4168 2808 3186 1558 1841 556 309 1467 2436 1325 275 1750 734 1718 239 1902 1903 582 397 2810 4796 359 1081 4966 4661 6839 4170 3050 2595 3649 5803
10428 1223 3202 2033 1402 1954
10429 1777 1634 1687 930 1419 4442 173 2787
10430 2409 297 5242 108 1069 254
10431 4104 2612 1017 287 4586
10432 155 2344 927 757 666 291 3769
10433 744 303 905 3042 6646
10434 2290 682 3764 416 6442 4619
10435 179 280 4216 1604 171 6752 5059 390
10436 89 1726 1823 247 753 3985 16
10437 108 851 5694 1985 1202 2956 53 428 3322
10438 1358 271 305 4334 2483 1697 153 793
10439 1026 366 4418 1610 3043 926
10440 6514 4698 339 3039 6697 6985
10441 53 2450 1327 2892 6002
10442 6699 682 1314 3869 3597 3784 4353 5581 5454 36 4163 329
10443 1185 5352 499 3812 1680 3697
10444 3347 6128 91 844 6255
10445 2596 945 842 1656 3589 6226 3988 5787
10446 6242 4755 722 67 2845
10447 1229 171 2457 2013 1146 4089
10448 298 1985 3320 35 2937 155
10449 81 1050 6454 841 600 3793 1371 767 642 2860 540 4532
10450 826 2451 1845 3597 828 1932 4038
10451 249 7 803 411 3764 6827
10452 1054 309 1297 464 2776 1198 2233 259 2878 1070 961 6139 3080
10453 1446 303 677 884 2357
10454 1639 158 1188 5674 770 744 4434 479 1674 2588 2170
10455 1178 297 1951 3939 930 714 948
10456 523 1147 2874 2457 35 152 3115
10457 6517 1511 834 1527 3707 93
10458 5914 629 1202 1443 2102 2985 3714 1990 1255 1347 3960
10459 844 506 6824 3599 5389
10460 1037 1410 1468 349 744 443 3803 3415 1988
10461 2608 1448 1815 876 4813
10462 3555 3764 77 1560 3188
10463 2297 5882 294 1724 1069
10464 506 3482 6394 3408 1396 2847 3830 1158 289
10465 297 2956 1271 5035 5782 152 24
10466 1394 1232 3484 428 254 5649 479 636 1915 4 3391
10467 729 540 941 2581 2883
10468 2890 447 1536 2115 4100 2646 2394 1354
10469 675 1137 90 2067 674
10470 1891 5682 859 331 1727 356 160 76 655 1880 2588 156
10471 1126 1894 3029 4443 3852 108
10472 6454 1930 4045 1851 593 10 637
10473 268 1067 5929 814 4797 3117 4253
10474 1055 221 2361 1434 1213
10475 3030 2797 1149 2399 663 506 2200 6913 24 2713 1349
10476 897 266 3126 7000 2500 2491 2117 1239
10477 905 1630 2146 5188 247 2590 2862
10478 108 949 3764 847 5880
10479 1924 576 1398 5036 621
10480 556 499 861 1978 1930 548 456
10481 547 816 106 1988 416 320 1915
10482 461 440 102 1891 3928 6574 1587 1558
10483 297 2991 151 1359 85 3373 225 4317 271 559 4721 428 1752 6564
10484 1415 732 319 5962 4789 1287 89 2508 1783
10485 295 1816 1613 1176 687 6519 4633 5732
10486 3535 5464 4411 3922 2524 2296 5756
10487 930 1794 4347 2493 290
10488 67 78 693 814 81 583 897 284 5864
10489 3723 1518 3629 541 740 540
10490 144 664 5129 723 4731 149 2409 484 6667 2289 2019 4270 1353 770 5776 625
10491 1177 1149 152 879 2920 1551 4920
10492 698 3987 6970 179 2002 3379 2533 149 2654 2331
10493 1215 2582 424 6989 437 2041 221
10494 3167 1183 687 1690 1555 1350 809 1607
10495 822 3510 821 616 5954
10496 753 959 454 2560 297 615 1927 2100 416
10497 6972 1524 4981 1627 720 269 1494 5486
10498 811 2375 68 81 1365
10499 4020 1587 687 1398 77 3922 2676 2738 2164 1227 3027 6769 694
10500 3448 3295 114 2547 2375
10501 1291 1347 1587 2793 929 449
10502 5264 876 407 5479 6546 1125
10503 5691 1348 5206 1563 164 6547 558 535 350 1547 257
10504 905 576 5188 174 2165 578 1831
10505 4474 241 191 991 356 5400 1728 4357 617 4549 1433 3357 141 1491 4963 2603 1997 286
10506 3553 149 234 1780 1894 5935 6061 5398 6338
10507 6344 1049 2136 80 4285 809 5281 34 2165 6830 4192
10508 6409 699 3148 464 688 2281 36 1110 1951
10509 3138 4003 2474 6935 2344 1536 821 4201 2748 2238 3389 2547 7001 2670
10510 4021 152 1453 2840 1259 5600 7002 3770
10511 621 6554 5745 4584 357 1940 4466 2813 1403 4394 6254 1110 1239 1564 1069
10512 186 1622 1383 3722 6675 122 1812 5990
10513 1402 946 6611 1485 1177 466
10514 3610 7003 458 2309 927 2860
10515 319 3238 493 681 10 3001
10516 3592 1711 52 2588 3798
10517 1603 2570 2338 3549 2247
10518 1780 150 1240 359 297 298 2898 3836 2409 1342 331 1029 2784 1446 2315 5941 5525 1818 326 3548 2121 4252 62 3975 1797 1634 2414 4244 2870 4699
10519 2550 2702 6735 3114 1750
10520 52 655 757 5771 1553
10521 1178 6674 2729 1202 5230 2673
10522 54 4922 1038 4503 1016
10523 4437 818 767 1574 351
10524 1202 6046 3817 5102 3988 260
10525 2557 4492 297 1261 5186 153 2923 6978 550 1510 1581 1329 280 959 89
10526 1104 517 329 89 259
10527 1178 2010 1984 6551 1782
10528 945 1161 118 1003 2364 2711 809 1354 247 16 2456
10529 170 81 947 6046 266 546 1410
10530 1475 931 5798 5314 817
10531 6575 2897 770 3160 583 80 6229
10532 742 860 464 898 1566 1534 836 1048 5259
10533 242 6653 776 4985 1808
10534 1473 1318 1207 1696 4748 4580
10535 5715 2187 186 3283 3478 257
10536 152 298 5469 149 930 2156
10537 744 548 1185 3968 3985 99
10538 821 53 314 189 4074 5018 4586
10539 1891 1658 3752 633 1498
10540 1033 1039 798 814 2140 390 1725 6511 240
10541 1390 833 3104 3916 186 758 1516 2650 356 4446 3797 383 1438 4319 6787 7004
10542 1662 268 5060 1577 822 314
10543 3097 1640 1185 4155 3949
10544 2115 409 3415 695 13 1003 3243
10545 1682 4900 812 432 2350 6450 4230 4569 54
10546 1135 1380 3226 1564 6642
10547 1571 300 1313 3393 1484 119 4657
10548 81 1453 76 1069 1819 588 1767 1418 1512 5785 713 115 2752 408 1890
10549 6657 3988 3754 268 3055 2994 1754 1372 1050
10550 318 5194 5459 2290 319 2784 3968 1699 511
10551 5505 5260 4074 428 6720
10552 763 4388 1076 1078 1343 4216 3514 264 1165 2146 794 3364 2039 4369 1312 1082 493 1063 18 1090 4661 6823 909 6652 2437 1910 2557 5339 6387 1065 4897 4780
10553 361 3799 2533 2535 1866 474 2626 2549 179 2954 2724 1150 6224 4418 6424
10554 621 265 1447 742 2644 5362 16
10555 1604 881 811 3717 2980 867 4368 267 440 353 3602
10556 1797 5179 3947 1484 3175 970
10557 2432 2455 3302 416 5237 61 2536 1066 1558 1509
10558 268 1498 588 300 2098 507
10559 3303 583 1269 70 108 2076 2372 4385 2350 1807 4180
10560 634 530 1577 348 298 1645 6831
10561 200 1817 740 801 146 1820
10562 764 2622 220 3039 3775
10563 377 4774 1711 7003 562 2145 1240
10564 1843 1273 6015 2519 2049 1008 155 5293
10565 4420 2419 1592 2110 152 1951 736
10566 2516 297 705 4536 3943 1298 107 930
10567 482 6932 1987 5771 824 930 781 3949 701 2577
10568 22 152 1071 297 2037 675
10569 1696 5245 2298 7 1806
10570 6512 1112 2615 290 3717
10571 2026 672 24 2111 211
10572 2865 6836 2757 1402 1313
10573 6222 172 1883 3390 4811
10574 297 1419 3394 2451 2917 6454 191 2825 3069
10575 2570 636 617 6246 962 269 1371 1069 286 4570 1764 1673 4159 1120 4549 1216
10576 763 1255 311 300 6840 3603 88 1630 768 6207 3315 2598 857 3408 1233 455 5628
10577 1113 128 781 543 1891 4860
10578 757 477 2289 5116 768 926 3304
10579 1833 108 2076 1287 1851
10580 1265 6220 3761 3255 5943 5241 3768 6984
10581 1999 2533 234 1014 2532 5408
10582 5531 6551 1008 4980 279 1452 930 1197 5067 1504 426 4782
10583 3694 1699 83 870 1040 1265 3283 1178 4051 566 289 4898
10584 5471 169 6699 1696 152 1665 998
10585 2784 516 2147 926 3037 3925 2288 3144 1932 4986 6146
10586 6177 3745 1290 534 1987 4726 824 6978 841 4186
10587 945 4800 749 5862 4859
10588 742 96 1055 128 4472 154 24 416
10589 1930 336 3497 841 642 3431 817 89 1664 3289
10590 149 241 2482 594 1448
10591 1240 5952 6425 736 486
10592 2956 1432 662 35 5354 1883 1630 2110 862 1549 300 655 1137
10593 1006 1068 2577 1008 6438
10594 3694 4889 3502 687 1912 565 568 2528 1637
10595 2632 4255 1499 63 672
10596 2289 1890 307 2316 2307
10597 1347 1139 3474 6569 855
10598 2828 3011 946 2115 6933
10599 2148 66 2600 493 76 916 4474 629 617 227 297 96 3009 1055 1727
10600 68 556 1113 921 961 1494 2700 61 3679
10601 34 6444 807 297 1176 298 1503 5489 1979 1807
10602 6036 3171 810 4295 1138 6600
10603 1240 749 2441 104 3368
10604 532 4312 2649 948 1223 2455 6134 6728 399 5614 480 446 2082 2279 2258 146 4175 1942 3597 541 2320 1040 2328 5172 3271 2559 2325 4078 909 1483 5594 2376 3038 3916 4928
10605 68 997 1729 574 1017
10606 1113 2882 6326 437 6850
10607 114 1239 1841 4570 154 2968 4388 1877 4188 4451 2734 4645 3662 4429
10608 1185 6755 10 221 583 1841 108 1396 416
10609 557 3510 3481 3170 5822
10610 298 264 164 5309 666 2398 3126 877 69
10611 2898 1045 3836 2899 297 1643
10612 6165 3040 2784 2317 989 4316 2036
10613 1951 4062 1396 16 2588
10614 2482 1516 1419 1665 2841 636 3454 6274
10615 5083 1775 2618 5226 6960
10616 942 10 98 3243 2909
10617 572 739 170 1011 2253 734
10618 271 4295 221 441 297 636 3566 6464 1624
10619 3789 4225 2657 4180 1411
10620 5925 114 4348 2677 1459 2767
10621 1183 2176 4700 354 711 68 171 416
10622 1039 5809 881 3072 4811
10623 1624 179 245 2339 2533
10624 89 1860 2027 1022 2920
10625 5679 4848 979 2784 122 550 221 3390 1279
10626 4628 953 221 1510 949 37 472
10627 2962 3210 357 174 146
10628 2136 4851 1411 356 4512 1480
10629 96 1385 1841 4091 4299 589 249 1204 6954 3036 950 1247
10630 83 108 85 1365 52 2297 3606 1718 592
10631 731 150 68 1786 1516 3962 4646 1185 1153 2229
10632 3357 1029 3467 76 909
10633 2361 3139 1274 80 248 877 3767 871
10634 4174 6200 1008 1241 596
10635 2550 1240 2145 5287 1224
10636 2053 739 631 1149 1604
10637 3694 1067 2657 4610 1009 1053 1287 666
10638 859 5614 1491 1536 1931
10639 2033 437 1149 4721 76 2233
10640 3855 2292 24 758 6286 257 4458
10641 5982 2133 3712 5168 723 2801 593 356 770 1242 1265 172 6212
10642 114 5766 80 3367 6794
10643 1485 2577 1587 1558 1072 1077
10644 1895 245 1587 2657 3520 443
10645 5684 1365 152 627 1291 1302 1229 589 6138 2235 400 1177 930 775 4281 4501 4946 275 617
10646 5060 1231 1396 4160 71 3600 633
10647 4842 1546 104 576 36 6808 891 723 672 1207 470
10648 5792 720 721 1342 968 3949 2610
10649 85 1788 3054 174 152 296
10650 1298 2076 672 3955 6300 5956 2779 5340 5906 860 81 937 1361 2920 5059
10651 2999 1598 1893 2744 1892 2302
10652 3618 5709 1922 506 757 1503 6523 1026 449 2705 24 209 4180
10653 4395 530 409 588 4100
10654 886 68 2311 3248 584 1287 989 56 3100 6483 227 108 873
10655 826 2091 3468 1055 2238 2873
10656 2098 3574 150 1332 1330 1003 6868 4619 4966 7005 1066
10657 6967 708 1622 4239 6683 172 1206 3344
10658 1691 612 5083 6133 5140 3595 87 1499
10659 1415 1699 89 2713 1181
10660 1406 3519 4147 2807 298 2662 4345 4386 132 2436 2967 345 1074 492 3654 6646 2733 1425 397 1402 1080 4661 6252 4170 2930 605 1353 2595 4897 5233 1282 2208 5979 4911
10661 2987 2084 558 2061 687 1178 75
10662 1780 179 2389 3886 3620 5334
10663 2796 455 765 2497 52
10664 297 140 2523 635 575 2639
10665 2135 68 5668 221 506
10666 2484 4056 476 79 2860 2632 4681 5141
10667 331 1063 6687 6571 185
10668 1421 443 763 4540 5174 465 298 6462 1404
10669 2003 508 4310 1883 2013
10670 621 2706 7006 230 4690 1468
10671 589 3658 2576 3820 6388 5428 2008 4052 1419 1008 900 4665 980 5291 315 171 187 576 5363 5867 1526 3972 1754 1668 4325 3690 3160 432 2414 828 1327 4023 1510 6683 1757 5033 3112 6177 4725 1365 254 492 1347 5515 448
10672 4229 367 1494 1397 3342 1143 5564 6657 38
10673 946 5557 2832 2865 1603 2154 3548 986 550 1352 2651 1970 3397
10674 940 5314 1495 291 6233
10675 859 297 729 2096 5899 465 522 3359 7007
10676 1202 75 3621 889 3360 2394 4229 6139 1885 227
10677 3530 2468 1199 662 957 2293 288
10678 3223 4767 1926 2012 800 3269 2670 6465
10679 2876 3450 2863 1997 3566 959 4323
10680 2796 4640 744 443 1504
10681 1985 4436 1630 476 6009 1223 596 1202 1603 1646 758 1069 5062
10682 1504 583 154 809 3878 5304 2980
10683 1067 3957 5605 2949 1665 1510 4131 1068 3882 4520 2484 19 4315 6272 1566 2876 1008 618 6450 4555 2425 1458 2693 3408 3371 4765 1208 1053 40 244 3188 1741 81
10684 57 1767 722 1342 631 1121
10685 2881 10 2896 1123 674 3902
10686 3302 2079 3862 88 580 3093 1013 2995 1825 957 3248
10687 108 1418 732 2729 5685 881 2561 2537 5986
10688 4244 3490 66 141 3544 37 1363 227 1468 1072 1240 1149 298 948 575 174 2357 1071 637 809 663 855 930 1019 6102 2520 1219 3879 629 2854 1337 912 1348
10689 5081 1396 3837 687 1390 5318 5626 248 297 1137 298 760 2821 693 1168 245 4146 737 5361 3161 282 5281 2693 152 3097 292 2387 80 2436 2242 2195 895 4323 156 273 3460 367 821 1642 1600 257 2742 4 1889 6512 6700
10690 5223 174 1635 2989 855
10691 4413 631 2419 1365 1361 2909
10692 108 2792 2392 164 983 3690 4239 465 1040 173 6063 629 687 3757 5096
10693 447 1298 2756 3524 163 2845 3841 174 1915 2075 1046 732
10694 6874 2337 6625 1235 5217 54
10695 2636 727 164 4718 575
10696 1153 412 1727 1572 681 76 1790 565
10697 359 596 2756 1231 834 2286 1315 3397 636
10698 1470 98 3549 3466 5474 5263
10699 462 187 3605 424 5243 2007 3913 4449
10700 4239 5659 5397 2987 6655
10701 3651 5810 297 34 2179 1026
10702 1271 6257 763 1234 297 4442 1948 4520 299 775 1577 506 377 2350 1417
10703 3690 1665 6930 751 1373 316 959 1008
10704 1484 1412 1918 3549 4710 569
10705 735 1809 1039 651 1601 4297 2601 1033 576 715 3895 4345 1957 1622 6765 4470 196 1008 2148 5068 580 3437 1239
10706 2239 3164 1055 3622 631 2229 4086 6392 1502 1939 260 2353 1876 2231 2232 2254 3272 3040
10707 972 5243 356 895 711 2948 492 1013 171 156 268 4943
10708 821 3276 6285 298 4284 3728 146 2374 46 516 2495 1807 3402 930 2319 408 2417 4953
10709 5983 5425 5797 149 1484 76 519 1211 566 3916 570
10710 352 801 1737 25 5086
10711 1761 1178 152 10 814 170 2393 2076 2090 6317
10712 3425 162 160 238 4127 3367 1137
10713 959 81 1737 6058 3817
10714 2928 81 1406 1372 1058 5028 5781 2640 2704 546 1076 5181 2265 1070 1079 2592 174 1082 1779 1088 5079 6823 1091 6216 1095 4124 3532 2286
10715 271 6701 2073 246 1987 2811
10716 4295 1975 1208 4201 629 127 2075 5728 4795
10717 3789 296 4119 4023 489 108 3283 1500
10718 832 1094 2039 793 4507 623
10719 1939 2636 1313 636 2241 3112
10720 1634 1503 876 2871 2600 487 930 108 563 634 3758
10721 3197 784 6374 1749 4561
10722 1508 6705 553 3223 2995 1396 249 3828 307 3669 2640 944
10723 3225 1829 6836 114 1950 513
10724 983 179 5965 5542 1955 1694
10725 248 3007 24 4801 1202 3691 793 3391 5059 3904 1922 3572
10726 3632 4826 1290 596 4068 1783 39 6001
10727 108 4223 3540 2076 4176 5380 2909 7
10728 5153 2785 5746 78 1294 6202
10729 1468 4299 342 153 1687 4826 4536 480
10730 150 1857 13 123 81 4547
10731 473 5926 1343 2078 240
10732 6302 4417 1896 938 276
10733 1700 311 297 5301 1202 2253 2156
10734 1973 4096 4029 37 2590
10735 1048 2491 842 2082 146 297 4800 53 800 153
10736 6607 168 574 1127 2937 541 1574 2348
10737 2428 2010 847 4147 2108
10738 1978 2339 1998 195 2273 5243 1290 770 2638 4943 479 826 842 401 1634 4207 3630
10739 1862 3892 2237 5210 2861
10740 268 6243 2878 3472 675 408
10741 2927 1406 4345 1841 492 2662 1072 2967 1077 1771 2970 2810 4659
10742 5439 4884 638 879 1783
10743 1469 587 139 1277 1082 6387 3085
10744 245 371 1011 4188 1449 1549 701
10745 298 5544 406 4476 1631 156 4508 909 1270 555 4540 877 2188 681 2801 2847 5389 862 2253 1069 452
10746 6129 2148 2473 1378 6837 1617 926
10747 2125 895 3994 1435 2908 873
10748 2329 476 268 4953 594 1516 264 297 4140 2792 713 1008 889 4008 60 987 1829 1551 821 1399 3415 3283 1352
10749 3311 3188 1784 4450 1355 4451 276
10750 1208 744 3403 4118 4180 114 2407
10751 3974 2259 841 24 4137 298 763 3500 5029 155 2215 5060
10752 3680 5367 292 3720 1347
10753 363 4551 2042 360 1895
10754 5702 1327 2873 550 5201 5237 3803 249 4885
10755 841 4003 116 170 28 4192
10756 1713 3030 480 5087 3214
10757 826 390 154 1541 839
10758 245 1780 229 2341 264
10759 4152 473 6568 1069 6515 1716 953
10760 3910 4181 1388 5380 852
10761 1930 2643 298 3564 2110 1041 1202 6930 1359 631 2419 1406 1841 1003 2807 1468 1467 2969 2955 1902 12 4123 5802
10762 1113 4692 517 2462 617
10763 4851 2281 5835 1208 870 79 798 1398
10764 114 5913 1149 1761 758 842 638 428
10765 1887 85 4665 3279 50 3977 5651
10766 847 1111 152 1410 5900 3175 3342 713 2610
10767 1639 81 987 309 817 4399 266 2095 240 3294
10768 5747 2047 872 894 1456 3272 1849 897
10769 3340 2031 1461 4008 3480 1447
10770 3282 1584 3283 114 356 2984 6018
10771 4268 2156 253 4985 4481 701
10772 3201 1886 3077 4114 5589 3489 3869 2118 7008 3717
10773 1641 2847 2318 256 71 3924
10774 5735 134 4784 1229 145 2836 634
10775 934 2414 300 1485 43 3830 6576 3495
10776 3545 1298 4610 85 4633 174 752
10777 5605 6415 3478 794 3635
10778 3169 798 859 124 1504 4807 2829 6769
10779 4938 4173 3212 4991 227
10780 5695 3068 1392 803 1390 6497
10781 53 3564 78 172 2512 3623 4791 2267 6521 3995 1402 742 617 576 5439 1582 6868 556 1587 3255 1067 2424 7009 1018 336 3780 6022 592
10782 2098 89 1629 1389 3694 1778 1350
10783 6824 1417 687 809 135
10784 1790 3548 1452 3681 5773 1069
10785 4493 1287 517 51 3111 1547
10786 2662 85 6900 3919 3686
10787 1398 77 4017 4436 809
10788 4669 259 2946 2847 768 918 2783 4368 2222
10789 1312 1040 3243 1187 4665
10790 5549 45 2784 151 2867 3135 1334 1036 758 4973 2861 5271 3572 5313 3063 6786 4321
10791 108 6998 1405 930 634
10792 1814 1686 4571 1365 4255 701 6595 3635 4127
10793 3727 2135 1566 1690 2357
10794 5994 1548 108 76 43 4642 1816 1178 2588 1976 7
10795 3261 158 6062 6525 6119
10796 1551 1633 1729 6526 2404 3113 3316 2795
10797 1415 1155 2025 2015 1359
10798 2746 1427 297 2320 152 2983 4526 480 1008 1456 2210 276
10799 1508 1038 2512 2165 415 2108
10800 2451 4085 276 145 575 985
10801 862 1359 2176 416 289
10802 1410 428 4061 1312 248 3193
10803 216 859 1836 3324 170 4722 6712 5337 1838 5766 5600
10804 5044 1847 1038 1001 2082 881
10805 1613 3823 834 3519 2537 5281 24
10806 675 6115 248 3587 4361
10807 2934 3566 5606 221 1924 2454 589 399 1836 353 3258 6713 349 4281 7010 1640 294 6251 636 3139 1604 186 1426 6094 950 254 3606 1481
10808 298 5887 1872 409 2705
10809 945 3233 753 2756 4386 2274 279 299 1406 155
10810 114 5168 2172 299 3248 357 1790
10811 151 4637 5066 3069 4057
10812 3029 1658 5267 1178 4408 173
10813 511 2529 2346 1815 507 1433
10814 897 300 5713 3744 651 847
10815 2273 1353 958 3138 5459 3120
10816 4784 152 331 2530 4918 4360 5493
10817 2220 144 498 2238 2150
10818 4625 5177 5118 5139 798 5986
10819 1943 2231 6572 6757 2254
10820 274 276 2768 164 2406 3448 4973
10821 2212 2795 1040 2662 859
10822 179 859 2044 187 489 2156
10823 4410 1590 3117 2108 2427
10824 5082 3283 2752 3891 4957 1479
10825 6513 3654 2810 1425 4369 4170 4080 1429 604 1094 5280 609 5233 3648 4087 6075 5412
10826 1514 1708 1113 652 836 5148 4513
10827 6554 6222 2462 4784 2478 2078
10828 6874 274 3091 652 1298 6034 76 1071 937 5598 4989
10829 276 271 5192 87 4127 4274 161
10830 2937 1256 474 1493 6986 1578
10831 1165 1696 834 775 6886
10832 5871 1825 3420 4493 118
10833 476 2962 549 5074 1806 2354 242 5121 59 397
10834 751 3264 60 6171 171 189 114
10835 893 1202 506 1120 130 3996
10836 1183 2409 2267 1365 6320
10837 1727 5862 1321 2128 432 5428 1149 3522
10838 5469 332 223 987 118
10839 2359 264 114 1224 2724
10840 1532 2987 54 543 1270
10841 5469 3468 2451 253 2243
10842 651 594 108 653 959 89 2432 305 816 583 173 6926
10843 53 864 617 4681 506
10844 349 2174 4273 3871 2909 1588
10845 2804 3509 2588 972 1610 5830 1603 5915 1483 4180 6549
10846 20 1246 1926 1054 271 709 821 941 1976
10847 2419 6155 793 1540 2655
10848 5308 940 141 2774 637 2537 156 4234
10849 248 90 308 1143 1793 447 1551 2221 4780
10850 3172 2618 2108 5410 382
10851 1861 1780 229 698 360 179 3553 245 3805 3886
10852 941 2007 276 1410 1328 81
10853 1352 1297 2482 151 1516 2657 905 1432 1137 2561 4341 4801 789 173 650 1398 3104 2464 4563 2147 1406 3382 4097 651 5024 1149 2436 784 582
10854 1639 3886 1468 2706 234
10855 1575 274 53 6463 2334 1554
10856 2482 2636 1298 143 172 86 816 378 3434 5141
10857 1402 1243 2777 3005 1642 290 2437 590 288 2030 1498
10858 114 2934 367 615 3140 1976
10859 2144 1053 1235 5225 313 53 2658 1048 4598
10860 576 2584 1953 4106 4319
10861 621 653 3172 473 221 390 1347 170 298 1054 6744 1038 5046 195
10862 3072 2200 2600 2047 2267
10863 426 1202 73 2394 226 4297
10864 474 826 619 6190 6742 2207 1062
10865 1272 4112 813 2878 5066
10866 881 3767 1314 3429 276
10867 406 3688 298 443 297 5029
10868 1342 5799 3946 6077 307 1228 45 4541 1298 1048 2095 540 356 19 1274 24
10869 2874 3967 3358 3520 1591
10870 4561 3255 2087 1455 5122
10871 5355 5059 2451 1751 4742 7 2272
10872 110 2482 227 1587 1069
10873 635 3818 1503 2460 2951
10874 1210 2913 1944 1173 4940 5226 694 979
10875 3225 3059 493 3968 428 356
10876 3670 1872 96 164 2576 4882 3719
10877 2551 3587 52 1752 2075
10878 1113 114 3675 5068 5289 4350 1393 1110
10879 319 1699 76 517 153 793 1167 119 4426 1444 4507 5102 1370 565
10880 859 5397 5704 2393 351 768 4673
10881 866 4061 2137 6057 2038 1916
10882 6601 3160 652 1055 4019 6961 626 4061
10883 1292 240 4019 3298 3597 125 154 3323 3391 331 537 85
10884 1696 1269 3632 158 4410 73 153
10885 409 1729 1067 351 6971 99 3335 612
10886 6604 6791 1949 1390 81
10887 1544 1208 681 6383 2745 5666 679 144
10888 156 859 858 583 2588 2771
10889 731 1587 925 1411 473 2490
10890 6789 2172 586 2847 3924 4301
10891 5780 3138 2202 6283 3620 3010 6042 6085 4758 3156 19 1603 1587 1955
10892 739 1411 1287 1764 150 122 4126 2841 1241 638 2200
10893 149 546 3851 81 5040 297
10894 2310 1601 221 257 1839 2363 2989 1269 711 6037 2901 167 918 4192
10895 1290 2723 1459 2262 2093
10896 2636 1587 2482 1603 687 466 1055 4393
10897 992 248 5143 4382 958 3216
10898 1759 271 3366 1695 2774 4641
10899 4093 764 841 11 928 5036
10900 298 5936 53 3990 2474 1998 1053 1347 4489 6095 4112 621 1040 1488 6045 4426 3601 6999 409
10901 621 3456 2302 1325 6133
10902 836 1199 1640 2279 2213 1172
10903 476 1398 43 298 2287 4343
10904 1857 2395 317 449 3325 2086 5207 2673 758 4513
10905 2939 923 3617 575 1781
10906 2987 3427 681 3388 385 3461 1806 73 153 4170
10907 2000 179 182 4553 5386
10908 2125 757 1569 2013 1932 6112
10909 6230 811 4071 6000 1410 4403
10910 4633 170 166 4737 4242 5029 642
10911 1925 622 2929 758 79 1610 1354 133
10912 5344 1029 3966 3354 2507
10913 229 3155 2339 2002 6061
10914 2195 370 5431 2386 4168 4040 4387
10915 3358 298 4126 666 114 2336
10916 1208 1271 1365 4628 108 16
10917 108 2752 339 3725 4330
10918 576 97 1558 1253 5417 5072 3881 1922
10919 2752 5712 2416 1767 3223 2547 2892 816 457 3569
10920 722 1271 816 4577 5419 5649 4118 2416 4946 3293 5487 663 3511 2917 1603 2419 4244 3383 6534 855 801 2779
10921 1200 621 186 1459 2577 54 7 4319
10922 762 4884 299 3894 412 930 3482 6907 5283 1964
10923 3987 4553 3553 6612 2360
10924 297 309 4275 5697 1100
10925 1639 16 2598 3926 5963 164 5739 3882 1178 3929
10926 4922 276 1587 636 188 5327 2632 1581 1585
10927 4913 2259 268 763 876 1515 2645 293 3355 5372 507
10928 298 20 268 2845 3548
10929 1670 3720 1616 2693 6351 3678 1572
10930 4765 4044 6966 2987 674 7011 2871
10931 331 618 1298 834 540 6924 6643 171
10932 1468 6519 1048 1215 5924 5877 355 2618
10933 224 814 6446 959 3694
10934 1013 1919 1922 3134 1454
10935 681 5765 3912 127 793 91
10936 841 4750 6843 3912 4899 5032
10937 1415 248 67 987 317 1428 334 680 583 909 1036 1055 319 1178 128 76 1135 221 3737 294 1427 1139 118 6541 7 6634 3892 5417
10938 229 3807 1866 179 1896 3864
10939 4844 2596 4925 558 2374
10940 473 4902 1243 796 1200
10941 2820 34 639 506 2450 3342 5724 2273
10942 654 2702 1051 666 1140
10943 268 2468 783 1058 4849 4796 2920
10944 1577 895 169 5837 617
10945 2039 1149 3972 613 4304 359 998 2479 1001 257 1425
10946 698 360 840 179 4605 2002 3886 2654 114
10947 78 173 881 2100 3429 7 6052
10948 3972 1425 3219 587 139 1184 4966 491 6680 6764 6839 2594 1429 5053 1280 1908 1097 1096 6203 3980 1284 3086
10949 3392 162 276 409 5568 434 5609
10950 3357 841 99 959 3978 4647 1764 4484 5752 4157 1536 1640
10951 1298 1293 2146 1584 2084 3773
10952 4719 2588 3943 1512 445 156 1012
10953 1927 6181 1987 132 104 2670 3390
10954 763 2654 298 5061 1202 4418 1224 4915 821 507
10955 1054 1699 1990 4996 3735 1696 1341 6167 2173
10956 4334 2140 5886 550 10 845
10957 4557 4655 1510 474 5723 476 863
10958 697 6686 991 3595 2054
10959 3978 4051 5133 6443 1904 5796 490 1278
10960 108 3607 5857 486 3413 1026 5350
10961 3967 4367 479 1753 6729
10962 3303 2212 2211 4887 3689 987 1034 1894 511 5936 885 745 3580 1773 2386 4168 3186 2808 2927 1425
10963 114 627 664 2545 589
10964 901 682 2069 2999 311 951 2076 1974 1607
10965 621 217 1208 305 2144
10966 297 758 6374 2636 53 2405
10967 3450 3251 1780 5607 6494 2145
10968 790 2988 584 2454 4049 985
10969 474 1006 588 476 733 179 886
10970 1767 2365 4888 152 692 1535 1069 6410
10971 242 1048 1822 2281 35 1177 1788 4684 706 3180
10972 4591 21 259 5861 1841 2424 26 651 152 496
10973 6812 3279 5420 4278 1987
10974 5000 6342 1271 542 5985
10975 927 1610 895 2948 3430 7
10976 1165 331 152 6231 836 146
10977 1185 655 5980 1508 744 270 787 556 4081 1165 298
10978 2414 1984 1365 4190 4795 3003 3495 4549
10979 742 5460 1762 297 4044 836 626
10980 2524 160 1141 169 3890 506 850
10981 787 941 4790 151 1554 4620 4429 1603
10982 414 1582 1464 970 69 3932
10983 3957 1697 546 2066 1701
10984 2924 1693 899 1577 1734
10985 2775 2213 1365 5484 73 5559
10986 5282 513 5624 1609 594 3546 616 5232 878 4347 293 2417 2883 2581 2768 1932 4320 6617 1640 1483 8 1597 138 2344 3918
10987 432 1149 221 897 1365
10988 149 268 581 3121 278 6395
10989 576 1485 2832 652 1381 1137 2613 2872 2776 3434 1050 6636
10990 4529 3501 2301 154 1924
10991 389 2586 2468 128 976 1368 3598 2232 3003 876
10992 3133 3263 416 826 1390 2530 5544
10993 4583 7 2060 81 492
10994 2113 164 1829 701 169
10995 5722 4583 443 1365 4835 2909 687 484 2516 2377
10996 150 579 1587 1938 219
10997 276 297 128 1374 3203 6736
10998 842 2076 6873 166 2375 3830
10999 236 2022 3259 5872 1915
11000 108 5903 4817 535 271 3314 6143 1201 209 2693 1149 687 1055 1008 3276 144 5677 2322 2935 3745 4766 1067 277 1494 2393 5119 816 3566 1817 1143 46 540 6844 2530 4629 154 167 5733
11001 858 5921 693 788 3193
11002 367 1042 1650 1026 5715 2117 6046 2982 6463
11003 3046 2386 1467 4051 12
11004 5301 1770 4800 5322 75 151 963 6937 5077 2819 1786 3324 714 701 6164 276 321 4797 2652
11005 2928 382 732 5648 272 3459 3871 45 52 2393 4615 1841 2320 163 1757 1441 1432 171 274 1041 948 5138 430 1512 1330 1040 883
11006 3216 1037 1008 1223 372 1843 1783
11007 2188 1484 2187 940 6105
11008 955 1001 1603 1419 237 270 2409 73
11009 695 844 940 89 2934
11010 621 150 3042 1054 3943 652 3894 2037 655 2419 2361 816 1737 156 1012 351 4875 4344 1445 5944
11011 6913 404 4381 321 950
11012 78 2468 416 4844 2231
11013 2890 4217 439 4192 3203 191 655 583
11014 5481 1332 5829 4871 6251 2045
11015 933 901 749 1752 1040 980
11016 989 546 81 434 2244 740
11017 5568 7012 1072 1468 2436 1144 1425 137 1469 1570 3662 1087 587 1276 139 1089 1277 1184 1082 3049 4012 4026 1429 5158 1064 1091 604 3980 1097 1096 609 5007 4087 1284 1099 3533 5412 1101 1103
11018 248 2484 3135 4028 4739 6361
11019 1149 1696 3374 153 4580 164 152
11020 6154 1229 584 3359 2729 575 3493 5004 1459 1987 2897 889 6195 2454 958 2007 164 5143 6238 4432 6488 191 271 2762 2847 154 1235 4797 1703 6961 6122 354 60 5066 1966 1188 3795 3760 650
11021 357 4890 5291 166 1939 1149 1125
11022 6857 4118 1616 191 961 155 816 1008
11023 499 5495 3957 5449 2871 3115
11024 2302 1067 2389 991 363 3799 1014
11025 1113 1940 740 6812 420
11026 1468 1467 542 2971 149 2814 1078 3644 1144 582 587 4975 3049 3532 1096 395 1097 1098 3222
11027 3046 4520 4468 2726 6024 963 402
11028 1701 476 474 6824 405
11029 4201 53 2037 1697 428 297
11030 248 5892 1347 847 492 1781 1100 102 1538 773
11031 3752 3828 1406 1841 4386 4345 397 280 491
11032 45 910 266 76 6365 6460 1991
11033 81 309 249 492 723 1548 63 5190 1340
11034 3247 67 4114 5444 1017
11035 1243 2808 853 5806 209 4454
11036 765 1073 2883 652 3545 3121 2557
11037 961 260 2739 2335 3848 155
11038 1292 1443 356 682 3502 113
11039 171 1202 1610 1067 4418 1459 833
11040 1604 288 271 4665 5884 6644
11041 996 3901 3240 1926 531 5939
11042 1881 617 1764 276 859 3346 357 646 5227 912 2887 2383 687 1551 190 1957 1703 53
11043 2047 3951 1818 3268 1423 1149
11044 6248 3368 3694 519 2610
11045 2141 5314 4108 1587 733 4400 1134 146
11046 793 1023 1757 2669 1417
11047 2302 4374 4922 7010 1957 3006 1940 174 186
11048 5938 153 4890 63 1911
11049 1764 744 3894 443 2988 1879 681 76 4291 416 114 742 859 1054 1177 271 652 77 1298 1467 631 4299 69 2775 356 314 655 2928 1205 305 1013 1520 391 1218 297 3167 306 174 164 173 1711 2530 2444 6353 2563 3134 809 259 818 918
11050 3814 652 711 3017 2946 4860
11051 1054 1501 902 583 4244 891 1433
11052 274 476 1177 53 4259 1751
11053 775 3216 630 579 1406
11054 6714 710 5207 4226 3198
11055 5113 687 873 297 3203
11056 763 1507 2931 6481 4498 668 824
11057 1757 2144 2804 2409 1365 1933 179
11058 588 5357 3117 5845 1032
11059 108 2076 4282 583 1363 5847
11060 2477 2224 1610 309 3263 6509 2172 583 918 1292 5299 962 3719 269 4891 5727 288
11061 1357 876 5067 2420 4817 2959
11062 2757 4842 2212 299 460 1178 4699 5912
11063 3196 1276 505 349 636
11064 948 4131 5465 1029 1113 1149 1643 2673 876 2473 644 3585
11065 474 179 3499 2002 1598
11066 246 671 959 1880 4405 76
11067 1042 1720 722 128 2451 2858 1050 3585
11068 480 3007 311 1603 1711 37 1553 2944 430 382
11069 319 499 5352 4848 96 1890 1444 1319 6372 1816
11070 695 36 4413 961 2076 619 1851 855
11071 3988 2372 616 5603 878
11072 266 1046 4267 2335 6749
11073 6915 636 76 724 4186 247
11074 52 4225 6509 1711 166
11075 4681 749 2646 1404 5833
11076 1149 841 6980 6824 6047
11077 3655 68 881 2729 4351 6204 114 1019
11078 1628 1689 399 2220 2742 1438
11079 3556 2046 2662 1149 109 2262 2814 976 1487 1239 1353 1860
11080 3186 4356 2436 2810 1277 5079 3534
11081 359 2115 3007 4882 4762 1121 6036
11082 555 2326 1354 3408 1509
11083 264 1446 811 6691 1881 775 55 325 5485 3325 4581 1521 164 1113 666 268 4180 6272 1384
11084 2413 1951 140 143 1508 3434 5117 4368 1177 249 1752 4295 4522 266 1630 836 154 6469 784 4795
11085 3357 6257 2953 2632 1365 1231 3036 5927 172 809 1587 876 3182 925 114 3088
11086 2484 2676 1665 1636 5815
11087 1038 2611 2751 1487 6172 621 2236 1536
11088 5668 902 2468 3172 4716 6989 183 239 1419 1932 1211
11089 870 4250 1054 805 694 269
11090 5013 898 3171 3126 1838
11091 1054 1342 115 116 1205 803 582
11092 1759 739 2482 67 4017 100
11093 1847 1388 706 189 720 833
11094 1626 336 5932 152 2128 1518 1230
11095 170 3102 910 352 1008
11096 6035 5130 5100 259 1456 1841
11097 945 800 3227 753 611 677 1255
11098 666 80 1055 116 2845
11099 2491 556 1432 886 1046 5938 504 1234 1617 1353
11100 443 5681 2209 297 6846
11101 1313 1650 2569 3264 636 2721 2337
11102 5019 367 816 107 217
11103 2706 3153 6602 2339 179 114
11104 4987 4954 694 4514 1295 3014 6908 2530 1683 1778 430 4576 3779 1160
11105 2706 2533 149 3749 3011
11106 108 583 1927 2076 4317 5122 402 1008 4439
11107 3681 6338 3399 276 2533 265 2123 5556
11108 621 108 655 6458 823 564 2158 2370
11109 729 268 443 749 6647 1624 96 811 72 249 7 674 5036 1646 3759
11110 296 2253 1453 1974 1366 1425 5103 1404 5945 6120
11111 4546 3135 2891 926 1535 257 6709
11112 961 4593 3117 2245 5573
11113 2956 1239 4918 321 2716 3570
11114 300 3538 925 834 1357 1785
11115 6276 3415 1456 174 1942
11116 2332 2761 234 1780 2865 5682 3267 6811 4231
11117 556 532 1292 79 1398 5973 3133 5399 5117
11118 1033 1949 68 5544 814 170 428 53 3203 3397 248
11119 915 493 2042 1868 1516 1185 671
11120 2481 862 2253 88 452
11121 3990 3729 357 3503 506 3679 6018
11122 149 151 6206 3139 629
11123 4263 2492 682 2247 1258 2498 6397
11124 298 108 2048 5225 2658
11125 6461 6967 1008 315 3373
11126 548 4714 3135 4628 3764 5428
11127 1659 6936 337 905 1548 3276 666
11128 1029 311 2036 5556 3548 3934
11129 1843 4052 6945 6471 1772
11130 1073 5358 1845 356 178 554 3151 817
11131 1049 2009 1224 859 1060 7009 4149 1086 6964 1081 172 4567 3790 6899 2917 152
11132 885 114 842 944 917 2581
11133 77 834 4453 1365 2099
11134 2654 928 982 2044 1502 240 4369
11135 636 4679 443 473 2048 1747 1008
11136 4511 663 410 325 815 505
11137 1415 2792 223 68 2225
11138 2891 512 550 3704 4372 556 549 1784 3441 1040 682 1485 936 240
11139 1029 1038 876 732 2898 5989 3289 3570
11140 1170 53 2393 1976 5277
11141 98 100 712 2253 171 2691 2632 3273 2919
11142 3967 2311 681 1415 1978 1183 88 3111 3236 3586 3617
11143 5144 1503 813 2987 171
11144 3614 356 81 1342 2156 6573 6340
11145 654 1321 279 2588 2191 5185 318 4665 2007 742 1786
11146 558 6297 57 6556 1071
11147 68 4180 635 67 6871 1066
11148 328 1727 681 89 683 1527 145 1067
11149 523 797 2926 5627 1577 4564 3359 3828 373 1166 1600 1167
11150 579 1313 4789 960 1906
11151 2548 4504 230 3155 183 2358
11152 3502 5421 4162 284 3585
11153 1847 1267 311 2900 574
11154 6052 506 4127 3413 1949 1239 5128 4
11155 909 3397 56 2920 3512
11156 928 1149 266 3061 1312 5672
11157 888 542 816 648 2175 3291 1565 1841 1067 274 476 128 1049 179 1551 440 53 1144 4875 546 4387 428 297 3364 331 2265 423 740 3878 2734 4659 2972 5006 1433 1091 5802 2377 883 3132 6075 5804
11158 621 1365 1812 4633 838 297
11159 629 1754 4794 264 5044 1040 2110 472 576 2201 763 768 1029 693 3763 5728 257
11160 305 93 3444 1640 2909 4317 2123 107
11161 1891 2924 3562 5966 164 2191 6994 3677 2245 1491 409
11162 1613 3122 4821 4822 5895
11163 360 523 5627 3752 3828 5410 4386 2220 1468 1467 542 6774 3364 1425 4428 491 6680 604 1429 2594 1095 609 3648 1430 3982 1101 1103 5750
11164 144 5711 1353 758 290
11165 4691 48 2302 2115 276
11166 5462 858 298 365 2921 2409 6819 860 402 1603 1383 2360 269 4706 6675 5611 186 349 1302 3564 3450 1000 675
11167 307 3569 916 4372 1570
11168 910 979 1224 4508 1202 127 5971 4510 705 430 2858 1527
11169 3617 931 1775 1255 2231 1239
11170 1549 6523 2578 3448 2700 2462
11171 3012 2308 4121 1067 1966 5005 2603 422
11172 2892 153 6804 705 2670
11173 1790 227 127 1489 2160 1347 266 1962 1200 3970 392 959 768 1433 1008 88 7005
11174 5507 1891 4951 2340 1966
11175 1639 2106 6976 2076 5167 22 657 145 909 1696 930 244 1209 153 149 636 1690 1473 171 829 5066
11176 4161 4813 3780 3172 4846 6889 35 5193 6007 1736 3862
11177 2618 881 1433 2847 4344
11178 474 4892 1628 108 4089
11179 1843 1739 149 1788 1679
11180 170 5570 1942 2200 3905
11181 2033 331 1167 1631 1998 675 3397 245
11182 6591 6302 6261 1893 234 1468 3805 228 5370 3543 1894
11183 701 5104 4337 1876 985
11184 252 1247 297 4199 1349 4899 274 53 3367 2317 803
11185 972 1610 2841 213 1207
11186 1433 2482 575 3276 5050 1270 940
11187 109 859 476 20 1374 406 6273 3975 3068 2055
11188 1039 6035 3988 3409 656 2055 4051 2056 2944 5457 918
11189 1841 81 1090 1277 1281 6203 5007
11190 6475 5174 122 152 3260 5467 4744
11191 6356 582 6866 4589 1081 3221 1065
11192 376 75 1241 73 153
11193 5200 1205 3015 2297 1633 5665 85 2203 1964 412 2444
11194 1038 3535 751 6347 2629
11195 42 3074 3035 2657 6299 681 749 6365 3039 1968 3632 6992
11196 4721 3829 958 814 681 4507 2508 217 2463 813 58 1590 1041
11197 3250 4707 1008 2417 2610
11198 3065 2699 811 2635 588 186 3972
11199 511 3369 5844 2200 2577 3191 931 2055
11200 1356 2518 666 1432 432 629 6604 1053 2991 5109 4643 1313 4958 3989 2987 3097
11201 4250 268 19 1055 799 87 69 1577 2393 3300 5287 1202 5309
11202 1396 4273 4904 77 1365 4053
11203 2928 170 1536 2148 1718 1355
11204 122 589 721 2703 399 63 1347 1379 617 42 16
11205 122 186 3005 1165 5143 1305 3401 227 3417
11206 6373 37 920 3504 2078 1807
11207 4860 268 5576 1499 2357 1814 1463
11208 315 2302 2600 876 6931
11209 636 6040 2175 6343 85 108
11210 1204 1794 514 2253 3525
11211 114 66 423 3522 809 833
11212 2372 108 583 119 156 5794 416
11213 1572 73 90 3281 5523 3296 1477 342 2875 2100
11214 1119 5839 507 2087 2524 1772
11215 822 1494 731 1762 1890 590 2902 942 2825 1444 761 5057
11216 53 3426 6132 2866 1045
11217 2731 209 742 46 5085 3098 1653 2693 3411
11218 1286 5206 1055 3113 1425
11219 1225 1720 617 4252 5690
11220 297 930 1390 936 1651
11221 1762 2384 2837 888 2500 359 6262
11222 530 834 1544 2082 4273 944
11223 945 2496 81 1750 350
11224 1383 1057 1008 5723 1941 1833 154
11225 955 2789 53 6155 5283 2053
11226 1899 3944 482 5080 2357
11227 729 67 2652 1417 98 5151 1715 3658
11228 588 1763 120 154 1041
11229 3285 768 428 5392 4621
11230 5528 98 67 2610 701
11231 140 79 6924 3613 2419 1116
11232 53 108 152 414 1474
11233 3761 3365 2333 3759 6799
11234 3163 1485 298 5754 2081
11235 3425 1176 1525 5200 5668 5851
11236 248 1249 1176 122 2699 266 5992 862 2467
11237 448 945 151 3640 3898 6149 5962
11238 3541 538 6819 2290 1984 4915 1077 3383 4013
11239 720 1055 1241 2279 186 227 253 1889 6971
11240 5543 108 1894 175 687
11241 77 170 492 4078 859 1312 740 86 81 309 3300 1326 299 3720 739 5624 6023 1205 298 152 4049 2618 555 28 4059 2909
11242 108 2053 5545 3555 389
11243 6783 651 264 476 6567 4436
11244 633 1077 3602 2858 1425 1060 1087 139 1184 491 1091 1906
11245 164 1161 2919 3180 1849
11246 3191 881 918 191 3 883
11247 5349 4368 1208 1891 1013 846
11248 2067 3806 303 451 642 2586 5826
11249 1199 961 3675 1202 5282 2557
11250 6874 939 6224 3379 114 2655
11251 957 240 1503 536 784
11252 545 2555 3169 86 4302 3896 2289 1187 2304 2646
11253 1371 1438 4074 933 876 1374 1720 2037 574 3204 3145 138
11254 5112 4671 2828 2194 114
11255 584 1669 1433 288 5125
11256 3657 3492 1104 1107 6110 276
11257 359 3003 366 3890 3132
11258 3974 653 6567 3822 331 171 3764 298
11259 1447 6072 2087 1772 1390 114 227 1116 108
11260 1838 2795 4508 2529 5754 149 1581 2305 5728 4458
11261 1689 6559 5127 1236 3891 199
11262 276 1592 5731 2259 798 655 163 242 890 546 1055 2082 1113 687
11263 1939 359 81 879 4244 24
11264 3169 4625 2702 6632 928 151 298 1271 4101 871
11265 280 2383 1783 1462 3678
11266 169 4280 1551 53 749 4251 3644
11267 732 524 5430 2148 1271
11268 6942 115 98 158 4336
11269 179 229 2359 1014 6766
11270 476 1577 254 1342 4344
11271 369 6473 5315 830 6192
11272 2622 1290 1271 4104 24 631 2419 93 7013
11273 3293 816 3003 2815 5419
11274 2200 1033 762 745 6046 2829 1045
11275 530 5469 517 1888 910 859 681 156 5728
11276 4545 4915 244 1008 473 3830 6852 492 1752 3116
11277 1053 3359 5842 729 1270
11278 327 600 2757 3849 356 2509 266 1113 506 4580 617
11279 4759 556 349 6596 4576
11280 3914 1025 186 1841 190 5870 416 275
11281 4412 991 2684 1446 1307 349 2523 1640
11282 3642 6570 6571 895 2693 6737 763 631
11283 59 108 77 966 4615 1841 636 1022 24 5141 4286 4788 687 6616
11284 5800 3720 1134 449 104
11285 37 1145 3312 1008 711 6522 2049
11286 739 2396 5727 909 2747 1326 3870
11287 6109 3010 1780 298 509
11288 2890 2530 816 1372 1071 5793 1545
11289 3426 1399 4377 4295 4261
11290 600 81 5040 5904 5927 1885 2125
11291 637 1415 432 297 1530 113 1326 909
11292 143 2419 3780 416 4763 2357 5739 6469
11293 976 6067 1026 1290 1337
11294 1269 842 2783 4427 428 2174 7 6251 257 2075 961
11295 2191 3027 5452 1027 5497
11296 1165 243 2009 6344 273 1549 4192 6311 2518 1763 400
11297 410 563 3104 2720 3537
11298 297 466 1939 174 35 622 152 2680 5066 624
11299 152 4523 4806 153 1172
11300 158 1358 1624 3632 2740 682
11301 4883 5495 5857 332 4427 2108 959 583 85 3196
11302 1601 290 4701 957 633 1819
11303 3317 530 6670 462 4881
11304 763 2147 311 3452 1149 976 156
11305 523 621 1345 2525 599
11306 1485 68 279 982 4893 1243 624 1900
11307 229 2332 6934 1862 360 2708 179 2302 4605 6017
11308 3121 399 2742 1438 1498 68 4529
11309 1836 152 4748 623 357
11310 179 4819 2070 5045 91 3537 651 1563
11311 1054 535 1398 1699 6040 22
11312 2060 2579 5033 803 53 153 1510 2920 227 3472 2615
11313 274 3247 1034 1296 1847 4545 6552 6701 5309 5295 4637 3922 2193 3191 2620 1475 1582 3756
11314 2717 5377 298 320 2291 1202 2073 4563 104 2752 155
11315 114 1955 5183 266 3843 4860 837 7005 3029 3224
11316 68 108 4567 4149 1899
11317 245 4892 2706 3564 2114 540 77
11318 989 220 1783 1270 1516 847 3756 2201 138 2536 2731 452 156 3339 1522 309 4880 5108
11319 3251 1868 3800 708 1844 775 5057 3618 2371 594 930 1560 2406 1366 4731 585 6529
11320 2756 3293 2009 6458 2238 5689 1146 5611 3967 6729 254
11321 154 2968 1433 139 3219 1541 4013 2437 6252 1910 605 6316 5803
11322 248 1229 1729 5113 1831 1021
11323 2108 3314 2218 928 708 1814 2304 609 6294
11324 74 723 514 5338 54
11325 4129 6410 826 959 5583
11326 5635 2537 5276 6427 3384 711
11327 858 266 298 821 4407 118 268 367 511 4139 6471
11328 4619 5432 32 3016 5339
11329 2910 1208 5320 1055 1757 2476 1458 96 152 930 171 245 4441
11330 2317 115 6007 1022 6286 155 2513 5389 2151 4266
11331 6899 4620 3729 1666 146 4053 1008 3815
11332 2363 695 6496 3160 3115 2894 993 1192 593 2146 1013
11333 814 2076 1398 1708 223
11334 621 179 331 152 2311 2017 5625 4377
11335 6998 3684 876 311 6675 54 3938 6621
11336 57 1894 1300 3689 5460
11337 114 149 859 1045 3574 3188
11338 4372 4109 56 1919 1172
11339 4695 5415 1029 3007 5551 37 5447 137 5152
11340 322 1935 823 4335 115 3724 879
11341 2457 3734 5448 6290 6285 3718
11342 3551 2662 4728 234 3011
11343 1038 6101 2011 5852 3463
11344 1147 539 1342 1365 2062 1402 662 3700 2399 1603 758 349 740 1630 2241 836 428 1933 3342 2232 1820 1008 274 4464
11345 5708 1767 5714 2350 1549 6056 2677 5029 1985
11346 1006 3792 1620 4068 2056
11347 506 958 1941 6960 4494 5545 172
11348 67 128 1 1365 2403 22 2636
11349 3459 3501 4157 637 763 876 930 2321 4665 2328 3930 1671 2204 1610 2387 1646 916
11350 1342 2097 68 57 1663 4093 320 2202 78 3482 2500 4923 1569 757 2201 897 1402 637 1335 4451
11351 2199 1379 271 2497 5630 221 1783 6006 1384
11352 1307 466 2482 3096 1067 1503 5212 1483 5817 5705 2215 4914 2614 3383 2862 1069 2877 617 37 5628
11353 1998 1029 3756 524 5764 6222 1966 4947 2951 3284 1660 4435 2483
11354 5993 3302 4295 1149 909
11355 280 447 2685 2849 416 2323
11356 1986 298 2755 242 307 504 2552 1100 1594 596 1554 4607 2105 5168 449 1976 2705
11357 1640 5835 1157 152 1202 3679 506 3757
11358 6492 3703 908 906 5262 2809 817 79
11359 43 242 24 2490 1538
11360 4031 234 1867 3542 1780 2798 588 3652 4014
11361 4484 4669 4915 681 332
11362 311 4646 7014 314 2129
11363 1037 905 1067 586 2693 3198
11364 1942 1185 1970 114 871 152 1149 2502 836 1793
11365 3728 2678 2215 291 5960 617 6617 6642 4167
11366 1113 248 1955 1038 2039 2454 1933 674
11367 1036 2071 2684 297 934 1419 879 2922 1691 596 3467 5286 6825 5981
11368 1263 3171 1138 3283 681
11369 2501 2497 881 3429 263 2091 2847 428
11370 2809 1298 834 1484 76 1287
11371 276 164 889 809 2417
11372 5922 4637 1582 4252 2185 2506 2752 1741 701 102 3993 1347 1229 3975 239 154 5071
11373 1374 10 6128 1016 3039
11374 2244 817 935 151 788 836 4775 617 3778
11375 492 424 108 297 254 131
11376 3617 2082 4492 1588 4323
11377 636 3510 153 637 833
11378 6540 1210 944 6050 3786
11379 2764 842 663 2136 816 67 753 834 6493 390 1566 416 152 1630
11380 1417 69 2906 1008 1473
11381 1415 357 437 5745 152 280 742
11382 1595 5255 2608 74 76 44 1831
11383 2156 480 1370 2416 1149
11384 1930 908 416 834 114 1008 5169
11385 5788 2953 4142 6615 201 3200 1390
11386 2661 92 356 297 768
11387 1069 1237 2207 1019 2989 4451
11388 575 128 154 6645 139
11389 3595 125 3099 6036 749
11390 1067 298 1973 948 1948 1433 1681 5740 1841 625 5250
11391 758 1008 600 737 2837
11392 4587 1890 842 1949 5599
11393 1446 303 2657 2013 1735 2366 2022
11394 151 1696 3175 1134 289 2565 6097
11395 1727 1844 1374 4287 87 3434 5694 356 1577 3121 1240 2200 765 1292 3583 6081 152 1649 4451 3027
11396 81 4017 5388 5101 297 298 675 2636 356 1479
11397 3992 108 390 2414 680 249 248 6133 1286 85 2746 173 2670 1696 84 985 6515 1224 3309 297 3787
11398 5418 2934 3689 298 3989 4647 719 1932 2172 4341 586 6317
11399 1957 4214 1601 5677 3027 2632
11400 3559 298 2901 152 4068 2553 4781
11401 3504 1365 1978 152 85 4078 174
11402 5577 1761 1342 1939 5769 972 2949 1026 6331 2279 694 104 6025 504 1404 5611
11403 1604 3152 1696 5071 1994
11404 5102 740 85 1711 836 1942
11405 143 410 2434 274 53 3291 430 6343
11406 2115 1212 408 3114 3115 4319
11407 535 713 5204 5535 2860 2778 1948
11408 4063 1978 4502 687 19 1416
11409 4231 3129 6353 2501 1365 3640
11410 3121 1997 2685 4205 1029
11411 2761 5386 1864 3543 3582
11412 67 493 2757 5532 2987 1041 514 652 2774 2057 6965 945 268 2310 930 2140 2946 5382 989 1025 164 842 152 466 262 2622 5168 288 186
11413 4772 1878 2815 5498 287
11414 152 3007 557 3957 3314
11415 187 3621 1116 1031 1876
11416 2346 5808 6980 3580 550
11417 300 1021 627 6595 6537
11418 566 860 1785 5469 1498
11419 493 390 4093 81 3482 307 151 836 4341 356
11420 3321 793 4293 85 1819
11421 2263 816 3460 3389 2837
11422 1759 979 264 1035 5127 190
11423 1347 2136 1342 275 149
11424 2803 276 666 4698 5310 729 3789 1239 2547
11425 81 4752 4922 5820 2025 298
11426 6761 4605 3818 292 276
11427 621 651 860 331 298 2075 4494
11428 2782 2465 143 26 6841 1365
11429 1771 3148 5358 3310 2308 1008
11430 2756 917 43 1071 4399 2
11431 2212 4126 1973 4762 5629
11432 617 1329 5066 6316 5712 6193
11433 5799 272 1398 244 469 1066
11434 3264 2572 1381 3448 416
11435 4714 2110 2597 2287 4071
11436 1057 1381 4638 757 4112
11437 3989 81 367 2044 4915
11438 34 1407 2317 573 1528
11439 762 1551 5216 254 432 4609 2291 279 832
11440 1699 1695 3549 5198 89 479
11441 245 1485 3633 1951 2946
11442 4664 1899 926 1266 2636 6958
11443 1569 6593 2337 918 3180 1410
11444 2388 575 6488 2570 2907 2604
11445 1223 4921 558 5089 2662 1328 352 905 3340 1113 930 5383 2928 6659 2084 2531 721 3268 5148 4954 5478 2951 4667 3578 3678 422 3216 2811 5573 2391
11446 1209 173 3990 1987 972 1487 1273 4129 287 2971
11447 517 91 22 227 1444 1849
11448 811 722 2133 68 3893 643 3943 876 5490 4697 151 584
11449 2329 227 1762 5321 753 268 1398 2246 2225 7007 889 1247 3081 4059 4410 367 2563 24 758 5385 2021
11450 1446 1516 905 1340 1707 6997 512 1352 2784
11451 729 5638 2383 3405 3067
11452 1551 2611 1720 173 2622 4516 5093 458
11453 49 1105 2530 146 7 4147
11454 535 1614 3133 4353 407 496 1112 2299 4010
11455 1353 5599 672 276 2646 4943
11456 1566 2889 411 2917 6524 1279 1706
11457 2163 5680 2190 4053 1456 2621 46 1507 1741
11458 4508 4523 5276 3212 2590
11459 2662 1072 401 6817 280 4661 1431 6992 5805 4911
11460 2572 3979 1076 401 2274 2146 5564 1707 3689 1356 416 156 1355 1060 1080 240 491 881 3429 3132 2568 2973 1270 3664 4124 6253 5493 4811
11461 4140 5040 1340 6541 832 1987 1202 2863 1329 4071 2508 1049 437 4785
11462 2414 4507 2784 2425 5829 3284 4789 2588 6827 381 4787 1237
11463 3358 1929 1286 298 268 52 3397 88 1630 989 1050 4429
11464 1208 6036 2098 2673 5397
11465 1966 930 1757 1538 3943 63 2935
11466 2246 3054 695 6878 3492 88 5560 1631 156 5331 76
11467 1891 2792 332 4860 2671 3474 5944
11468 5358 81 929 6161 2632 1646 912 919
11469 5213 2626 3700 1003 298 5329
11470 3317 1985 2618 3622 1629 75 1776 909 2692
11471 3317 1165 331 311 3035 114 368
11472 535 6544 687 940 152 740 259 1502 2165 3272
11473 5037 89 4640 2508 186 1484 2165
11474 20 85 3193 2618 4839
11475 378 4580 6977 2636 631
11476 3943 167 4104 174 3703
11477 615 1890 3117 2737 260 999 2243
11478 1046 1072 2202 5519 2293 331 1312 174 2820 1298 40 2779 3834 483 3064
11479 1462 3755 1841 2927 5231 5349
11480 1402 1587 151 618 2228 5253
11481 4063 5302 1347 297 4779 85 4103 2419 4060 2376 852 5649 3389 416 5765 764 2174 893 744 1940 836 926 2878 2201 3778
11482 867 1839 2084 1011 1202 5885 5744
11483 3099 2017 5194 5459 2460 1313 3313 6768 1536 1585 275 3357
11484 763 847 309 5779 543 81
11485 6791 2596 3128 3702 3193 1601
11486 3077 5397 5588 3133 6126 2270 3932
11487 5945 2968 3215 1358 5345 3483 6375
11488 925 2256 621 687 1503 2505 5284 1987 862 2467 1684 1382 2490 2887 588 5736 127 10 2847 5217 2026
11489 304 476 52 7009 1752
11490 1183 1847 3638 1123 3962
11491 1485 821 88 89 744 2742 4512 4444 4745 24 8
11492 6851 85 687 4534 61
11493 6554 4779 2439 1347 2301 2555 2941 494 1659 1018 443 1210 2803 918 2601 171 1536 4436 2382 1292 3624 3977 5144 1831 4618 7015 4536 291 2445 4596 701 2837 2815 6679 2047 2032
11494 2393 416 151 2376 6561 2008
11495 1974 456 2607 1467 895 3339 876 4617 3869 1270 2825
11496 2151 3242 408 2183 5218
11497 7 80 2607 918 3134
11498 1411 86 1196 1962 744 68 1729
11499 114 627 930 1411 1432
11500 5613 1589 4894 3891 1456 655 1661 4680 6719 3574 3494 6498 4953 2156 2328 2115 1202 1711 1006 80
11501 245 2691 6876 6322 5431 4873 2908
11502 6496 2067 674 813 131 3196
11503 1149 317 164 173 1495 239 4207 85
11504 144 81 852 1215 809 1078 52 5831 247 1126 5137 191 290
11505 3947 1729 3337 297 1400
11506 3968 834 473 297 1115 3331
11507 1257 4075 6725 1959 205
11508 1202 930 1630 2357 3635
11509 2100 2394 4891 2847 1353
11510 1934 4382 276 4052 57 842 558
11511 268 5866 88 89 1345 4404 1165 1106 1549 1241
11512 474 5430 356 430 5728 541 910 4427 434 53 43 3984 1402 1067 432 535 297 687 2530 472 3208 540 629 694 156 1199 5518 2561 2955 267 295 3295 2276
11513 128 1697 841 1347 1119 152 636 1192 1070
11514 1274 1371 1290 1329 2519
11515 782 881 254 240 4237
11516 4796 2313 672 5342 818
11517 858 1770 1342 4126 2739 5269 1691
11518 1202 1737 6204 1793 3025
11519 2298 1564 2425 3117 2547 1016
11520 596 961 4977 1667 3965
11521 859 6584 3045 886 276 5114 3338 1723 6626
11522 763 128 1577 5630 4056
11523 397 1721 299 280 4337 2376 166 1717 855 2704
11524 3317 2889 254 1924 6301 5902 1440 659 4912 959 1287 1806 5566 6609
11525 1145 6324 424 2673 2383
11526 742 1966 298 4462 221 989 4422 158 2988 3397 6948 169 5748 4010 61 4 582
11527 1976 4866 3606 462 189 1944 926 5508 3955 137
11528 6918 4578 1575 3621 2082 619
11529 3472 3952 544 4074 1449 986 1536
11530 2925 887 3321 2095 629 5868 464 152 740
11531 4395 223 89 3210 790
11532 1984 6661 3133 5335 117
11533 264 557 594 5430 1628 621 2646 3104 6907 2682 2267 7 2367
11534 409 2095 2130 6864 2473 1026 768 114 3267 1976
11535 266 2949 2796 672 7 239
11536 1665 4846 4572 84 2808 2968 2970 1425 482
11537 493 127 1312 87 5275 723
11538 3392 3842 69 1070 3711 740 1527
11539 768 596 1581 744 2519 824
11540 1847 2900 5298 5382 264 276
11541 3717 127 4779 2344 854
11542 4372 3230 2903 4066 1532 2648
11543 510 486 2454 617 7
11544 1008 171 155 2883 787 2404
11545 3319 1874 2515 1485 1811 1035 1321 2611 1947 1978 367 797 2620 2290 1825 6553 2662 1026 5078 1591 1079 4688 18 1523 527
11546 377 3016 227 985 1783 1078 6098
11547 945 811 52 1015 2172 6233 2445
11548 1989 916 617 919 3916
11549 4060 6865 2328 3769 5072
11550 1891 522 1154 1696 6334 539 3373 666
11551 2022 2757 4455 2140 498 1508
11552 1642 1026 316 457 409
11553 5966 1149 466 4973 506 4954 3056 836 2795 2757
11554 6525 5895 2404 4822 540 5117 3299 992 4872 546 1407 687 298 1503 349 1516 2357 4709 2366 6636 242 6526 25 2814 2403 3122 4946 1964 289 3352 1199 2756 5986
11555 462 263 5302 3059 756
11556 1177 292 319 5121 6176
11557 3425 271 2141 841 720 1432
11558 675 2468 596 241 1718
11559 4246 80 271 1468 294
11560 1025 2929 6299 826 816
11561 556 4892 4070 1665 889
11562 713 6610 2582 4230 2577 1383 588 1224 701 6136 336 5785 5629 367 2239 2156 5129 3409
11563 2310 152 1026 3121 2142
11564 297 96 1267 1055 3363
11565 4418 2643 34 67 5362 665
11566 1183 631 2062 107 376
11567 1392 2900 3421 5173 246 559 447 2187
11568 2244 1167 1631 3202 1459
11569 651 67 816 6458 670 37 5118
11570 1499 3949 3972 1366 3093 3572 918 189
11571 765 687 298 389 1453
11572 1639 1780 4605 234 2828
11573 1978 1417 4350 550 2841 681 6742 2742 1438 1334 1335 3299 79
11574 158 811 1372 7 3632
11575 4791 506 3027 6800 3735
11576 4250 268 4854 4199 816 1318
11577 2442 876 6121 1017 3572
11578 541 476 1772 590 2776 2631 3811 6769 4514 2328
11579 1686 629 1940 3397 417 80 1730 517 1168 6784 480 1922 2590 6678 254
11580 3303 128 4150 3515 5831 5422 351 5634 144
11581 836 53 1432 749 3851 3367
11582 1224 1165 639 271 4979 2113 3625 2729 76 2323
11583 6249 57 885 2655 928 3011
11584 946 1894 2699 4229 1767 4570 1355 4649
11585 1542 1625 901 949 5764 803 847
11586 1055 80 478 4642 4619 4640 5630 1933 617 236 655
11587 542 1077 3905 4235 2734 4451 2592 6389 1064
11588 34 1767 5182 1506 164 119 492 831 4217
11589 3596 460 2037 1729 2530 6980 3852 1747 66
11590 164 916 541 1398 1454 576 720 1587 1622 3820 3522 1757 1137 2325 1022 155
11591 1843 3409 870 1040 749 2558
11592 5128 84 1076 817 3389 3069
11593 5953 53 241 4665 2603 2615 3407 3774 2273 1178
11594 3569 5340 1889 1500 4651
11595 6088 2036 1963 1536 97 2636 191 2588 3179
11596 428 2383 1404 1757 5025 1932 368 2003
11597 2290 5575 5611 1966 1687 6267 5857
11598 966 2081 576 4699 1828 970
11599 276 1512 5843 1398 2281 2987 554 1137 2381
11600 631 1192 1468 2075 164 6641
11601 2776 125 1680 482 4175 809 596 811 960 2530 637
11602 227 482 909 2920 2420 290 2987 1711 416
11603 763 2425 4757 253 2615
11604 5111 149 991 4671 5462
11605 96 2061 4246 5854 4879 5258 4317 3501 2863
11606 1291 4384 4453 5021 293 1202 1067 4103 2337 315 1055 1069 2603 2245
11607 5723 889 359 6692 3136 1990
11608 1055 768 3265 5884 6458 3714 1616 2030 3297 596 4130
11609 476 191 1987 5542 435 4499 3061 2614
11610 2136 1610 2806 542 2982 4201 3025 4860
11611 1116 68 3172 2909 2603
11612 297 2764 4669 681 76 332 655 3420 3691 342 2100 2364 565 5445 1202 930 3873 37 254
11613 268 1305 6670 5143 245 5302 858
11614 476 5873 3187 687 322
11615 297 841 4094 4147 687 745 4228 3783 1076 5261 969
11616 122 474 432 2512 636 1187 1807 5221 245 930 2262 3306 191 2457 4773 309 5380 1933 918 970 742 4731 1068 558 1189 959 3114 4463 2826 4893 1069 961 1383 5744 589 2606
11617 2793 1389 264 106 2442 571 701 818 2013 58 1844 3449 985 439 4860 3757
11618 5407 6970 2709 3553 685 3011
11619 771 4346 1587 3098 1642 3951 2617
11620 1087 1276 490 4012 4661 1094 6216 5053 2930 1431
11621 1040 257 1201 1020 3179
11622 1358 6057 4481 2521 5806 2565
11623 2706 363 556 1624 179 149 234 2654 4830 1780 3886 2725
11624 2505 144 309 2536 565
11625 1532 5300 398 1408 1536 3135 813 5677
11626 5206 2 1628 1029 1165
11627 5511 2154 4829 2210 499 5495 4499 2737
11628 2629 744 2028 5206 757
11629 762 6003 2909 24 1315
11630 68 2037 814 330 6893
11631 2447 895 3388 3720 1795
11632 452 2684 2287 81 5959
11633 2586 550 836 416 3390
11634 693 81 2300 1434 941 24 383
11635 3555 952 548 6004 98 390 765 768 289 1070
11636 5287 6074 2098 6845 267 1879 316
11637 1566 153 5542 1648 2606
11638 6157 929 914 1434 5577 2682 633 1276 3042 909 4026
11639 4637 2901 1008 63 1329 130 2996
11640 1240 443 1678 1383 6714
11641 615 2636 2923 1317 1804 4208 5649
11642 3032 1966 5056 1841 2951 353 2156 540 3253 2013 354 5691 288 1718 1355
11643 682 4262 2210 709 1390 1851 4282 6102 2074
11644 2613 3290 2046 80 617 1927 1334
11645 2636 930 980 1859 809 1069 6240 5780 2649 85 814 2140 325 3193 6013 103 612 2022 663 2322 1915 4079 93 3194 5830
11646 1176 390 1067 732 592 153
11647 2308 1264 950 4254 249
11648 1708 1502 245 254 5457
11649 3966 260 4791 1271 4466 106
11650 3151 24 3233 3264 2122 2721 2201 3105 6099 3872 2338
11651 2212 6074 81 653 348 2504 2572 1418 1040 2335
11652 1208 1177 2096 2775 655 2958
11653 842 1467 1720 36 6057 3600 66 3719
11654 2432 4094 3068 1756 2573 3760 3965 1116 5925
11655 1202 1546 2357 476 263 5606 4885 6887 3261 120 432 620 1889 6380
11656 2655 1757 816 1432 298 2393 243 4131 4905
11657 4103 7016 4126 3692 85 6313 297 6831 476 558
11658 264 34 2360 1626 4550
11659 1948 4520 4754 5445 1202 1008 155 257 4133 186 16
11660 323 2108 3912 4445 953 2146 3537 91
11661 66 2010 1697 2304 4216 1930 1467 4577 3956 959 166 156 2854 4862
11662 574 2662 563 305 1048
11663 297 2060 2694 1711 2357 3328 227 149 575 64 3573 2254 2929
11664 1029 1891 360 264 6612 2342
11665 1639 3011 434 1566 294
11666 3238 319 816 6882 683 3069
11667 1765 5287 1000 3021 546 506 2082 4849
11668 1511 128 4619 2057 3830
11669 276 4315 87 1444 682 749 1012
11670 3305 165 1859 788 3328 290 6091
11671 2476 1879 3386 179 5858
11672 4104 3179 1511 4790 5832
11673 1203 114 1650 1314 1885 3606
11674 4605 1410 675 1771 1499 2952 621 1942
11675 5357 152 4003 98 814 5699 642 4899 416 151 171
11676 6702 1850 3673 666 1067 1287 3210 2638 2442
11677 2483 311 636 1183 167 1040 2518 795 1239 6778 3942 881
11678 170 1836 2636 6482 4192
11679 2405 2893 3243 669 3324 2419 1390 637 784 439 4666 111 1974
11680 2051 50 593 2427 288
11681 2457 2722 3276 1120 2055
11682 4147 1729 2457 151 4094 1498
11683 2825 584 3574 626 456
11684 6993 1504 1529 681 1754 76 54 6865
11685 1955 4902 1566 2975 1772 2742
11686 5507 2706 698 264 1624 3499 4552 4418 3750
11687 2943 3046 2460 4797 4649 271 933
11688 1444 681 889 76 2673
11689 3232 109 447 114 3231 2156
11690 3504 331 297 5754 2950 2200 1068
11691 4312 122 537 2022 6547 6217 5745 4756 7016 3300 146 1527 6745
11692 2057 5730 1416 3357 1515
11693 3896 34 1691 276 2551
11694 2673 593 3779 541 170 2328 540 5132 2629 2482 1818 940
11695 1398 1945 1176 440 2098
11696 66 3652 5221 253 5356 541 701 728 4918 2156 4157 4196 3133 30 953 167 5159 2909 4866 4920 633 588 687 1418
11697 636 2058 1834 1966 1160 3276 294
11698 1761 4000 626 24 633
11699 650 432 2720 2203 353 1880 620 2955
11700 934 2729 5468 1427 2512 3090 3421 1368 297 4699 3095
11701 2922 271 89 4093 428 284 1049 2364 2894 332 6346 817
11702 4152 2890 3920 3830 881 2587 651
11703 1786 2512 4008 5183 5882
11704 1639 2051 1627 3486 4840
11705 6005 1604 1717 242 817 742
11706 5921 821 1177 349 1788 4343 3013 1976 4674 3196 6909 1268
11707 594 2419 1178 493 1554 3028 5242 353 5657 5581 174 4352
11708 1347 14 26 959 1202 616 4180
11709 3347 5179 332 517 1587 1340 3007 863 3082 2058 2883 6067 417 2657 79 1398 2168 4112 3991 4111 2860 3728 311 172 6645 1939
11710 34 269 506 5846 6770 1989 132 1847 1631 5218 2851
11711 2686 1485 298 3863 2974 958 2190
11712 13 1008 2215 1944 3944 6122 4227 6322 34
11713 2047 4761 400 3322 321 336
11714 3030 1762 1392 859 435 1984 4172 1713 3453 1069 666 1586
11715 3261 390 5027 6517 5516
11716 1504 3242 114 5098 6803 2673 5748
11717 6296 3225 493 722 2885 4791 2419 114 217 2130 1558 1589 227 269 631 2020 1069 2539 1741 3881
11718 271 1493 3723 1680 3697
11719 3528 6336 6843 2878 5859
11720 1312 2792 7 4035 2518
11721 3851 2033 264 1857 1292 6546
11722 5767 151 1730 89 1353 4881
11723 297 687 1610 298 5532 276 409
11724 297 1604 644 5059 519 6598 1192 171 2247 793 118
11725 2290 4152 1658 476 297 268 4433 5899 7007 5841 2842 2143 1
11726 2354 297 5332 39 5153
11727 5960 509 1006 576 3074 4705
11728 1224 367 5965 1056 3622 2829 3943 1966 2768 687 5242 152 19 663 1303 723 2629 763 1549 701 3117 4132 1055 1069 3172 841
11729 895 3043 5296 1068 714 4396
11730 1462 353 2773 409 3609
11731 1195 4892 1150 4705 152 1662 5527 4400
11732 3938 3895 1057 1187 1816
11733 1026 2057 156 1433 4634 1178
11734 3504 1699 3118 1444 41 3912 1192 937 569
11735 1367 5179 2057 6426 1013 2870 549
11736 2343 365 6792 2535 5807 1598
11737 6889 2329 622 757 1775 2714
11738 1416 2905 2887 701 408 4935 2587
11739 4546 1078 2297 1633 3201 1727 6215 2357 784
11740 359 720 96 3943 758 1525 151 1040 2518 3675 2344 656
11741 2337 911 7002 5397 2566
11742 5261 1754 2484 1582 149 2420 3852 1111
11743 763 311 248 152 740 87
11744 1029 1762 52 309 420
11745 2926 729 7014 5391 977 2031 1241
11746 1112 186 757 2935 3415 2693
11747 1875 4604 2419 5287 1561 119 76 107 1919 3402 701 1932 5179
11748 3541 4644 556 245 4677
11749 3684 918 480 5038 1069
11750 712 558 1611 5899 2625
11751 1978 6409 3819 5210 2968
11752 546 1076 2733 4428 587 4659 2972 1184 1081 1082 2735 1063 18 6389 2973 1095 3664 4461 5434
11753 2900 1398 588 1270 434 6513 888 2693
11754 2901 4309 4872 3828 2138
11755 79 2136 1359 3293 6346 111 3737
11756 2987 3412 3617 2223 4348 2380 89 2754 6288
11757 1286 170 4989 260 1924 2215 564
11758 1809 5210 359 5225 3408
11759 5544 6598 1 186 493 1136
11760 5477 3727 900 998 416 794 2030
11761 1764 1468 152 1516 390 7 1143
11762 722 631 554 2140 6263 114
11763 859 1951 266 821 6223 1056 1200 1628 1917 2267
11764 918 3092 5415 1290 5132
11765 881 3877 220 3431 987 331 406 583 4710
11766 1147 1930 998 1990 89 325
11767 179 541 904 2281 655 1402 841 2937
11768 97 1406 152 84 174 4097 6984
11769 925 3867 151 293 511 2407 4041 4874 191 1265 4220 1197 2003 1949 714 588 422 1069 5245 4849 13 171
11770 397 3665 1113 742 2729 4191 1079 3646 53 131 2568
11771 1292 6198 1396 5235 114 924 536 4023 2452 7004
11772 6260 7017 2868 3699 3096 96 2145 1579 2740 713 6568 75 1271 2638 672 3706 2084 4118 5547 2147 5254 1427 1272 3358 1592 948 6593 554 3848 6728 4491 169 3068 171 6190
11773 4412 45 3314 691 5954
11774 1639 535 1467 410 1432 3270 38 842 247
11775 6358 150 2167 930 2981 2082 693 989
11776 401 6872 3108 6155 153
11777 36 687 6908 1985 629 1312 3841 4024 2375 2344 6299 3990
11778 1390 439 3919 2259 3421
11779 905 114 36 930 824 409
11780 473 1142 1376 1416 3839 6207
11781 668 3361 1874 5476 3216
11782 448 980 930 4608 4810
11783 4104 2146 4879 6883 833
11784 4594 3801 476 737 6848 720
11785 1516 2657 3082 221 4329 1144
11786 81 600 2459 1176 152 1634 1298 2502 117 376 2784 550 3728 4547 3825 905
11787 3362 2346 1786 317 529 3545 5813 282 276 150 298 85 1209 836 3527
11788 4226 1297 409 1161 2892 873 950 288
11789 1342 5441 2457 3632 2145
11790 1939 740 775 174 6390 2588
11791 662 443 4695 4110 4419
11792 5971 1705 2600 1729 2442 315
11793 274 6445 3055 2994 53 6333 5117 5421
11794 4921 637 1416 1387 6439 3510
11795 1037 68 1192 3133 291
11796 886 2656 298 2897 3289 1508
11797 1358 2557 1530 195 809
11798 2134 1138 5668 5443 3929
11799 3434 1725 3466 811 1398 6713 845 1634 1160 1315 2863 2681 2481 3635
11800 3303 152 1691 2651 2475 3548 326 665 6157 1767 2490
11801 2051 274 1503 814 2530 3569 4721 52 4789 1364 845
11802 1110 1449 446 6206 1504 1008 6438 2675
11803 86 87 4341 6981 1418 5868 775 4050 630 4254 5786 2840 6772 201 25
11804 432 1630 1708 4295 221 1910
11805 621 2543 273 945 3456 1202 1415 69
11806 930 221 7 2598 784
11807 1966 6136 1057 186 1243 701 1856
11808 5081 476 6498 1298 1969
11809 1939 1384 293 6989 813 1353
11810 242 2451 3503 66 4058 1629 37 4800 6470 4619 5420
11811 297 3671 1836 3121 1329 88 1912
11812 1932 1949 2518 681 9 3904
11813 1966 742 2114 3209 409
11814 179 331 1385 1503 2141 749
11815 1147 6447 2557 325 428 6240 3113
11816 366 2253 873 2156 590 225 856
11817 938 2533 234 361 4020 229
11818 268 1757 583 179 5792 4079 2110 357 3873 171
11819 2699 2518 5301 4492 2171 3580
11820 2145 4835 4368 1501 2140 4136
11821 1510 3216 3891 2108 87
11822 243 3013 893 1452 2355
11823 2135 2134 297 2086 5069 173 2046 416 2338
11824 2146 1013 636 257 3590 1720
11825 1626 760 2524 1582 1390 4306 791 405
11826 504 1022 1987 617 2264 6089 1192 3100 239 881 290
11827 3358 621 2919 6138 817 2620
11828 488 2657 554 908 5878 1995 3314 5024 191 592 6805
11829 6436 3310 5656 3585 635 5546 5720 4237
11830 2847 1433 1783 930 4478
11831 432 67 3077 220 4191
11832 1951 3210 2071 1711 847 4153 2856
11833 701 2933 1390 1051 1845 4294 621 87 775 4189 2945 151 1351 487 89 353 331 152 588 2141 357 153 823 4565 4293 659
11834 5021 2521 945 2991 43 2076 1587 6517 1068 957 432 816 24 1172 186 114 5087 701 339 1351
11835 5631 440 1678 254 3233 895 803 2231 5134 592 6300 151 4935 2030
11836 1467 2640 1545 1144 6356 4717 1090 883 3668
11837 4474 6789 1485 715 4903 1348 4719
11838 2509 1589 1455 1456 1287 1631 239
11839 3517 440 2098 4214 2536
11840 10 1034 2508 3470 2509 517 5567 6629 329 317 288
11841 666 3242 2262 3726 1557
11842 1707 930 5238 945 1067 596 480 940 108 2037 3960 752 583 4771
11843 447 293 1474 2154 6244 723 191 694
11844 128 5278 1018 1853 3762
11845 1167 2414 3459 5933 2156
11846 5225 316 247 712 5059
11847 2756 3261 1398 390 1831 558 36 26
11848 2354 493 998 88 583 119 4445 5153 5855
11849 2354 987 1914 2372 84
11850 888 5694 832 1193 661 1498 1891 4317 3100 5389
11851 1951 4365 3492 554 5533 482 328 13 367 1222 6256 1108 169
11852 3042 248 2757 428 918
11853 589 96 2143 2214 124 2740 619 114 53 889 5314 3869 1563 1453 1065 565
11854 583 1326 3737 6746 670 5768
11855 2047 2057 2229 4436 1055
11856 1419 6492 460 5042 1828
11857 297 1312 1796 2146 897 1013
11858 4885 546 729 848 179
11859 1008 3842 440 53 670
11860 1292 5630 6131 3858 1149
11861 4181 2647 2767 6594 3032
11862 1257 6416 2577 2338 926
11863 5166 128 179 1292 859 2657 775 3133 5006
11864 2774 5039 2946 2738 749 2464 316 6794
11865 2656 419 128 2657 1729 1771 1067
11866 1406 43 1026 5294 631 540 3825
11867 360 621 2339 2954 991 5334 1224
11868 5582 297 1008 276 96 1078
11869 297 3873 4100 1273 1703 3949 1337
11870 128 4806 390 2028 7 2170 2454 3773
11871 5159 1400 3923 401 4736
11872 2145 1943 3271 529 617 4256 1180 4701
11873 2262 876 2929 2843 2829 4894 1660 1661 1391 655 290 799 155 5108 3135 12 1265 1616 587 1671 5270
11874 5469 474 945 1005 753 811 2702 3695 1055 1040 1026 108 4449 2098 6437 563 1067 1468 532 3392 3314 245 85 6844 3013 4242
11875 2636 617 5193 24 1456 1646 1112
11876 2092 2860 2811 4188 1069
11877 1628 116 1564 2309 3444 69 6938
11878 1415 682 4444 793 521
11879 2769 5581 660 782 1745 35 1659 626 5955 1419 2901
11880 675 708 2941 1502 2374 139 3335
11881 6724 3158 69 2759 6783 3172 905 6135 852 1855 1067 546 331 151 1202 3208 128 443 1400 1979 254 920 4959 189 2417 617 1646 742
11882 1034 4831 473 1111 4495
11883 1347 915 3218 4304 1841 1179 526 4862 1771 1355 3594
11884 842 863 1185 5282 81
11885 2329 946 1286 675 841 3820 2009 901 6793
11886 81 3188 2946 5036 420 37 5925
11887 3042 1358 1038 3279 816 5317 3188 2308
11888 315 687 824 6468 5701
11889 2586 1392 1273 4199 1049 2847
11890 297 3483 666 4860 336 1411 2156 837 65
11891 152 589 67 3258 2457
11892 1165 3403 1397 3193 535 5677
11893 331 434 1342 740 4045
11894 4417 621 1587 3117 1400
11895 1460 2636 1315 3510 2034
11896 1639 6792 1237 2937 227
11897 524 525 2662 1072 3668 6027
11898 2457 68 102 1673 337 282
11899 740 653 6139 43 323
11900 3475 546 6847 549 667 6487
11901 298 1055 466 1418 1665 1584 612 5067 930 1582 629
11902 1313 930 3006 2244 4049 1711 1809 1069
11903 1551 3223 800 6442 307 276 1055 742
11904 6479 6393 2738 1495 2608
11905 529 3673 6378 3938 2291 280 4410
11906 268 1483 946 2408 486 2539 6688
11907 1844 3266 5919 3632 3850 1968
11908 1423 149 1626 2774 799 1166 731 245
11909 4890 1942 2270 1178 73 4164 5814 3994 4201 1558 4029 5197 2391 1783 29 3311 2090
11910 3967 627 1055 108 1153 76 1451 240
11911 1629 3352 930 1973 1290 1346 1879 2877 3528
11912 152 5380 762 3632 834 148
11913 5879 2482 1241 5314 1779
11914 2619 2311 958 2320 713 53
11915 1917 2193 744 5235 3894 2929 2935 758
11916 1603 297 4658 5508 1739 1553 1001 428
11917 5132 1964 6927 5484 5517
11918 311 389 4192 718 4522 2723
11919 120 4796 1061 1083 1090
11920 5324 5438 3150 2201 1758
11921 722 7002 6170 1801 1073
11922 6966 4846 909 509 510
11923 3556 37 3100 1485 1841 53 2393
11924 1402 5906 1199 5661 204 1297 557 4497 5483 1160 2233
11925 6128 5207 682 2960 1563 5884 1245 3390
11926 928 5358 1287 3281 6219 1783
11927 6323 893 1657 1836 740 959 2419
11928 5075 189 5292 4973 3476
11929 1587 5067 2273 862 876
11930 4716 2508 5431 1271 6315 6332 3721 1986 4397 565 298 304 3373 151 3801 3121 4924 1270 3488 428 6489
11931 1415 268 150 739 2456 24 171
11932 443 533 1187 164 5736 331 1683 2869 6424 5025 2584
11933 3600 961 3312 1008 1570
11934 1185 24 6595 5095 1034
11935 2757 3697 928 813 814
11936 5719 6859 651 826 4004 275 5329
11937 2943 108 3518 905 630 4294 881 1606 3500 4866
11938 3009 1411 2555 3232 3313 2632 1178
11939 361 3799 365 2535 2515
11940 1229 169 2836 1536 3736 847
11941 2074 1222 2173 22 4111 1819
11942 4922 1224 2193 446 506 691 3088 1040 2190 2314 2384 1166 842 5834 701 2436 4474 4389 1903 4387 2632 2690 44
11943 2533 245 2331 4477 1239
11944 268 816 3303 5036 240 1350 4268
11945 1131 6062 2785 1673 4748 687 5270 1169
11946 57 5566 3957 11 348 3693
11947 96 636 6540 1279 1087 765 1219 139 1828 836 147 3127
11948 1485 1176 5261 6519 1344 4961 2985 19 4382 2935 457 1557 297 3937 3583 2170 6441
11949 847 382 5222 298 652
11950 459 5299 771 506 2308 3818 824 1724 1272
11951 230 264 229 234 4247
11952 1485 1176 2808 5850 4328 1841 2436 603 5052 1281 6951 6760
11953 45 1151 1699 1698 1484 1029 3136 367 3564 1990 5173 2629 724 6928 4789
11954 596 930 359 357 813 2253 2273
11955 81 1072 556 492 542 3600 5551 6988 1087 6644 3916 1090 6652 1085 2208 6253 5804
11956 2729 1456 249 6983 416
11957 1948 2726 4484 4520 24
11958 221 263 2224 6719 5901 2673 918 3134 895 24 5316
11959 653 3598 3084 297 870 1507 2457 81 4398 432 1149 3271
11960 1179 3314 4624 4103 2044
11961 506 1398 781 1495 2715
11962 482 1679 2579 4546 3096 67 3434 1202 615 2017 575 1781 997 6334 309 2544 2228 1970 1385 324 1912 307 2456 595 3357
11963 57 9 1722 248 4180
11964 4290 356 382 4294 753 53 108 6638 5564 6303 959 6821
11965 3317 739 1055 10 2038 2200 2890 5592
11966 24 2471 476 816 4274 416 5510 1210
11967 1165 2746 972 2937 2484 1057
11968 276 1142 1137 474 811 280 297 2991
11969 10 3230 242 959 247
11970 10 749 787 1783 1370 3791
11971 2721 2014 173 2659 452 4347 4608
11972 2950 3853 2414 739 4312 85 2200 4325
11973 53 749 5683 79 626
11974 150 3752 1318 1072 1841 1003 1467 1059 2733 1469 3646 1091 1283 1279 1102 5750
11975 708 245 1642 4081 4303
11976 1001 3658 353 3657 597
11977 4395 1516 3683 3728 1071 3520
11978 840 4417 2533 263 3806 6895 939 186 114
11979 36 164 151 1483 5576 4665 5036 174
11980 2313 1971 3634 2242 4628
11981 5471 5072 1224 753 10 98 1727 2098 1438 3114
11982 6768 389 5954 3049 4062 3967 2044 3520 2140
11983 2992 277 1662 3586 1071 69 529 1352 1762 259 1295 5124 1370
11984 6979 297 2927 1057 1353 1877
11985 3499 4247 1872 1014 1897
11986 60 62 3480 114 2829 1008
11987 275 2298 676 5728 1149 2632 681 1757 588 3769 1065
11988 366 821 3159 76 816 5326 302 3002 4871 4084
11989 3553 2533 229 1896 685 4031
11990 5980 899 473 2790 217
11991 1801 1851 627 1495 809 1816
11992 1396 6170 4368 2413 3148 2657 169 937 823 1091 3036 3746
11993 663 889 6388 126 1032
11994 1038 557 389 1697 4567 1510 749 803
11995 2338 3357 170 4053 24
11996 2013 6864 430 2436 80
11997 3098 1390 5100 2856 2693 5473 3955
11998 6040 482 4267 4316 104 1783
11999 5044 839 6785 81 1026 1646
12000 763 183 2110 1494 740
12001 3347 1104 89 5557 5629
12002 327 821 2775 5285 2310 378
12003 179 2983 1767 1611 2212
12004 4001 6545 1469 36 6549
12005 1631 1071 2530 282 359 153
12006 1297 248 4171 47 1662
12007 3046 1467 4835 2814 1080
12008 2654 2533 1847 3964 5370 4671 4417
12009 153 1022 209 4112 666
12010 744 735 2468 3151 170 106 174 2598 271 930 1601 1783 876 5539 5865 452 138 1160 1354 768 3116
12011 78 80 1269 158 3624 900
12012 150 1729 2629 2433 555 1168 5086
12013 466 989 877 1411 5424 1806 408
12014 4485 1584 1711 2561 166 2020 1067 1966 2348 354
12015 3266 733 4351 857 446
12016 4210 156 768 2276 2373 2860 2309
12017 2937 916 3133 297 223
12018 3541 2212 6479 1719 6258 5410
12019 2756 53 541 522 681
12020 763 6883 1962 2286 1935 174 146
12021 816 1816 841 6517 1337
12022 4646 4411 2076 6180 817
12023 4112 20 3283 174 146 152 1241 836
12024 331 297 151 152 4806 86 1881 87 3510 153 174
12025 2100 227 1628 254 2561 2919
12026 687 1841 170 909 832 6793 3358 1185 1298
12027 6895 229 2706 1224 3011
12028 5997 3518 5443 1012 6595 4571 3132
12029 4884 639 6948 2491 2164 1782 4702 930 1157 809 2803
12030 5634 1361 861 150 4675
12031 4953 1969 1678 1045 451 723 3455 3198 837
12032 821 37 626 1749 5361 3600 2008 53 4375 1541
12033 1456 257 5390 783 2173 3819 2263 663 5629 4263 3949 4864
12034 2935 5875 3104 3916 6957
12035 2050 1149 1592 1380 948 740 506 357 24
12036 4389 1076 4458 2733 3602 944 4428 139
12037 1624 152 3325 893 3659
12038 6247 152 6220 473 4942
12039 2037 76 881 3463 244
12040 1273 2576 3841 1178 1432
12041 4925 3655 254 1411 781 227
12042 158 3540 1507 3873 3848
12043 309 276 1841 1718 2588 1292
12044 3555 1200 53 3497 5285 2985 1120 2455
12045 687 1551 323 89 1601 721 4755 1631
12046 79 5072 6328 6145 6990
12047 6619 4803 6910 3308 1486 3828 670 803 3545 3504 4801
12048 2354 1847 108 474 2500
12049 1721 2796 6211 5767 1633 3077 5175 797 119 2470 6928
12050 3685 909 5678 135 1202 2981 174 1075 742 36 449 636 1473 4527 3600 5776
12051 451 5473 1055 2413 742 6727 5691
12052 743 6251 409 770 2756 3196
12053 4180 4878 1040 2454 1816 3144
12054 3362 179 2925 267 512 3974 6994 2194 1841 757
12055 2775 5882 6282 98 1365 897 1730
12056 1761 2468 81 3622 1771
12057 4133 186 2308 3283 617
12058 2897 3706 3592 5955 1520 64 6991 3594 2062 6562 1063 6687 6408
12059 1589 1455 6815 3897 5310 50 1587 1841 2490
12060 507 467 3880 1242 638 5818
12061 149 1398 5089 78 4503 4806 2291 3170
12062 4875 1406 3434 2219 5457 1697 6434
12063 4664 5946 1841 3529 476 767
12064 1266 729 751 2200 2144 120
12065 297 1949 1770 986 4503 4337 1446 3181 5349
12066 2656 390 3732 492 964 297
12067 6108 693 681 314 3420 2052
12068 276 6276 817 4813 3597 201 4188 542 1067 2629 151 3920 522 1628 171 139 81 416 535 1029 480 1531 4985 3397
12069 662 913 4411 1055 1396
12070 249 2778 5487 1494 69
12071 3035 1374 681 2909 227 447 7018
12072 53 108 1048 368 2632
12073 1764 317 243 309 648 1406 416 3850 5117
12074 612 2676 3441 170 5926 1356 3113 5960 5113 4040 3916 6317
12075 2311 3235 6395 3491 3676 249
12076 811 52 6062 4347 642 391 1845 4694 953 221 823 5564 4279 3121 6066 4294 6146 2568 3665 1285
12077 297 6035 1405 4140 115 5329
12078 612 153 146 2845 1130 1966 409 2723 687 636 2047 617 174
12079 635 3541 2039 406 3415 220
12080 859 1246 4631 4780 5855
12081 1412 323 959 3690 590 5459 3492 1176 447
12082 535 96 3135 6021 948 3545 2076 804 1262 1372 6853
12083 57 1399 2281 1889 583 953 396
12084 359 1026 1315 173 117
12085 5139 575 1781 1943 881
12086 6824 88 3891 120 565 3549 2247
12087 4340 6554 2749 739 2576 148 474
12088 4730 1176 3898 531 2075 6680 2174 179 79 816
12089 3417 356 655 2213 3123 3560 803
12090 229 2332 7006 6814 360 474
12091 1639 8 2030 138 1191
12092 474 179 1113 248 1312 349 1940 775 291 1334 3764 23 749 150 1011 5566 3133 566 1995 842 636 1178 85 1192 1172
12093 3042 1297 1187 2160 3730
12094 297 68 2842 5073 6412 1189 5840 2337
12095 57 3695 2096 108 1396 15
12096 652 1228 930 1508 3526 3375
12097 1285 1659 461 3625 2098 655 682 2073 5190 3869
12098 1823 624 3674 254 551
12099 515 3956 4485 2729 1943 309 1326 1434 203 909 6877 1020 5237
12100 4059 85 2312 3021 1973 1453 694 171
12101 988 1761 356 1038 153
12102 239 359 3611 2590 114 1487 701
12103 1699 319 83 409 3868
12104 259 275 2810 5458 1277 2812 4461 3221
12105 5871 535 1329 3280 1287 100 4384 3339 19 87 829 636 6665 1429
12106 612 73 1176 1549 4575
12107 946 79 2022 2174 1316
12108 5323 763 1555 584 4112 480 5318 1337 621
12109 4530 3852 817 2814 154 151 4085 1070 3778 3134 3016 918 257 3605
12110 576 757 2406 893 1008 193
12111 1202 1339 2859 674 1050 5074 24 4211 2975
12112 474 353 584 905 5564
12113 665 2291 122 757 2632 1418
12114 918 1851 1013 3781 3782
12115 4511 1052 2173 331 1326 3959 3861 742
12116 6086 3754 1687 359 493 999 3440 4843 1400 3960
12117 886 1038 4992 761 4369
12118 3277 902 7019 636 681
12119 5252 5308 4182 4362 963 6504
12120 5144 432 2569 924 2570 356 985 2603 2057 1830
12121 621 811 841 1067 7020 4250 6952 269 128 5785 1946 721 6550 5159 2889 1798 5779 81 3294 186
12122 2273 5811 4649 4267 2786 2759
12123 152 2419 612 2034 174 740 5732
12124 3995 1359 4603 711 1069 6699 2013 280
12125 3030 2100 1022 3756 470 1767
12126 3943 4940 1606 2148 1241 1977
12127 3608 612 860 317 644
12128 1764 1208 1468 19 4484 2529 3539 988 53 108 2238
12129 1443 2139 1365 7 77
12130 1145 897 32 1650 2169
12131 2028 513 2253 52 3707
12132 2393 1696 1310 5068 876 69
12133 655 1962 1563 3760 3093 2962 1932
12134 2706 6813 360 4504 229
12135 289 957 2883 416 2811 5699
12136 4743 3093 859 1504 172 681 3173
12137 4309 305 2910 221 3988
12138 3764 43 2096 1494 4872 5761 1752 4320 2040 1193
12139 6634 26 6973 583 1048 4765 5254 227 447 1202 3276 54 2419 1508 5457 3042 2693 2242
12140 764 5501 2076 4164 1744 420
12141 404 3498 331 199 392 2134 2841 900 2752 339
12142 5555 945 1003 416 2884
12143 4183 6553 293 1694 790
12144 268 523 6576 2927 5476
12145 1188 453 4771 2424 2536 2604
12146 6616 6096 6488 4439 1843 1830
12147 1867 182 4504 3976 2709 228 6029 4951
12148 473 1350 163 991 1914 5843 3133 3504 720
12149 629 152 2572 3151 220
12150 5429 56 6772 24 1828 3912 3720 1444
12151 1055 4520 1026 1763 5859 768
12152 4131 423 1476 1105 4192
12153 5313 2670 1008 6145 1208 930 1231 3036 3342 154
12154 987 5132 3540 52 1729 3291 331 1332 443 1762 3068
12155 876 2599 4474 1378 6960
12156 5520 621 1347 3314 1729
12157 626 1681 4544 2037 962 4962 486 5222 2060
12158 3205 6164 2078 4757 5628 27
12159 749 871 2229 179 4711 654 5728 257 2338
12160 150 3905 2518 2929 5332
12161 893 2569 3159 6956 3134
12162 2136 1471 2775 814 1210 108 895 1758
12163 2196 27 2982 5494 3874 976 473
12164 6292 4070 20 3674 3653 245 2156
12165 5353 732 4820 69 4872 629 895 336 2215 3611
12166 1859 45 740 1577 174 428
12167 221 1287 89 989 1100 1094
12168 406 4835 4563 2433 5447 3842 2561 6502 3133 131 1078
12169 4171 1347 5530 4424 6035 5676 10 2125
12170 884 4200 576 806 1381
12171 356 3593 5928 3606 2323 469 315 6852 2825 2835 1476 5068
12172 4511 420 2873 4029 155
12173 5064 3647 1456 2531 6151 186 2813 5856 588 423 7021 1557
12174 1890 3933 2034 2538 999 2363
12175 2851 927 1784 714 3180
12176 2633 2454 1643 71 1362 1433
12177 2277 1577 223 390 114 511 1630
12178 474 2679 2654 2534 3661
12179 6291 824 636 1234 6716
12180 122 464 3133 169 3323
12181 1624 2136 821 3126 481 2563 5324
12182 5867 5605 371 1071 1072 918 6196 941 3728 1771 3048 1078 1978 298 2592 12 603 18 1090 1084 2595 609 4898 1523
12183 2706 4952 1624 524 1841
12184 81 417 1287 3738 5121 2247
12185 1347 925 1587 3653 1628 1665 4307
12186 668 713 895 757 1246
12187 463 2841 4000 2552 5134
12188 1761 482 1997 1979 5384 932 5391
12189 6960 315 1977 881 4309 6057 84 818 3255 2013 1211 2445 2030 4255
12190 5839 5731 1046 4644 446 3291 3280 574 2298
12191 248 1640 4267 816 3134 712 998 2148 1202 2894 1733
12192 1931 2570 5009 351 1831
12193 1810 802 1631 297 876 452 979 221 2139 1741 3134
12194 2483 1270 4796 5656 1705 6829
12195 69 88 2508 479 1484 3765
12196 1055 5116 5364 1653 6655 5988 621 1342 373 5859
12197 1390 1140 833 2286 4759 592 138 3 2285
12198 305 493 1359 1836 1514 3357 742 1656
12199 115 3140 4402 146 504
12200 5839 6056 1549 5061 4288
12201 1347 77 1185 943 6258 4489
12202 6145 6658 836 5085 1989
12203 5923 5150 7 901 853 1419 1839 6898
12204 6061 2359 179 3552 2342 2533 149 6934 6671
12205 3090 2509 2314 6947 5983
12206 946 2194 2223 3979 2929 4882
12207 6462 3225 336 268 3957
12208 5176 4817 968 969 1067 6541 3549
12209 876 19 663 4323 176
12210 2662 627 476 4062 367 420
12211 5765 6750 69 5251 6609 745
12212 6108 1371 764 687 6248
12213 280 991 3943 4053 2057
12214 1579 501 86 70 5050
12215 1473 6250 1610 2220 1193 1591
12216 1148 1924 164 2096 2146 439 909 452 1143 3606 171
12217 5969 1836 1969 492 3639
12218 1029 2676 6568 1396 1810 4006
12219 3136 1699 3492 681 1287 682 1364 2189
12220 143 4729 2112 235 1973 108 3054 445 154 658 3470 2249 1445 6569 821 1153 3574 989 139 1728 144 655 7
12221 5399 3887 3293 3762 3290
12222 53 5765 826 761 6609
12223 10 3386 901 6538 1008 2987 6384
12224 274 1731 764 740 6446 5723 108 555 6749
12225 2357 3452 480 930 152 1435 2156 2775 4824 288
12226 749 5002 96 988 3054 6689 1631 7 81 114 2122 6958 16 1433
12227 5143 1843 4005 237 2320 1052 3678 217 4951 713 5937 2225 5815 2019
12228 5137 2756 548 3068 987 3469 635 156 4841
12229 1451 1286 3007 2542 10
12230 523 1773 5028 2592 6863
12231 506 1973 336 1149 471 4006 2147 542 6454 6342 1941 888
12232 100 3188 3631 85 4818 4398 1365 3504 4097 687 1606 809
12233 1701 1485 297 488 3956 4485 1603 629 487 1411
12234 1613 1683 120 4821 2404 705 4517 3287 2825 259
12235 1297 1165 557 930 312
12236 1033 1039 6046 6362 280 2841 2027 551 1113 912 5563 1026
12237 997 85 1 934 5694 57 2804 3448 902 4962 1178 2990 2164 4781
12238 939 187 757 5949 6462
12239 476 1662 5801 1459 4325 79 6920 177
12240 2874 1851 3223 3975 42
12241 6479 100 532 1347 4264 3779 2393 1208 976 336 4854
12242 457 114 1176 409 77 2622
12243 3268 2467 5908 1160 615 489
12244 5631 2504 1985 1224 1831
12245 1008 5756 68 1229 2011 3212
12246 2662 1468 2436 1078 789 587 280 4123 1082
12247 3550 232 2706 2654 4728 547 946 268
12248 1942 2785 2360 593 1149 2657 48 3038
12249 4990 3685 11 583 836
12250 4522 2210 2420 52 223 154 592 833 139 127 1271 1046 399 3196 1889 111
12251 271 672 792 2920 1435 6744 4192 257 687 1069 3969 694 4510
12252 886 3942 1696 823 833 589 592
12253 1582 179 1777 6952 5284 745 2524 1768 6878 108 6919 1620 2616 1227 1456 1410 2273 4961
12254 449 752 2742 4243 3490 506
12255 948 389 749 4141 5121
12256 749 1398 426 541 1136 2328
12257 2999 3856 349 742 1979 3510
12258 432 1621 1402 114 1410 687 1267 3779 4555 473 2033
12259 1037 3595 1196 6046 5179 1810 2076 276 6171 682 981 3641 4463 1935
12260 739 164 152 1604 1730 166
12261 987 267 298 6857 4081 309
12262 4831 1380 6099 2819 1254
12263 68 2928 2588 1540 1877
12264 3661 1663 1266 303 1800 560
12265 826 3744 1149 2520 2370
12266 1055 3590 5101 6344 2893 6706
12267 3704 627 550 4241 6487 249 4422
12268 1348 930 3570 5944 2591 114 1040 878 156
12269 517 2165 24 519 111
12270 267 476 2991 4016 631
12271 264 826 245 1447 114 3917
12272 5257 1883 6314 1017 4527 4719 1158
12273 662 2784 108 2676 4343 1260 3003 1273 841 852 492 2239 1995 826 4063 1251 5899 1841 53 814 1510 2215 1295 718 3754 1933 297 242 221 5012
12274 140 742 317 1359 390 206 1763 837 3233 1756 815
12275 621 128 1271 916 2038 5630
12276 7010 712 3035 6840 23 280 1381 3910 174 61 3733 3134 6415 4657 1011 3288 1384 6365 2971
12277 899 600 3227 677 1315 4633 6173 786 49 763 294 3881 590 4261 1691 2610 640 6635 6746 3024
12278 867 994 154 139 729 1026
12279 1416 1329 1444 3372 391
12280 1273 722 631 6976 1614 1045 6313 1365 3842 1755
12281 114 66 5664 297 516 590 1631 6249 2357 156 191 948 837 68 3198
12282 2361 621 739 859 811 1696 5154 3540 5952 78 1662
12283 559 1329 517 6756 6441
12284 4899 841 2234 6954 4529
12285 3821 1889 835 300 3851 4023 41 6098
12286 596 426 6710 3467 631 1271 1628 3294 85 816 2786 2529 1494 6977 186 5776 941 1460 4246 4614 3338 4346 663 1455 146 2156
12287 1484 1684 1844 2607 5486 6922 6833
12288 1116 4976 918 3357 515 78
12289 2490 2982 1815 3812 820 5107
12290 2113 2408 5222 2968 3031
12291 955 84 132 2883 5997 2165 2581 6432 2070 81
12292 6305 1501 650 5603 5234
12293 3499 2096 128 108 693 2928 309 6134 2909 6581 439 2564 623
12294 1113 271 1516 1387 2233 2935 2242
12295 2457 268 2937 422 206 2233 4436 4330
12296 713 1008 3841 5133 1347 5325 3314 1398 2586 2110 930 1342 6343 5823 143 108 87 10 813 6355 1018 6828 131 469 4695 25
12297 3681 5643 1307 6584 1447
12298 2605 1372 6350 45 3259 775 5886
12299 45 2112 4581 5663 5382
12300 4983 151 3433 108 1577 2393 655 2139 644 1148 6481 1836 3690 2373 1997 952 4200 1932 781 3041 259 4319 2989
12301 268 930 4669 1484 845 3039
12302 1342 3015 6896 2116 3347 4406 2993 2922 76
12303 359 5971 307 859 1601
12304 6410 2967 1078 1076 137 1061 587 4531 17 280 1081 1090 4661 5053 604 1692 607 608 1431 5804 1283 3668 3982 482
12305 1032 5742 6838 3522 4133 4108
12306 5345 930 1948 4520 293 948 691 2008 535 6967
12307 5587 3784 4343 4416 609
12308 5075 1467 275 5133 1425 3086
12309 681 4632 3571 5045 341
12310 1165 319 5499 744 4484 5541
12311 229 2104 2706 360 474
12312 4192 1691 3873 855 773
12313 1998 274 271 151 152 10 814 1287 390 5707 2757 473 357 104 439 5697 1987 1610 1551 1149 6722 2306 2242
12314 1008 4701 5711 2030 617 1932
12315 164 1176 2776 146 483
12316 1795 2958 948 2775 1550 2471
12317 575 1260 1974 439 1900 3261 1526 1492
12318 132 2140 1688 2519 293 5147 3066 347
12319 267 226 307 420 298
12320 2632 114 326 2384 1008
12321 163 1332 1333 54 1777
12322 1890 710 1412 2143 3249
12323 1650 356 314 901 3173 275 4967
12324 2414 2656 821 775 522 2892 4054 3894 1343 6512 68 6651 254
12325 2024 2317 2608 6028 1570 6987 2997 628 1616 1074 1819 583 5733
12326 143 2363 391 1088 5095
12327 3675 4653 839 290 2020
12328 2847 4797 1498 2599 3114
12329 2146 3125 269 2357 3040
12330 6115 3042 787 1334 1298
12331 1417 311 2505 174 7018 2069 7004 3508
12332 1620 80 186 1444 3574 3133 78 259 1807
12333 1844 2934 1721 406 359 959
12334 621 5421 6138 2866 6818 652 1783
12335 557 1365 941 109 1503 487
12336 432 2518 575 904 847 2575 3495
12337 274 3967 4062 1267 5741 511 2516 1729 1137
12338 297 2201 1782 3411 510
12339 108 6155 7 420 3397
12340 6690 1890 3904 3555 2047 4575
12341 1402 558 5967 10 1048 282 2703
12342 114 476 305 3922 443 1117
12343 179 826 128 440 3580 997 170 4533 627 814 909 2980
12344 2313 1775 4082 976 1402
12345 459 1765 221 2500 3407 5103 5289
12346 749 2585 476 6735 821 314 959 169 7 1340 479 416 3707 2367
12347 81 2500 5791 2220 1604 1834
12348 5418 5061 499 860 1998 267
12349 2842 876 2172 2390 246 4675
12350 5576 5575 2156 2104 4377 6213 506 2200
12351 1035 1057 1114 1995 2826 127 4185
12352 3358 25 138 6843 1925 6666
12353 2928 5148 657 1900 4704 811 1752
12354 1891 1298 10 589 221 1211
12355 4065 6454 901 4792 1365 961 895 141 1040
12356 5735 3465 2418 3658 3713 472 2055 6210
12357 6070 1836 2636 1178 836 577 2484 6848
12358 1762 4157 249 3502 171
12359 2901 2258 2584 79 6114 3927 5392 6696 4964
12360 2657 687 1776 108 2375 191
12361 1998 742 317 151 594 10 3537 1312 1326
12362 2895 432 2720 2233 389
12363 149 186 5961 5186 200 6211 636 3111
12364 3920 1045 3463 5153 6517 1785 612 1215
12365 993 274 558 1202 2094 53 1246 6277 55 432
12366 1757 3455 2582 1026 1610 310
12367 1236 2077 663 253 27
12368 789 22 1079 1061 1090 131 3646 1279 5053 1064 609 5339 3051 1431 1282 1284
12369 1067 2937 2630 986 912 597 773 6855 6067
12370 1888 2885 916 814 681
12371 6948 662 5439 4622 5530
12372 2030 227 1962 2253 6259 415
12373 2193 507 763 714 1235 2191
12374 1390 66 424 4398 2242
12375 4152 1624 1551 10 847 1390
12376 6936 512 276 1548 1197
12377 1352 5723 317 2133 298 493 5624 550 6187 6968 681 2076 4199 1826 3720 1976 5025 6318 2064 3912 764 1890 1711 1067 2160 1149 2768 151 6114 6167 2110 1241 980 1997 1852 4667 6659 2875 6973 1888 2357 668 617
12378 144 2140 4367 1799 1020
12379 2755 5781 1571 89 3000 3330
12380 150 4709 809 432 4656 288
12381 1369 296 2412 4683 6056
12382 34 1511 2937 5401 3203 4310
12383 6367 2579 144 89 411 3376 6655 1287 937 5153 5180
12384 3988 227 558 5367 2685 572 4701
12385 1067 2629 276 480 758 243
12386 2592 1083 6823 1184 6764 1095 3648 609
12387 627 617 1646 829 428 892 155 4586 1219 794 2980 638
12388 276 859 5939 5138 69 4998
12389 2934 2553 5137 353 4829 506 6353
12390 7012 1018 495 3123 4632 6809
12391 3425 1214 1570 979 1122
12392 367 2993 992 5225 248 5645 4366 4718 3061 2310 742 1058
12393 2636 4053 3603 2618 794
12394 1142 2414 745 4186 1231 5525 2200 3927 3177 199
12395 2401 2227 1696 4692 4123
12396 1417 514 2204 3323 416
12397 3185 4670 3864 5935 5821
12398 493 473 4453 3729 3169 3266
12399 3358 1495 1782 4634 3339 976 1068
12400 991 1701 668 1829 164
12401 3240 52 1754 3062 5888
12402 910 693 1347 5999 2909
12403 2545 687 3587 5718 5719 1200 3409 429 6859
12404 1870 1039 5695 1137 492 1038 987 1839 6070 5937 2451 1540 6014 4917 5497 5405 856
12405 4514 1379 805 259 4463 3334 6489
12406 2934 2900 6249 849 1656 6377 3564 2236 6333
12407 1575 96 268 639 3054 6058
12408 4378 81 2590 5066 1478 2878
12409 426 100 1467 1711 5011
12410 5490 1443 5541 324 2752 680
12411 2746 1485 1934 1271 4533 6479 6292 4104 5414 2729 73 3815 6239 2087 2649 6189 4037 4929 1632 172 109
12412 96 1930 5954 2078 5445 85 2636 4935 6492 4750 446 5820 2309
12413 2104 6619 321 6666 172 6493 2745 436 1775
12414 5501 48 5167 969 1443 5730 2084 89 2357
12415 1485 4097 2598 227 894 637 4936
12416 1140 2573 5557 2614 2201 2975 4228 817 811 407
12417 5122 5347 2870 2174 417 3451 1577
12418 1224 221 474 179 1847 1297 1034 297 245 3957 152 19 68 493
12419 2017 1625 268 1272 297 834 525 927 742 77 406 1433
12420 523 2620 5627 1072 1425 4011 17 587 1090 4966 1184 491 5802 4661 2377 4170 1095 1429 1094 1907 1091 604 2594 605 3980 609 1431 5007 4087 3648 4281 3668 6027 5412
12421 1927 113 576 189 3583 2557 104 449
12422 2267 712 4787 888 2172
12423 3972 1112 768 2929 4893
12424 1424 1078 4428 3662 5796 4170 2568 2525
12425 5535 4201 1771 1832 5149 4530 1054 4428
12426 67 2251 19 740 6094
12427 1634 268 108 5188 2923 257
12428 52 3386 6365 3761 462 637
12429 841 2748 1997 153 1631 1433
12430 2632 34 2383 486 44
12431 297 1202 85 221 481 1812 3134 107 1587 293 1973 4591 2257 6008 817 4196 1363
12432 2302 1847 2795 227 5114 876 1404 3313 1069 336 1026 6193 870
12433 34 2533 2699 3864 1183 298 2210 4922 940 6471
12434 199 4078 1295 166 114 297 729 2875 816 6727 7022 245 152 200 4061 1739 961 4118 171 636 179 783 3678 4112 949
12435 6572 1781 1329 5069 3870
12436 1868 671 1165 86 6946 4533 3600
12437 2829 972 1178 3407 2608 2870
12438 1402 2420 3374 843 4805 6257
12439 1639 108 998 171 5859 2587
12440 4655 1646 4445 2883 817
12441 6227 1067 219 114 2257 2570 5487 2298
12442 2756 2736 1071 876 1631 1843 4253 1783 5367 2375
12443 5849 2263 142 2238 1369 870 980 742 336 4125
12444 3550 229 3377 264 2535 1780 3551 3987 938 3799 114
12445 2288 1557 68 3038 177
12446 271 2186 1453 1584 160
12447 885 2794 4814 68 6238 2190 1762 575
12448 6449 1891 1398 443 841 2281 1720 655 2805 542 173
12449 590 4513 1763 3214 81
12450 764 835 3569 1927 1993 1707 5859
12451 647 836 1942 366 4851 624 85 5226
12452 2140 150 859 406 517 1712 1530 1880 2825 294 595 1889
12453 2346 5306 166 4586 4349
12454 3428 3611 721 1209 5031
12455 1969 2545 5222 2123 3882 1402 833 768
12456 1297 423 1026 4910 1831 4726 7018
12457 1154 1452 2742 1438 3364
12458 1293 1678 242 310 4217 6170
12459 1036 62 871 826 5193 5335 2648
12460 3259 4713 2635 158 271 5872 1987 4325 2811 3287 2715 1487
12461 3801 1651 1592 875 1628 5208
12462 2311 6485 1412 1134 297 2190
12463 1287 89 4507 3388 3549 1482 845 571
12464 6632 713 4526 1847 1005 3080 836 596 889 2462 482 2657 2048 6505 6342 2075 4576
12465 1287 1444 341 4745 937
12466 3452 487 1836 963 4606 390 5687 5556 4784 164 173 347 1587 140 2098 3105 5374 2017 3482
12467 535 4606 1372 2561 1685 1432
12468 186 3951 1258 1838 1067 390
12469 6536 1775 2936 297 1419 1313 3078
12470 2354 144 1000 1003 416 5153 1889 1113
12471 474 4417 6590 179 186
12472 3714 5047 147 8 138 1385 1205
12473 2986 4767 842 2635 863 5282 2557 3008 1662 3337 104
12474 4508 6158 1734 430 391
12475 337 682 333 2808 4465 1038 4345 988 1825 2140 335 6315 3531 311 3930 601 6752 1469 4567 1088 26 886 1726 2377 2082 2595 3221 3534
12476 4173 2922 2188 1484 274 4403 4628 1237 2308 3097 4112 1163 2608
12477 276 1399 5178 684 1751 5543 57 3956 461 1137 683 2416 1029 264 297 6268 681 390 7
12478 3030 317 2925 596 297 164 798 1137
12479 114 1786 2629 1149 923 46 1389 47 75 723 2622
12480 1829 466 78 763 1224 687 367 1068 1474 1642 3061 7
12481 297 359 1966 1894 4081 248 1269 160 1406 517 3519 4386 1072 50 1003 2969 4251 2274 944 3115 120 4011 793 3662 4429 1081 1419 1990 89 7019 334 3049 4661 1492 1095 4600 1099 4780 1284 1526 3126 1279 1909 5805 1101 1103
12482 7002 6569 127 1003 1388
12483 359 227 297 68 1229 399 1435 636 672 2557 2570 1556 288 742 3295
12484 246 81 1315 1112 6054
12485 514 5287 1026 10 2435
12486 1891 1292 356 170 40 1013 2416 85 439 3728
12487 1891 762 1535 5531 4818 4740
12488 406 933 666 4 5523
12489 67 2992 5838 217 5788 3200
12490 5857 2903 5035 2860 3610 7003 793 9 6676 2669 3111 2528
12491 1058 2971 1469 12 4556 1277 1278 1184 1429 1906
12492 3515 337 2037 1833 1285 3216 1018 2165 3862 416 4217 5092 2426
12493 1176 1577 2892 976 53 2978
12494 4147 3030 108 1595 5263
12495 811 1414 152 740 1126 2813 506 1069
12496 6108 53 153 1013 5653 784 155
12497 463 276 152 2611 5322
12498 1165 122 687 1312 1883
12499 35 876 242 390 958 5168 1472 816 2144 909
12500 3828 1167 473 1841 556 1058 4093 5028 1106 2640 1730 927 2308 6281 1181 1080 4461
12501 5968 1626 292 2139 309 7 5009 6317 3 437 2723
12502 1038 1140 517 2509 2590 4054 4920
12503 1417 150 52 1889 1331 1398 583 81 3160
12504 763 3310 3824 577 582
12505 2988 475 1035 2156 998
12506 1459 666 1157 872 2935 257
12507 268 1067 482 2872 2147 6906 267 687 3314
12508 6538 2792 1038 837 969 4668 4586 1498 5944 6294
12509 149 816 1604 2872 4505
12510 1113 108 3784 348 247
12511 6819 1576 3259 6883 298 2899 3836 740
12512 2402 4765 153 665 2014 2574
12513 4132 5060 2372 1504 643 153
12514 377 1371 6539 945 268 868 2811 3592 154 179 236 221
12515 3261 1031 5369 2823 4288
12516 1699 6553 643 242 1463 439
12517 2226 2614 2821 1118 3488 2823
12518 33 4192 2779 3650 2801
12519 3042 3545 3961 173 1988 1163 1419 2572 2405 1755
12520 4147 1841 1003 2220 1072 1467 5596 1905 4661 5433 4087 1284 3086 3668 1279
12521 3967 5006 2259 3768 1298
12522 948 709 22 6569 6910
12523 5215 2135 5934 4067 6247 73 1534
12524 617 4619 5776 2588 3031 4967 3906
12525 432 729 328 681 1757 784
12526 2329 1847 5557 432 2224 1709
12527 742 2140 989 150 276 652 1471 2037 221 6351
12528 885 876 1008 1212 757 424 1508 3528 257 3920 2517 3457 1459
12529 4857 1924 4540 2291 2184
12530 5946 826 557 1868 81 989 1384
12531 1059 4835 542 4598 1089 1184 374
12532 6867 247 4892 4843 1553
12533 1526 1651 470 1506 6185
12534 3789 1767 311 298 367 6074 2229 1555 724 1001 3163 1243 2096 297 5606 757 186 1353 216 506 583
12535 2450 1542 432 1788 190 897 2883 156
12536 3377 1416 1347 266 745
12537 2434 3459 532 3225 1153 486 456 1645
12538 695 474 6033 132 1433
12539 3708 3988 3121 5186 791 1444 984 1411 3466
12540 6302 1829 1053 2943 89 1499 2775
12541 4664 1292 4508 6158 297 164 2100 1807 24 817 1954
12542 3898 6867 4093 6512 106 1388
12543 1396 1410 128 1991 4244 6897 4964
12544 5543 6158 3121 4231 1017 7003
12545 1891 1210 3592 2418 2466
12546 6796 3871 2947 456 515 153
12547 1630 817 43 841 589
12548 2267 6002 3717 4383 2272 809 626
12549 1149 1944 253 2861 109 4463 1922
12550 2162 1224 6319 1810 5137 356
12551 1288 1679 2393 3791 3570 2232 3295 1819
12552 5044 4705 2706 698 152 2927 599 588 1631 4055 4100 5863 2811
12553 1663 3956 1516 2357 870
12554 7 37 1143 2742 2200 4147
12555 2495 5786 1510 2614 5219 2013
12556 1379 1347 6544 3939 961 3103 2978 4157
12557 1836 1048 171 817 1066 1202 2344 892 1433
12558 2148 2482 1008 5054 3291 2084 3848 3342 3914 200 2252 1432 3022 2243
12559 763 447 1026 1069 3741
12560 2928 3752 1841 6196 1467 2967 2640 1144 4717 3646 1277 1429 4970
12561 4242 3660 1337 5043 6420 632 4920
12562 3036 834 2912 842 2636 15 1858 46
12563 3316 743 4152 1816 151 270 221 3714
12564 376 320 157 5335 1365
12565 1236 1265 2351 3032 1353 264 4921 1242 794 4391 2093
12566 1224 1176 811 729 53 3056 309 3569
12567 264 6940 265 179 1871
12568 1426 1587 1008 3038 3016 3611
12569 6788 81 410 6540 1737 3817 3276
12570 1764 1467 1396 5791 430 4896
12571 35 1691 758 5846 1390 354 2336 6788 3032 3297 443 3231
12572 6004 1185 98 655 1816
12573 2149 174 1040 1795 773
12574 3639 2385 1793 575 227 550 108 1711 655 1705 3601 989 3569 1100 1751 619 399
12575 4267 165 2328 414 1536 4317
12576 2728 10 877 297 76 1987 3344
12577 66 2899 1055 3171 10 1139 583 71 1855 4532 1149 367 1940 2286 173 5148 5102 1078 3660 152 1459 2501 5618 1229 809 206 139
12578 5833 2580 186 4410 1741 2073
12579 476 69 2657 87 989
12580 2135 803 2099 154 3270 817
12581 2083 1478 3109 3879 3339
12582 4664 1150 3586 5976 6918 5299
12583 576 655 406 711 2883 3276 1187
12584 271 3240 900 6773 487
12585 3652 3266 1140 2013 81 4884
12586 1984 593 476 1176 1055 3803 2776
12587 100 5515 447 5359 809 896
12588 1240 3362 4767 5335 1100
12589 2588 301 2688 539 1355 3479 3411
12590 150 68 3171 278 16 309 2598
12591 1837 268 2136 494 1237
12592 300 268 4198 2315 617 693 1782
12593 2912 1398 1697 2435 7 1003 695 164 1673 1202 2829 636 809 5428 161
12594 742 1419 1943 2029 1582 2964 1807
12595 1005 1176 69 630 2491 299 1841
12596 2308 78 816 391 2742
12597 2937 1329 2310 3136 1836
12598 2557 76 5420 4192 2344
12599 3463 2247 6638 1415 5675 4192 5095
12600 2463 221 3301 4765 675 4241 3255
12601 3944 2115 409 6997 1976 1406
12602 1067 655 1735 657 1076
12603 1577 1572 81 108 903 909 5997 306
12604 3591 6374 708 677 5590 594 2982
12605 3184 5935 186 1767 991
12606 1516 6284 1218 443 739
12607 5541 5983 4433 1484 5404 4789 4407 4559 91 5167 1806 3136 323 3111 76 2963 6332 2588
12608 2819 1032 1352 3115 929
12609 6164 316 410 2871 457
12610 4538 905 881 174 1635
12611 1045 2829 2717 1178 3574 593 617 294
12612 1254 3008 4888 77 2583 2172
12613 1347 4089 3515 1378 1614 897
12614 368 2826 734 2929 1070
12615 168 71 5327 6718 1783 3979 5270
12616 764 4563 1365 3764 331
12617 6893 742 144 2618 5410 415 4111 1004 816 3737
12618 3714 2010 6053 4920 826 66 476 876 52 6277 681 332 1507 6783 897 349 307 847 6694 781 1239 701
12619 600 6362 474 3907 905 152
12620 852 125 1371 3595 2556 1579 1841 1045 814 474 236 5217 1144
12621 2013 297 1886 1631 452
12622 229 3987 264 1896 2744 245 182
12623 1433 881 2890 511 794 5236
12624 268 1149 1501 4640 1891
12625 1147 267 958 2657 2419 1502 2165
12626 1272 143 1315 1763 174 399
12627 297 687 434 740 1555 2474 67
12628 1618 723 2890 3754 2618 169
12629 2676 909 4094 596 1474
12630 4112 2262 1156 1069 6307 1831
12631 1029 5386 2717 67 1767 2764 588
12632 476 79 2394 2328 1161
12633 365 6565 6043 2874 336 1118 227 2546 144 4112 1202 1579 4886 5159 1966 6608 2951 4261
12634 1634 1554 4580 5381 2917 2309 6753 6666 1273 6558
12635 2889 300 3919 3000 663 627 682 474 4045 3635
12636 337 680 1874 3165 1345 4468
12637 923 5525 636 75 2557 2082 2015 1675 2191 2673 6286 3017 3794 3458
12638 6185 3772 3039 4698 852
12639 1185 2140 1045 109 1071 5859 24 2202 5777 3792
12640 859 352 23 3327 674 3173
12641 5014 53 190 814 1048
12642 1663 6245 331 271 493
12643 1296 1501 6717 1644 5236 440 108 803 173 4 1250 1040 2581 2883 3196 1736 4340
12644 1795 519 492 2752 2155
12645 2756 791 2856 517 4262 6566
12646 662 85 6088 4820 4335 352 75 54 2608 1616
12647 389 2210 1036 493 167 131 2883 3764 5885 1365 6273 24 331
12648 901 108 349 480 290
12649 5612 2775 6630 6695 5453
12650 6373 6517 487 214 720 3397 1793
12651 1008 3922 4847 3819 1587 2509 701 297
12652 1000 1423 1785 68 4362 253 4133 221 4777
12653 6184 3375 319 1699 4001 1415 5321 1151 1460 681 1346
12654 311 864 997 2953 1153
12655 3448 3881 757 1453 5830
12656 2136 2809 2956 167 1844 53 171 1718
12657 4 149 2140 1298 948 2044 693 803 4532 3579 814 1361
12658 3758 264 1332 356 3632 2165 3133 105 1524 6440 1200
12659 4250 2388 3541 2317 4963
12660 81 859 2413 1951 3368 5283 472
12661 2901 1041 3789 4155 1976
12662 10 3118 5274 832 240
12663 125 127 356 474 52 145 2416 432 821 167 2946 3878 784
12664 1639 268 2290 1770 1696
12665 5429 8 3754 3265 6162 810 2084 3130 6906 576 328 757 2414 1329 2353 1069 764 6840 2189 1585 1876
12666 4808 1266 747 1000 6236
12667 50 1076 1074 2274 3048 4255 2592 602 1905
12668 244 2790 1453 4630 4108 709 2262 54 307 6304 1149 357 1601
12669 367 1764 375 484 127 3622
12670 297 2125 4383 4650 4797
12671 647 621 2098 4012 300 4912 572 3390
12672 179 1285 410 1752 4675 1091 4051
12673 2388 6546 2472 85 1757 5457
12674 983 81 108 2572 1018 4735
12675 5325 4088 5961 4944 3133 3437
12676 4025 4071 6127 3341 2694 1782
12677 2174 5275 1123 3536 1566 26 713 356 5069 6130
12678 1752 482 2587 818 768 1617
12679 466 1366 4938 3448 1018
12680 1266 1342 1917 73 380
12681 3148 6401 2032 1260 889 476 2479 2823 2648
12682 3628 4802 3857 1334 5190 4978
12683 3381 4546 287 4596 897 687 337 5694
12684 319 2064 5610 6021 6974 1541
12685 2967 4055 2733 2972 1062 280 491 2594 1065 1279
12686 75 1392 4131 1719 487 977 3557 2775 1000 1381
12687 720 687 409 1202 2792 3586 298 2381 36 164 3801 1684 5798 4584 3161 3943
12688 309 1891 1347 2419 2053
12689 885 1224 19 6493 5397
12690 1939 20 841 2829 3744 4084 4614 10 5713 3300 2580 633 787 3515 1951 1589 2146 2491 4089 623
12691 3448 2793 5383 656 4466 2613 1604 6922 3817 826 5297 1610
12692 6484 5471 617 489 117 2337
12693 2899 71 673 252 3823
12694 248 2618 3134 473 4749 1416
12695 3501 2023 1645 1273 4131
12696 2246 367 26 342 2329 248 1443 5013 4789 930 1970 740 4871 2357 682 1991 875 1767 5537
12697 1587 3097 3922 1558 3819
12698 68 821 6141 647 2742
12699 19 2863 6249 2901 5919
12700 980 4343 155 1942 2160 152 4749 5260
12701 2256 5127 2384 61 3134
12702 687 940 1315 1646 1661
12703 4896 1184 1085 609 3980 1430
12704 1254 722 4157 296 3686
12705 6374 960 127 61 4536
12706 1202 4797 5342 1417 711 5231 152 2297
12707 742 876 6228 1274 80 76 2563 1218 1439 753 1289 169 4941 2468 1018
12708 2934 1149 2414 5139 6373 1753
12709 1329 1131 3431 1629 2048 1868
12710 74 1008 6862 2536 617 1987 4549
12711 5208 2262 910 4051 2306
12712 1836 4722 592 3217 2935
12713 1823 1385 298 1881 3838 1716
12714 2959 5886 2014 1259 6346 1062
12715 1426 612 3367 50 430 2858 6716 6346
12716 5230 1249 300 2109 420 5236 443 589
12717 2681 4130 1110 3204 1415
12718 4469 3203 356 3661 1640
12719 5102 275 259 80 146 622 4200
12720 834 669 1241 1635 1900 1219 2618 2060 2779 3064
12721 3614 2512 1374 2571 4847 619 4403 171
12722 297 1898 2323 2710 2414
12723 1113 1005 2792 5465 76 88 4807
12724 474 2339 5917 4727 5970 183 2701 2183 120 3662 1083 1280 1281 1431
12725 200 4627 3111 3549 118 5192
12726 5937 739 1716 6277 6022 4608 2877 2195 1008
12727 687 1453 651 918 1604 247 1365 4051
12728 612 149 432 687 708 108 86 1104 1508 2084 1122 28 1192 248 842 1628 87 69 10 76 3409 517
12729 1781 1943 122 723 4364 2156
12730 898 4345 2662 1072 309 132 1467 6517 763 3595 311 652 1298 4103 1603 1215 4253 6861 1305 455 65 4228 6413 2810 5196 1616 120 1905 2593 6175 6147
12731 2468 653 4774 1554 174
12732 2477 1496 5599 1998 1657 5633 2893
12733 1041 5383 1119 3105 1967 1026
12734 1579 2883 2108 6730 4792 4192 637
12735 4093 1252 3510 4933 3857 4932 1066 3313
12736 4222 5256 2902 322 1551 4828
12737 599 430 657 297 2622 32 93 576 2201 1587 968 1646 1456 209
12738 36 893 20 2553 6383 842
12739 2596 745 1138 515 732 2278 860 317 5299 2643 149 6508 292 1067 4021 1257 1569 1649 2390 3412 4220 293 5740 244
12740 930 4078 1650 836 1011 4555 970
12741 2496 4036 473 3482 4152 4474 816 1026 772
12742 45 476 68 2841 816 1729 416
12743 4672 945 2603 1749 1718
12744 474 5357 3684 268 2635 1025 2286 81 1167 2683 349 1718
12745 510 4211 2755 2945 114 7015
12746 1104 328 323 1329 3114
12747 1040 1754 3129 24 2992 1788
12748 621 6283 2290 164 1847 1242 152 87 6418 5280 2713 6588 399 2830 1250 4261 5987 3699 2067 3397 1022 3844 2917
12749 842 1161 1412 682 119
12750 4580 5653 86 114 1013
12751 713 367 1408 68 4241 5175 2357 2989 1889
12752 621 4224 2764 2918 2159 1558 2673
12753 763 420 189 424 443 22
12754 652 930 2201 959 1215 168 626 3124 2982
12755 3579 5203 898 2961 1550 934 462 764 2721 2547 824 5151 1366 6803 1987 1329
12756 4805 1417 764 3956 655 5337 152 60 2878
12757 1728 863 2246 758 6395 6057 962 2860
12758 5643 3447 2036 744 2457
12759 3945 785 108 5234 36
12760 3956 164 4239 1708 2457
12761 6042 152 4540 2259 316 666 4359 621
12762 5664 476 1048 3409 266
12763 96 3108 3754 4346 1435
12764 337 6763 2213 2512 5975 356 376 2977 895 1402 3034 2572 171 3875
12765 2366 2949 352 1008 84
12766 1508 297 687 314 2572 2457 4078 3100 414 1585
12767 1212 6773 149 489 5063 2841 152 4312 5745 4947 2082 1000 245 1425 6951
12768 1410 3684 53 693 4 871 784
12769 1880 1041 336 456 620 4575 755 588 5338 889 507 5990 218 1008 75 1241 788 2441 2837
12770 3044 1973 672 1831 2115 409 3287
12771 4462 3679 205 5525 740 749 4612
12772 1757 2698 1542 2413 5543
12773 2016 946 5430 6113 1321 439 357
12774 593 3814 791 221 960
12775 1224 740 331 1389 1261 2546 5246 1477 3879 1069
12776 2346 128 4172 297 687 4400 2467 768 897 7020 3763 5547 620 1880 294
12777 3088 3057 297 89 118 56 1260 1262 10 1239
12778 879 3482 4719 1631 4879 4632 3121 5226
12779 3389 6230 6913 4434 5134
12780 2741 1041 1370 108 63 3833
12781 5506 2654 2042 361 5821 2535 1780 179 4955 4024 5534 4885
12782 152 2141 816 912 3506
12783 274 67 152 77 1841 53 751 800 4773 1137 156
12784 114 535 3385 311 809 4935
12785 183 7006 2706 3582 6339 3357 1847 5462 4327 4145 2207 156 6047 2742 1438
12786 221 2946 1898 1137 276 2880 1845 5053
12787 5928 876 2600 3427 4714 2193 6200 925 2013 507 4611 1631 1491 3963 3594
12788 576 1411 7 4362 3501
12789 816 583 1762 15 3772 331 693 3728
12790 621 3226 2995 6238 1644 1029 842 6014 901 1070 6717 5744 1324
12791 557 108 297 3867 303 655 1530 153 2572 4763 3974 150 311 476 2974 152 935 5582 5624 85 49 1209 1544 2618 81 309 836 4937 257
12792 1153 681 3117 1826 571 1149 3238 339 5712 1593 120 1563 1110 260 1699 323 89 2388 1412 562 1216 6219
12793 241 2618 5467 1731 152
12794 4248 179 1598 6686 232
12795 6039 3035 4244 264 942 1003 396 151 824 4451 718 3925
12796 989 331 2010 151 1048 1079
12797 1342 635 349 1396 2232
12798 6507 317 1202 948 6684 1859 3025 291 2219 1276
12799 5015 245 179 2104 1843 6369
12800 311 1603 1503 487 1295 873
12801 2024 323 5091 28 2418 3073 914 3814
12802 5197 34 95 3329 4515
12803 1829 1113 918 517 4989
12804 140 141 76 5948 2238 492
12805 1714 1298 4410 2149 2776 428 1011 5696
12806 1275 633 4389 309 4429 3049 5596 1065 3086
12807 989 841 170 6900 1517 4800 1365 4094 297 1202
12808 1026 1354 5011 117 3157
12809 621 1177 681 337 683
12810 4103 221 5694 6370 5139
12811 1134 4165 589 5026 2723 107
12812 708 2384 681 1104 517 2508 172 1510
12813 1199 6453 1006 6050 1918
12814 1660 3654 3417 1165 3894 2916 1812 916 3779 5478 5094 1059 2313 54 4694 173 67 704 2272 434 1265 1781 1943 3027 5106 1976 5410 632 1407 1017 3974 3651 4956 3090 3001 3416 469 204 1353 5008
12815 930 2236 1584 1202 1008 1295 876 192
12816 739 195 930 5175 768 50
12817 342 3819 588 596 3872 1481 711
12818 3358 432 1664 6135 6267 1503 336
12819 651 2413 1951 331 297 680 85 4614 775 682 6101 5206 5676 2893 6100 5728 5217 2528 519 1335 387 1090 13 2419 2816
12820 1208 739 2928 2829 5956 5859
12821 953 5968 579 151 443 1601 5003 6655
12822 2409 558 1199 3957 1231 67 1411 4076 4701 1512 1727 1890 889 3470 793
12823 749 389 5320 781 114
12824 1371 2075 3203 2516 809
12825 2141 4400 223 2146 2219 2508
12826 1628 1756 1327 6411 2563 1697 1250 483
12827 2901 164 464 74 2786 3617 2611 159 4453
12828 945 1657 440 4762 2140 1381
12829 1202 1396 5153 2003 4837 1397 6657
12830 1411 2829 7009 6892 3767
12831 2043 916 5209 3891 1402 2504
12832 5658 732 1274 3728 811 1069 1924 3070 151 1546 930 4053 85 5712 586 4458 1115
12833 1150 3749 938 230 179 3550 264 365 1780 2925 3011
12834 535 3314 506 4466 5556 617
12835 5421 3419 178 13 1696 1614 81 953 3531 5778 4875 111 2778 114
12836 698 2339 360 5014 2332 3751
12837 5282 6767 1038 1432 493 303
12838 2705 1685 5998 972 6631
12839 5239 166 629 871 1478 291 6100 1616
12840 5681 297 178 443 4921 5261
12841 370 4168 633 4598 1469 1061 4717 2972 490 1090 1277 1064 527 1103
12842 53 428 171 4268 367 3463 77
12843 2787 4736 4806 454 918
12844 2409 34 457 824 701
12845 1838 380 3632 29 150 26 28
12846 5225 254 1236 108 1510 493 1270 3610 3603 6675 1642 257 24 5611
12847 3805 2647 2953 935 5624 6166
12848 811 1117 1456 5776 711 6025
12849 1417 128 52 1926 859
12850 2500 693 7 2327 1099
12851 1891 576 152 473 1756 73 153 155 1752 4125 3770 5457
12852 5572 5872 877 1727 3277 4218 5889 1118 6673
12853 2516 5012 2386 1055 2819 1310
12854 128 3414 2489 2497 962 6270 701
12855 2419 4104 895 824 7
12856 1176 1372 5188 550 101 4771 6021 2496
12857 2951 1371 547 276 6072 2818
12858 473 266 5122 155 3179
12859 96 1711 2020 664 1149 711 6 6562
12860 1422 811 1696 5582 2271
12861 1272 862 687 432 311 1419 4913 2406 4220 347 1757 6958
12862 3752 4400 3573 2831 2234 2254
12863 5964 82 779 3752 3090 2970 1081 1082
12864 4580 429 1022 5719 5516 3063
12865 1488 4669 2714 268 6530 929
12866 1055 1385 671 1801 4639 1532
12867 4637 1149 6153 3895 2020 1622 1466 3654
12868 1696 1055 5786 909 331 2537 1120 3194 7001 1227
12869 4417 1896 1780 230 2744 991 3486 4830
12870 248 319 1327 1729 76 816 6344 6236
12871 987 406 3367 2755 6794 1793
12872 1029 1810 1984 995 3404 1485 6949 317 298 3209 248 3282 172 2987 3507 889 1427 668 1068 2614
12873 1494 1296 5843 5183 3845
12874 1816 77 3680 5853 6466 2896 2156 473 1629 2028 81 817 3323
12875 859 1035 1262 2588 430 2858
12876 172 666 2932 531 181 5174 987 1527 2312 2604 408 20
12877 4846 2344 959 1880 1536
12878 2239 450 1383 3095 836 1368
12879 1067 948 1989 2964 57 257
12880 2829 367 68 2607 1554 8
12881 296 1415 2498 3126 24 1512 2746 87 2078 5544
12882 3394 400 67 999 3791 6993 2156 6045 5658 5345 4772 1607 1312 4360
12883 2940 3524 1352 5867 1687 2484 87 3825 3365 3074 972 4977 2559 817 815
12884 1076 78 1078 108 2357 3646 1277 1184 2812 5596 6680 4101 1906 1093 4014 5233 3220 3221 1282 4780 5434 5249
12885 1844 1285 522 1185 4132 3504 241 1630
12886 111 2860 3610 7003 2309
12887 264 541 108 1271 3779 1149 5810
12888 747 5546 1832 1414 4838
12889 6134 2933 309 1410 10
12890 2 886 5693 4484 1265 588 1718 32 3699 1591
12891 4894 12 6530 602 131 3086 6760
12892 77 2174 1048 476 53
12893 2865 1691 1939 757 984
12894 6736 4281 787 1008 4260 6696 1881 2392 4265 6058
12895 2784 5305 2087 1646 855 5304 4734
12896 486 5217 1069 135 259 139 227
12897 2883 2 1055 242 220 416
12898 297 2037 3691 881 2030 3869
12899 2347 834 3815 6521 7023 758 894 1552 539 900
12900 5555 2067 264 826 3007 476 1841 1071 941 674 131 5152 5288 317 1035 2657 1137 132 3042 3314 734 28 4191
12901 1691 2484 253 3032 4570
12902 2550 297 6858 1421 299 1299 6074 3101
12903 1829 666 1650 1558 743 1741
12904 3720 3413 1239 1149 3117 289
12905 172 117 1807 3021 3942
12906 4051 811 4953 127 440 108 69 309 816 3842 989 416 5153
12907 3583 1551 6618 40 803 6062 2238 1286 138 4991 896 3929
12908 5707 2400 959 590 6005 1932 4456 2323 4889 5795
12909 530 3065 4922 1673 1590 492 5093
12910 298 2125 742 1224 997 200 5435 85
12911 300 10 814 989 91
12912 2137 6912 649 3895 540 4341 4737 3295 784 3786 600 1202 3276 1478 3116 590 294 2020
12913 2533 1872 1598 4671 297 5077 3012 4450
12914 613 1015 7011 3571 1446
12915 2924 2332 6813 3977 2104 5935
12916 4020 4506 4605 361 3550
12917 4345 81 1644 6527 5318 1939 1687
12918 5194 3136 5572 681 89 11 847 3193 1456 1836 2856 4507 4662 816 61 1741
12919 1029 1891 2746 66 3467 67 3314 2897 461 513 3121 246 2320 2729 3171 1729 4177 81 881 428 909 3100
12920 1829 1347 4017 1222 934 918 3042 4749 1538 2190
12921 3531 6817 1060 1079 4906 2734 1081 5006 587 1090 1184 5158
12922 1618 3313 4190 5455 701 758 544
12923 593 5664 419 2928 1067 6651
12924 858 681 332 89 711
12925 2057 743 1265 5167 568 3177 1571 4811 761 1914 997 4157 1927
12926 979 1639 3967 898 5576 440 5207
12927 2414 3053 265 2934 2224 2383 6961
12928 541 1033 13 2174 144 2841 5195 3484 2075 4191 6407 6772
12929 96 816 5445 616 114 876
12930 2468 6775 171 1618 5455
12931 6601 2036 2373 5392 1374 912 50 5148 3449 784 5270 2884 4657 587
12932 4653 240 390 139 2110 1067
12933 81 858 249 1659 1113 1836 1229 980 767 583 5153 957 2723
12934 1912 3691 2155 3279 1395 6184 4586 2612 3894 1270 412 6537
12935 817 1007 576 811 4781
12936 2314 6928 2451 324 119
12937 170 6134 705 3892 3331 830
12938 10 307 3832 4709 5329
12939 1401 6445 4309 5371 249 6353 1807 1019
12940 3377 3406 2110 2988 3935 3027 2384 1712 5167 1438
12941 1592 152 836 1202 1757 106 2435
12942 596 1558 897 588 1717 227 1456 3897
12943 6145 1515 536 708 4200
12944 1055 1402 311 3059 687 1398 977 3557 1008 172 5365 636 5645 4869 4264 1619 1971
12945 3374 447 1362 1622 443 621
12946 1639 108 270 4476 4665 128 3943 3803 171 4261
12947 2864 5973 1018 583 5588 3310
12948 484 1511 115 2407 6854
12949 4817 895 7021 2483 837 6911 5131 321
12950 996 675 1045 416 1003 1742 2285 2286 309 6548
12951 763 2163 935 889 1453 1630 745 3100
12952 859 905 817 349 863 1891
12953 612 1004 66 367 1696 663 4009 837 2989 4742 5728
12954 229 1150 179 1843 1598 2342 1780 6766 114 246
12955 1691 1836 744 85 174
12956 115 2883 4960 4502 3038
12957 514 5305 5208 554 6411
12958 576 1587 1503 925 1188 1766 1453 76 4082
12959 2928 154 3049 3646 1090 1095
12960 1442 2482 968 1274 239
12961 6474 5668 2569 976 6898
12962 390 281 4176 1388 81
12963 621 1029 1165 1836 636 1679 153 307 7 439 2585 4294 2376
12964 6724 1978 1037 821 1584 81 5950 1013 2082 152 174 4839 1040 44
12965 3716 4267 4524 3606 2156 3745 919
12966 3280 430 3105 5357 189 424 3265 2201 3288 1727 1357 1106 1563 694 2850 6415 3528 1433 3830 1557 447 1997 1295 171 3878 1217
12967 940 1458 1714 3093 2253 3515
12968 34 271 2186 900 1754 2814
12969 1353 1265 115 26 399 156 794 6031
12970 629 1949 3361 757 5936
12971 7 420 1413 297 1200
12972 2566 3831 474 2683 174
12973 1116 3357 227 4126 506 2164 4584
12974 3289 2024 1729 3367 1377 852 2612 2364
12975 158 1005 515 3421 280 6927 56 5450
12976 1939 5124 3188 3600 4252 715 290
12977 2569 1884 711 1741 2200 5044 207
12978 1483 2176 255 93 740
12979 994 3555 2675 6525 5932 1795 3336 1783 4108
12980 2535 2533 245 3620 1897 5469
12981 6016 629 2251 5195 3915 4848
12982 2796 959 1013 156 1433 3871
12983 2486 1229 1313 1642 4295 114 2353
12984 563 67 5194 1202 4104 482 2237 1558 6190
12985 5430 998 3967 4113 4794 2474
12986 2416 651 1742 3294 2885 2841 1137 910 108 2328 4203 6174 208
12987 822 583 150 3425 7
12988 507 1516 905 244 186 3082
12989 331 3392 616 2753 2090
12990 1838 621 1837 390 5804
12991 6479 359 274 269 1342 841 108 2175
12992 681 6145 302 5479 1483
12993 4152 626 36 6446 6121 2432 4082 2860 2693 1354 1125 458 1494 2117 1557
12994 1176 128 1763 174 189 1587 1177 53 2148 241 5686
12995 1601 1078 592 2537 764 2917
12996 1031 1456 1880 5711 6741
12997 2156 1673 3096 631 2003 2615 316 3796 1878 4133 1122 4272 2937 2646 1715 2716 585 4593
12998 2742 817 108 1708 3506
12999 4625 3010 3927 3961 108
13000 4877 596 1150 2901 862 2524 3356 963 20 2673
13001 1055 274 987 170 3220
13002 2302 5568 859 5462 2408
13003 588 144 54 655 1975 950
13004 986 4973 85 3610 288 6131
13005 463 1297 1510 2622 833
13006 2866 1359 2909 4180 675 646 480 106 2217
13007 1202 859 1272 3450 4041
13008 2259 156 5655 1338 930
13009 4814 34 588 297 1143
13010 2764 6930 1271 3781 3782
13011 693 6373 5176 1681 5687 199 4418 972
13012 2673 6100 2096 2247 5498 89 519 1488 999
13013 5517 893 2636 5619 6677
13014 6740 511 4018 1347 1604 1406 5950 1288
13015 1955 6125 1286 674 297
13016 4704 6160 5331 54 6498 3036 174 3832 2587
13017 1639 4063 5723 1837 744 125 2096 78 3453 1342 6304 5151 630
13018 2757 3293 153 5691 85
13019 3369 5372 5930 3580 2620 2045 1587 2927 4894 465 613 3074 4396 3624 1467 2436 274 1759 653 1771 1224 546 275 401 461 4388 96 2814 2971 3645 6636 6443 137 1067 1202 1082 4123 2735 491 6652 4911
13020 3956 2450 1399 3260 2605 3404
13021 1271 3510 4104 1630 4217 3792
13022 2116 242 2915 3612 3183 4053 1008 1629 1087 3114
13023 629 968 6740 2156 1057
13024 4146 1504 227 4860 1040 912
13025 67 492 3840 6429 834
13026 4786 758 293 37 2598 1739 173 3547 61 2977 2920 3067 350
13027 1134 4228 6892 3105 2369 1242 3371 1797 6993 2883 4192
13028 264 2392 3686 32 225 1365 1692 1122 1933
13029 297 5582 1781 2313 4569 4595 1949 2501 923 13 687
13030 625 410 2259 5036 2681 164 1696 1022
13031 3160 1868 89 2922 687 2547
13032 1767 2210 511 6000 6808 5000 4108 5859
13033 254 3906 2588 5265 784
13034 257 78 1026 2935 1163 4549
13035 712 1574 4514 4256 5492 1295 2768
13036 260 3817 1226 5376 1987
13037 1215 2074 4565 4944 1763
13038 1631 2125 576 712 1272 1841 1435 48 4029 2907
13039 98 2917 1997 2572 4237
13040 5396 1138 3216 1880 2776 2759 290 589 259 2506 2424 399 154 2809 5271 2374 2417 784 2929 2955 4650 349 1646 4111 93 2125 6883 1634 2569 2484 2180 2416 240 4401 416
13041 3042 6586 481 357 2580 171 4926 6836 5069 2125 3673 7008 5859
13042 1076 1080 1904 1082 1278 2973
13043 3357 4647 5127 2788 3890 1367 4999 5721 2242 1311
13044 4692 474 1665 489 3170 1841 2436 1072 492 556 5316 1077 372 5162 2662 1440 6680 1085
13045 4298 1208 149 52 2841 4157 2098 901 816 3230 416 961 154 627 420
13046 2833 5198 842 3549 2902
13047 5476 1622 850 950 3353 926
13048 1673 172 30 288 784 1634
13049 440 860 1165 367 5492
13050 1999 229 938 5334 1599
13051 890 744 672 2615 3921 1070
13052 6899 1346 836 5218 6690
13053 3248 273 35 3606 2357 3255 3006 171 1828
13054 2512 1140 4567 4192 3395 3360 1456 2920 240 4037
13055 6536 141 1716 1741 221
13056 274 331 1396 2775 682 2074 2560 658 132 289 1416
13057 128 87 3434 291 4735
13058 1218 1717 2776 4090 2671
13059 5917 6020 79 1 1595 158
13060 2483 5122 114 1054 297 821 5097 895
13061 3185 34 228 2620 4894 2928 4055 5349
13062 1485 68 333 309 899 3403 3129 821 2019 3544 816
13063 268 1202 5611 1673 713
13064 53 274 2859 1178 832 1686 336
13065 2788 870 691 3202 2229 3522 2047
13066 621 1761 881 171 794
13067 5372 2053 1433 968 339 50
13068 68 1724 6685 5255 469 4695 2367 4979 6005 4269
13069 108 482 4407 1604 832 302
13070 708 4532 585 1783 1922 979 6250 78
13071 899 1696 81 941 174 189 4058 297 178 6956 257 976 2021 989 2244 5833 3849 2286 3500 1456 2673 237 107 5071 1878
13072 3708 1292 382 6263 636 1647
13073 3242 217 5888 2456 5105 1849
13074 3029 4624 708 550 10
13075 4615 309 816 739 1398 6753 4225 4619
13076 3303 983 708 5542 1333 5193 1744 5432
13077 5150 5325 1018 1741 4368
13078 4024 2326 5375 80 3133
13079 826 1204 1408 284 2771 1210 1202 306
13080 4605 5430 4474 81 1976
13081 940 3417 1270 1355 2190 186 1791 3756 7011
13082 3938 6621 119 4642 2587
13083 114 152 1577 390 492 817 479 5822
13084 2095 1200 6122 574 1048 4214 4629 2220 504 4875
13085 1673 2871 4806 153 1915 4107 3444 1528 4464
13086 1037 798 1913 433 3141 4149 5117 443 905 3803 1324 2682
13087 2450 1847 816 1004 1985 1018 4104 2717 2480 6422 529 1205 834 5611 2215 901 3373 2829 1312 5906 2519 1504 6597 3473 2146 3842
13088 1508 3563 3259 1055 654 1577 2536 687 114 6521
13089 19 1246 106 2842 1886
13090 254 1385 5938 1406 149 4289 5127 13 4799 3042 1996 44 3142
13091 621 2555 1629 3943 7 886 3906
13092 3045 1252 2174 655 2629 53 2104 5681 1844
13093 5324 314 4499 5603 3042 428 3113 1365 85 1 6985 749 10 1241 506 836 24 156 1317 5079
13094 352 1485 1176 763 276
13095 876 5372 3203 149 1666 2600 3670 6071 4527 4621 961 1589 1455 3897 586 1189 4796 2599 288 2092
13096 6339 2834 5816 5841 2045 5115 6364 445
13097 6224 6694 1647 97 6501 1836 1727 298 1016 339 3100 409
13098 1121 4019 1336 1176 2786 1046 6201 86 3698 3569 3822
13099 805 4435 6095 61 6372
13100 2549 3499 3553 233 938 6271
13101 547 267 409 4744 6007 2903 970 2988
13102 1601 1420 596 3298 2680 2929
13103 6566 4081 6399 2418 5691 462 3972 257
13104 2784 3468 652 349 4 1113 1474 3255 1337
13105 2346 1117 2350 3586 4437 5749 752
13106 98 1055 2357 1725 171 3918
13107 145 80 1406 657 2329 499
13108 1036 988 5283 897 2617
13109 100 3829 763 514 2450 1298 948 641 5225 5694 71 6983 4923 1272 636 666 2073 1932 6413 957 227 1587 4817 2427
13110 229 2706 363 365 2532 4031 149 1872 3562 2927 2689 1184 3049 3646 4012 4661 1065 5007 3085 3086
13111 1029 6949 2768 4041 1586
13112 650 492 976 590 91 1806 997 4093 6849
13113 511 363 1458 876 1035 3412 2115 2440 6893 3867 1502 559 3394 628 2326 4188
13114 4753 443 473 5517 4064
13115 337 26 2190 905 1044 1399 3669
13116 2855 2793 327 5586 6340 987 297 1516 6305 5529 6901 367 2384 2549 1847 5126 5439 3625 2188 1484 224 1729 4295 1016 1890 68 6947
13117 841 1298 871 114 152
13118 2649 2611 299 2197 5430 834 2938
13119 612 1273 152 1055 930
13120 1167 1631 1747 6412 1433
13121 3545 85 3367 100 6793 3572 5822
13122 1816 4677 4745 4445 420
13123 4054 1683 192 3459 6799
13124 1033 1410 6046 1432 3017
13125 1603 1467 2116 4329 3634 2667 6517 1785 4966 2099 1087
13126 3510 1072 2731 2075 4089 1076 542 431 1077 2458 2811 1425 944 1087 4429 1271 4026 1084 3132 2377 5339 1281 5979
13127 5575 1505 5036 4476 2084
13128 1978 150 1054 6046 988 108 147 8 1055 6176 1319 1987
13129 6395 1974 826 635 1516 879 6279 420 1182
13130 151 5694 465 3829 5028
13131 5895 4822 1292 1613 816 6999 154 1860 6929
13132 2829 3293 1717 44 2415
13133 96 6140 5576 4770 6062 2740 1165 2614 5192 4771 4697 5914
13134 1038 223 3042 323 6812 6149 2308 725
13135 4193 2482 810 3891 3578 4524 495 5279
13136 509 4421 5524 1165 122 331 297 126 3209 319 680 740 1601 1699 1639
13137 300 10 1107 4240 1502 641 4835 5340
13138 1468 10 1287 3968 108 1930
13139 365 3543 3754 3320 34 3354
13140 359 556 2204 309 657 2023 2872 1726 32 1419 5739
13141 847 2013 5091 876 295
13142 6885 2897 1256 3848 2703
13143 4684 1230 3175 2271 214 5550
13144 66 2501 2408 524 2926 1773 525 1665 2927 4894 369 1467 4387 2972 4966 5079 1092
13145 3128 271 69 542 4479 3707 3095
13146 297 2310 1823 3042 550 2419
13147 858 68 127 246 849 3546 315
13148 1031 3578 6719 972 323 1329 723 2189 3438 4832 3244 2860
13149 4386 2458 1997 2300 535 1211
13150 742 476 2379 5544 593 3820 302
13151 1750 2971 587 2592 12 1276 1088 1089 1090 1278 1091 1907 1092 1431 6925 4461 3086 2165 22 1099 610 1101 5750 3052 2219
13152 3475 2721 1272 2110 834 1413 1630 836 809 6921 592 2817
13153 4659 2972 1184 1093 3086 5805 3222
13154 745 624 644 5918 459
13155 5723 2824 4289 1326 3188 909
13156 3446 1178 5502 3923 4796
13157 6448 2932 6429 50 4111 2879 3283 1767
13158 2308 167 1844 682 3441
13159 4506 1891 3499 2302 1072
13160 2168 2606 3518 1205 1408 5492 5996 2458
13161 81 2896 517 3738 2306
13162 3358 2007 532 627 2136 2756 1342 108 3367 2889 309 3592 2554 4 391 156 1438 3332 3299 138 17 331 4282 1998 179 1055 143 4157 912 7 479 1113 3583 349 930 655 749 1782 240 4628 3943 52 173 1696 1087 2629 1149 636 66 158 271 595 483 4323 155 2980
13163 363 4031 1224 1029 1893
13164 1639 4224 5075 5463 6501 1662 3009 1305 6039 4565 2909 2141 909 2746 108 2235 627 4582 744 637 3035 3039 482 2590
13165 732 1841 1471 1035 1100 6517 79 988
13166 980 4820 2825 89 3791
13167 6159 1455 1639 1800 5447 4163
13168 742 744 1199 443 2657 478 1410 657 4750 6492 871 855
13169 5167 6810 4202 53 3290 1922
13170 876 10 4769 76 1400 1912 1137 428
13171 1966 297 6758 1055 311 5655 4797
13172 3448 276 893 1026 895
13173 5261 1505 5420 3924 2847
13174 46 4613 1661 5982 6366
13175 245 1249 867 749 6367 6889 4954
13176 596 1455 1661 626 246 108 1646 1456 1600 3054 2680 1807 6317
13177 1292 955 5096 1297 2120 4249 2944 2147 1202 1964 4554 1235 6642 1040
13178 179 5528 6421 4132 5899 1468
13179 6984 1899 4977 492 4770 5806
13180 847 319 1113 76 89 1932
13181 1 6198 2055 954 761 81
13182 1165 858 298 4503 1209 859 881
13183 248 3957 1516 1716 269 2568
13184 372 476 687 6620 1516 6698 259
13185 1891 739 1054 267 1385 2311 1055 1628 2932 687 6886
13186 4925 3366 4505 6002 3900 2433
13187 650 1266 1199 244 2775 5792 4724 5085 2895 5443 1494 6727
13188 1624 4033 4952 3987 1029 264 3379 6109 2709 2662 6834 2342
13189 3358 1008 449 1453 4555 2407 926
13190 162 6268 5394 4689 3558 849 6418 1473 836 1231
13191 961 870 254 63 2982
13192 356 2863 4619 297 1262 2322 763 1215
13193 1577 2351 108 506 962 171
13194 2776 3826 5427 714 1163 2673
13195 1067 4452 2512 1231 357 1595
13196 2702 6735 1240 6768 5576 6485 1342 188 914 6043 1756 75 511 3896
13197 621 5568 2629 3209 3072
13198 2826 4303 2629 3578 2103
13199 3583 6049 3916 833 4978
13200 221 3519 1402 2164 2636 2305 5469 666 3455 7
13201 43 1149 447 3579 3160 1790 2693 672
13202 723 2125 895 2847 701
13203 3377 264 885 1386 4721 2124
13204 2926 4922 2729 1773 507 3044 1110
13205 202 151 5531 6551 293
13206 1485 79 2685 1570 4451
13207 189 3317 576 5459 1637 430 1957 4740 6349 5673
13208 744 52 3264 2467 2179 2943 480 2788 1668 817 67
13209 3879 1189 3266 3740 4328 1236 1265 3074 4846
13210 1019 1020 4691 983 1379 1067
13211 5143 575 1426 5104 1462 6353 2826 288 916
13212 1262 1967 1501 2499 1478 289
13213 1029 4439 334 2021 3016
13214 987 1914 300 631 2661 98 648 1334
13215 2408 3314 4791 1682 895 817
13216 1347 4376 359 5371 5114 276
13217 57 2272 511 2512 153 1782
13218 2890 2188 323 3111 3350 881 2247 4406 1026 5716
13219 227 6488 6438 3339 3443 701
13220 1929 905 254 1755 1363 417 3905
13221 4968 1120 887 304 1476
13222 2757 767 909 297 4628
13223 1200 2587 2425 6732 336 2013 5827 5870 940
13224 2451 416 814 2076 1606
13225 3417 4893 5130 701 1235 1015
13226 4866 297 1161 2315 1761 6473
13227 6627 34 3176 2074 3017
13228 1240 3362 3903 3160 1809 5618 918
13229 550 6487 1631 445 2663 1292
13230 221 356 1071 1049 4737 24
13231 1286 666 619 937 385
13232 2937 275 650 1257 1237 2987 1452
13233 1582 711 870 4628 2056 293 358
13234 297 5839 681 5773 1224 416
13235 1867 2724 3750 1868 264 5334 4032 3185 179 6613 234 1780 1894 6602 5821 245 3011 6339 3377 5407 4063 826 1872
13236 3735 6785 2284 6295 1464 1876
13237 1624 3729 1432 156 1673 629
13238 621 941 1033 861 331 1930 6327 6046 2433 3130 2858 3224 4953 5831
13239 164 687 19 4453 2315
13240 6430 474 2339 2954 5398
13241 1038 652 1041 87 2519 24
13242 53 2140 2681 3373 6920 5187 5326 675 814 108 1071 1651 298 2530 599
13243 1406 309 492 5181 417 3299 4235 582 2810 4906 4730 4659
13244 6630 1055 4728 583 1788 2927 3145 2075 1932 6978 1026 1354 711 1035 1008
13245 271 842 99 5630 2268
13246 331 88 89 4405 4559 1987 1484 2508 833
13247 1177 1246 5808 390 4018 1484 6038
13248 811 1356 53 3716 1287
13249 1029 5595 3735 492 1801
13250 744 1970 636 2165 2357 809 2980
13251 540 4466 5220 1650 2597 4082 711
13252 2922 1321 3517 4587 3136 940 2512 2155
13253 3417 4043 1727 1563 5794 2870
13254 6623 1347 5179 76 167 3718
13255 274 2793 814 826 2096 53 280
13256 6783 708 57 3401 3800 1939 3548 2537
13257 1417 5153 5233 271 4567
13258 739 863 1516 108 390 2363 1334
13259 744 3441 1693 862 930 3346 2578 3168 159 6159 829 4908 34
13260 2702 881 1342 2907 711
13261 1041 266 542 4927 3780 5740 293 1115
13262 3504 4424 237 128 957 151 826 2004
13263 2164 2191 276 297 311 3314 2393 280
13264 3466 5740 1211 1932 4826
13265 1123 1631 742 739 297 834 2393 749 153 1757 4686 4933 482 3484 4532
13266 1209 2482 151 889 1390 2368 3263
13267 1123 6956 117 1150 3756
13268 6063 172 174 5906 296 593 410 1534 1741 3449 2889 1070 3714
13269 742 276 2273 925 744
13270 4629 1729 2084 1783 3032 514 1378 596 4466 837 2790 296 873 1435 718
13271 2525 721 227 4761 2156 2264
13272 2988 1329 2875 5175 3977
13273 40 1761 3631 3230 6069 410 2683 149
13274 421 1243 863 3291 1691 79 2956 1516 666 2878
13275 1000 2629 1696 5738 4401 6990
13276 150 474 821 53 441 3537 7
13277 546 484 1544 2618 1527 1331 709 635 2572 2451 6403
13278 1639 1240 4773 2080 907
13279 2656 4514 1624 1728 314 1720
13280 2165 2723 1027 590 2108 416
13281 1976 1006 4832 1629 3314 4488 1532 4525
13282 1951 4546 4071 809 6465
13283 6479 428 154 4235 16 1199
13284 5287 2657 3373 4133 1718
13285 1639 3809 149 1847 946 5229
13286 6590 1624 3884 245 1999 3550 3551 4180
13287 621 593 167 3540 1507 128 3276 2076 2325 4236 637 892 2416 592
13288 297 1801 298 276 5168
13289 1271 439 6887 6886 1783
13290 1912 2512 356 447 4180 3416 6577
13291 493 5614 3569 331 575
13292 306 3068 1165 1841 6381 464 2436 3654
13293 2357 4465 5168 2047 4053
13294 466 1566 359 6488 2648 146
13295 114 5414 5687 1510 5445
13296 590 2825 4175 4737 3336
13297 4606 2139 558 5900 1142 5920
13298 933 3004 4447 68 1055 636 2500 166 3515 4785
13299 10 139 153 989 5236
13300 1008 87 1756 4199 34
13301 2533 3319 1624 2901 6466 2476 188
13302 1107 2962 1415 826 300 3690 3421 5901 68 1737 2883 1478 4926
13303 5915 1026 437 4594 1918 6964 2041 257 6091 1509
13304 1240 2494 473 2889 3046
13305 142 3298 5791 2370 5324 4122
13306 992 6996 4713 3962 6369
13307 1987 6475 5372 2308 1558
13308 1485 2194 3564 35 4410 1987
13309 2646 1589 590 4133 399 50
13310 898 4946 1734 1978 2366 2778 5254
13311 4147 1542 6676 4803 3785 1361 3860 6886
13312 3188 5508 576 2944 1783 1771
13313 1396 481 3069 7 2267 589
13314 300 1208 1054 876 1729 221
13315 2168 1759 4420 6750 901 1202
13316 179 2139 1192 860 152 4858
13317 749 6623 1376 3504 704
13318 89 3537 793 118 1287
13319 5316 2313 1372 1406 3047 1072 888 2967 2731 1467 1771 1425 4123 1429 1094 3220 5803 6925 609 3980 1099 5493 6902 6027 1101 1103
13320 557 1516 2920 1711 114 3728 941
13321 1741 457 3741 1560 711
13322 98 1271 3537 4339 1012 396
13323 998 745 596 3778 6677
13324 297 4615 1123 1544 1385 2795
13325 3310 998 2098 972 3391
13326 4953 2795 1551 371 1078 1276 18 5053 4461 1523
13327 2284 4047 6293 4241 6861 3575
13328 624 2958 1807 24 1841 2937
13329 476 959 6588 2203 85 1614 428
13330 2331 4892 2921 3181 4382
13331 558 722 6062 100 816 743 4619 5144
13332 3357 1549 4295 80 399 5878 3597 4647 1729 297 5342
13333 1620 6008 4729 257 390 1752 4104 918 3134
13334 1037 89 3136 2140 319 1978 675 4800 3165 4936 2909 775 5036 428 5356 120 239 6548 1023
13335 1397 4508 1467 749 3135 2200 4848 3020 170 2568
13336 268 3160 1948 1113 4520 221 694 1807 1725 5711 2979 970
13337 3191 1374 1815 7012 711 2445
13338 6593 2937 409 2711 5445 758 1130 4811
13339 66 4851 45 1468 19 1141 87 2889
13340 742 246 822 901 1333
13341 83 10 3714 118 89
13342 826 811 758 271 4 479 775
13343 763 1577 2579 5834 171 2955 1007 1996
13344 229 938 364 179 3806 2654 1780
13345 5193 655 2586 2934 4124 1683
13346 1348 2695 1396 1390 901 154 1752
13347 53 999 390 3764 2929 1118 1997
13348 1165 1223 590 1452 6913
13349 2661 76 972 3114 2462
13350 764 2308 26 2147 1192 240 2894
13351 1468 2331 928 3866 4816 3319 6633 2583 2174 297 2348 2600 763 2632 1591
13352 2529 309 876 2765 3731 390 2530 4282
13353 4713 1485 6418 784 2234 3661 575 1078
13354 6411 1630 92 3274 980 420
13355 1883 1199 699 2484 1057 3758
13356 1202 749 1387 1407 631
13357 108 2847 3570 1433 5549 6971
13358 2693 4602 1616 3408 5569
13359 1433 473 3111 1216 3904 9
13360 1629 5282 655 2647 276 4345 2662 1473 5403 4820 2967 1973 4089 2075 1494 1189 5104 457 1750 4458 2970 3602 4860 2590 6863 374 6802
13361 125 108 744 1551 989 2625 6768 876 2037 69 4126 593 1149 2784 68 4714 4474 128 20 2482 4744 1008 6244 818 1741 612 2783
13362 3160 170 81 622 3054 288 3034 1266
13363 6056 6258 1610 221 3867 3160 1754 6852 166 976 4084 2537 293
13364 1199 5582 4305 994 164 5328
13365 309 307 474 905 600 4818 5601 556
13366 4919 4210 4917 911 6543 1106 339
13367 1941 13 1123 3842 2561
13368 98 315 2292 4616 3340 4439 826 801 2049 3720
13369 1579 5319 5849 5515 2067 4105 1271 2980
13370 4675 13 5534 654 3196
13371 4123 3049 2781 1098 6663 3052
13372 297 2927 1504 3313 4797
13373 947 108 997 1500 377 6796 154 1388 2883 128 4023 2165 626 2146 1013
13374 991 1577 3423 1546 588
13375 1184 3049 4012 604 1064 609 3980 3648
13376 814 2748 2140 2076 3445
13377 367 508 4411 3395 3102 6583 2048 3498 1243 2155
13378 6813 5807 840 6814 1866 1029 2359 556 3807
13379 4003 1642 160 818 1620
13380 321 5541 4789 3112 3549 6044 5630 2046 248 4222
13381 6209 2410 401 1105 50 2530
13382 2504 1560 3660 67 1350 5817 1595 1558 1068 2890
13383 3358 4925 297 1365 289
13384 6869 4803 504 2207 263 156 976 3716 3825
13385 3147 3030 1385 6319 940
13386 1240 987 1516 1333 2258 166 2603 2450
13387 627 4131 303 749 1554 1795 1125
13388 1659 2200 4576 4844 910 592
13389 556 1072 1081 1277 1184
13390 2033 1016 3502 2076 1484 5088 4445 416 3844
13391 2354 108 2410 146 2238 6988
13392 2841 1705 1283 4531 2098 5340
13393 5627 4692 3046 5431 4040 4051 5133 2810 12 22
13394 6259 1513 1484 89 2100 3292
13395 6634 2319 217 693 623
13396 1002 5895 297 164 744 1601 115 1584 1271 2015 2357 5724 4196 2417 2960
13397 3624 76 88 2030 2311 5803
13398 1067 1126 4054 918 227 1031
13399 1827 2756 287 2989 3635 187 1841
13400 229 2706 179 264 2389 1780
13401 3638 4325 1579 6368 1650 1884 929
13402 3803 108 4773 828 6176
13403 254 744 551 3675 1199
13404 532 1467 7 1143 1924 1603 1055 809 4220 818
13405 2512 4587 4142 4789 1425 1932 2188 2923
13406 2632 5641 4722 4723 4593 3923 3069 1374 22
13407 1949 681 6589 2445 684 83 1398 120 6441
13408 298 1202 1970 6567 3891
13409 2653 363 229 179 474
13410 1467 1468 1059 542 6386 4896 317 1281 6027
13411 2792 3136 76 1444 381 89 3725 1699 386 1217
13412 2419 245 125 6036 6654 4112
13413 2820 1410 959 1270 1815 1001
13414 2468 120 2934 2889 5280
13415 254 1951 151 1313 7017 5581
13416 3545 6022 144 451 3339
13417 2794 265 227 2212 540 2114
13418 246 276 2072 2785 266 1515 1055 930 492 2378 1764
13419 319 67 98 1510 5399
13420 5937 1044 2193 3445 2323 1849
13421 3864 2627 6499 1150 186
13422 1348 4 3602 1407 2451 152 1365
13423 1347 2136 1249 3915 2252 5489 7 36 687 424 3314 781 1569 6159 1510 3728 1783 3025 1433 668 416 2233 6803 2415 5151
13424 2468 73 2421 584 1937 1345 1510 1699
13425 283 1651 572 3148 2732 573
13426 1786 1266 2557 5907 2753 5227 152 971
13427 3548 1513 6781 1415 2570 617 1118
13428 1829 227 2706 5708 2239 621 6685
13429 297 3738 2084 1783 1433 647
13430 10 280 79 2432 4606
13431 1761 816 3150 6333 90
13432 114 753 476 2883 171
13433 5097 693 973 154 2538
13434 1707 1365 2413 2557 4051 4528
13435 1708 81 309 1341 944
13436 125 298 666 1224 3057
13437 6401 2792 512 629 4803 5230
13438 81 546 114 2816 2353 701
13439 4996 248 1165 297 367 1040 2368 152 1900 209
13440 1165 1891 4206 122 2927 3005 1673 4665 2209 536 2956 858 745 6758 4846 5222 588 2148 4450 4188 4717 2972 6866 1087 2377 2595 1431 3086 6253 3668 6027 3052
13441 1185 154 896 1807 104
13442 5445 6837 4926 561 3431 6140 976
13443 298 511 1202 1229 1516 631 389 2516 4295 81 2357 3703 2436 1813 817
13444 53 5153 4012 3084 894
13445 758 6312 1308 172 1241
13446 827 1183 2197 1210 2200 3403 1767 5721 2117 2125 447 89
13447 2756 540 4093 1071 3243 1176 1144 4299 817 944
13448 229 698 840 179 938
13449 634 2238 10 1577 1688 554 1634 5284 172 643 4133 4405
13450 2359 1767 114 1893 3321 2083 2134
13451 6514 100 2519 3097 3289 2490
13452 179 2533 1893 3886 234 3553 3885 4031 232 6029 1872 2532
13453 2003 1720 832 784 1570 655
13454 179 267 221 876 96
13455 507 4145 1773 2689 1192 3803 5880
13456 389 1494 1666 1137 3714 576 687 721 3061 4987 13 5098
13457 1067 881 276 150 1218
13458 3347 89 91 953 2076 2468
13459 1841 114 2582 5983 1069 933
13460 2489 3343 1149 3117 3767 4787 6416 6714
13461 3735 274 2883 5455 506 4819 3120
13462 811 435 493 1720 1833
13463 1587 3689 3392 5097 881
13464 1443 793 6756 521 6938 6352 845 2047
13465 935 5624 1287 675 10 2866 1013 3968 356 273 428 1716 897 4180 1540 84 350
13466 4981 4980 267 1772 5773 4691 2579 3949 1966
13467 2140 4774 6770 909 61 905 4374
13468 1035 3279 3657 88 174 3549 1718
13469 5629 507 6773 577 2847
13470 1651 6857 6576 813 2427
13471 1669 1408 24 2920 3608
13472 152 4748 616 1790 297 52
13473 1727 318 1754 1563 4450
13474 1448 971 2610 254 583
13475 4316 4133 1963 2714 3572 138
13476 317 2067 5894 6196 351
13477 2286 3643 5856 5889 1040 4211 492 1067 3314 155 370 1115
13478 4733 1163 1691 5742 87 6414
13479 3727 461 4606 5540 267 1055 53 1185 816 4027 803 957 3943 2140 1137
13480 1347 53 1943 1752 114 1564
13481 1847 576 3138 4707 598 1894 3251 4902 1236 325 5082 2698 1352
13482 266 529 1699 2537 141 3157
13483 22 957 1603 629 4856
13484 938 264 1863 4247 234 2194
13485 2619 2168 6068 3856 5034
13486 151 6519 170 6533 2978 209 1291 3939 888 940 259 171 4434 837
13487 3337 6032 1818 2492 1237 4584 4372
13488 57 2194 4553 991 3010 298 3681 4816 2388 3012
13489 986 368 1965 1392 2209 2289
13490 808 1229 68 2903 204
13491 1651 28 457 3635 482 1527
13492 4732 4946 910 45 1165 1471 73 1757 3632 1078 1211
13493 317 297 1196 511 448 3181 724 4220 3253
13494 244 7 3357 2337 1604
13495 1630 297 930 2657 73 1366
13496 3225 1801 2740 2454 84 1711 1216 2258
13497 3426 150 2399 298 4302 3428
13498 1069 588 596 1585 4188 1498
13499 331 2956 905 5517 5766 1315 3036 1073 2366
13500 1987 6800 6388 6815 5203 4710
13501 1106 76 332 1444 390 773
13502 511 266 4526 4410 26 980 6538 3118 1384 711 257
13503 1208 125 1677 5200 2372
13504 1764 1468 2034 834 321 5541 4907 6000 4558
13505 4493 6008 3134 1069 2089 2222 186 1729 1016
13506 858 6973 721 1392 5743 1587 152 3360 4372 1710 655 3578 1711 888 288
13507 4366 487 708 2057 4180 1383 925 1342
13508 3640 2459 336 5200 842 1743 356 1137 169 2883 3746 4108 4512 5940
13509 1426 76 119 2364 565
13510 863 2489 4412 2829 1970
13511 1815 1150 5122 817 24
13512 729 5285 115 116 80 4111 1769
13513 3865 523 3218 2808 1406 1098
13514 1714 644 1692 158 271 53 4377 3890 723 1555 4304 1115 1298 6472 5745 357 5739 612 2034 2786 1315 3325 801 378 1859 2022 1915 1687 537
13515 596 1347 476 4320 670 863 4381 259 634 2621 5392
13516 1347 1508 1137 1614 1297
13517 1747 1305 6684 2876 859 2424
13518 276 4508 1202 127 300 6962 186 76 2116 4493 173
13519 229 764 3962 1866 3553
13520 476 1841 2251 6052 428 4003 3560 4905 2703 2147 2125 4517 271 1242 836 2357 1435 2861 496 1522
13521 1590 1374 4974 1563 1020 1415 89 119 91 568
13522 108 268 2512 2579 651 307 1723 637 2231 2232 1456 1334
13523 2474 409 253 4584 2382
13524 4152 5977 629 1831 3032
13525 1147 476 1177 268 108 1137 41 2669 97 1241 3758 1603 151 833
13526 600 4250 79 1924 718 2249 254
13527 4884 3586 2215 2742 2554
13528 5064 6446 3009 4435 5311 712 1818
13529 490 5247 3263 6662 5251 111
13530 687 977 2067 1880 3280 2700 1295 3068 1367 771 3422 482 357 694
13531 5271 3124 276 569 2018 4040
13532 151 634 1192 166 380 1100 789
13533 81 4598 1469 1276 1090 4461 4970 3086 5805
13534 593 2467 1150 811 3548 1199 1680
13535 2441 5283 1761 1841 128 2703
13536 271 2186 900 2588 1185 1841 269
13537 816 1502 1915 3745 6517 809 2733 2456 7
13538 3345 3358 821 128 53 681 280 1988 3068 3912 3531 3594 3824 108 76
13539 81 817 2317 6973 331
13540 108 3740 2148 1067 1970 5571 2948
13541 6255 570 1807 3926 319
13542 826 842 2116 317 2863 4270 1120 2716
13543 229 181 991 149 2302
13544 366 899 4359 1349 1026 897 5221 5682
13545 2042 1055 702 631 816 1635 448 257 36
13546 6466 2632 701 3397 408
13547 1624 938 6686 991 4020 1847 6970
13548 2618 464 6308 694 2326 576 1026 3972
13549 463 1124 2786 745 4103 3305 2139 1292
13550 484 576 4874 1944 4125 1757 3001 416 128 5211
13551 480 4718 323 1329 1390 3720
13552 959 2850 2297 1484 4507 1415 4225 5498 6076
13553 266 2832 152 493 792 2565
13554 297 54 5002 4226 909
13555 423 1215 187 757 1483 1262 1257
13556 3084 993 532 1385 405
13557 621 4490 13 681 76 2146 1013 4926 3224 1149 1812 173 5059 1205 1966 174
13558 2717 292 1116 5740 1008
13559 4346 2337 4845 2621 5108 4672
13560 2826 2308 5554 1239 53
13561 1844 6550 5767 987 1711 881
13562 1762 1976 1149 590 214 4674
13563 1374 2866 1845 859 1068 2795 5100 2280 5035 5397 5175 2930 2173
13564 179 5355 1508 2451 101
13565 2898 739 199 2357 909 81 4731 711 7
13566 5997 5072 3527 452 6415 1433
13567 4644 3604 1651 5764 253 470
13568 1549 6708 5552 2071 888
13569 1631 156 1008 1069 1747 3594
13570 2354 276 3684 811 2203 2136 6878 959 81 583
13571 3160 3397 1013 837 5516
13572 886 1781 4678 1370 4666
13573 555 3974 409 2685 3923
13574 10 3266 493 1113 69 2013 1104 187 64 824 829 1631 2518
13575 3195 3797 4498 1664 2373 289 5329
13576 229 3661 327 360 5969 1891 2339
13577 701 79 465 1008 2553 1415 1147 787
13578 297 1584 1149 2484 466 740 5183 4073 2455 2417 3242 6983 728 271 2646 5346 1729 627
13579 1966 1696 1813 963 1572
13580 274 3901 1199 6636 114
13581 1770 2871 816 2771 410 1045 6619
13582 5620 169 5117 693 240
13583 2994 5421 3280 1236 2096 1006
13584 76 4528 2765 1851 4749 2076 5265
13585 3021 1199 53 410 4848
13586 114 712 3548 523 4894 2927 492 154 1885 4386 1072 886 687 4053 4282 4960 1076 1480 1078 5 550
13587 1662 460 1847 1800 2676 170 35 268 6227 1055 359 6831 881 6943 60 1215 61 254 2458 428 120 476 22 859 1193 1067 128 5504 1184 32 1041 749 2547 701 457 5105 3222
13588 1026 1038 2456 6483 1976
13589 6581 959 307 1012 3028 4090 5723 174 2069
13590 858 435 834 93 5222
13591 370 2928 599 1467 6608 491
13592 108 4410 4944 5596 2287
13593 4696 739 4384 740 466 331 1447 297 1686 662 489 24 6328 5331 289 1254
13594 4430 693 959 153 2048 2146 1767 1048 1553 3871 2236 1342 710 625 4738 3374
13595 186 1987 3943 2584 958 1040 2920
13596 945 1160 3569 2181 3533
13597 1810 52 158 858 68
13598 367 243 2111 156 138
13599 4640 2411 3393 1969 636 454 897 2659 909 1020 4295 1149 2668 5901 2825 2935 5596 3090 173 24 1587 290 3342
13600 5115 227 596 740 912
13601 5029 3686 5202 1067 1528 1518
13602 4925 274 53 1012 3299
13603 236 2022 2949 3258 1922 4577
13604 2430 359 740 297 2209 6640 1117 6162 186 3812 3138 3209 3752 2582 588 2445 542 1425 4906 4659 2734 587 139 1429 1091 609 3980 1430
13605 3938 1781 2934 1396 2739
13606 489 4787 1286 2582 6822
13607 3968 2325 4554 2416 1078 784 2947
13608 742 46 959 6195 836 809
13609 263 1240 426 925 983
13610 2357 2233 687 1229 481 584 171 39 428 146 1807 5762 6489 1208 4508 1040 1041 2995 2755 3397 814 2140 221 2271 249 957 4216 351
13611 2412 6051 1762 3651 151 68 4447 67 930 1261 895
13612 3188 1292 1053 1117 104
13613 181 2756 1365 6790 944 3717 138 3041
13614 796 821 1365 2020 1624 2746 432 1298 5983 2231 2232
13615 1810 530 3042 3604 2484 318 114 995 889 4446 701 408
13616 2640 4538 4299 1 1508 4357 5273 2642 5667 1070
13617 1639 1640 1868 223 68 6980 6920 6914 879
13618 1342 297 6702 5852 173
13619 3097 813 2098 1137 3389 742 968
13620 1939 2482 164 2570 4086 576 4432 889 1262 2477
13621 1610 2111 1595 1449 4124
13622 2414 3894 3305 221 2139 6656
13623 2824 150 47 3294 2530 3014 4399 2075 806 6558 1231 48 3036 174 6853 5525 146
13624 474 576 475 276 757 842 3545 4752
13625 432 758 2672 1069 1777
13626 3750 4193 2359 2104 1624 264 3153 1598 4552 6061
13627 4209 617 4701 3395 985
13628 3614 1347 6573 237 5036 909 3608 6741
13629 461 68 1229 615 2089
13630 1551 681 3936 69 2143 5057
13631 1780 4995 1893 1392 1998 2927 5249
13632 988 682 3738 3591 4481 4838
13633 2376 8 2946 5085 637
13634 742 5430 739 2454 4093
13635 2901 757 711 1335 3575 6441 1868 336 2233
13636 3791 2615 1326 1605 1181
13637 1838 506 1008 32 4863
13638 5243 54 4120 1181 151 6325 836
13639 237 3651 7 897 2017 5060 638
13640 114 151 2668 2047 2496
13641 179 16 1365 1071 3635
13642 3510 317 1776 529 77 1785 1503 35 4540 1067 5026 152 1566 3763 1113 596 876 4325 1411 1603 464 1398 615 3283 1691 976 3230
13643 2934 4371 1960 2036 186
13644 1422 4126 5044 1273 2718
13645 311 1836 6095 1970 809
13646 6941 826 1468 556 4484 1508 7019 136 39 833 1485
13647 2281 174 1 629 678 5815
13648 2083 356 169 171 3017 416 1012 1510 1335 4522 2377
13649 2355 1183 1069 1115 5563
13650 1526 40 147 158 5363
13651 3065 190 600 619 1436 3403 6826 2061 3044 2721 2407 3206 1977
13652 1055 723 2718 5629 5990 202
13653 229 1780 2389 3886 4951 1896 5935 1864 4031
13654 1585 3039 152 4295 4578 681 752 2067 832 1100 7008 592 1607
13655 1888 3604 3943 10 793 91 156
13656 557 655 3829 4987 1005 5002 4746 6440
13657 248 2795 997 1287 2075 1059 542
13658 4382 87 1503 3439 66 4797 120
13659 3754 24 402 52 2281 3484 2357 2147 4180 1149 876 152 3972 2312 1932 2980
13660 826 530 538 559 4442
13661 899 1202 3409 1018 1342 268 303 297
13662 271 3425 832 179 3261 476 235 128 319 53 814 2140 89 6273 1137 1327 153 118 817 2071
13663 511 3283 4049 6800 4762
13664 1639 2795 150 1347 3988 1246 2925 651 3672 1041 85 317 1829 4302 1297 593 1986 237 6284 627 1262 87 775 4312 5183 311 6604 687 349 1055 1516 1178 1301 183 889 576 1626 721 1692 4181 6056 1587 253 629 4569 54
13665 1229 3736 284 3249 1633
13666 1235 191 1718 768 5469
13667 863 1400 2165 2771 2883 1022 2909 173
13668 3136 3765 2711 1185 711
13669 6857 3175 1342 4343 992 4540 897
13670 1604 2267 1212 1634 834 117
13671 367 23 1019 7008 6170 38 6433 2779
13672 1416 2085 155 2251 5515 4577
13673 3358 1494 826 593 987 3223 4469 2393 816 7 171 1717 6991
13674 3468 406 1008 3329 4586 4047 1481 4918 3104
13675 2104 763 2488 876 6136 930 1026 1610 3288
13676 1152 881 6767 3264 615 781
13677 4146 2148 3203 2646 2288 1011 794
13678 953 401 2451 1793 2170
13679 227 1847 1516 6958 114 3192 1490 1757 1187
13680 3517 1485 1342 1601 4614 1618
13681 331 740 1192 6260 1100 111
13682 1788 10 693 99 2711
13683 4103 3852 2673 2958 279 1876
13684 2403 154 4875 2451 1312 1601 3861
13685 2727 3013 1365 1749 3566 2013
13686 2939 2073 1137 4196 4337 3144 4178 2871 2913 406 2201 1905
13687 1417 757 4396 1546 3913 1026 2082
13688 164 464 4503 631 1166
13689 621 1847 1949 1989 790 1315 801 1162 2829
13690 4209 677 1203 3733 5254 4513 5373
13691 6578 5994 1742 448 1396 999 321 355
13692 6924 271 6040 1669 2322 2617 918 6891 803 3023 5868 3791
13693 114 1949 276 2756 535
13694 1448 3349 1433 3643 554 117 969
13695 1551 3569 675 1502 1276 2665 309 153 2452 5492
13696 152 153 836 146 4500
13697 3632 1417 317 1807 1011
13698 892 1100 2901 2357 104
13699 6361 36 164 1298 930 775 801 836 3373 2156 1617
13700 2737 979 389 6598 749 4664 4624 511 247 2067 352 439 3451 1067 3314 732 506 4275 4108 970
13701 1067 5208 153 910 653 4926 36 1298 1646
13702 151 152 466 1807 1432 174
13703 6061 5917 544 1072 6435 1224 3681 356
13704 1199 6870 4326 2783 74 758
13705 6890 4508 6798 4453 4869 739 1025
13706 274 3540 53 814 1752 271
13707 87 1433 3739 6799 35 2518 3960
13708 3188 2289 2792 169 1365 2811
13709 3975 68 908 3084 3541
13710 1838 800 4214 447 5352
13711 276 1772 311 2939 3268 3413 2784 714 164 1353 152 174 3117
13712 4981 5566 4880 976 2606
13713 2430 1003 302 1271 4334 271 2116 968 817 2610 2887 1741
13714 298 164 636 1510 5393 5151
13715 1037 1286 740 1040 987 6972 806 968 803 5667 511 1279
13716 319 1699 4864 424 1057 1187
13717 480 297 68 2871 1229 1729 307 7 816 4064
13718 1730 4192 612 297 189
13719 1600 3054 2742 3088 5856 408
13720 5282 3122 3291 236 1932 3180
13721 5076 3737 3098 781 873 1433 5870
13722 1399 278 3586 749 3415
13723 253 3599 1650 241 1997 6297 1536
13724 593 191 428 6588 171 3069 153
13725 859 266 670 66 1356 257 4108 970 1270
13726 3378 114 179 229 3377 547 1867 2954 1468 4063
13727 3555 3894 4019 2989 35 285 1589 1317 1031 897 5066 1337
13728 1345 2777 4716 1991 6307 1314 1819 1932
13729 2125 6596 230 4247 5780 1801
13730 216 763 1443 1973 5179
13731 1149 2766 2512 449 2955
13732 2596 827 5714 1474 588 2739
13733 2643 1307 1137 1788 6633 858 245 7016 4579 931 6329 6828 1633 2141 108 2776 1988 1417 675 1940 81 2962 2754 4507 3791 3490
13734 311 152 1973 1836 2937 6318 4935
13735 2620 1841 1072 556 2967 1467 1059 542
13736 1812 2883 687 2557 2581
13737 91 5167 1806 961 2630
13738 443 3898 744 732 749 804 420
13739 3878 2596 841 633 1630
13740 2619 4209 6779 3200 108 3647 5435 132
13741 621 749 4250 2044 10 842 4946 1561
13742 978 399 2074 1646 1390
13743 3865 2706 3553 2533 2654 474
13744 4721 1329 4716 565 4826 3180
13745 6818 989 1067 245 5582 5908 2766
13746 621 2361 6094 5561 1335 2108 314 291 2069
13747 77 2371 584 583 5558
13748 334 2807 768 3467 314
13749 1329 76 3549 493 3111 4507
13750 4335 3712 6519 1142 170
13751 3134 4098 4100 1573 1536
13752 3374 149 740 146 105
13753 1838 1199 390 6297 4001 1405 3991
13754 4625 821 142 948 15 5397 2393 55 6273 4563 787 430 815 139 1088 1201 1208 1841 5250 6510
13755 1158 2510 6124 3179 701
13756 274 151 152 1229 841 6344 583 5656 2712 3569 431
13757 128 2035 2723 912 114
13758 5595 401 811 271 6066 753 2756 453 356 1013 1224 1286 675 108 619
13759 758 3240 1008 4304 1219
13760 2618 612 36 1342 2796 740 2106 1915 1349
13761 3802 1376 1381 4112 959 1054
13762 3943 1689 131 1437 3030 2947 314
13763 5728 6795 2775 3779 2089 2200 6493
13764 5044 971 1066 193 1632 895
13765 886 655 3068 8 2742 1067 909 1717 276 248 3891 1711 163 5691 1520 154
13766 4479 1699 223 4480 1555 170 1365 6126 416
13767 7010 1957 4944 5383 5183 3641 5837
13768 10 682 811 342 3502 2244 6463 5330 332
13769 4017 309 892 803 382
13770 531 1409 1696 4209 1023
13771 2236 1423 628 3283 259 290 6149 1125 1425
13772 3729 4495 2550 1018 272 313 3946 2251 1176 1350 1371 4339 6020 6206 6232 2803 297
13773 76 88 2508 1699 681 89 1888
13774 5881 1067 87 1989 6213 1504 1966
13775 2371 3078 100 3537 1287 3234 2779
13776 2662 149 271 1236 1503 4384 1374 1185 473 554 5731 6242 2889 152
13777 1587 1603 1922 1008 347 5913 2568
13778 264 1170 2757 1396 666 2146 5720 3134 1703 918
13779 5444 2003 221 3484 4837 50 2989
13780 3697 474 593 35 476 1298 2357 6840 1232
13781 1754 1239 821 1040 1008 422
13782 904 5934 227 164 68 930 4210 3660
13783 432 709 2657 980 2897 353 2100 4451
13784 496 1071 5153 2274 401 4825 695 108 3368 3415 619 1755 4926 351 1542 298 151 464 5057 1711 2231 784
13785 4191 53 749 37 1143 2118
13786 1374 5958 6535 4532 5893
13787 3564 997 151 1223 179 5354 511 2618
13788 675 2136 485 957 416 6637
13789 6698 5299 3895 4098 6622
13790 1507 4044 1609 6916 5171 3044
13791 2717 5192 4295 1018 297 5091 2814 271 1419 3790 578 1997 257 2587 1525 2987 2357 603
13792 1939 1008 5592 6351 2695
13793 1816 1954 2518 694 24
13794 701 1558 3077 5148 408 2930
13795 5780 1402 2501 6354 1875 4276 3076
13796 3046 522 523 6907 370 3186 1281 1284 6075
13797 271 77 3209 1946 2987 2740 2014 3423
13798 2532 1701 1128 1284 3086
13799 356 3797 155 636 5771 174
13800 248 4599 1429 1094 1907
13801 1330 2561 764 1333 3817 2082
13802 5971 299 19 5982 2395 2315 1635 2482 2095
13803 4504 556 2187 1866 1999 474 3184 3976 2706
13804 758 1202 809 6351 5666 2253
13805 3555 77 2110 948 427 691 1166 758 2474 503 211 2115 3706 1536 1498
13806 4484 1008 75 612 532
13807 4850 530 13 1202 110 4866
13808 2999 1165 331 3801 1678 1315
13809 1014 588 180 493 298 720
13810 108 4184 1357 3044 2603
13811 1816 1415 1247 119 5837
13812 2512 889 6949 297 1312 160 2756 1769 276 2985
13813 862 537 5956 1642 1923
13814 57 2535 276 1235 2603
13815 2386 2525 1456 5148 4230 2968
13816 1113 1215 166 636 721
13817 1416 300 2354 1419 117
13818 108 621 3510 6771 166
13819 2393 727 3046 1 2521
13820 331 151 2310 153 1631 1551
13821 749 1639 3160 406 565 2917 1569 2909
13822 765 3500 1055 4180 122 2637
13823 2537 1402 7013 4437 3612
13824 1502 1730 3093 734 3720
13825 1113 2191 2200 6112 186 293 619 1239 321
13826 2603 1266 6461 2486 2848 2447 4807
13827 4235 2096 3882 980 214 32 3569 3878
13828 762 2928 2146 909 3323 2980
13829 877 5498 5559 495 3714 3123 5280
13830 221 6347 646 59 3431 627 36 1890 2200 6295 1383
13831 2924 556 5418 934 540 473 4771 989 4004 5900 3814 2636 2883 1433 4824 1452 6596 1618 837 985
13832 3609 3883 6483 248 367 6708 220 817 66 3459
13833 4564 424 1068 931 407
13834 4517 1113 3704 3285 336 2337 4153 4318 1454 1761 6011 1989 664 1040 2693
13835 583 116 6177 1185 874
13836 1352 2784 317 3293 1697 757 4749
13837 651 248 1202 6101 5537 3918
13838 3191 3951 5743 691 3587 4594 836 1452 6539
13839 3077 1977 897 1595 48 2785 773 666 6038 473 276
13840 989 89 4677 114 4585
13841 1641 2898 3895 246 1255
13842 3187 164 5657 763 740 1124
13843 5758 4985 4517 2956 3121 550 2142 4547
13844 1034 126 473 1631 254 4410 713
13845 711 593 1467 670 2146 3942 3515 24 1764 1592 1398 1973 4210 391 2666 3299 146
13846 2215 1115 758 6714 2559 2811 1498 986
13847 5146 944 3692 6561 462 1752
13848 1878 6654 1728 4665 1646 1456 1402 3282 6034 1503 2312 2612 3071 1948 4520 36 24 2262 4918 4039 1322 4914
13849 635 1039 2685 2256 1767 114 3283
13850 3545 415 461 249 1880 555 108 267 1390 2519 1069 4879 166 3515 2990 4410 5293 1729 2308 4360 104 1509 2111
13851 588 186 1767 365 1626
13852 1998 179 991 476 6398 1777 588
13853 3042 3104 1919 3916 35 4437 443 3360 1711 1555
13854 2264 6538 860 4559 384 385 4989 388
13855 2494 268 5664 1295 989 474 443 2657 4818
13856 3224 19 5593 86 3524
13857 1764 4484 4355 2917 817
13858 913 3545 1982 1240 2336 581
13859 2937 5397 3510 6883 5311 2335 1630 2019 2078 694
13860 3108 4927 1185 6145 4223 111 38
13861 621 79 297 1696 596
13862 3614 687 2108 2357 166 809
13863 1770 4880 1328 440 860 2475 186 5017
13864 227 536 1970 259 16 1974 1076 2723
13865 928 6548 5236 1410 3322 587
13866 2662 1372 1785 3943 1659 1696 2889 660 650 6517 2632 268 744 1658 2156 803 411 3385
13867 4448 4625 1396 98 749 3243 156 4825 753
13868 1397 297 1526 2622 4656
13869 6872 1558 1178 2165 5676 5147
13870 6326 3403 5864 1415 4130 5167 6884 1444 1202 6988 3133 3303 1397 1329
13871 152 536 153 1478 2075 1617
13872 2267 1004 5136 1365 4216
13873 4773 2967 1467 1468 582 542 4151 2595 3533
13874 3917 2308 4328 2201 2262 5731 1069 4053 5140
13875 1913 989 4987 3097 672 61 6119 336 653 806 302
13876 24 1242 5271 2457 540 1927
13877 2810 621 1113 79 1202
13878 1640 1609 2357 930 2196 5651
13879 4147 3646 1094 1095 3221 1098 3981 3222
13880 1748 3261 820 6069 66 2501 331 2096 1510 809
13881 2892 5883 5036 846 765 4023 5029 2590 2601
13882 3812 2047 721 6109 963 2471 961 2407 2050
13883 2433 58 7024 1783 6725
13884 3330 324 5961 6256 332
13885 3227 4504 2627 3750 4727
13886 307 439 541 655 909 1342 612 3903 801 7 1537
13887 4380 1447 859 1699 2482 2987 1786
13888 360 2838 2302 2148 1029
13889 227 3030 67 296 4147 492 1951 6163
13890 150 80 1210 3133 2220
13891 2999 1816 2794 1553 4848 2682
13892 1998 4417 4418 3954 1891 3378 2330 179 2706 1867 360 938 1029 1072 6671 2901
13893 5214 678 2757 1374 3291 3602 1551 2889 5001 2174 6786 3273
13894 257 2614 4891 5219 968 3830 2242 65 621 1020 1889
13895 6044 1716 6865 6079 3276 809 2530 3610 6333 3197 2860 4220 5957 2832 771 1956 6129 1061
13896 749 978 1924 5321 2158
13897 611 96 2421 2845 884 1033 530 248 4127 6759 626 3093 918 169 1287 3281 1297 690 3537 3657 332 3502 186 3549 769
13898 3140 4403 2407 5108 3365 2439 5867 3477
13899 1177 1200 2076 809 2292 968
13900 1761 2909 2454 5280 6168
13901 398 1178 242 2110 117
13902 4546 1270 666 895 962
13903 440 4341 2787 6254 6323 5962 895 1433
13904 1389 6878 1703 1370 4451
13905 4063 4546 88 3065 409 506
13906 1822 164 4773 3960 2418 2715 2585
13907 6943 307 859 1113 1067 287
13908 587 2982 1767 2570 1069
13909 268 575 3848 1055 3021
13910 3807 3553 1599 229 1893 2662 6428 2532 1999 1029 2360
13911 7 4312 4315 481 752
13912 3595 2699 1998 2036 796 687 5881
13913 1165 6457 6086 297 164 740
13914 432 317 753 1185 2251 2220 2670 24
13915 128 1126 1996 1844 220 5487
13916 621 1504 918 1703 6543
13917 6347 1610 3151 2394 5602
13918 1040 35 517 2337 1705 918
13919 297 1007 718 1215 414 286
13920 5575 1176 629 2132 3373 2216 1887 5505 76 50 119 1888 3416 6629 1190 1541 3883 5150 4870
13921 4320 687 5882 3490 4193
13922 438 474 1417 3988 53 5135 1761 5890 4533 299 788 1113 6658 5059
13923 1949 5925 635 367 5899 5378 366 827 1624 2419 409 940 4894
13924 3279 163 5662 1888 4710 3234
13925 325 5267 636 1022 1334 1611 3706 2482
13926 3409 2317 331 842 4614 775 2181
13927 1989 4538 1110 339 4307 1497
13928 19 87 721 2630 893 5082 5073 2170 2218
13929 4221 3227 2359 474 233 1598 1867 2954
13930 762 266 1185 4443 243 2394 416 482 5983 3720 3896
13931 1516 1432 3097 1622 1739 1255 743 391 3584
13932 889 1453 1112 809 288
13933 627 739 128 4192 111 6547 3274
13934 3240 160 1329 3350 681 4071
13935 554 5960 2312 2531 4440
13936 4689 435 5004 4568 45 4541 1196 1868 4581 5490 5801 1328 997 6943 4499 741 4793 4063 2096 1714 1946
13937 179 2611 2729 5852 2039 5222 5105 2811
13938 473 675 4161 930 664 5460
13939 889 1776 1816 356 4519 3969 2766 5072 618 2795 4262 1153 1353 2156 1087 770
13940 1841 3130 6454 81 630 171 817 26
13941 1720 1396 98 814 1473 4233 551 1697 1763 2147 623
13942 472 3600 1113 1035 2913 3632
13943 541 816 4642 4505 1537 434
13944 1036 2523 834 2922 6517 311 1153 1784 4669
13945 3373 2410 6408 623 2047
13946 3227 1385 1495 6407 1749 3454
13947 1260 4227 1173 1329 1741
13948 171 387 4071 3281 1361 5348
13949 5566 764 1149 558 1673 1640 516 144 814 5147 6233 93 191
13950 1700 4470 477 114 5915
13951 3212 3114 6224 895 2326 4304 1378 871 1433
13952 321 3243 4112 2047 1977 918
13953 2608 1181 927 636 2084
13954 1542 6270 1912 682 43 3110 3492 48
13955 248 2005 4453 871 4174 2751
13956 1150 5312 5546 980 297 84 85 89 4118
13957 810 2003 3358 1691 764 259
13958 1598 2359 3153 5970 1895 229
13959 3467 6820 114 1546 1069
13960 1789 946 1681 359 3009 198 2897 6923 1006 4887 227 3526 1773 276 525 1577 1987 2927 3978 2808 5162 5446 634 2662 5403 1467 2673 6431 1849 5803 395
13961 898 53 847 529 2259 1122 3879 1067 1507 294 3829 6273 1756
13962 3961 1342 4109 1807 4665
13963 2739 109 2516 173 1748 3475 1603 3735 930 912 4192 6331 4608 1353
13964 149 4062 522 4127 2483 1073
13965 3824 6405 85 633 2109 6
13966 1005 1385 281 1581 618 958 2894
13967 268 2122 3818 370 154 1078 4661 1065 3533 1098
13968 69 2441 813 390 1978 3223 4083 1051 221 901 479 5998 211 1335 1993 1276 1432 3601 3752
13969 447 781 4071 7005 2610
13970 328 3288 2985 332 1890 2384 517 1888
13971 268 298 918 1841 2324 492 1467 2436 2742 6431 4458 4388 4387 2972 1083 4123 1084 6839 4661 1845 3050 3419 2595 6802 5412
13972 2808 5431 2662 1072 582 4123
13973 35 3682 2504 71 1216 763 6381 37 5204 5093 2055
13974 6556 3172 476 2017 81 1058 4961 4106 3475 2829 765 1514
13975 140 2657 612 1419 2687 60 1642
13976 621 1067 2557 22 6921 443 6990
13977 1286 108 1185 4469 5933 3606 5149
13978 485 4443 2774 1577 1218 5153
13979 1577 2927 369 2324 4875 1090 1905 3 2812 1092 4014 1431 3221 1284 3086 5412
13980 5640 600 5966 953 841 1034 648 7 1729 6905 1276 5864 2890 5647
13981 5968 631 847 1137 417 2945 5602 765 666 2366 6255 2721 1603 2462 4710 519 263 828 2829 2620 1692 5307 836 1078
13982 5232 391 156 2742 1438 1585 4875
13983 2210 749 428 4859 5153 1335
13984 4481 2468 1718 635 1510 3299 189
13985 3113 6649 3571 2632 909 483 3357 1353 173 4729
13986 34 276 13 2432 624 6842 1233 823 1433 758
13987 493 2287 1149 1945 1577 253
13988 1183 1374 190 299 108 1185 1614 816 2503 3429 6742 1771 5136 5982 2805 4317 1208 419 4779 3080 1979 920 5894 2806 143 2917 2734 4612 3358 1231 53 814 2553 2253 930 139 3273 3276 259 617 169 2456 2357 5369
13989 1890 4044 1757 4932 1808 297 4546
13990 987 2284 1033 6793 1334 4192 5389 1042 253
13991 2466 2214 4842 3891 1713
13992 558 1185 1150 2477 314 1346 668
13993 5287 5735 617 119 3257
13994 1939 164 1969 439 466 423 4052
13995 236 3210 1444 989 823
13996 3246 4524 4134 2188 1484 3783 2784 1347 96 1135 1729 4093 4199 1853 674 1334 2219
13997 2290 245 790 588 538
13998 2274 681 658 2075 1540
13999 2200 6376 291 2185 871
14000 6779 876 4544 6110 1013 4401
14001 6826 53 4212 749 1445
14002 5682 5518 2651 638 1577 1971 262 1593 3073 862 449 2321 3951 2344 2752 4943 1239
14003 1071 1467 5383 1522 5007 3085 1098 6663
14004 3007 5267 243 6739 493 305 1584 2154 1575
14005 1397 623 652 634 1335
14006 4754 3009 6131 626 3093 2552
14007 3068 6038 1764 1930 378
14008 1446 2110 1510 428 892 5087 2989 2670
14009 860 1359 4174 631 4835
14010 2136 98 800 648 5864 2451 5399 1540
14011 1005 3035 1040 681 5581 4378 937 3039
14012 789 6349 1525 1948 918 4375
14013 299 1315 2149 1090 6829 137 1636
14014 759 356 6982 635 2017 6527 2573 1619 5790
14015 4089 542 4659 5052 1277 3132 3648 5
14016 2924 2223 2174 2047 349 3357 968 4074 456
14017 97 1504 711 3737 6503 2581 1066 1718
14018 1034 57 2993 1342 2290 790 223 264 298 1978 2113 965 1150 4345 4743 1912 247 4688 18 517 1084 1279 6782 3419 2595 1085 1097 1096 6925 4780 3981
14019 1192 3926 1531 644 1008
14020 3293 631 1271 5619 4577
14021 556 5926 1764 317 1503 1816 6432
14022 443 4819 532 1382 4 3611 5070
14023 3188 1967 174 199 2156
14024 3268 6187 3072 2238 2929
14025 938 4551 1739 264 4728 2532
14026 128 4089 5564 1266 3779
14027 1837 663 600 2380 3566 4595 4753 440 1241 24 3595 1844 1415 517 2079
14028 476 2519 2394 2863 179 714
14029 1347 1161 1781 1878 5096 67 2910 1222
14030 1040 2483 2683 6189 768
14031 651 1347 5954 3688 1210 5564
14032 3017 1187 506 4470 2270 3627
14033 1067 2197 687 1503 989 5335 2075 1374 407
14034 4802 4063 2076 1352 5090 357 174 1415 514 297 367 2450 1040 3036 10 989 6950 5878 3017 1752 1008 289
14035 412 5108 6880 4094 788 1534 416
14036 556 5604 1225 1404 2125 2577
14037 447 507 624 251 4126 3287 367 1433
14038 1949 1123 2215 6161 5239
14039 1199 6762 489 2783 1586
14040 1383 816 276 2438 2407 1026
14041 6381 349 128 1604 897 3831 1090
14042 4100 4684 687 152 1516 87 636 1812 5297
14043 615 3048 2551 269 1130
14044 2133 1816 764 3512 1057
14045 293 4743 545 5541 517
14046 6996 1329 88 1106 119 5502 5906 924
14047 234 3011 5706 1624 2706 179 2532 5928
14048 5541 3266 1782 1650 5795 2570 1714
14049 1630 1690 1316 2357 833 1962 2614 3488 3139 589 1206
14050 6783 945 4979 356 3546 1205 1419
14051 624 1342 977 473 482 3841 4078 240 282 3597 1587 4220 940 3108 1432 5066 3119 2990
14052 2759 2136 1398 473 3118 154 576 1286 464 990
14053 731 701 6843 6960 1158
14054 600 6556 2067 859 2009 2523
14055 1059 1841 2969 542 1468 1467 5087 740 546 4388 2649 2733 655 757 1080 1541 1522 2568
14056 7016 905 5089 3126 53 473 2140 1149
14057 2043 3493 6739 2975 1951 1165 1124 4459 2729 1855 5613 1939 181 2501 3467 987 164 2191 930 5387 1327 1929 80 2928 5148 6861 6014 1508 2084 4264 6328 626 4061 2074
14058 474 1183 1170 2136 2271 4769 1432 153 752 452 1495 6653 2436 733 1781 4244 6469
14059 6206 2357 644 1752 136
14060 3533 2387 1553 416 5095
14061 1153 2252 1759 4420 2167 2048 2191 44
14062 4704 2500 186 368 3632 4344
14063 3284 3121 6332 4518 4985 953 567 384
14064 3496 264 1551 506 1741
14065 5460 930 889 4295 4846 895 1456 912 1633 342 1496 4731 2026 408 701
14066 5111 230 2330 4506 1891 6261 6109
14067 6374 1458 448 791 473 1919 2164 1707 621
14068 2125 189 450 590 7 3342 6700 6722 477 3803 4617
14069 1630 2357 713 1008 4439 3283
14070 2924 4878 861 2083 1930 108 3542 3314 367 4781 2393 35 2630 2751 6897
14071 524 525 2620 1665 2927 370 3218 2808 2572 2292 4356 12
14072 2616 149 859 299 6811 4420 1841 151 6083 53 190 6975
14073 666 114 1399 457 4960
14074 1358 5577 3190 1026 5414 1631 1670 929
14075 2408 858 3321 5482 2943
14076 6201 3855 5438 1077 3761 3352 5762 4207
14077 5947 5029 297 2636 1860
14078 768 189 354 5066 155 825 6456
14079 2016 2315 173 2737 758 2009 3455
14080 3290 3035 1841 550 10 6161 93
14081 2291 1287 89 1657 329 3767 1932
14082 2620 4094 5576 369 5410 492 542 345 1877 5434
14083 593 111 1149 419 637 286 161 482 2144 636
14084 6073 108 4216 1845 5500 5617 393 6992 300 631 390 81 2165 1388 1993 2377 464 86 4614 1046
14085 3475 77 522 863 53 798 5544 6519 3368
14086 1891 1329 1287 682 1683 2612 673 3571
14087 3957 349 356 1604 2801 53 6585 1641 1185 4051
14088 1417 3738 4988 6752 763 407 119 1062
14089 1336 681 517 3720 573 7
14090 298 320 4267 254 150 1233 2597 5371 711 1069
14091 356 4654 1917 3712 599 5048
14092 2145 1868 3484 3102 6524
14093 53 5251 643 859 201 309 626 642 2082 1528 1607 6288
14094 4533 1183 4290 899 5530 1347 1601 909 2200 6856
14095 1026 5691 2416 826 828 1313 5121 3416 1270 1718 1023 161 5578 6465
14096 34 4515 172 1031 2673
14097 116 309 5971 2207 170
14098 3485 2244 1719 5869 739 1379 2052 1069 986
14099 942 432 405 2673 3134 4520 3605 1162
14100 953 5076 1188 173 1455 682 1069 3611 2121 215
14101 4629 5894 2858 916 816
14102 154 13 81 309 1365 6564 2265 1216 6415
14103 152 4855 863 653 6493 3383
14104 2075 1468 1467 1078 601 633 120 1060 410 22 1079 1080 4104 4408 3974 3662 1081 4926 3049 767 4012 6252 2812 841 164 239 5793 6175 1091 472 1149 174 6216 2594 297 19 775 1400 4254 1751 6743 1065 6079 1431 3221 3663 2595 3532 3649 4780 3086 1099 1102 5804
14105 473 476 863 6736 4281 1736 1737 711
14106 2557 1742 7 740 2335 117 1367 2604 6708
14107 2052 11 2657 1419 1137 1290 1026 3283 3789 1807 2987 6050
14108 114 4254 4603 1570 4139 1831 1932 1170 291
14109 319 3347 89 1104 4314
14110 314 1038 1137 1973 6394
14111 4147 1022 6477 4078 7011
14112 1780 229 4032 234 1463
14113 3938 731 2350 3613 6621
14114 633 1040 794 957 17 3036
14115 695 627 87 247 739 1332 73 5547 2052 11
14116 1054 244 841 6415 5389 1113 687 972 1454 989
14117 860 1836 3571 2636 439 909 4192
14118 2512 2557 3258 4748 2588 357
14119 33 2077 30 2030 1987 74
14120 49 391 2326 1 2629 1119 1763 897 171
14121 2259 270 3615 5765 4308 1102 5764 2374 5249
14122 1823 254 6391 6233 970
14123 43 2939 19 1202 1298 2875 1554 1694 2490 479 4598 359 428
14124 666 624 2537 6178 2056
14125 6940 365 4553 2532 4728 268 1662
14126 2383 271 1379 930 4197 117 171 1757
14127 4710 3714 1571 3502 2883 959 2929 1741
14128 6457 1786 331 5586 297 5896 172 448 2156 5832 1241 2148 315 5967 940
14129 2098 108 1333 4140 2116
14130 4924 1433 3314 68 1239
14131 3397 2173 881 897 2878
14132 4985 4646 1531 6974 2454 622 1669 2944
14133 5787 1189 3548 172 152 3948 2558 416
14134 729 68 1202 427 5388
14135 3006 4095 187 713 4533
14136 3004 303 6276 2905 3203 6232
14137 1057 4408 2646 2792 5366 2982 966 1388 2883 3213 2098
14138 6926 4721 1888 388 521
14139 976 1120 3587 758 961 3642 61 148
14140 2160 141 2483 4 3923
14141 77 331 739 297 476 298 2660 3744 3873 37
14142 98 1697 2116 4035 6176 1500
14143 3339 1948 1403 5296 940 588 701 321 1880 408 1069
14144 4533 3957 1640 356 81 816 817 2070
14145 1427 1104 1630 817 1419 1729
14146 1630 205 2543 576 6293 1678 1948 1882 173 4068 420
14147 307 556 1485 1757 1236
14148 1397 98 2107 2387 5943 1347 5381 6770
14149 5874 6053 3737 486 6490
14150 432 151 85 1156 2357 355 1237 2614
14151 389 1841 749 670 171 1446 1997 1137 583 2947
14152 621 7020 150 67 108 1437
14153 4184 3135 919 104 4603
14154 6859 2263 3459 5784 1184 2419 4238
14155 419 42 2909 1369 876
14156 749 631 1949 4062 3259 5011 2047
14157 311 2082 1582 1583 7012
14158 612 227 912 783 1022 6477
14159 826 152 4065 3690 4157 1600 949 399 909 1741 2363 24 42 4795 1849
14160 352 4507 6463 1172 3771
14161 78 6259 6927 2455 876 39 5696
14162 298 3681 1053 507 2337
14163 3756 2297 3439 3203 6621 6418 6321
14164 108 1486 881 4936 5271 4423
14165 1984 5936 1468 4697 1764 4548 2514 6701
14166 1113 1149 1357 118 2561 2723 1094
14167 4247 6516 2408 298 2450 179 687 1673 5126 1165 1298 4913 4744 1934
14168 640 445 452 391 156
14169 297 2095 1365 4870 483 1231 1271 816
14170 952 2412 905 2537 603
14171 4824 971 873 257 3495 3720
14172 629 152 809 940 930 1503 3891 282
14173 2496 1484 5059 5578 2100
14174 5065 3365 6416 1008 5496 31
14175 2629 775 905 1046 354 2238 2561 4533 1055 3231
14176 1843 876 2188 323 4199 3676 1484 3160 1639
14177 2462 872 4524 2588 1362
14178 1639 764 1410 128 23 108 390 3615
14179 1 616 2557 888 2427
14180 399 5035 166 1696 3692 916 655 2537 254 2585
14181 739 709 3484 1100 1400
14182 861 4894 489 4051 4387 5133 131
14183 1328 297 563 4351 5025 1584
14184 3139 1711 2200 1938 5380 876 629 2454
14185 1076 1144 582 12 2734 1541 6680 1431 5493
14186 1753 271 1236 1754 5918 557 2077 3402
14187 1485 1038 2273 998 2632
14188 7002 2413 1951 476 19 442 5791 4282 397 2730 1597
14189 6702 1347 3009 3673 5273 3282 367 3164 810 1629
14190 69 1202 747 221 307 5239 3569 810
14191 265 992 13 297 1176 268 6296 461 740
14192 6370 3515 271 1696 822 98 897 156 297 2569
14193 1296 2721 298 2460 46 1501 813 1365 382 596 6634 1851 1807 131 5046
14194 298 325 5496 4962 2136 3737 627 3655 1711 1441 1215
14195 370 4147 1468 1467 4386 1059 1072 1076 2662 542 1841 1078 601 1903 3645 4717
14196 3042 4329 3606 1020 2989
14197 1459 744 294 1078 5795
14198 826 13 99 432 151
14199 6449 1202 452 156 2947
14200 259 474 2756 1432 2482 636 1372 3049
14201 2115 3357 6995 3770 5038
14202 2897 2228 739 3280 422
14203 1622 2614 209 2531 6429
14204 1503 2600 1411 1455 4942
14205 6241 3512 965 1016 339
14206 763 2775 443 1236 2025 1452 3134 6192
14207 1374 2273 2191 3289 3114
14208 186 1603 5362 1239 261 2929
14209 503 19 740 3586 1566 3044 85
14210 474 6081 3622 104 2240 1757 2588 4180 3408 1660 837 1778 716 1720 5221 940 814 4097 3242
14211 1149 655 2335 291 1855 1352 1040 336 4403 3310 2536 1125 416 2608
14212 1639 618 1590 1957 2842
14213 1371 91 1347 816 832 1370 24
14214 4157 1192 6699 4735 687
14215 368 984 1622 1976 1239 1235
14216 274 4156 2125 2348 872 2610
14217 744 19 5209 1162 6429 6427 1455
14218 1339 43 1581 4894 1711 1400 847 1112 2504 154 1019 5125 3121 1624 2795 1055 6855 1199 4166 2928 629 1579 2108 1643 221 1456 2889 2165 5118
14219 1471 2017 162 280 1624 826 476 3202 69 886 847 5016 4864 110 6700
14220 5737 1533 3084 6197 3628
14221 3651 1165 980 6959 4199 1416 2075
14222 1980 576 5978 4062 814 868 831 257 4447 6408
14223 114 972 2072 507 408
14224 4169 3540 158 3397 1190
14225 4922 307 1016 2039 4787
14226 268 4760 2926 3978 5431 4147 1905 6389
14227 6341 2134 2135 1045 1048 4601 5779
14228 20 2552 940 5440 4927 506 1163 1153
14229 1884 1757 3975 4787 1481 1007 3068 6090 1573 1224
14230 1647 2297 1439 245 5574
14231 3820 170 179 1951 13 3957 548 5543 128 4614 1697 3118 2076 25 3508 4795
14232 3374 4523 2084 3848 2357 1690 930 6662 1745 248 2935 1982 469
14233 1371 1033 1040 1708 3566 135
14234 773 826 876 4484 481 1666 1456 916 655 2061 1715 1405 912 1631 784
14235 149 2784 2133 5495 3200 655 89 1069 4071
14236 2783 859 1781 2357 391 3527
14237 158 271 83 1484 681 554 682 793 4445 5880 4661
14238 6752 259 4943 4255 1509
14239 3652 2054 2972 6866 609
14240 596 2632 6055 6426 5047
14241 227 636 2989 809 2735 1910
14242 612 317 48 4104 3193 2665 409 452 6240 3729 275
14243 114 577 788 5106 1215 148
14244 447 5735 3166 5414 1270 6914 1939 1353 871 970 1839 3114
14245 237 79 3756 6621 4715 1303 3253 4860
14246 1432 3448 627 434 37 757 1711 2809 186 3042
14247 742 1816 268 1507 3080 1013 1379 4925
14248 5834 1901 168 309 4531 1085
14249 186 276 3311 1485 297 152 465
14250 1708 6156 108 76 2329
14251 189 1976 768 61 275
14252 997 2518 244 108 496 4675
14253 4015 933 3324 1527 2873
14254 2533 858 3681 1998 886 3943 842
14255 2784 550 2894 549 3342
14256 434 2468 4789 6177 4097
14257 1639 2798 2082 1508 3583
14258 4503 2455 2298 6780 1791
14259 83 4669 319 877 997 89 2247 307 1167 2364
14260 627 1868 2136 5854 1040
14261 3005 744 84 2349 775 721 1781
14262 370 403 1276 2972 1281 1431
14263 1829 2164 3248 152 6891
14264 2871 705 2779 4231 2877
14265 4433 1531 4737 2308 1651
14266 237 3426 493 1844 189 3313
14267 3920 1973 2224 243 675
14268 540 7000 4594 768 5515 3566 1165 68 476 945
14269 532 1041 4550 227 1718
14270 695 1286 863 1990 1432 3027 5577
14271 3727 955 440 832 4935
14272 2100 3092 297 2088 1211
14273 181 557 4886 3658 4153 439 5473
14274 4361 2323 749 2742 3632
14275 847 6959 3188 6052 5798 895
14276 5648 1555 3652 3972 110
14277 2586 3125 2553 1038 4656 4192 472 617
14278 353 6821 4657 629 1329
14279 86 775 6371 3357 6330
14280 149 276 2393 3397 752
14281 229 360 1029 2358 1999 2042 6029 180 245
14282 2663 2424 225 2809 809
14283 6937 6800 4638 1987 6080 5753 2675 1390 984 63
14284 532 675 2165 4284 36 5882 617 156
14285 541 1978 5566 2163 5852 2315 2557 4239 435 4126
14286 1614 1205 3415 1553 4258 2869 16 298 2357 1750 6127 2659 4895
14287 389 1759 6750 1054 3415 1176 1040 693 522 811 6113 493 108 307 910 6533 532 574 356 1577 170 6347 1342 5020 905 443 797 2443 1055 3923 540 166 298 732 4343 3068 1022 1018 2388 2588 5027 1951 889 1319
14288 365 1014 2533 1893 3550 6345 232
14289 2037 800 803 5117 139
14290 268 3325 7 740 299 1049 1569 4375 447 1775
14291 978 583 1183 2794 268 1343
14292 1498 462 588 1767 1875 4185 1647 1008 4187
14293 432 5891 2200 2084 3195
14294 3203 2883 359 2020 2357
14295 2569 2547 6317 4362 775 663
14296 2302 5495 3728 1013 5500
14297 2308 1055 480 2384 4218 1641 1643 3100 3283 393
14298 360 367 5132 2829 1235 6334
14299 3371 2259 718 2069 1849 3223 3390
14300 5741 4669 1342 53 143 76 108 4789 128
14301 2141 173 6097 623 1149 2393
14302 3594 1844 4199 119 2013 2079 2156
14303 1485 10 636 1444 3341 6842 2147 1013 2777
14304 6081 2935 2416 1035 4520 4360 5092
14305 1415 1890 3342 937 381
14306 1630 1938 2240 214 2454 74 4488 3408
14307 360 840 6029 3954 3553 5386
14308 2924 3281 1484 4407 3537
14309 89 5931 576 164 5835 2903 848
14310 636 6572 5519 1752 1771
14311 1881 1176 821 1844 1504 814 2140
14312 443 1650 1807 5744 2785
14313 108 2498 76 3744 91 936 5445 257
14314 258 287 4466 3454 1921 186 1987 2308 5383 4166 721 824 4879 5043 1378 1297 976 293 2841 972 926
14315 1402 36 298 808 744 1398 6195 4741 1901
14316 4817 1165 164 19 298 187
14317 3166 5354 702 2951 3491 4411 1727 681 1699 989 171
14318 34 4665 2473 3369 4073
14319 2332 2706 698 4506 3804 6792 4553
14320 651 1340 1177 2705 4022
14321 473 266 5242 1411 5541 4744 4072 758 3244
14322 3885 234 1780 1872 700 5408
14323 298 666 554 6529 1604 4108 1270
14324 462 5476 3943 827 4744
14325 2880 6071 4517 1762 1149 1348 4982 784
14326 7 1358 309 2073 5770
14327 1371 2776 59 4923 2920
14328 6444 1727 332 6559 1334
14329 2563 1385 4023 80 1205 5559 5614 2272 7017 170 1763 399 733 1453 1885 472 773 311 4062 98 2982
14330 389 4412 274 331 1696
14331 1989 957 794 402 742 5616 3929
14332 4763 3427 331 6086 484 3209
14333 2972 941 4688 6652 5158 1783 5433 1086 5007
14334 349 541 463 1875 1577 297 4230 3186 2808 5809 5410 2292 2970 1902 1440 6817 2733 309 5006 4429 2115 1083 5526 1063 593 2735 4660 1038 4841 6764 1910 1326 1845
14335 432 3065 2365 267 80
14336 439 860 317 493 4879
14337 322 559 4669 2350 1153 2752
14338 443 7 6700 6722 573
14339 1955 2739 2329 842 3595 6704
14340 108 5964 877 1260 1262 4377 1825 13 4685 5856
14341 316 266 1791 1954 701 1584 854
14342 108 987 6542 1432 3134 572 6633
14343 3704 5756 5271 550 816 4833 156
14344 3277 2188 3236 3238 337 6629
14345 1436 3670 1836 453 3157
14346 292 876 1610 174 315 809
14347 108 1697 593 5723 476
14348 740 1988 5515 1259 170 687 4343 174 809
14349 1443 2528 5498 3549 6938 793
14350 1386 493 151 980 583 3033 171 1816 66 15 787
14351 515 1 2262 5535 404 1438 4488 640
14352 297 687 744 930 2898
14353 2460 739 6059 199 2943
14354 377 2052 1008 6818 281 4244 2056
14355 372 1255 13 164 732 1202 1516 2407 173
14356 695 1410 2775 1205 3828 552 24 132 2704 957 636 6712
14357 1838 143 1452 227 3940 6713 3871 6368
14358 1987 298 1055 14 108 3203 3387 200 221 3803 829 1210 2103 3529 5460 2273 1657 259 2233 3392
14359 473 6376 5027 1595 4453
14360 1829 6816 986 259 6289
14361 170 98 822 4476 980 4546 3042 428 2890 2164
14362 1402 4820 1795 3549 342 937 58 565 1498 1876
14363 476 3992 2259 2796 694 1297
14364 1352 558 1820 1337 4964
14365 4023 1076 3764 1995 150 331 140 171 220 6047 174 416
14366 463 6575 4564 5723 2713 1507 53 1976 1410
14367 331 2321 1997 1970 2877 6454 544 1246 3978
14368 1647 1844 2156 172 356
14369 4872 2100 757 458 758
14370 847 2170 5332 4908 3343 6259 2944 3759
14371 6788 274 6485 53 3415
14372 2457 2785 821 666 42
14373 4738 151 160 152 574 2658 77
14374 1266 2883 434 751 1460 26 1502 1003 7023 5092
14375 2518 1026 1610 681 3067
14376 390 3888 151 636 146
14377 2389 5386 5111 2340 5242 3084 3134 1575 4528 2652
14378 3828 3020 3007 476 2328 4399 236 2075
14379 1029 687 745 77 303 1811 988 4843 1333 247 2847
14380 2885 156 6058 6704 249 40
14381 1816 1696 1883 4167 13 768
14382 108 12 1425 587 6663 1099
14383 297 687 5465 1141 1584
14384 274 720 627 53 221 816
14385 229 2332 365 6613 245 3499
14386 2210 4371 754 1711 4182 3357 4917 2821 712 2092 4373
14387 3316 114 3314 4152 863 2256 3157 724 757
14388 1202 5517 886 589 3795 1816 6508
14389 77 1183 1123 2889 4963
14390 1153 506 1551 89 3277 723 276
14391 2148 876 141 1536 4787
14392 1415 1287 2561 6765 3569 6559 1335
14393 360 5229 3964 5462 4484 409 5114 2673 5320 940 1761 2409 2313 587
14394 1503 4112 5879 713 54 3368 1112 5242 1558
14395 4504 2339 1780 5408 2865 1894
14396 596 1239 3008 4342 4785
14397 588 5357 5960 4157 5159 6861 3873 3830 3593 6117 3611 3276 831
14398 1446 522 2892 3463 2451 2385
14399 651 2272 7 5150 1801
14400 4684 3092 4041 1989 589 321 1807 660 2901 1106 1912
14401 1149 636 4769 166 809
14402 1829 2924 1392 3552 1485 5229 3499 3809 3553 4418 365 1014 4913 169 1402 186
14403 916 499 3029 5900 5352 1432
14404 712 77 2214 2205 1778 3457
14405 621 948 4150 303 749 636 809
14406 6241 987 792 4971 1587 617 506 292 2298 911 701 3117
14407 2865 267 4624 5138 5668 1444 5443 2134 4051 274 3326 5971 2210 6478 268 10 3842
14408 915 5585 4058 2983 1105 1390 3720
14409 841 3364 1764 5896 2805 542 29 170 3262 5711
14410 6790 6755 6036 4619 3025 3764
14411 1240 151 6639 2404 4093 2909
14412 307 3569 1920 492 6337 1365 4340 2457 3320 2557 2519 91
14413 1785 976 665 1298 5956 2622 2985 1202
14414 729 6375 245 1339 2858 131
14415 1939 2949 1025 2468 6770
14416 122 1040 3102 1229 620
14417 558 522 5593 3482 816 152 5906 2388 6036 1516 6329 2651 2790 81 311 3612 221
14418 274 53 2946 297 299
14419 3721 3150 2786 1836 1046 836
14420 811 4402 2319 1198 2910 1241 740
14421 264 156 1185 4505 957 493 2108 1297 2723 1453
14422 3121 356 5975 809 3870 3868 826
14423 987 16 989 416 5473
14424 2757 84 1933 1764 3489 774
14425 1462 739 303 443 399
14426 179 331 1985 87 3729 220 1896 8 836 4199
14427 445 1920 1510 2656 452 416
14428 234 359 2467 1587 3265 316 4732 6268 3863 119
14429 826 742 1762 1177 1841 10 693 1697 784
14430 757 972 711 768 4457
14431 1873 2767 3640 1057 4846
14432 4157 2801 3961 10 2190
14433 5260 2036 1538 3134 2608 4618 2691
14434 2252 192 2585 1720 3830 3197 4534 6193
14435 4573 3818 1149 2983 1008
14436 987 5585 4476 1364 6111
14437 2990 108 1000 554 593 3873 171
14438 149 1297 4062 5252 642 6637
14439 114 4415 5727 1711 824 6862
14440 905 1183 1268 5211 2750 5148 1558 1113 972
14441 5974 1067 6104 2714 2887
14442 317 6364 152 1119 3632
14443 367 419 5024 2529 108 1432 3403 359 2003
14444 2550 4530 1995 987 440 53 3202 2387 5108 1048 463 5566 150 1236 1729 399
14445 1000 859 863 114 4510 2714
14446 125 2185 4965 1229 2613 2207 4943
14447 331 87 1836 2078 5667
14448 4669 1135 6352 517 385
14449 254 631 6849 3878 1948 4520 5901 895 3448 1117 161 3477
14450 6857 1976 108 1005 1291 4890 2881
14451 2847 44 588 4797 168 1069 5651
14452 5295 2083 1584 6583 4637
14453 616 1711 5016 2835 404
14454 179 266 108 1334 1696 2096
14455 3397 693 1752 1137 3778 6976 2632 2072 2630 3921
14456 114 5905 409 2036 588 227 3486 1423 1654 2826 5599 54 5176 405 918 5903 542 2785 1425 1469 596 1184 2718 1906 1429 1094 604
14457 173 2082 2357 50 629 4614 5869 16 3093 4097
14458 1650 747 1838 1729 5938 989 2868 6124 4234 4522 485 1968 1911 5731 1339 4879 966 3415 6170
14459 1342 5671 4453 85 801
14460 443 3978 2845 151 24 171 6295 2100 2860 106 2326 1062
14461 2398 1036 1962 7014 6694 4649 713 989 701 1823
14462 1468 1076 1078 1060 3049 4012 5177 1065 1523 3086
14463 6337 556 1072 2967 1467 4896 1090
14464 1359 1432 49 1574 4665
14465 4768 1199 1868 680 4767 108 852 1011 472 432
14466 2647 876 141 2128 6335 589 2557
14467 946 3225 105 6875 6432
14468 2679 473 368 1841 2704
14469 1844 202 1209 221 3791
14470 1856 810 6119 1480 420 757
14471 3482 311 2992 1026 2508 224 6896
14472 3947 3756 1202 959 4062 152 2847
14473 4147 957 4024 2856 918
14474 2583 2926 2928 2148 1491 4387 1425
14475 2236 1494 3409 3373 153 788 836 5691 5770
14476 4922 3011 2798 2701 2339 4814 229 186 1786 4123
14477 2082 3661 834 108 4781 3397 1782 787 3460 848 642 4112 2231 2232 5052
14478 647 1224 6374 3848 480 4782
14479 946 89 681 6291 2407 1001 1329 2189 385 2518
14480 3299 6342 1813 2364 4061
14481 264 432 1696 1202 199 749 871 2207 171
14482 2629 826 2010 141 1788 1371 583 76 655 2376 1163
14483 1029 537 347 918 3134
14484 1844 78 2096 787 5139 6373 1335 143 1 816 1137 4051 1985 788
14485 53 242 162 1048 3586
14486 5005 5424 48 725 171
14487 556 53 749 1048 739 1630 1072 1433 582 455 479 1355 1926 1287 4859 2590 4451 1920 12 5006 186 6782 5247 4898 6802
14488 3504 946 1071 2328 3752
14489 3046 276 2569 171 1433 4319 768
14490 149 274 1177 298 2557
14491 1166 356 5834 268 5934
14492 988 1396 16 390 1502 211
14493 4418 757 4416 4872 970 2531 6718 4075 3873 4883
14494 474 229 179 4032 1829
14495 1286 3922 2201 664 1301 1815
14496 558 3299 1486 5774 2565 1516
14497 68 333 1223 3685 1149 1313 3373
14498 1639 6844 1443 6672 1415 1759 5287 1328 1584 634
14499 851 2569 4329 618 1055 930
14500 53 3993 91 615 5167 6239 4520 1746
14501 179 1503 1836 1071 171 416
14502 3894 412 5665 4642 3192
14503 1329 2946 1502 1334 3764 5601
14504 6613 3886 234 2706 2662
14505 359 476 687 19 2044 637
14506 2818 108 983 964 4618
14507 3820 3728 4089 79 349 905
14508 1167 3434 171 753 2732
14509 1029 1443 790 1990 517
14510 6698 1347 71 108 3116
14511 1703 10 4061 2292 1718 435 147 1631 314 3130 4452 389 2151
14512 4818 1177 268 223 1266 4447 642 96 2206 298 834 4914 3072 1530 872
14513 3515 1438 1540 768 1794 926
14514 1029 1847 2934 367 125 6667
14515 2826 1603 976 1642 1720 5269 4535 6964
14516 3737 910 1228 705 6150 472
14517 2389 698 4417 2002 114 2533 3749
14518 1645 2980 73 2929 291 2338
14519 5193 331 834 5027 93
14520 1167 6038 666 6094 5665 962 7009 6929 3439 714 1551 2803 3594 4191 1720 1633 7011 1740 1169
14521 512 1701 4840 3863 1202 2305 227 4041
14522 361 1894 3552 2533 4830 229 1014 179
14523 1199 4119 6009 5148 6414 1031
14524 2347 621 170 763 487 1298 1231 81 174 836 2881 1942 156 1353 3360 4466 897
14525 121 1891 6591 2627 1895 3809 4032 1624 2653 1872
14526 1168 4454 5033 1113 859 752 5336 2110 297 1966 1729 871 2958 3792 1368 2396 858 510 307 6392 6738 4379 5985 186 1967 129 2803 36 5106 2990 544
14527 3448 1836 4003 2061 3591
14528 6875 6062 474 264 2871 1342
14529 1199 108 814 498 2076 763 6072 151 636 481 4619 909 6415
14530 1507 1970 293 1807 2518 1989
14531 152 3423 6660 3758 1178 2392 1737
14532 5060 1810 1809 1977 4260 2525 1456 3227 900 6182 1917 26 1323
14533 5015 3155 2761 6792 698 3499
14534 1353 1037 1401 1781 2860
14535 1406 1224 5769 80 4835
14536 427 476 722 5993 5216
14537 720 768 227 1747 3763
14538 637 859 331 298 152 740 87 3397 153
14539 2718 1069 2125 4478 151 1997 170 1876 1774 6192 110 4108 3955 979 5258 815 4452 2987 4698
14540 1054 68 2454 589 4321
14541 714 260 2190 5114 1841 1585 409 1610 3411
14542 3783 635 307 3600 2566 1226 4737 240 3875
14543 4111 753 5704 5074 3860
14544 868 6077 389 2650 1390 583 1550 1137 2776
14545 687 629 78 1113 3583 1512 589 1013
14546 150 1039 6046 3030 745
14547 2620 2755 3748 593 370 1166 1372 3828 811 1772 5244 3979 1176 3752 373 4345 1841 3047 81 405 941 1468 5294 2436 4089 1059 1467 1076 542 821 1074 2967 4251 546 2969 417 5893 601 6817 168 3364 431 2811 2742 5863 1902 4875 1498 120 1080 4906 4531 4717 280 1082 1184 6652 5158 4661 1094 1692 6216 1429 1907 3419 5339 1522 1092 2595 4014 606 609 4898 2781 4087 1523
14548 1639 2317 4339 99 2886 1932
14549 1417 1298 2748 3706 836 3445
14550 284 399 2071 1985 81 4533 34
14551 1358 6683 3889 68 859
14552 128 170 6353 7 985 457
14553 1484 1287 3210 4407 4262 119 2883 89
14554 506 3522 2587 2312 1270
14555 179 297 687 298 1202 740 2509
14556 2400 876 4714 2600 2193 1577 1558 1582 3445 1334 108 1537
14557 221 80 5779 5001 66
14558 162 97 1581 4997 2117 1239
14559 3605 1327 2160 924 740 1304 5080 4940 4435 4580 6911 409 4396 4056 1435
14560 186 1178 3996 1558 2580 276 2424
14561 5154 2267 155 2825 1570 1225 2791 2784 550 790 517 3537
14562 1087 4429 4013 2062 4660
14563 368 4699 3177 2673 4478 1007 5338 817
14564 950 4251 4576 1720 4790
14565 762 254 758 6801 3276 2363 154
14566 6143 2100 5419 817 2636
14567 367 67 530 997 2239 2727
14568 740 481 752 32 146
14569 1034 78 300 108 1343 1540 3889 5024 1185 356 906 1979 3042 2076 1927 4227 940 1478 2975 1630 2056
14570 621 227 2600 1943 1630 3243 2423 590 4456
14571 1208 149 1067 3653 3826
14572 1718 4598 268 1973 1754 728
14573 274 2991 493 1471 636 221 356 5489 897 391 1218 416 2129 4265 3322 1984 1507 145 4078 1783 5760 1215
14574 546 268 128 2174 1553 4386 1088 3943 2694 6558
14575 2500 637 3196 127 410 3202 5223 274 53
14576 45 1055 3828 402 5744
14577 946 558 540 4738 4118 4297 428 3609 3212 511
14578 3323 1966 842 1697 3803 1744 637 832 479
14579 2629 476 841 1045 886 876 10 900 2530 40 808
14580 1068 2611 7007 3674 3675 2967 1649 666 2472
14581 2706 3799 2533 2550 3357
14582 4312 2115 3352 2608 1616
14583 49 73 495 552 4181 1473
14584 6860 1033 5307 5200 5647 4037
14585 556 170 1377 6600 6407
14586 986 68 80 482 60 6188
14587 1467 1059 542 345 1076 1570 4717 4369 5596 2593 6389 4661
14588 2784 1392 264 1876 701
14589 2098 905 1046 1374 417 445 5552 2897 3183 809
14590 3661 1208 3806 1895 3550 114 360
14591 1048 1342 2013 310 3633 151
14592 473 1029 858 247 2036
14593 6294 1396 3376 385 2158
14594 6201 5097 6950 1939 164 152 824
14595 742 1841 246 1342 200 267 3752 87 619 2512 1372 4619 6501 3935 1318 2324 1254 1902
14596 2742 542 1144 5551 1077 1425 1498 2590 4598 139 6876 3049 4661 1094 1429 609 3221 1281 1099
14597 1754 1475 2250 1243 3151 6274 2104 6393
14598 367 152 3320 2937 298 740 872 5755 749 2037 5349
14599 1113 1297 6845 940 77 108 1246 865
14600 1218 3926 2909 3764 7
14601 4714 4065 114 3540 2372 5907
14602 4040 947 1372 3828 4862 617 254 263 1547 1771 3930 4387 2971 6817 12 6252 4390
14603 271 5108 530 4567 624 1630 3737 6830
14604 462 189 1410 6586 98 711 1518 2049 3920 3160 1029 2530 406 535 2519 3898 4868 2291
14605 1153 889 1261 1262 2314
14606 108 1137 4803 1185 1328 390
14607 1149 87 636 1241 836 2787 1433 1954 1270 1646 3131 2019
14608 151 1208 108 1614 1365 5775 1630
14609 79 1764 590 817 687 1495 4839 506
14610 1286 2134 303 1332 5668 1330 2403 1363
14611 2800 803 76 340 1433 2387 966 718 4522 3718
14612 1371 1178 1209 2357 1066
14613 1471 1988 3261 164 1526 104
14614 6251 984 5338 5599 269 5820 759
14615 1985 1220 4017 5132 3188 3671 1433 927 6410
14616 3186 4387 168 12 2590 1353 1522 4475 2595
14617 1184 6340 1325 693 4071 3231 6944
14618 6292 1949 2133 6247 821 1614 3214 1640 1884 2673
14619 5722 3684 1374 3340 5072 847 257 6178
14620 3200 2798 1266 3367 2104 3968 511 245 6633 842 473
14621 152 636 357 117 20 2409
14622 473 2229 1055 1622 3867 2829 2928 2693 2242
14623 1696 4193 1708 2366 3760
14624 1371 583 674 2943 821 1225 904 2840 3420 247 4903 1054 1149 2271 5735 2436 4646 16 910 2460 6021 633 1551 1365 7 154 4555 5893 5276 1819 535 1187 757 407 1564 2299
14625 3655 301 2561 723 66 1403 4740 1398 440 6277 4801 5279 532 1053 1271 428 155
14626 621 331 1526 152 959 153
14627 2987 68 2530 27 6330
14628 4714 763 1393 4071 625 4735
14629 4466 506 3094 2657 409 2100
14630 3515 297 3344 151 3256 506 173 2325 5069 848 3788 6 37
14631 4836 6490 1605 152 4635 2608 1616 1181 2610
14632 3476 2890 3009 6523 4526 1055
14633 1365 1276 764 3352 4397 1388 5550 1269 5438 4203 4780
14634 86 1067 1347 1328 3280
14635 5826 1022 2391 114 1315
14636 1485 6074 540 3839 859
14637 4918 2971 1425 587 1429 604 5177 1095 609 3533
14638 1239 128 6529 3719 1614 222
14639 158 3540 3132 4026 38
14640 298 164 4371 1829 1402 3287
14641 6242 1663 364 1693 4484 5995 43 3446 6917 6691 2631 45 2569 4434 2693 6323 556 1137 1163 2670 2076
14642 2656 2618 2308 2242 288 1028 1115 3196
14643 1998 6686 2290 4915 405
14644 3747 1845 1503 784 1994 3335
14645 557 1754 905 152 563 323 270 749
14646 1231 174 146 3600 2666 2325 4129
14647 6206 790 67 224 89 2508 91
14648 1415 1296 3279 666 76 88 2189 5123 3266 565 5445
14649 3357 6436 4327 4893 4043
14650 152 108 1086 2518 693 80 1932 833
14651 10 1215 69 871 4801
14652 2808 3978 1841 6168 2810 1070 491 2208
14653 2706 360 1893 6430 6590
14654 550 3293 3510 1365 298 81 1011
14655 3027 4052 1614 171 3830 2673 2691
14656 1255 1764 4484 1930 5490
14657 1345 4404 6398 1887 3505 335 5106 3081
14658 199 5402 1660 1583 918 5130 2445 4281
14659 1839 583 248 1781 482
14660 6034 4918 2762 2210 331 4357
14661 1843 2005 1603 164 2718 5990 297 5041 4311 409
14662 5964 3673 2953 2450 6037
14663 2273 1237 806 4796 288
14664 720 842 2867 969 4926
14665 108 449 2100 6413 1250
14666 4395 1699 89 3110 1650 1935
14667 621 4508 349 3744 3955
14668 35 621 4290 1192 78 5348 3432
14669 221 81 2462 1942 2410 2530 1849 989
14670 1036 108 2676 173 788
14671 4021 4893 2467 2352 1590
14672 367 2900 1629 6223 2346 3032 24 6076 7025 1992 3492 682 59 319 329 247 3351 6399 2500 2066 3597 892 794
14673 881 152 52 1752 6005 2992 970 87 153 1433
14674 1046 3130 3537 4524 8 3795 5396
14675 236 675 1398 2297 1220 221 5223
14676 817 3450 1188 366 24
14677 1467 179 1782 4134 2234
14678 621 309 79 1711 1660 2386
14679 3482 814 2140 4153 400 3801 1936 853 212 3606
14680 720 535 2072 1696 631 2618 2451 1100 3063 1855
14681 1951 1054 2775 1697 223 1046 2216 4619 1888 4710 848 1036 1508
14682 6476 532 5701 1687 5185
14683 3624 6235 108 906 619
14684 3951 5743 6947 1311 4440
14685 588 248 2693 2242 2049
14686 1639 10 89 3281 1429 2364 77
14687 1026 1255 2110 3288 437
14688 1046 5608 143 1486 3842
14689 5939 257 512 692 6046 53 410 6807 6910 1087 417 859 331 2757 832 2705 6482
14690 1869 826 1549 5812 2630 986 1558
14691 651 152 821 1055 53 4367 4668 636
14692 2702 1404 918 110 1971 4344
14693 6292 151 5816 2484 158 2419
14694 1624 2702 127 1249 4400 5831 3584 3635 5609 881 1438 4747
14695 5376 451 5206 166 2909
14696 1208 1659 653 3932 1927 4844
14697 1119 1087 860 331 2557
14698 280 2191 3949 1115 1965
14699 6219 4661 540 341 2575
14700 666 268 1948 4520 473 814 390 2040
14701 243 1123 4637 298 6501 5314 6154
14702 1224 2934 1347 1266 493 1185 6816 1699 4093 170 1376
14703 1730 5657 6303 6400 2275 1132 2588
14704 2685 6762 1499 3897 4361
14705 432 1581 484 822 253
14706 841 6351 1782 641 5383
14707 909 5517 1836 3438 1498 6258
14708 627 1297 744 6507 4079
14709 297 68 336 1665 1708 4314 153 1370 950
14710 5027 5746 3445 657 3447 3626 810 5839 2078 4930 24 5540
14711 5363 297 151 860 4625 740 2484 5205 2201 141 1008
14712 6425 410 2851 1240 5545
14713 530 2468 919 300 550 1185 5330 5337 2887 926 1071 1078
14714 349 151 6292 3805 1869 1165 2798
14715 377 150 440 841 1771
14716 1639 379 191 1630 174 1192
14717 143 2579 6344 767 5635 2038 2537
14718 1346 506 2106 3698 806 1254
14719 627 76 2932 2417 930 5997 713 1008 172 768 4253 354 909 2499 287 987 4508 1041 53 3598
14720 1371 1223 2989 461 4019
14721 7022 946 6795 1350 5035 1629
14722 5535 108 2037 99 847 249 3102 307 5892 283 657 6588
14723 305 1588 2083 10 941 3942 6859 1324
14724 1511 3622 5757 1775 2937 1353
14725 2717 6996 2912 2581 5340 3762 2595
14726 1255 3386 3091 3092 6188
14727 2331 1581 2927 3905 4235 1078 2592 4369 1081 5008
14728 66 108 2076 2165 6779 1202 6344 5561 583 4593 469 1018 5624 2108 4111 4192 1927 5201 3489 3771 3868
14729 1624 474 945 108 1149
14730 4314 2078 2013 285 1665 1828
14731 52 1020 4246 2537 2451 3916
14732 432 2164 309 924 4080
14733 3545 434 3320 4578 6858 3036 3735 2839 2558
14734 709 708 16 1176 2943 740 2441 868 3100 3
14735 1292 2987 4180 2587 2854
14736 2398 849 4410 368 3472
14737 77 1371 1499 467 4255
14738 558 2460 141 838 2187
14739 2744 1164 810 1371 35 280
14740 6326 297 53 636 749
14741 474 3162 905 2259 5953 5363 4311 6845 5048 5365 2739
14742 122 331 484 3175 3422 3509
14743 1199 2889 757 1008 694 63
14744 4372 2690 4200 1815 749
14745 192 5166 3368 2531 3265 4325
14746 593 1761 1486 1048 4198
14747 1423 824 764 2048 191 694 2673 6046
14748 5494 85 2013 334 2320 2893 93 5102
14749 10 1315 5559 815 5134
14750 3362 928 2538 5084 76 1939 701 1484 1209 6274 517 4876
14751 1761 627 2757 69 554 5938
14752 2717 453 53 1032 3303 1699 3281
14753 811 271 693 2588 3707
14754 1199 349 162 4179 1473
14755 6100 1443 877 3279 384
14756 2583 3313 2046 1491 276 1235 1774 2026 6872 2689 2837 4688
14757 5903 6212 45 4101 94 50 4926 3869 2825
14758 1388 4967 1795 1978 832
14759 1255 811 5531 2084 5176 430 809
14760 6042 2706 698 541 2360 1228 5568 3553 3507
14761 1314 480 2923 5116 5068 5148 257 4375 457
14762 85 5585 5559 3248 249 4766 2200
14763 4221 2706 3805 4552 6061
14764 268 356 3159 89 615
14765 2190 1116 1455 984 817
14766 1146 1072 249 5559 495 1468 5332 612 4188 4598 3212 309 4975 3646 1905 4170 3790 6252 1279 1492 1907 2594 1065 3220 609 1020 1019 2989 1012 1889 1523 5804 6902
14767 3203 655 2125 311 297 511 2856 4820
14768 637 298 311 763 1504 430 6481 4108
14769 114 576 152 1200 84 357 1346 2829 5221
14770 32 918 2051 242 3372
14771 2164 1987 1007 409 276 268 488 2625 3265
14772 1374 631 1271 301 905 1354 1737 3383
14773 154 4119 400 4592 2929
14774 1040 3540 52 693 1122 2588 2152
14775 1595 3381 3625 1646 919 2537
14776 441 4063 1510 297 889 3095 4361 2036 1443 88
14777 2544 2525 672 889 940 5385 1425 4261 5795 833 6929
14778 367 2286 2451 881 506
14779 1978 1176 1841 905 674 1707 5151
14780 763 636 1508 4735 186 114
14781 4846 866 3433 53 7009
14782 1150 1862 230 114 1626
14783 428 449 5359 3044 2519 4051
14784 621 4767 390 171 4835 4317 318
14785 424 4767 1366 3528 155
14786 1495 2283 3849 5732 2443
14787 1474 889 3151 1140 2998 817
14788 638 1764 687 4958 3063 186
14789 720 655 982 6587 2606
14790 10 3431 1396 2451 2188 3248 1484 1219 5598 3743
14791 2476 575 1057 1320 6025
14792 3247 3565 5358 5157 5184
14793 1690 4778 1008 895 5573 713 227
14794 2010 751 5904 693 2419 3842
14795 3558 3186 1841 154 2968 2437
14796 152 5525 1961 1696 740 3835 6798 3580 546
14797 1412 76 332 3555 389
14798 1040 2632 701 260 1876 2093
14799 474 511 997 2489 745 6873 5096 434 1453 2393 4826 701
14800 1208 898 2140 2776 1167 4722 5176 5029 114
14801 1823 4973 2437 4599 6823
14802 127 4337 583 1100 572 2306
14803 3586 2665 3042 416 2955 1976 2312 2134
14804 6264 3180 1962 6626 1265 2029 50
14805 683 1029 4526 6014 2264 1372 2561 3140
14806 2145 24 6775 35 107
14807 309 399 3597 3357 3432
14808 52 6901 85 2140 2579 2908 138 5036
14809 5421 1202 1876 1425 2870
14810 588 5764 2262 1069 4199 620
14811 67 1147 227 317 682 128 2789 847 6053
14812 464 1943 1729 2557 6572
14813 62 909 4699 4166 889 87 1952 2648 3470 89
14814 321 976 701 378 2117 4826
14815 199 1747 6587 2337 3313
14816 13 2586 319 1754 4445 3444
14817 1423 506 1590 1557 2935 6198
14818 80 3515 1 1551 1844 1232
14819 349 1841 50 3084 24 245 2971 1425 3304 280 4589 18 1277 4661 1906 2973 605 2595 6902
14820 2014 1668 407 809 1112 897
14821 5273 402 6057 3310 4856
14822 263 1651 276 722 657 1419 834 1315 4016
14823 6934 3201 280 6582 2215
14824 4215 5696 6704 1567 2930
14825 3227 2654 229 3749 179 1780
14826 3248 6108 77 814 6337
14827 2982 1616 652 1233 655 54 186 636 872 114 248 4061 5107
14828 79 2756 687 666 3357
14829 2934 631 2489 634 2259 249
14830 19 5081 2134 46 3294 2281 638 6624 1223
14831 826 1630 1379 316 288
14832 3357 1464 243 2259 929 1425 6192 2268 2592 3050 3561
14833 1886 4453 5436 311 5275 1026 179 1769 3158
14834 1224 2829 53 1 98 1336 416 1973 1494 1757 953 257 1105 6803
14835 1485 152 5102 1566 1469
14836 1147 557 1178 1271 2889 5890 1452 3263 7 740 1757 3632
14837 96 1138 1067 681 4244 2231 784 7014 3625 4320
14838 594 108 4961 6841 1891 245 2073 5553 3403 881 1790 1606 114
14839 268 4814 4846 4005 935 2913
14840 3653 2386 3218 3186 5162 757 280
14841 3243 1444 5390 3292 394
14842 4327 2847 2202 170 5515 2670 6465
14843 3165 311 5965 635 680 1503 2898 1034 1056 2922 2019 316 2190 1643 5311
14844 1693 4157 3165 3164 4047 977 4371 3338 3074 743 5515 2403 6160 128 858 4448 4484 804 542 5870 4629
14845 633 1681 5978 1512 5842 2281 85 2271 6447 1473 4748 6810 1900 668 2309 117
14846 5341 888 2036 5153 1508
14847 3787 1149 16 1022 2100 1362 3714 152 1699 930 6094 1364
14848 1816 311 1584 4731 2862 3652 5176 1645
14849 1639 1890 2148 2512 1684 1816 590 5850
14850 4794 152 666 4211 659 143 240
14851 1775 151 1055 1359 2937 6019 2111
14852 6730 5389 2907 1433 3313 1622 749
14853 4062 1762 331 961 2829 4513 1365 146 24 1396 1954
14854 2640 5876 417 1077 1425 3930 3645 2733 1469 4659 1087 3049 3646 3648 3221 4708
14855 297 636 1600 3910 1166
14856 1352 2226 5367 35 1464 1453 895 2092 1586 297 271 4343
14857 4629 435 1200 636 1214 3946 4144
14858 478 933 915 53 108 325 1334 274 1170 832 5140 349 3903 2588 1779 803 1942
14859 3099 3190 3501 443 653 4823 457
14860 227 3467 930 1008 1241 1209 809 1558 6709 1019 4261 6801
14861 1315 3036 174 1737 5697 1336 3322
14862 2156 1433 1921 3606 264 961 155 1485 590
14863 297 5036 2575 3046 3255 4021 6530 4719 1187 876
14864 3558 885 1829 2899 1185 655 3651 1976 4252 1048 4257 4944 74 428 3407 876 108 4811 1515 2108
14865 331 297 464 152 740
14866 4720 282 1192 155 2047 3878 1671
14867 3714 4084 221 240 2909 1199 50 24 1163 1588 3960
14868 6379 2482 248 781 881 6957
14869 276 1165 502 5274 399 5630 439
14870 3454 2017 87 2315 4349
14871 305 952 264 303 2128 2705 1035 2553 3042 5856 4578 2306
14872 3619 2721 1998 186 739 1829 457 4051
14873 98 249 3080 186 1348 6225
14874 323 1329 766 1484 3396
14875 2937 2756 959 4104 1048 1645 541 1777 593 5128 1149 1603 1202 1055 6326 54 749
14876 414 876 4436 962 1337
14877 114 2586 3522 2615 2299
14878 26 1696 1069 416 2811
14879 53 2588 6047 4790 2302 158 1347 6478 367 2600 493 52 80 901 249 6870 154 4285 3504 4669 1094 76 88 1563 2165 2030 297 1055 708 682 24 957 211 6833 609
14880 179 991 1847 5462 1895
14881 1183 6491 1889 2385 474 4268
14882 1150 474 2761 3550 4553 245
14883 271 681 76 1752 5696
14884 5628 4972 1234 5721 6530 1352 1255 860 5241
14885 91 2202 1011 416 1086 2662 1468 687 151 2944 5902
14886 1879 2229 480 918 3134 4278
14887 3545 1352 2646 655 1876 457 6318
14888 876 2130 6701 4052 1008 4588 1369
14889 2488 758 723 4498 5043
14890 5622 6987 138 2021 2267 4347 24 1268 2082
14891 5035 2579 6179 4440 1820
14892 4922 1891 530 2533 991
14893 1985 536 3342 4833 809 1690
14894 6284 3291 1123 5614 172
14895 5829 3284 2141 1268 768
14896 222 227 297 2598 3771
14897 1699 2609 4608 2246 254 2060 89 1831 1767 2897 1069
14898 515 1073 1139 273 5418 926 257
14899 2298 4955 590 6194 292 3005 331 1036 5788 2516 446 1880 929
14900 1149 6468 6038 5974 6607
14901 478 6924 2376 1123 170
14902 3111 70 927 1589 766 50
14903 4894 634 542 4345 6431
14904 5673 4868 2473 3287 5455 1456 2547
14905 2642 2657 768 2232 1718 979 67 753 125 1549 221 314 4104 5122 2914 4632
14906 501 1631 1794 1347 191
14907 390 2116 3828 6320 389 636 37 843 46 1630 5987 787 4566 832 857 2860 6706 6536 2613 1022 3114
14908 4800 243 2355 1473 298
14909 670 6504 4067 4362 6264
14910 626 4657 24 1433 631 3492 223
14911 3042 522 2516 6242 1041 4872 625 2060 47 506
14912 6383 867 2055 2057 257
14913 2484 486 171 1475 2262
14914 4559 2572 1140 958 2878
14915 5494 150 870 128 3069 794 1113 84 174 1915
14916 742 976 4437 1642 4622 1577
14917 36 298 3920 1717 1008 889 1125 2629 3454 5774
14918 1016 339 514 1900 1570
14919 1937 1962 5786 976 5918 4494 1551 4894 2547 1741 2110 1041 1116 4451
14920 443 3201 859 2632 1985 336
14921 840 234 1780 229 264 3319
14922 3632 1402 1202 2023 34 4872 3017 3240 160 2430
14923 1868 2588 1067 2394 63 66
14924 1172 3785 915 432 687 1696 1610
14925 1298 242 4748 2797 2229
14926 2164 575 5693 2200 2357
14927 125 1781 3985 4520 906
14928 3162 534 172 6272 687 744 87 6459 1836 1382 149 2305 3237 4054 2721 5020
14929 3590 816 81 2385 2579 794
14930 4371 745 655 163 1055 454 4172 2144
14931 1079 1081 1905 4688 2973 4897
14932 1542 2450 6248 6676 593 1054
14933 2334 6651 3876 114 1727 1048 1795 5859
14934 2662 3519 1372 526 492 1771 2810 4458 1480 789 3662 4013 1692 6216 4600 1085 1099
14935 266 631 16 885 2136 930 3283 1327 1508 3764
14936 6950 357 297 467 721
14937 2091 1026 1262 775 1509
14938 3483 5799 3946 2044 3685 1214
14939 356 764 1297 298 1072 5752 721 1035 1069
14940 1008 5625 1202 7 416 5302
14941 722 4791 631 1419 1448
14942 1639 6411 6864 1679 3744 1204 3133 1388 1396 416 264 1416 5364 6812 800 609 309 151
14943 5845 674 4089 675 3291 1417 2631 1969 10 2581
14944 1156 5146 2273 876 3892 5183 4629
14945 4111 1033 1512 53 1371 382 102 5150 1729 1500 1229 584 1271 4991 4208 2895 1010 6285 469 416 5958 1889 3918
14946 67 998 871 3463 7 3773
14947 493 594 184 5490 3623 651 3251 1364 1342 687 617
14948 742 5913 6900 818 657
14949 4554 948 3135 14 6862 177 5274
14950 651 1325 1697 901 847 5633 416 4352 3335 10 5911
14951 4486 1183 5154 5225 6045 712 1614 2987 6507 249 1889 677 3524 5273 4357 1793 3792 930 1969 4029 2416
14952 1629 2057 2207 5049 397 1236 78 69 583
14953 2104 246 2298 316 2156 7009 2288
14954 3631 2156 4164 2183 2226 4288
14955 57 67 4751 1856 297 268 4156 164 2746 1577 525 336 2927 309 1467 2436 789 4589 1541 1277 1845 2930 4600 3649
14956 1240 1973 5137 1585 1498
14957 293 2987 266 1337 6535
14958 6889 4267 847 2164 1292 3583 2156 430 2471 677 5005 5880 959 5755 24
14959 814 3111 675 3238 2291 1287 801
14960 621 1249 2961 959 1413 6657 3630 6730 957
14961 1385 2075 5906 918 2537 6572 2520
14962 4879 353 2818 1178 5356 5981 1140
14963 3961 682 1734 5547 6198 1165 114 5539 5503
14964 3096 4495 2987 4797 4443 3746 1500 4111
14965 5634 3367 1554 1417 302
14966 1220 2393 1518 2278 5977
14967 1985 4755 2676 4103 3539 1275 68 644 1361
14968 6998 1754 301 739 1544 1554
14969 826 67 687 744 1199 1554
14970 1434 1149 5035 1779 615
14971 946 4161 729 3574 3624
14972 1624 4071 871 1061 5053 4151 5493 211 1526
14973 3813 4649 191 1646 1112 919 3926
14974 876 6397 640 3007 2600
14975 2742 2909 621 298 43 1071 4946 5601 3831
14976 2339 939 763 2704 417 1076 137 4598 1469 1079 1087 5052 587 4429 4896 5006 767 3049 4012 1093 3051 3086 1101 1103 1102
14977 2699 190 4848 868 1204
14978 6640 1008 5971 2536 155 2417
14979 6919 16 3091 6597 636
14980 6885 162 3054 3281 1631
14981 359 1966 3796 2951 666 1981 5540 4584 1116 4133 2691
14982 493 4889 210 581 154
14983 575 2044 1943 2581 1537 540 2357 2980 1426 1242 723 6505 174 2146
14984 742 675 653 3746 269 2146
14985 6723 114 1639 68 2448 6919 4666
14986 1719 108 26 754 2125 1008 6551 638
14987 629 1800 721 2076 2419 3188 1134 4937 3337 5250
14988 390 161 3042 3390 1640 1381 2588
14989 266 5016 2138 4060 494 6041 1040 2309 3916
14990 1630 6592 5263 93 6179 5727 2566
14991 593 16 2108 5153 6569
14992 4209 5914 930 1610 10 2233
14993 6792 2389 4553 2533 4032
14994 653 5878 1939 1634 221
14995 128 1319 2172 2116 2884 5775
14996 367 4276 3674 1829 1254 1577 1703 621 2927 260 2808 4391 1631 4145 1184 6075
14997 249 6012 4500 617 666
14998 2793 152 1041 1246 5814 1304
14999 6594 6923 164 2808 3652 1071 2054 1077 1081 5596 5053 5339 3222
15000 24 826 1462 636 2084 1630 3833 809 3020 6288
15001 1543 331 2774 1214 221 3266 3841 3559 3594
15002 4453 3036 588 1767 5357 4976 6983
15003 4196 1556 30 4824 590 5955 2897 4973 3594
15004 2468 2164 5001 953 4149 1707
15005 753 1600 2742 156 1438 1012 114 3072
15006 1764 1147 2212 2096 3801 2136 4246 2110 1316 1467 631 814 116 6447 1502 4803 6145 1071 6360 3588 6174
15007 453 67 1143 416 987 1347 141 7024 2536 1577 1100
15008 991 556 3553 149 1150 3641 409 2620 1277
15009 309 1347 1929 1192 132 859 420 1335 1200
15010 3409 1725 2207 1218 3583 2588 428 1071 430
15011 2827 1960 6074 242 1951 2762 863
15012 1639 4345 1072 1634 2084 1467 2969 1291 2229 809 1022 2458 4954 217 3384 4255 2810 4011 2734 1080 1081 1082 5383 4660 4026 1492 1084 2594 3980 1095 1065 1281 609 5007 3220 1098
15013 3655 662 4184 79 108 816 4274 1752 3196
15014 4783 764 6308 872 862 50 3472 4382 5183
15015 6773 4168 888 1468 5979
15016 6036 201 749 1782 3926 1939 809
15017 114 66 1795 3635 742
15018 4002 886 1054 1443 675 4290 2430 821 2174 242 997 197 4731 4567 3891 655 482 1661 6867 1769 4617 1560 2876 1716 5690 290
15019 1682 1986 679 2289 1975
15020 2795 81 5933 2220 96
15021 1180 53 3415 5291 1270 2323
15022 2992 5767 575 5769 5199 2200 1617 4228 2860 257 2049
15023 3055 6191 1371 108 901 1477
15024 45 593 2756 401 3831 6559
15025 404 2917 1315 156 2233 147 1337 2720
15026 945 151 1365 841 4870
15027 2767 1931 629 3337 4943
15028 2972 359 6124 5790 1607 448 152 199
15029 687 663 1704 4289 146 3703
15030 108 587 1008 3501 145 3624
15031 421 3655 3883 213 5557 3879 1610 2012 1216 4255
15032 2154 1160 1026 893 4554
15033 2641 1415 80 76 4205 2238 683 3247 319 681 1287 3738 3351 3705
15034 150 6919 3975 220 2728 1799 4790 2811 179
15035 1416 596 151 923 2351 3325 4785
15036 723 2393 4860 694 4679 2928 5148 6529 2977 687 5760 1949 2865 2890 476 681 76 314 749 816 6234 5933 565 5151 6720 1482 517 648
15037 298 473 1000 563 1432 3601
15038 359 2235 1165 1273 2635 2227 5992
15039 1764 227 1761 739 753
15040 1932 701 4797 334 6660 4809
15041 81 298 1775 1452 2464 815 4607 5122
15042 4120 67 1055 108 356 583 154 35 1484 2393 816 2715 5102
15043 916 2146 2847 883 5944 3882
15044 3947 5922 191 2094 6771 5533 1626 6754
15045 839 4024 529 4453 1679 4936 2721 1270
15046 331 6228 2022 493 522 1040 2350 10 2251 2263 693 1252 816 625 5139 154 36 1841 2141 412 1898 1350 3103 41 2238 3141
15047 1727 119 10 40 6332 2158
15048 1458 1298 930 3104 711 3451
15049 2234 1006 3284 648 4593
15050 4550 621 1821 4317 2565
15051 2999 4427 2518 3100 271 4453 6605 297 1541
15052 1045 45 1347 917 6113 5864 3172 435
15053 1743 4546 2128 2013 987 476
15054 2361 1371 781 3409 174 2357 2909
15055 621 186 2162 2515 368 984 1015
15056 5501 1304 3468 108 12
15057 1176 4386 3656 297 266 842 1202 506 158 930 52 5263
15058 3555 5139 1801 52 2500 3537 108 68 53 542 3788 2806 3386 2393 258 1066 2125 1026 1354 1070 1546 253
15059 311 1605 1185 3299 409 1648 405
15060 1014 3319 5524 317 1966 5887 331
15061 5970 3153 1999 2359 183
15062 4620 832 1751 636 2720 3707
15063 2884 289 3873 4334 2188 2314
15064 3967 2140 1451 3746 1516 108 3204 4978 2567
15065 1397 3919 2446 4123 186 3341
15066 1347 904 1000 4559 3660 254 1467 2038 1664 118 1013
15067 1298 6987 3500 5738 6748 351
15068 2656 6824 3572 1837 6218
15069 46 3294 4606 6812 5291
15070 5320 3728 5102 3117 78 5159 314
15071 731 297 1313 198 278
15072 3073 164 447 357 3703 3528 1942 2047
15073 1208 488 4563 787 966 4912 4596
15074 947 6494 1629 4073 1069 1536 4133
15075 2308 1357 1384 359 3365
15076 1030 4118 22 4011 4717 4429 4764 5006 6839 1091 1845 5053 2930 3050 6387 3222 5412 5493
15077 1273 980 6950 153 5492
15078 4372 535 80 1488 4328 4699 1930 2365 5243 2615 956 3760 3171 3444
15079 2757 2784 303 443 814
15080 474 3087 3962 1417 5723 2239 5151 3619 3681 668
15081 24 1332 4493 3720 763 4736 1757 3281 2154
15082 3554 2706 230 3499 1867
15083 1239 5295 96 3653 446 1490 2224 4131
15084 1255 4880 759 872 1932
15085 2992 881 2146 80 643 2082
15086 1631 1646 212 771 4826
15087 1739 576 276 5960 2261 1235
15088 3136 1890 108 6512 2146
15089 4239 430 6644 814 3196
15090 361 4702 1848 1780 4546 2500 636 912 4945 6893 2796 3201 287 3172 3830 711
15091 1417 67 1572 5518 4628 968
15092 276 297 152 2350 1494 740 404 171
15093 870 5817 390 816 186 1459 6737 2192
15094 118 1094 974 87 5943
15095 1551 493 190 1577 6727
15096 81 6103 331 4103 2376 5791
15097 297 4769 5020 317 1432 90 2061 5380 3193 3702 3861 5728 2409 2512 4648 174 1469 469 1427 4059 970
15098 356 1095 3648 460 139
15099 320 6040 337 3604 6937 1788 76 1938 4263 5363 3540 5856 1518 3894 1040 5159 2944 1116
15100 1029 6455 67 687 558 930 1070 1045 991 1068
15101 1150 629 152 5472 937 823 1211
15102 5856 4657 6258 4330 4932
15103 5687 2571 482 2295 2714 2322 62 2287 7
15104 309 420 275 729 2154
15105 6296 5669 1050 5237 6001
15106 164 1165 297 268 19 2512 2611 1829
15107 629 6458 670 7 3020 4844
15108 2125 189 3500 2559 280
15109 1893 2532 6602 4551 3552 4247
15110 1166 655 2146 912 1013 61
15111 1116 770 629 3960 2420
15112 45 158 367 641 900 391 2075 401
15113 363 3317 149 3138 267 2855
15114 2412 2609 2454 1987 970
15115 473 2205 2135 5668 6140 4071 3172 1795
15116 5182 367 2654 4201 6283 1485
15117 596 2482 940 2154 1310
15118 1249 53 4809 4589 1998 5053 4600 3753 1431 3533 1098 3982
15119 4427 91 859 37 576 447 152 1219
15120 2688 1149 3108 615 4866 1008 3336 1453
15121 2460 1946 2943 5925 1221 1117 3161 4546 1933 6648 1290 2610
15122 1287 89 3281 3173 488
15123 5914 5265 743 2841 1510
15124 547 1978 3042 96 1038 841 108 1838 473 221 1131 600 81 1334 5893 2884
15125 588 186 1224 248 5143 5899 1069 714
15126 5153 3080 4533 847 3463 2760
15127 4199 330 1890 3136 3767 2189 3283 4190 940
15128 353 482 3027 3960 6778
15129 1949 1272 2793 2259 2043 466 792 6622 1106 5567 559 3950 1801
15130 317 49 2335 2503 173
15131 297 2651 2130 3266 5767
15132 1005 2038 1361 3042 2081 4781 6487 627 151 1142 3728 1555 3194 1836 744 152 1757 141 5364 14 836 1807 855 4537 1812 860 3026
15133 249 3706 1183 1984 974 108 297 5035 2057 2175 2021 4179 406 899 2607 3188
15134 886 248 108 1510 3123 2067 472
15135 826 3670 904 1641 186
15136 3415 6262 1969 481 2502 4890
15137 334 297 311 5044 621 4222
15138 530 655 6860 1720 832
15139 366 994 742 865 3975 7 2310 816 5166 841 1018 35 656 4347 1040 989 1362 1149 257 6091 968 1366
15140 6936 389 1577 506 2323
15141 3191 2685 4874 5189 1355
15142 108 1286 144 801 6348 93
15143 215 383 2414 5922 1560 307 2785 633 817 2666
15144 266 6890 3509 2328 3062 3611
15145 1841 108 1812 959 576 482
15146 2245 624 1254 725 1484 88 89
15147 621 6361 754 3612 2572
15148 3492 1271 69 681 332 1287 89 4360 970
15149 593 1456 2020 3133 1425
15150 3702 144 3193 87 1273
15151 264 739 487 1938 1172 5283 2156
15152 476 1170 68 1814 53 6924 2775 2946 271 1642 4622 672 836 428
15153 1576 2673 17 5136 3669
15154 4925 6097 1000 5737 5683
15155 930 919 1337 1783 5590
15156 1123 6333 3509 2125 3312 6429
15157 2388 263 367 3162 3564 2451
15158 5848 3447 13 2110 5621
15159 274 4099 6967 298 4202 4665 1202 1483 41 3455
15160 556 1149 1147 1890 127 128 242 6582 26 76 1444 3960 4144 6047 4974 4635
15161 1242 930 4029 4932 4796
15162 5335 6295 3814 6607 1652
15163 742 2134 2135 1230 1200 4984 2657 1185 554 4480 1432 3873 670 4577 2336 191 1271 3212 506
15164 311 687 11 186 1610 3889 918 1381
15165 462 149 1459 617 711 456
15166 1165 331 297 3733 3143
15167 274 886 3894 5561 641 2433 240 6953 940 1390 2108 897 3114
15168 298 1780 217 940 409 4908 81
15169 5664 1927 6901 5751 6829 4734
15170 1371 948 680 2454 1329 2027 682 117 2962 1819
15171 3420 3694 729 901 637 3614 1507 1390 792 1270
15172 532 5862 2271 4665 1426 968 3360 2932 1207
15173 512 271 1223 1045 356 4530 1055 2537 1342
15174 532 2792 221 761 3875
15175 469 417 274 5049 2928
15176 1468 4448 5959 1757 2700 1455 1456
15177 3927 1829 808 4637 2573 4358 3417 259 2361 367 314 2704 102 359 1176 1326
15178 5269 5222 6740 194 225 1019
15179 150 10 2387 221 1222
15180 3583 1526 1844 1371 4481 2418
15181 76 612 720 311 889 1727 88 5475 895 315
15182 6123 1649 829 1678 817
15183 5903 3732 5614 2542 732 390 1628 169 258
15184 4485 2153 4789 2247 3515 5153
15185 2249 651 652 3658 5959 1365 3824
15186 7023 6357 4803 6828 5404 300 457
15187 858 3362 5899 3225 6010
15188 991 3160 248 6377 49 617 666 5785 1116 2847 114 404 2935
15189 859 5638 2438 1185 164 655 179 1654 687 5645
15190 1987 3891 2368 2503 2557
15191 2346 1208 22 541 2756 2841
15192 1223 80 1210 2988 428
15193 2556 267 928 4953 511 1055 948 4146 69 2013 40 1631 3434 391 1165
15194 2413 5481 958 4737 3148 4175
15195 4999 1270 2908 1643 399
15196 1239 739 1235 68 692 1639 1347 2075 6662 2028 1593
15197 2012 583 2033 108 1365 711 768
15198 3591 6442 4759 443 1288
15199 3620 1780 6613 6271 4931
15200 2746 624 4640 8 6931
15201 522 863 1577 1048 657
15202 2512 511 581 790 3594 297 4953 1410 119
15203 753 4855 6493 5548 732 466 1917 473 1776 114 164 5869 3626 1157 2140 4427 368 1515 1404 408 927 757 3472 557 2949 2861 1453 3972 930 720
15204 625 1365 22 2742 1438 147 5074
15205 3160 1199 406 1554 3190 2825
15206 4063 98 1510 6135 764
15207 3546 5139 77 989 1168 156 2451 1577 1624
15208 367 68 6467 2264 2803 5745 336
15209 5539 274 152 49 1298 4414
15210 297 1142 122 2250 19 6995 3846 4418 1026 3422 5662
15211 3550 991 1701 337 1446 2956 3162 89 3305 76 2290 3136 319 1345 1912 1887 4306 179 77 1108
15212 6979 3956 2792 3838 897
15213 681 173 809 3824 4464
15214 811 1989 4656 1022 5616 3198
15215 988 300 4281 4232 1376 2451
15216 2620 3047 556 2662 994 154 2968 1083 491
15217 1501 4256 1574 323 1137 1347 3045
15218 739 1659 2757 332 390 565 593 3436 506 114 6956 587 1202 257
15219 2673 1457 5207 2119 1371 63 79 3324 284
15220 2136 1471 221 254 40 5188 3410 55 4162 1202 493 4244 1187
15221 984 1008 1069 695 245 410 1471 1113 4584 2871
15222 3752 3359 1406 3519 78 959 373 2054 1167 556 2368 1072 1841 4345 132 5028 1713 353 5863 5133 2971 6356 1425 1080 4123 6802
15223 5197 1510 2160 1267 2200
15224 2134 221 4750 1008 2903 1022 3255
15225 229 695 3377 7006 2042 1892
15226 476 4089 6057 2920 257
15227 3551 588 3653 876 1145 6694
15228 4422 5521 1526 1493 5616
15229 1410 3303 298 1510 1371 2376 2563 169 2416 6097 5095 5088
15230 1416 336 5923 68 4157
15231 122 631 153 836 331
15232 5287 164 3340 1953 2156 590
15233 1467 1050 492 1142 1502 1989 76 2883 1067 743 476 10 324 1630 2165 4656 5864 479 5523 1783 1718 4521 1026
15234 461 6484 1419 10 1708 4314 4295 333 989 2148 1417 2239 1055 1729 2220 432 641 889 1261 1326 3733
15235 3472 2156 590 309 242
15236 3254 739 2253 5129 2299 725 1589
15237 149 202 2552 1519 1420 248 617 452 257
15238 3237 3706 1264 6423 4074 1703 3767 1069 918
15239 19 1040 948 4226 1531 5206 148 557 3500 1516 1665 2491
15240 5179 1360 6809 3744 681 937 5087 1035 1444 908 3817 2337
15241 635 2953 511 1474 1498
15242 1271 2297 3293 297 4577 765 1022 114 6738
15243 3994 2326 588 666 3044 3027
15244 2023 359 792 633 4606
15245 2628 243 816 643 316 3459 151 4969 5483
15246 4236 1044 902 81 309 254
15247 1185 242 655 406 1724
15248 1162 5808 5277 314 408 4780 3390 1224
15249 3744 2523 1149 5900 3265 2847
15250 4024 1293 4791 899 441
15251 905 1405 1183 5880 108 1192
15252 2128 268 7 4057 6986 297 766 4077
15253 3968 4831 1621 3003 4242 506 409 3283 6714 95 6907 4133 3313
15254 305 5971 81 7 6405
15255 254 1453 4621 1860 944 2980 2275
15256 876 1548 247 666 409 4410
15257 246 655 2898 6224 6532
15258 6949 3655 1881 6835 6450
15259 5175 889 4635 61 6490 5703 6151 3116 268 5757
15260 2991 1841 200 1486 1223 505
15261 621 1149 858 5754 2604 354 5563
15262 3072 6928 1696 511 6679 1674 2682 89 779
15263 4420 4822 4147 1067 810 5906 6331 4619 1595 37
15264 536 5850 2775 7 2903 6038 4410
15265 3324 432 434 2164 1055 1008 3203 1178 1711 895 1376 824
15266 721 246 5687 5556 1605
15267 5170 2729 905 390 1751 164 1757 787
15268 1742 221 2784 424 1650 110 1596
15269 349 319 224 749 423 155
15270 2351 153 116 1038 6140 390
15271 34 612 152 1299 2484
15272 1468 6866 4151 1095 609
15273 739 712 16 649 1902
15274 672 2780 476 1202 915 2756 242 562 1287 1192 542
15275 4443 1104 565 4559 351 89 5123 517 1334 1570 388 1484 937 186 1329
15276 5976 3504 5566 876 692 841 2553 832
15277 930 173 1452 6853 5519 24
15278 364 652 77 1292 850
15279 1057 4996 529 2987 755
15280 229 2701 556 1626 858 246 2611
15281 1347 1236 87 1776 297 687 2636 1055 797 540 541 5183 970
15282 858 245 811 152 3182
15283 682 1243 4997 615 428
15284 6894 1212 4749 2608 1181 3879 409 336 1125
15285 74 152 740 85 4289 3200 889 4430 4184 409 4649
15286 3878 6117 1813 798 3452 2471
15287 6874 1780 234 3011 1014 3185 1847 939 3977
15288 1459 1577 1648 1679 1976 295 1988 276
15289 1224 150 4622 1679 81 670 149 946 3473 108 6943 1237 1933 1481
15290 1579 1073 1365 86 2917
15291 227 149 4211 637 786 2486 259 4399
15292 5293 74 1643 4740 2741
15293 3390 811 4771 2367 1726 2588 989 4926 1184 6569 4717
15294 925 2115 701 2699 3088 54 3731 6541 4137 910 2037 708 1785 668 6185 813 3193 6281 3115 356
15295 1416 4448 2147 2160 5203 416
15296 1851 809 3114 1150 2957 3097 841 1577
15297 331 740 1836 152 6547 4756 752 860
15298 6024 305 6167 1516 963 481 3422 356 3595 2174 1979 1137 713 2393 3255 1150 2047 2957 576 3548 2427
15299 893 506 192 517 343
15300 654 66 3374 1245 3193 2055 872 3026 359 1040 2980 742
15301 6245 297 2636 77 1344 60 694 506 763 2082 4042 556
15302 641 1673 1271 408 2779
15303 6628 6632 499 4391 1224 1587 1199 3631 5900 5426 3548 3236 76 2987 2870 3916
15304 1224 596 627 696 4625 811 3004 419 1202 52 1138 4619 114 860 3200 473 5657 3482 481 1544
15305 3961 1860 5717 2076 732 152 153 817 2273
15306 2507 1146 1396 1417 5478 1365 2082 481 1969 93
15307 6608 3362 53 200 356 905
15308 1183 1416 244 221 3080 81
15309 2904 1912 3091 858 297 149 298 1673 4643 3690 1260 5222 1630 1716 367 974 4640 6353
15310 723 3067 7021 972 462 3073
15311 67 5325 267 2391 3949
15312 122 930 731 2557 816 1807 2074
15313 6307 1697 4211 4340 1192
15314 2067 826 1836 2096 152 4064
15315 1224 243 980 66 1783
15316 2297 5818 1633 108 412
15317 1720 3171 4368 3042 1054 16 284 832 479
15318 108 842 2355 2994 928 5826
15319 2289 2188 3690 280 2108 3489 3196 4293 3869
15320 1185 3097 114 1243 1558
15321 128 440 681 1287 793 118 1013 3746 6142 2930 1888
15322 3563 3283 1483 173 1057
15323 3515 711 61 2881 1067 1219 1113 2073
15324 2794 6806 6418 3263 1208 1891 3375 270 842 3300 696 115 1361 108 5577 708 3663 2301 1764 1986 1531 2146
15325 1425 4011 4717 1088 6866
15326 940 1436 3290 89 2962
15327 621 476 268 59 3440 52
15328 2267 896 27 676 872 37 1020 416 351 1298 2935
15329 127 2043 6354 1841 2241
15330 189 2148 986 1057 1454 6815 1949 5481 2393 5245 3417
15331 127 1501 170 305 4773 1365 1507 644 2581 2980
15332 108 1396 356 655 6334 96 2958
15333 311 1603 2231 2232 3573 2234
15334 1008 5897 1641 1643 6056 6892
15335 4504 108 1297 4302 3029 1658 3430 712 3449 1919 2615 6714 2608 5827 970 2610
15336 366 1770 409 1026 3395
15337 1847 858 1786 2987 1715 1008 152
15338 4523 1229 221 3598 1918
15339 4571 6595 5583 6537 1987 1008 108 617 5441 1478 957
15340 2967 1077 5177 1281 609 3086 6663
15341 2737 4101 186 3480 6063 3304
15342 158 811 271 4756 6482
15343 945 432 514 2511 3615 289
15344 3261 798 1754 5667 162 4991 152
15345 268 581 244 200 814 481 622 5864 5676 2914
15346 596 2201 1839 2525 2739 6599 510 2394 2238 1378 912 1069 759
15347 276 2438 812 744 349 78 2421 4725 66 946 1202 834 254 3188 2914 732 1038 729 4094 765 297 5090 356 3867 1610 3282 557 1882 1411 73 895 6851 859 3609 6310 6467 6985 6333
15348 5926 2238 476 3779 434
15349 3342 823 4926 1329 4674 6361 1775 5079 4718 580 6125
15350 719 636 172 1260 909 4516 3031
15351 5104 507 1654 1048 1111 4586
15352 5192 5844 3467 773 1069
15353 2397 1230 6274 2368 3849 3819 6771 476
15354 359 6329 1068 655 2604 1783 5716 35 3545 740 498
15355 409 3548 2102 1453 2089
15356 997 4343 2809 2096 930 4410 4960 4422
15357 657 5717 6685 220 5544
15358 3539 2335 3977 1829 876 629
15359 428 3684 1556 901 4899
15360 1371 297 1342 2741 16
15361 5461 5054 4872 3579 1273 1170 4622 1453 390 253 1795 3632 6265
15362 617 356 6481 443 2190
15363 6617 3605 1844 1374 926 1587 5925 5082 2273 3448 1762
15364 828 320 298 4649 1388
15365 3943 2949 2091 5322 3044 4555 65
15366 4063 2757 1516 1292 905 423
15367 476 1037 108 16 1334
15368 2840 309 1011 80 439
15369 928 3340 81 152 170
15370 3104 1590 1235 1404 422 1876
15371 3701 328 2289 293 1412 6143
15372 108 299 248 1634 6776 6382
15373 474 655 2672 3115 1753 5880 2646
15374 675 389 617 507 6700
15375 3540 4146 52 1315 174
15376 81 1255 1549 4053 746 2856
15377 5821 2808 309 5294 1425 1429
15378 876 10 76 3764 845
15379 4564 1459 5291 257 291
15380 5460 151 53 2012 803 4190 637 164
15381 6788 247 10 3632 3300 439 2787 1485 6165
15382 4232 5505 202 790 3975 1826 3186 53 5975 3714 119 4737 5437
15383 3620 2927 3866 1031 6213 6769
15384 4430 151 331 4943 3515 1558 1745 4621 108 2047 3313 888
15385 89 1048 1287 150 5087 2100 5017
15386 1727 1825 217 73 3701 2519 1749 3171 5417 1140 788 1991 3416 5167 2158 1076 65
15387 2104 1054 364 1271 47 506 1716 473 1140 407 2111 479
15388 266 614 5171 3679 6331
15389 6170 381 569 2963 2039 4669 300 323 3549 845
15390 2235 2411 2825 4166 259 4338
15391 6841 3133 1752 1199 1178 356 417 1673 2022 1315 110
15392 651 263 4417 2533 234
15393 986 1007 735 2036 2929 1029 1703
15394 4300 612 2086 357 788 4580 4771 2648 282 6888 3257 1498
15395 6359 987 841 170 674 2917 1994 46 1055 1420 937 957
15396 713 1499 1255 4304 1777
15397 13 991 989 1342 152 174 473 276 1202 319 2419 1243 114
15398 163 3588 292 2985 3798
15399 2290 559 925 3136 319 89
15400 2480 899 4781 959 154 1939 1687 2636 1298 4094 787 4147 4069 2520
15401 4753 179 244 2606 170 4890 2408 1433 2847 1967
15402 367 3035 1246 5242 712 1891 884 3267 6931 2741
15403 6494 476 1224 5843 2156 1935 596
15404 6783 4022 125 1329 1314
15405 4422 522 2657 957 1218
15406 4550 991 2409 2724 763 276
15407 6447 5476 6956 1381 926
15408 749 2941 1174 200 860 2768 1640 2497 4665 961
15409 1038 1985 2756 2529 108 2468 2442 3857 4061 820 657 375 297 448 2082 174 169 1433 3797 282 3025
15410 1266 900 1593 6864 2935
15411 535 69 4904 6668 1384
15412 1948 4520 408 1080 5944
15413 3475 2897 2294 1271 817 3444
15414 353 958 6821 3847 6804 2703 1669
15415 1353 4894 4167 5207 2047
15416 1402 2095 2647 4140 97 636 454 788 694 254 1433 2861 1616 1181
15417 905 881 60 2238 2600 2055 5137 3916 155
15418 227 930 4738 912 825 1442
15419 1398 635 5377 1852 1614 88 2315 1123
15420 4091 118 4822 3233 76 1561 6326 87 10
15421 3220 4035 1178 5036 6202 6704 4026 2416 139 3665
15422 2156 331 4997 1785 2570 3697 4756 5496
15423 152 4884 3367 1783 114 96 4643 297 336 2916 3510 2473
15424 1240 621 3345 954 274 2943 128 997 406 390 3133 298 4936 416
15425 125 1633 959 456 156 1807 1218
15426 877 489 367 337 297 2210 3690 336
15427 298 3586 6272 4636 616
15428 1624 2635 1658 5783 2848 26 191
15429 367 824 682 3388 3720 1237 1008
15430 1019 1276 1486 4510 6830
15431 1326 832 1070 913 988 389 2393 2889 4153 909 420 5297 1711 93
15432 2501 367 6968 4093 2752
15433 4808 3857 220 2028 5778
15434 2009 693 2504 5853 894 1202 1843 4508 895 1957 3605 5474 1047 1239 408 5974 1224 2606 220
15435 264 5528 1266 1196 1516 1054 6640
15436 4044 1374 3387 1603 440 473 814 3747 1527
15437 1801 2082 77 5225 740 775 5791 439 1845
15438 793 2419 2014 1630 1178 4154 4986 4397 2055 3739 4964
15439 583 5547 3661 6292 3094 443 841 144 80 657 542 3569 1199 5132 2557 6963
15440 459 3074 976 408 1012
15441 1208 2775 732 6119 842 2281 814
15442 4201 3392 2238 392 672 7020 1498
15443 2594 3980 1064 1095 1065
15444 5067 54 50 1125 2608 6188
15445 1398 3057 5887 1234 629 5067 2646 2432 5745 106 1069
15446 1831 151 2512 1419 823 6054
15447 1229 449 2547 1329 1584 1757 3720 104 1192 457 2962 171 2894 5778 2458 4010 1603 1551 5263 3611
15448 2818 2337 4450 1839 3797
15449 19 740 299 2462 2154
15450 359 5722 248 2256 108
15451 2847 3578 7 4426 3190
15452 5315 2983 1233 5809 3191
15453 653 2140 16 1616 945 54 1008 2008 757 6522
15454 1841 2214 190 5475 390 430
15455 366 3515 3293 836 246
15456 1342 75 2180 6888 6374 4139 1035 3791 1149 1922 1616
15457 910 1185 3309 1362 871 1793
15458 1069 266 2832 2797 1274 4943
15459 233 6761 1029 5386 1780 229
15460 297 5340 3647 1105 10
15461 267 511 68 814 390 1108 2847 60 247 6177 4472 1049
15462 961 1900 1206 927 4074 929 3115
15463 714 356 5157 1013 5291 944
15464 6298 3139 1544 1490 6412
15465 1729 149 1185 254 3611
15466 6860 6982 359 152 1031
15467 1880 61 1017 4166 4493 1110 2155
15468 473 170 6638 4725 729 1240 4778 1038 372 3255 2825 1476 6353 3685 5416 2428 2443 4845 353 2573 2506 4981 294 617 2982 918 1507 560 2537 4740 624 2074 2638 321 6643 171 3408 457 588 2632 1229 44 339 3819
15469 1443 3694 1252 6231 309 6025 5494 937 4154 3098 6054 1497
15470 149 6493 6226 456 3110 2867 2468 3735 1329 146 2508
15471 1177 5138 4583 1348 137 4012
15472 2468 6775 2582 1026 6365
15473 1150 2172 5253 2557 4468 6235
15474 1347 332 189 1477 2116 3592 4298
15475 2826 4387 633 5791 2972 3646 4026 2812 1429 604 1064 1280 5177 609 3533 3668
15476 2267 57 6327 249 391
15477 2212 82 1687 164 1261 4008 4377 4847 2315 1260 1691 2411 5100
15478 1292 4918 4037 3097 576 687
15479 331 151 77 5559 5139
15480 276 3512 4846 662 2096 619 6981 50
15481 1304 114 2576 1008 60 1966 2393 354 336 2632
15482 35 636 1510 5691 809 592 694 3955
15483 329 1022 424 652 1008 1690 5065
15484 4872 1542 3965 5040 420
15485 274 1292 949 4628 4234
15486 3185 740 357 1554 4318 5417 2545
15487 4884 4768 4774 1486 2328 3100 809 292
15488 1985 4554 2581 2883 3127
15489 5312 1113 164 629 6922
15490 4397 297 359 612 2856 6678 511 4707 391 3098 555 5473 2037
15491 2636 1185 1587 1646 4228 2019 1504 5066 3198 1255 1202 1477 1933 817 61 354 1966 2890 930 1616 1181
15492 171 4410 720 291 970
15493 2608 1616 1045 6490 3858
15494 1297 268 1112 912 5678 12
15495 221 2800 171 1219 758
15496 1650 35 1378 596 2570
15497 3641 242 6820 4228 5066 5456
15498 5674 1079 320 2110 687 2530
15499 826 5868 401 1365 4397 1297 5857 66 655 2618 5662 936 520 2125 987 753 675 2037 2987 1287 6749 1017 535 7021 1062
15500 3746 576 447 4756 505
15501 244 2829 847 1736 1924
15502 1844 822 1964 1633 1078 784
15503 141 2630 1454 672 2693 4536
15504 3255 3042 629 617 713
15505 229 2706 2534 360 181 2389 245
15506 108 221 2787 3602 6161
15507 635 548 1782 4903 1974 985
15508 331 3803 2916 327 474 2096 1516 3294 1510 81 941 2075 535 1673 6133 2382 3902
15509 3212 345 191 1400 171
15510 2516 356 1029 1113 151 1836 222 4773 227 761 3923 4123
15511 798 4189 1452 3898 498
15512 158 52 2588 50 6351 5071 984
15513 435 1202 2527 1933 909
15514 1144 149 587 2972 271 297 298 593 4026 1084 3 227 1845 576 1149 114 4898 3649 666 1503 5805 69 482
15515 68 1298 298 242 172 2859 5020 5340
15516 297 897 1572 1531 5633 1287
15517 1587 5296 616 5303 3442 1366 768 926
15518 307 1503 1943 359 3500
15519 77 3529 1298 86 1473 2357 2990 743
15520 198 1140 2909 4296 6778
15521 987 3290 1727 674 519 3039 3292 394
15522 1759 2075 3968 1757 2302 271 631 2969 3317 331 629 5920 1468 1467 298 1312 4051 739 1771 2368 2481 1795 1503 2841 4387 3048 4665 1902 6281 789 2703 3304 587 2592 1082 1062 603 4123 1967 6175 5596 5433 2595 3050 1169 607 1557 6253 6760
15523 6792 3154 230 1037 4511 1579 1984 3343 2363 1347
15524 474 1067 227 859 2250 87 5236
15525 3653 4908 4311 4617 2323
15526 1486 169 817 1342 1046 720
15527 1208 1287 2451 3238 1460 1502
15528 2687 4157 2419 3044 962 155 2417
15529 511 747 1838 6661 1631 297 4007 6035 3256 1215 592 758 191 1689 934
15530 2077 4984 2786 254 3327
15531 2883 443 4789 343 1022 6477 3600
15532 274 78 3291 2985 5117 1070
15533 675 5120 1770 3482 1212
15534 1639 1526 3433 3240 1560 428 1553 118 1348 4657 550 5449 5176 1444 3764 4228 1547
15535 1986 2375 2774 410 6512 1276
15536 1939 1973 1836 930 173
15537 476 744 1841 2756 1045 1377 2067 739 331 152 1507 4211 1752
15538 868 817 959 6642 2013 5210 3528
15539 465 524 1036 4679 4637 2164 5834 371 4425
15540 1727 1699 1912 98 2423
15541 186 189 711 1562 1564
15542 582 12 1184 1089 1279 1907 1906 1430 3663 1431 609 1284
15543 1998 2339 1862 2706 1029 229
15544 1841 1072 6196 5863 6386 2592
15545 1837 1202 948 427 4398 6864
15546 4221 7006 2532 2533 1868
15547 271 97 244 2537 6372 6593 7
15548 2336 3723 1754 5034 6525 1218
15549 1049 1192 7024 695 4916 1450
15550 576 152 1788 88 4493 3502
15551 729 3638 1104 76 89 409 4455
15552 1176 1484 4789 1287 89 793 4190 3869
15553 4169 2588 546 1240 3362 6555 3867
15554 2047 455 2324 998 3357 211
15555 4120 6124 1764 249 4770
15556 663 4756 4011 207 205 1577 24 211
15557 2977 1577 420 4228 3522
15558 1297 2413 1274 2140 2670
15559 1176 2213 2588 811 675 5677 437 2614
15560 227 2460 357 2048 1315 621 1501 4538 1033 2039 5535 926 3449 1334 6704 2636 1342 1464 2752
15561 1053 6326 4049 1001 294 489 5654
15562 1580 1686 1610 862 1587 6450 808 6189 3276 1949 3972
15563 4564 6998 5477 6415 6072 4000 1508 881 2451
15564 1347 2756 870 4133 610
15565 114 3643 276 3547 3341 4167 155 1975 3540 813
15566 476 4140 1432 1508 2883 5793 612 801 4401 863 941 4464
15567 67 3943 2136 814 221 1734 81 156
15568 1510 4009 3097 171 3490
15569 186 3158 1433 1581 1411 3581
15570 1292 399 85 1394 711 4253 1057 742
15571 6436 2262 507 1498 2632 1973 5094 5114 2014
15572 229 4221 3153 2549 2838 3954 6792 685 512
15573 2892 828 709 1920 5974 6104
15574 1729 3171 814 1434 2207 227 3658
15575 36 2512 589 2387 6869
15576 298 1392 4637 271 426 5599 5708 755
15577 860 758 151 464 1601 172 788
15578 3943 3767 1320 4016 2457 3059
15579 4040 2436 3531 4875 1061
15580 2632 2164 409 2221 817
15581 221 600 2298 2721 97 2060
15582 481 81 307 1342 2740 1365 6833 2200 2221 4064
15583 4699 4096 841 6371 4541 3208 5276
15584 828 863 2885 1327 4023 4843 3569
15585 2706 6604 5726 2419 816 2150 5040
15586 5075 1626 259 169 174 1495 830 5193 1549 1741 4973
15587 80 996 589 4375 6786
15588 2476 4328 556 1058 3994 7 1468 1467 2704 417 1277 5248 4390
15589 6127 2521 859 266 4369
15590 1154 6911 367 3732 2632 687 409 1202 1189 6397
15591 2136 77 693 989 5223 5236 859 1446 909 944 3173 1248 156 1718
15592 5391 309 109 4245 492 6888
15593 446 3605 576 6973 1113
15594 1398 722 1438 3684 2445
15595 174 50 1456 2275 1032
15596 781 1008 895 714 457
15597 2837 776 5844 7 926
15598 3450 3108 53 5829 3284
15599 53 410 2418 284 803 2554 1966 354
15600 2501 3824 217 620 1845
15601 524 2313 666 2431 2156
15602 79 548 1045 836 633
15603 1029 3539 6440 4211 2508
15604 1113 991 1319 926 2202 588 227 984 4113
15605 775 1630 1127 3326 2779 114
15606 979 1371 3525 6972 953 2909 6609 85 443 2357 5389
15607 1224 240 957 3822 397
15608 139 1236 2563 1783 2933
15609 2339 4247 826 2688 5935 1893 179 1862 186
15610 4437 6985 5856 2782 184 1939 4622 872
15611 2141 594 1762 2191 276
15612 1329 76 119 3110 3113 1035 1788 2057 3912
15613 946 3354 2126 511 3683
15614 181 5060 2297 2073 4955
15615 3476 4189 5067 1334 1510 4035
15616 2662 311 236 4546 3151 16 787 3569 5153 3764 331 1507 930 5956 6279
15617 1008 1987 5196 1456 879 1717 4212
15618 541 2351 740 3119 50 2253 1970 2618 824 2860
15619 4508 1512 6351 5691 4825
15620 3014 1691 199 172 1241 146 1650 854 1607 2242 3971
15621 367 5922 2225 72 1484 2140 2456 5677 3724 6796 2213 428 1258 1854 6549
15622 739 529 752 1782 1008 2536 2417
15623 2603 114 2273 506 5318 4256
15624 1029 2657 390 1832 79 1365
15625 147 4157 1577 2760 990
15626 474 13 297 2764 631 2279 2302 367 3764 1249 3622 1008 1795 5096 2201 4806 6976 4603 1453 2829
15627 152 3258 7 3943 4737 1433
15628 2842 4002 4647 3961 3655 4167 3659 2298 3566
15629 836 3210 4507 1650 6714 3916 2565
15630 164 3617 1142 29 4746
15631 2468 1240 646 596 2919
15632 1872 4418 4257 2352 3032 245 2194 6443
15633 3223 179 1199 1375 1185 410 1405 6534 5118
15634 1072 1468 1467 542 603 602 1277
15635 4888 4146 447 4784 1211 1932
15636 4206 2485 4304 3365 1758 5102
15637 474 202 3600 584 2200 1942 6607 2590
15638 1026 4520 1948 1791 3114
15639 1211 1356 1265 2572 4244 4527 2191
15640 4655 5482 1007 1202 3365 4467
15641 1600 2742 1725 629 293 68 2139 3054 1630
15642 923 4183 3927 4637 2190 1848 6648
15643 590 3029 4126 6583 713
15644 3941 4904 1603 5113 626 2861 1831
15645 1170 5282 5752 5817 493 3065 1467
15646 4196 652 1601 3501 900 168 4 5373 2945
15647 1018 164 2128 155 85 4071
15648 1292 2989 53 200 284 749 1113 631 4883
15649 1067 1771 6182 2117 3114 1557
15650 367 2414 953 6805 425 245 920
15651 1396 1614 533 5451 6769 88 3953 6128
15652 404 5075 1483 2602 1433
15653 127 53 816 6517 1067 487 5649 274
15654 493 152 1839 3334 5801 711 2215 817
15655 2995 307 1109 68 58 567 940 809
15656 3789 931 2189 1306 1973
15657 1416 2512 3380 4000 2311 5099 2098 5377 906
15658 3988 2279 897 6648 276
15659 588 2148 507 1880 912 960
15660 2365 241 4222 3134 108 3366
15661 6422 583 169 1020 63 40 152
15662 4973 3373 2897 1844 3592 1520 6588 1556 6562 6823 1910 4660
15663 1605 1456 131 96 3916 1181 949 4978 5117 2075 5795
15664 652 6181 3339 1029 6423
15665 3398 466 723 191 2847 1718 2632
15666 2076 5069 3407 2603 4943
15667 311 1508 1049 1379 1419 53 190 1287 89 4510 1783 3445 6392 1023 1974 595 5066 6944
15668 126 641 482 2229 153 3391 794 621
15669 651 535 1970 2419 6469 1690 3635
15670 1886 3576 3946 6672 314 4614 4312 2310 2786 3557 86 775 6096 4094 3702 5810 2104 6358 151 1836 1665 357 174
15671 227 720 627 687 1329 2469 156 6649 2022 439 5596
15672 1673 2393 6118 3752 3093
15673 367 745 575 713 742 1577 763 2488 2634 5296 1358 1202 4726 1453 6922 5242 1973 1585 1355 2191
15674 1348 2051 4084 5314 4676
15675 859 298 5222 1365 1008 616
15676 306 1158 627 1160 1532
15677 1029 1721 356 1365 399 912 918 3134
15678 718 720 2334 5251 2158 4571
15679 280 357 788 5560 5745 5218
15680 2156 1844 507 6633 3255
15681 3997 5376 67 4299 4779 3844
15682 3342 5880 1888 4710 1870 128 1396 1756 636 682 5254 1808 3786
15683 6340 1309 541 449 6134
15684 1240 576 140 1527 1841 6451 5098 920 3127 443 6626 5832
15685 2326 1729 2457 5072 1449 5291
15686 5900 841 742 2693 970 1337
15687 186 1072 1003 1406 4895 1425 4255 120 491 3532 5509 1523
15688 121 5611 5193 305 881
15689 1165 3812 6267 5495 311 873 481 293 5740 6243 2860
15690 3752 2100 1873 146 173 1557
15691 6717 6014 6004 174 3270 5151 1123 881 474
15692 2451 4063 2042 2468 627 1202 4213 3372 1763 1215 146 1495 6596 1646 1398 167 1181
15693 2203 2871 1374 5469 2380 852 5991
15694 234 1780 4830 712 276 2406
15695 2705 946 1286 1398 1628 7000 1372 3842 1071 2328
15696 826 1415 324 1444 1484
15697 443 367 3540 1123 16 3093 170 298
15698 1039 1026 53 4112 1593
15699 3838 1199 2346 4530 2042 4431 668
15700 3498 6883 1681 311 758 923
15701 836 1202 6068 87 1241 2692 43 439 740 1828 2233
15702 2871 1202 3675 4314 893 710 5159 4271 339 6700
15703 532 3065 1202 1013 2008 351
15704 5019 1569 5930 1241 694 3182 269 2621 50 739 15 3949 2936 585 472
15705 2167 426 2889 6904 505 6351 1445 6585
15706 1841 3209 267 775 164 2752 6565 3675 1159 842
15707 6671 976 359 434 2763
15708 885 671 816 3623 1117 2165 2386 1888 3015 6399 5676 2968 1168 1808
15709 1639 5582 1727 5941 2445
15710 4728 2533 858 1872 1055 2620 4782 1764 1558 4707 369
15711 842 1727 76 4130 247
15712 1584 518 3820 1211 186 4400 6536 482 1178
15713 1416 2259 1912 642 569 1888
15714 3065 821 3540 1667 897 4609 3998 763 1801 5436 1630
15715 655 4999 897 154 3763
15716 708 5178 300 108 4717
15717 331 3617 1620 1673 647 2910 4373 1008
15718 6898 732 1984 1185 4104 1050 817 151 3025
15719 149 84 2349 6484 3004 2651 1535 259
15720 3987 6940 229 360 1999 2339 3806 2724 368 1385
15721 764 4415 639 461 5296 4212 814 5001 3274 3000
15722 5060 7 4866 35 757 5116 6518
15723 5336 1661 2563 5107 139
15724 5087 476 2096 828 1387 1763 1686
15725 3476 311 1603 77 2315 4402 6272 2209
15726 1153 3849 332 6470 4245
15727 2684 1347 2168 1587 3368 3129 5905
15728 2136 759 1046 170 1568 2451 2807
15729 2992 2293 2146 1013 910 244 4567 106 316 6910 1540 2566
15730 19 493 775 924 484 740 173 1069 4133 174
15731 5033 2959 1560 828 2350 2892 43 50 6072 6296 1041 702
15732 114 4363 52 85 2964 1752 31
15733 6148 1821 281 3373 2455 3102 1860
15734 1435 1874 3296 1661 1487 5600
15735 3338 1603 1582 5613 6091
15736 621 1082 6387 1085 5493
15737 2332 6670 4222 322 3414 169
15738 155 3096 297 60 6131 65
15739 811 79 557 2149 2267 836 146 1184 6419
15740 6506 5296 2201 406 1188 31 1890 5915 3691 2410 381 239 4996
15741 2435 945 1067 635 128 2153 6488 2322 2125 189 3450 50 171 4573 1453 1997 1891 257
15742 581 930 178 1315 3509 6382
15743 1067 2745 1159 2610 114 2693
15744 708 5490 2792 2496 319 1890 89 6842
15745 1417 3744 1568 73 2876 87 2557 357 164 151 1115 3024 1578
15746 1979 1778 3019 3098 293 2602 985 3803
15747 556 1342 299 2866 1811
15748 271 5150 3540 3707 424
15749 695 512 1516 4146 1350 2451
15750 229 360 556 938 230
15751 621 4192 6987 6517 297
15752 849 506 473 4222 507
15753 991 1829 2476 6554 3926
15754 859 1544 4093 81 32
15755 480 3097 930 638 4255 4868
15756 6598 433 6808 1595 154 1449 2030 5650 139 3148 4320 4043 1657 1456 3104 2019 2391 833 2026 5043 3926 3031
15757 675 1390 5865 106 1495 517 3001
15758 930 5489 1047 5711 1538 627
15759 629 1018 11 1732 3017
15760 506 2497 453 3134 1208 1417 266 1886 1149 287 293 592
15761 4020 6269 2132 2462 297 6710 5289
15762 3108 3288 16 2357 909 2485 1632 2447 4734
15763 6327 1178 3172 3243 1417 170 1192
15764 1868 5189 108 2138 4967 1939 1995 7004 5151
15765 1067 4634 3741 5220 1355
15766 621 4142 1240 749 3965
15767 4721 6593 3276 1646 169
15768 1965 1630 3467 596 2156 2357 35 6095
15769 375 1215 793 146 1019 6079 2666 359 1337 1011
15770 675 10 814 1298 740 4716 1991 809
15771 493 2267 7 6145 4112
15772 1183 304 6140 3001 3900 5958 4619 6756
15773 1723 4710 504 248 1699 2963 3142 3595 1987
15774 1432 979 476 271 170
15775 114 480 687 3541 1561 149 4594 221 2128 1942 4958 1342 311 297 842 2651 1046 2541 1220 4118 245 1847 2462 267
15776 26 4267 67 1347 747 432 1938 4467 1008 1271 2383 5628 1788 7001
15777 803 2764 2553 240 2125
15778 1184 6146 11 4360 2909 4035 1334 1078
15779 5055 859 1786 164 242 1719
15780 409 416 2854 5650 4556
15781 297 1592 1202 3426 1040 6995 6187
15782 4595 1415 127 2496 6742
15783 3117 307 1688 1995 1072 3361 859 297 1772
15784 5566 3323 3360 6281 408 794
15785 2267 841 541 749 1402 767 4580 3632 4097 3790 4207 2530 816
15786 3815 158 271 6675 6136 4762 3100
15787 271 4071 976 3029 2186 220
15788 5641 3504 1786 266 152 19 1298 1628 740 1274 2355 270
15789 6869 5625 1661 296 2703 354 1581 292 1237 2159 5303 1456 5721 2046 2897
15790 3482 1040 6089 3341 6546
15791 297 1448 1582 1404 6947
15792 655 2883 4192 2815 876 108 2082 6427
15793 3727 2135 6305 2303 2933
15794 988 6781 2154 3408 1464 1243 837
15795 6230 1342 1707 2662 1072 2123 5439 4484 4071 81 5828 5564 2785 2157
15796 1039 6689 4268 2277 5022 593 3906
15797 4298 6808 506 404 336 356 2752 407 3881 386
15798 4372 1807 24 209 4586 2090 1692
15799 1678 2044 2020 2703 5439
15800 943 5761 648 588 2191
15801 276 764 366 3462 4508 2937 353 2076 382 817 3764 592
15802 6296 6966 2466 649 583 2230 4116
15803 2791 4978 1417 356 1013 4819
15804 5157 2928 587 4661 1098 3981
15805 1415 1287 937 3466 5598 3887
15806 297 1046 1365 5050 4282
15807 3661 556 840 3974 2550 3754 1485 476 443 2953 152 1165 1057 1274 4758 1353 3423 4396 186 1255
15808 532 2897 3846 1165 1603 6014 349 1124 4391 4591
15809 6119 650 4508 3621 2091 2079 5340 4790 4928 13 4065 6373 2458 1067 1183 1816 1315 6277 5332 5768 913
15810 3879 63 3001 4849 2374 2693 4108
15811 2742 2675 1438 1008 2562 275
15812 3438 66 2386 454 3760 809 1074 3284 3675 4894 1507 290 2536 2823 6787 3745
15813 3803 4242 399 1416 1979 4125 718 480 46 2387 1973 2731
15814 4854 1332 482 1333 784
15815 5032 1273 151 998 6396 2805
15816 1307 462 4267 618 3917 4805 1587 2406 753 6040 772 5029
15817 886 6103 4684 687 2762 733 2685
15818 5048 6020 745 2645 1421 2045 5817 5497 2590
15819 6692 2684 1841 2968 1480 1080 4123 1905 2812
15820 1676 6745 3357 68 1838
15821 2585 4773 2306 2215 4370 1273 2357 1807 749 1113 430 592 833
15822 6276 1416 1183 1347 1365 4285 5086 3520 2045 617
15823 2512 481 122 6493 4936
15824 74 1850 172 636 1589 4239 2075
15825 2551 812 1998 473 847
15826 923 4180 821 1453 814 110 1545
15827 4041 424 2980 297 740
15828 4564 4638 1590 2115 10
15829 152 2312 740 4614 1532
15830 3171 1008 1215 179 1054 821 52 583 4401 1276 957 2067 1331 4709 309 249 2776 832 3127 2302 298 2030 1242 666 1659 114 4793 6300 357 2584 3108 3276 4832
15831 6037 2518 153 4372 2920 1854
15832 158 291 179 31 271 739
15833 2480 809 1739 288 6295 4856 831 1570 2568 191
15834 1622 2570 2165 5561 1970
15835 3161 1452 889 54 2215
15836 541 917 5501 2881 85 3014 1915 1298 930 576 1454 4096 945 1400 5039
15837 806 1008 3540 2775 276
15838 858 5127 3517 2414 540 910
15839 1239 3696 449 1948 321 4789 4837 5840 5211 1235 2424
15840 1659 2842 5266 2043 2822 2176
15841 297 164 298 434 3259 1432 399 4443 2156 3592
15842 739 1711 1630 1022 171 1916 6057 2575 6259
15843 1966 621 6675 6149 852
15844 589 1711 784 2386 4200
15845 4689 297 164 4588 4544 2890
15846 1691 720 297 1503 6881 108 85 4157 2883 1202 2147 1690 482 2394
15847 52 813 15 3196 6609 108
15848 6761 4032 4329 3632 2829
15849 5506 3749 3976 1780 1966
15850 2344 3698 2531 3994 895 2125 1006 576 765 757 930 2791 449 2215 2901 424 3043 5359 4954 506 192
15851 4152 5322 1716 297 2937 6177 1374 4787 4198 1644
15852 1251 1054 1841 3124 3528
15853 870 4872 3093 1816 930 321 793 4030 1657 2406 893 1379 3203 889 4157 3598 895
15854 753 108 4344 739 1510 4215 8 5510
15855 2156 1831 1986 5912 642
15856 945 4442 4030 5432 1650 5576 2931 1266 3116 5583
15857 467 35 3730 407 4555
15858 1034 1555 1036 5240 4163
15859 6506 533 3482 5402 2646 85 2014 3702 3027
15860 2662 179 4248 360 1863
15861 154 6403 3133 5352 2207 659 5118
15862 420 1354 1150 6295 1213 926 817 4356 1603 4749 3611
15863 3621 1123 5745 953 432
15864 2636 1183 6319 2746 6915 67 6020 5143 3090 412 1583
15865 297 828 179 775 192
15866 1658 5490 333 1485 443 473 3162 1236
15867 2021 1176 1287 100 67 2934
15868 402 576 264 763 311 3337
15869 1749 1510 1495 5501 6417
15870 3465 264 1516 108 3732 637 250 2060 2841 4824 6803 155 4707 5558
15871 1177 5594 254 7 173 636 6558 5182 255 932 1813
15872 1149 151 652 999 6645 291
15873 3238 3111 6614 4559 4518
15874 3314 2039 152 740 1209 3873
15875 3384 3160 1310 4261 30
15876 1371 2076 909 6726 6977
15877 474 2462 1303 2739 4210 4185
15878 149 2017 1809 5019 235 1040 1008 4954
15879 893 266 4415 149 3687 1127
15880 2430 5189 4283 693 3196 4962
15881 1298 454 4608 1515 449 210
15882 2152 36 6234 5755 256 5824
15883 4827 5124 868 1449 5731
15884 1170 1398 6244 496 5337
15885 2676 6797 5454 446 4936
15886 508 4769 2242 2308 2929 824 2490 3897 1112 2245 5457
15887 2113 4017 81 1372 897 456 5154 2886 3126
15888 3185 2049 2125 3475 1149 3359 1433 543 110 3462 171 4322 1531
15889 1347 2076 1763 2461 154 5046
15890 1149 687 152 1419 677
15891 1008 3298 1365 2512 6111 3871 1224 1165 842 1516 655 1630 114 1503 959 1932 2265 80
15892 1165 331 5547 22 1013 5340 1764 1686 430 1540 1055 170 3133 151 1224 5865 847 1086 1113 2148 2238 4294 655 1438
15893 24 34 3814 6644 5346
15894 4084 636 76 2013 809 3039 1149
15895 114 26 1711 1847 4594 5497 155 3084 783
15896 2927 5148 3573 2254 6015 1208 4699 172 5531 4580 2553 1495 1819 2861 2234 452
15897 1072 2807 4975 2735 2973 2781
15898 4348 432 2798 1581 311 3653 3548 5742 4617 268 6937 1404 2057 1149 6417
15899 2665 546 1077 2733 1910
15900 5128 940 4883 792 162 2876
15901 4367 560 2394 223 274
15902 152 1298 930 155 6743
15903 353 4547 1606 4607 1433
15904 2 826 876 904 309 1215 2536 171 4835 953 2417 2908 910 463 662 5566 1292 108 1508 5254 137
15905 859 6610 5576 4381 115 4103 865 814 2140 1000 2009 3838 989 3879 1757 694
15906 5660 43 987 2706 991 816 1953 744 2328 3702 3568 626 7016 2787 1640
15907 108 834 1781 1943 2323 4244 5699 4576
15908 6064 347 5442 817 4861
15909 2742 1342 1718 1610 894
15910 1271 4141 6626 2530 5069 6564
15911 536 3632 6903 757 3913 169
15912 1639 3810 1037 2067 601 4961 297
15913 636 2110 288 2641 1718 2847
15914 1078 789 5203 587 4796 4531 3583 309 1081 1388 3204 803 2811 2883 3049 2062 811 1048 2593 4170 4026 1091 145 1692 609 1095 3980 1280 3666 5007 1065 6802 1099 1284 3086 1526 5805
15915 484 918 149 1038 2806
15916 1526 6629 4301 1493 300
15917 4309 53 1123 1048 276 1485 5659 3324 2082
15918 152 909 1752 6079 1983
15919 663 6388 6643 576 1241 2622
15920 6918 2357 1125 1830 1976 4021
15921 530 245 2115 5072 254
15922 1598 3011 3885 234 1780
15923 114 297 1558 3283 693 1616 1442
15924 1838 1779 1019 821 128 3540 3873 2357 784 4375 4861
15925 3824 4192 1441 177 3786
15926 428 6681 401 3533 4012 1144
15927 170 1631 6900 2060 331 554 156 287 139 3151 655
15928 2055 1554 407 402 596 1008 2825 5160
15929 274 4844 53 817 957 789 1271 297
15930 576 3340 905 4093 4893 1582
15931 3914 2941 4846 2473 4651
15932 2922 742 4433 2096 1055 2752 2486 3117
15933 98 2165 1858 68 69 1729 1137 2809 3583 239 3912 257 5698 114 596
15934 2500 4787 2955 1019 1219 1206
15935 412 5818 6708 3733 269
15936 3873 3212 1115 1730 3395
15937 4504 2654 1914 2017 2154
15938 473 352 2144 593 3675
15939 53 1501 1444 284 22 4282 353
15940 3065 1170 144 4162 930 4819
15941 692 4769 1067 687 1489 5839 2305 1254 6815
15942 480 1603 4062 1419 4767 1185 1137 6870 2067 3121 2889 5268
15943 5604 888 254 5216 1498
15944 6412 2752 2899 1118 962
15945 4180 5642 3576 6770 1685
15946 4107 2586 2020 5142 3584
15947 979 254 1177 6198 4823
15948 108 26 141 3104 910 6968 3735 5244
15949 35 4184 68 6508 588
15950 1719 1896 5476 4053 1 4642 1545 2920
15951 1836 156 2806 6733 416
15952 4773 108 2775 100 1763
15953 3414 3080 141 7018 1795
15954 1716 3624 224 1311 336
15955 3321 6476 89 298 2191
15956 1068 3135 2638 2424 457 6483
15957 554 1347 968 3951 1449 2610 558 6080 871 1752
15958 5231 114 968 150 1176 811
15959 298 5794 1023 1067 2934 1400 285 24 132 809 3196 3918 1276
15960 2010 24 5925 926 409
15961 1371 3714 1411 1890 1650 763 2188 2281 1727 332 4559 1295 3114 701 2037 6008 1115
15962 1427 242 1566 5710 337
15963 5490 1500 3316 264 4669
15964 6597 4427 6964 3652 3027
15965 390 2433 128 666 5518
15966 319 3347 5179 1241 3830
15967 2125 3073 1170 1610 4015 1190
15968 1208 763 2991 5075 14 1343 221 3606
15969 2009 681 5567 5615 1032
15970 229 360 5295 862 5323
15971 740 4710 1795 2508 1443 4721 4093 2636 4444 918
15972 3223 6140 2985 2220 826
15973 1468 1078 280 1184 4688 1084 1093 609 5339 1065 1908 1281 3221 5007 1284 3533 3668 1098 6992 1279
15974 5067 946 1587 841 1485 2259 1875 5048 5562 1005 367 2900 1374 2874 2365 1039 156
15975 247 306 6059 1630 5290 1938 3605 4266 6280 1556
15976 269 1587 1476 259 6781
15977 1639 1271 6285 1347 3525 5819 6581 1924 4747 1070
15978 2717 2518 6824 171 895
15979 268 2752 4071 2847 154 4457
15980 229 4221 2709 2535 6895
15981 311 1243 1697 406 114
15982 1741 1116 10 39 1927 6104 6997 4930
15983 34 2618 752 5510 1207
15984 1040 4835 1634 676 1495
15985 593 5285 2786 1997 3177 2477
15986 4094 149 5879 36 666 4665 216
15987 1989 1300 6412 4653 3896 5440 5210 1254 1622 2121
15988 6933 367 489 4478 2323 4820 4924 918 1498 3100 138 3
15989 140 3957 1516 5288 1224 3082 1476 573
15990 758 2302 2160 2841 2206 2238 742 1587 687 1454 672 837 2783
15991 3106 2808 3186 1781 2807 1480 1184 4589 3662 5412
15992 297 2636 810 3311 1494
15993 859 476 961 4508 841 108 5833 916 6112 171 3411 1029 720 655 146 666
15994 633 2297 349 167 2037 4773 1036 1298 1630 4192 1911 3777 4084 1086 1967
15995 1837 4250 744 1433 311
15996 466 834 116 357 35 599
15997 762 1978 1471 803 2308
15998 816 1034 753 1697 666 4744 457 2117
15999 3675 349 3340 1246 420
16000 1729 3764 1987 353 2177
16001 263 858 3809 1014 5814 3863 5714
16002 1729 174 40 1635 1069
16003 631 1812 222 309 146 171 18
16004 651 671 4674 3642 1549
16005 1415 1551 2657 2247 118 2962 319
16006 41 1013 753 1673 2636
16007 6010 1857 2338 711 3450
16008 739 1342 1315 3258 2917
16009 5041 3765 4015 773 3207 2496
16010 6679 4101 1390 784 161 3868 2537 3869
16011 1767 859 2136 2756 948 691 798 3269 1432 2889 81 1550 1071 3764
16012 1639 3614 1124 1419 788 1326 4069 3737 837 919 114
16013 1345 6445 2994 5421 3057 5203 2293
16014 976 629 2125 264 1841 897
16015 4374 2784 1008 2046 1334 3764 3284 4463
16016 729 6703 1463 2078 3133
16017 1622 3736 75 259 771 3891 1311 61 2020 457 701
16018 4001 3167 6297 6556 1192 6472 36 1022 2283 1673 562 146 2610 2188 2306 3039
16019 3597 45 1298 108 399 3001 1334 1972
16020 242 3162 81 1288 85 3632 359 4054 447
16021 446 961 1546 2608 1453 1181
16022 3962 5879 3192 79 6795 4769 768
16023 349 1662 1185 655 5230
16024 945 274 6447 409 1741 2860
16025 34 2888 4876 5335 984 1202
16026 2784 1008 3728 5113 1410 749 2354
16027 1939 35 164 1610 1477 357 5339
16028 6588 493 1507 2220 5228
16029 57 1847 1468 1485 1176 687 2875
16030 593 476 522 53 5464 2451 2
16031 98 242 1829 2326 4255
16032 263 6328 443 294 5690 5286
16033 3793 1901 373 1406 1071 3519 1841 5432 2220 1467 542 6774 1275 3900 431 5551 5508 1424 3287 3335 1276 5165 139 1184 1082 4080 1429 1094 1430 1284 1099 5986 1431 5750
16034 4638 1847 4072 4468 1329
16035 1786 810 3882 5150 1115 1741
16036 5213 1410 151 1185 953 2134 655 1124 6684 6265
16037 534 1471 2067 2908 4063 753 6284 6651 6140 271 2841 5731 6729
16038 4894 1455 3891 1661 2977
16039 189 2946 3768 6451 111
16040 1380 104 1741 1149 434 1202 2738 259 274 1587 1116 53
16041 2924 3499 3189 114 149 1297 1392 5848 1389 1159 1694
16042 1844 593 3473 3276 2495 2075
16043 496 4401 541 53 631 6041 3615 644 666 2233 227 3276 3830 274 576 6113
16044 459 742 6396 3526 2281 314 1785 3972 1772 588 1739
16045 1183 3943 876 6056 816 694
16046 793 980 4483 1634 85 511
16047 5644 6693 331 816 4401
16048 57 979 264 1752 576 3066 1381 5335
16049 621 2361 6936 4347 3595 1417 66 480 3269 3291 2694 81 687 1831 292 144 138 3585 4230 4956 179
16050 5954 1948 4520 2949 5417 4558
16051 66 1847 753 5936 4892 1034 511
16052 5207 1271 297 1973 590 2427 44 288
16053 4749 711 926 763 1352 862 6841
16054 4664 1761 5283 2554 3286 221 2156 6116
16055 506 2622 2605 3972 895
16056 3513 252 2742 4812 3125 353 958 6502 5448 460 3111 3091 793 5314 1531 4341 6153
16057 232 4428 5177 1282 1431
16058 4753 4752 3661 826 744 2496 816 6500 1402
16059 3515 3053 2418 217 166 4364
16060 546 2632 96 434 2267
16061 556 35 349 1894 3672 6610 666
16062 4071 160 3741 3882 68 1069 2531
16063 164 713 53 1475 3200 1836
16064 2934 5582 731 69 750 763 889 872 2647
16065 6866 4661 1429 6782 1091 1353 1522 6510 3051 1085 1097 1098 1523 6992 4780 4970 1909 3052 6027
16066 4564 5076 5474 2603 227
16067 1072 1841 556 1468 587
16068 230 698 360 234 2331 5462
16069 1040 4314 6133 6744 3073
16070 464 352 1013 4618 605 3086
16071 1639 2792 6002 3434 140 1184 1696 1202
16072 6442 6427 432 291 3841
16073 370 2732 5133 1425 1060 4796 1469 1087 4369 6221 139 1089 1277 5006 6216 1906 1282 4087 3086 3052
16074 363 3799 1891 6029 3551
16075 4019 631 589 173 3250
16076 1631 147 985 1438 6014 445 156 511 1467 4051 2158 1041 574 3187 3909
16077 1347 2098 1416 1781 239 5134
16078 3922 6674 5645 2057 872 4228 5356 5066 2177 239 4555 825
16079 3366 901 526 1136 2734 6405 1346 410 1443 2140 1432 221 493 309 4429 1184 1088 1199 108 131 491 2930 5339 1065 606 2386 6253 5805 3222
16080 2600 2571 4314 616 1390 2258
16081 976 1528 1636 1644 2040 1597
16082 493 842 888 811 3694 113 119
16083 2259 2484 4539 1299 943 1491
16084 5755 117 2357 439 4190
16085 2742 1469 3219 1277 4012
16086 1029 959 906 6358 4866 596 2048 2327 5882
16087 1468 744 1055 2037 1001
16088 1371 4191 1510 682 4084
16089 246 370 276 1901 1902 1903 4740 2972 4123 1429 5177 6925 5007
16090 108 889 1943 626 1003 1757
16091 788 2629 1242 558 1078 1024
16092 2747 1847 1224 511 3867
16093 2991 7000 87 4355 4940
16094 1347 6177 6340 366 78 481 4677
16095 1240 2494 1691 574 506 2932 6189 133 976 1757 2565
16096 365 1072 120 1061 6175 5053 609 6203
16097 2531 1038 768 576 1370 276
16098 1575 200 1776 3266 6106
16099 583 53 1727 4793 76 74 876
16100 2622 1587 1640 2407 1592 3473
16101 593 1832 2784 2530 4192
16102 473 1345 3576 2504 1643
16103 1208 232 6455 1894 811 6296 4302 1770 2259
16104 1628 2414 836 4341 19 2078 6344 989
16105 309 2053 2742 1438 2671
16106 1055 1056 4476 2017 3705
16107 4184 1753 461 680 681 76 937
16108 749 3546 3130 3129 1977 2200 1954 1070
16109 3986 3342 4144 128 3029 2557 2579 583 391 1347 788 3509 1537 1012 412 5597
16110 3620 826 4605 6061 1893 234 365 2707 3749 6017 991
16111 4514 1013 2117 186 1419 428 1631 1794 147
16112 234 45 2706 763 1940
16113 297 2614 5812 2848 76
16114 1005 2802 765 1202 5856 4162 786
16115 16 809 4192 6419 1587 6609
16116 1120 723 5161 455 3441
16117 108 2757 1614 1612 1049 848 3600 351 3822 1985 3255 1474 1646 3198 3272 4112 5190 5389
16118 158 297 3325 146 669
16119 3139 4810 2311 2174 1271 816 106 131 649 391 2805 542 4835 1275 1604 239 2075
16120 2199 1450 4899 6595 5583 4571 4891 714 2632 4315 552
16121 1458 1038 1551 2139 2424 22 2587 5445 1070
16122 3894 3484 85 905 1508 1406 4481 3594 2670 3906 6417 1495
16123 3792 1764 4649 1752 2801 3790 4773 2816
16124 3298 152 2468 2951 6668
16125 6201 655 3825 1604 3454 1148 24
16126 2125 1054 1147 808 5383 257 757 2851
16127 3246 2774 5709 333 3738 3091
16128 53 314 1002 789 2163
16129 5170 164 35 4413 6296 4367 803 5095
16130 709 128 905 81 1469 1070 550 3185 1841
16131 6735 1471 10 814 2140 6333
16132 6199 3122 1634 858 151 3244 5559 24 2416 78
16133 3365 187 2798 5320 262
16134 229 181 3806 6612 1864 6271
16135 5814 117 1273 172 6180
16136 440 556 1072 1997 6866 280 1098 5750
16137 550 696 2776 1750 3188
16138 3943 53 1398 430 2858 3707 1841 5122 1939 1836 677 6804 4399 666 409
16139 3680 253 6573 723 6371 382
16140 1271 2411 1962 6496 584 1857 4186 6694 6014 3801
16141 153 5306 787 2306 985
16142 297 2482 636 245 4040 6435
16143 6108 621 893 2749 3574 120
16144 1978 1868 6137 4063 753 3569 108 2076
16145 271 108 3515 80 408 309 5429 4002 3316 1697 707 718 1202 5435 744 4436 1558 3643 1652 3116
16146 4193 360 1624 2627 1739 2653
16147 3080 186 810 2777 451
16148 423 4748 649 499 798 146
16149 6891 3662 1082 4013 6764 1526 2386
16150 1759 576 893 876 1640 1108 644 104 3093 918 3134 794 829 6349 6434
16151 6515 842 1516 793 101 5578
16152 3583 2388 53 24 4107 6403 3465 416 39
16153 1149 3267 68 4244 5938 2598 1172
16154 940 152 1026 3353 3255 2715 2693 2723 4549
16155 108 2419 3435 1023 1745 469
16156 1292 753 1592 4283 321 4139 1361 6392 156 4125 944 275 695 293 5243 390 1384 1365 3435 4104 1003 6282 1236
16157 2793 5267 1611 164 4851 4848
16158 3185 264 5821 3976 6590 6613 6516 149 1701 1862 1866 6602
16159 78 221 356 168 4386 1690
16160 3497 1432 1202 3367 2104 76 2049 2602
16161 1379 3276 629 558 1772 171 684
16162 859 1285 2646 173 3054
16163 6224 5681 2148 1347 758 1199 1551 5967 731 3169
16164 1673 3290 370 5163 4178
16165 2554 859 309 1023 1279
16166 3515 1427 7017 624 146 399
16167 276 1246 1978 268 16 1920
16168 336 2393 276 3343 2588 2156 172 788 61 2364 565 1068 6660
16169 2044 740 5364 876 6592
16170 6326 7 826 3100 3790 749 6021
16171 1419 1260 1262 5027 1915 4737 6942 2411 1616
16172 2632 6827 675 1692 2416
16173 629 2929 88 4772 6981 1370 119 3115 4285
16174 274 52 53 10 100 1192 220 3632 416 1469 4872 7 589 2309 4180 76 3549 4405 793 845
16175 6167 3303 1034 6460 4493 3720 2528 845
16176 2329 53 3316 4514 3134
16177 473 2962 1224 3968 10 847 6334 4603 4735
16178 3129 266 909 1295 2542 959 3916
16179 687 353 1241 152 5534 19 1298
16180 739 6878 221 428 171 662 297 1178 721 2572 3373 4244 1807 28 4668 1017 3365 593 675 2956 2756 303 781 2073 1022 351 2590 587
16181 6659 1370 128 2968 3632
16182 5241 37 4273 227 1176 675 152 550 2357 4464
16183 3565 162 2076 3839 1473 1006 6870
16184 2647 315 2308 83 2519 1258 4740 1038 1990 1444 6490 1849 701 1629
16185 1029 1896 3303 858 164 2739
16186 621 3728 1554 771 4860 3161
16187 1202 2310 1189 6055 658 2098
16188 905 84 1036 6808 4186 1577
16189 1600 3054 6916 701 4699 1558 2156 3283 1456 4435 282 4698 155 4943
16190 4809 3897 4398 4104 629 5574
16191 325 966 127 5179 3299 1041
16192 1055 4753 554 634 6503 2581 3945
16193 152 997 3121 1799 1246 2229 1140
16194 4519 7012 6986 986 3986 2520 1026 5356
16195 1113 612 576 1673 2022 663 1298 930 4614 3524 801 5847 891 855 1900 2779
16196 621 473 184 4495 1555 2048
16197 3260 1603 3046 1026 5483 7 5591 1488 3231
16198 1003 5780 432 859 987 4062 948 303 53 410 486 813 2867 563 1920 1137 40 171 803 5587 6921 311
16199 3529 6804 6903 7005 4684 3869 6125 4108
16200 2297 1633 3894 412 3015 3440
16201 593 3203 816 2328 6765 2806 542 1629 111 757 2951 3757 1741 970 2878 2364 1163 1021 570
16202 1406 1467 1468 542 3646 1429 604 3221 3533
16203 3700 6703 2467 5771 5687 5556
16204 45 1762 1508 282 817
16205 2357 2147 472 1690 4369
16206 1067 652 86 998 6411 6953
16207 1754 1255 3851 888 6733 2334
16208 1410 905 666 781 287
16209 2267 3942 4211 787 1550
16210 2856 5975 6605 2456 4111
16211 1167 1147 1631 1240 266 811 1948 4520 2928
16212 443 905 6143 131 367 3397 681 687 152 3035 419 5024 76 55 3095 3157 259 3720 5794 211
16213 495 199 3123 441 2249 826 1045 4089
16214 1036 2621 4479 5270 6392
16215 1202 479 3537 5117 3395 3464 3143
16216 4957 1890 681 5172 4603 2980 3198 3272 1231 174
16217 2529 3997 5282 1984 1318
16218 319 2188 323 5065 7025 570
16219 588 5953 2440 3117 1374 2792 6901 2597 6828 3624 169 114 1589 3081
16220 871 6164 2168 5594 6880
16221 1380 854 2008 107 5762
16222 5197 1055 4319 19 631 416
16223 377 2329 428 3569 474 10 4606 3603 441 1365 150 245 2413 1882 3504 3891 554 1474 6728 1113 940 1182
16224 4053 3918 615 822 643 3628 816 1362
16225 2820 1379 1503 3259 6899 3103
16226 198 6846 770 6546 985
16227 1113 817 67 5560 1351 6786
16228 179 2535 2709 6271 186 1857
16229 3227 991 3886 179 114 1598 2724
16230 747 3943 1038 5257 4364
16231 891 211 2565 2663 804 4064 636
16232 5847 1212 637 1885 823
16233 3138 2036 1463 558 1587 1494 1384 4797 2491 85 28 1610 2766 6589 6365
16234 813 151 4888 574 2381 81 433 6973 476 1448
16235 3541 331 1515 141 1353 1945 2486 723 3336
16236 440 4594 933 940 20 1527
16237 3903 1405 1888 1818 1239 1987
16238 3681 2721 2722 1639 2772
16239 2016 1371 4371 5751 1236 1868 5225 6045 1008 2281 67 2628 814 52
16240 930 2141 174 2920 2156 108 2076 901 1008
16241 1416 942 300 3015 4331
16242 1773 1199 663 3025 156 141 1637
16243 1205 5120 1337 114 7012 4255 6844
16244 1240 3563 1946 599 5024 2648
16245 842 3898 375 1147 2636 3397 929 146 582 3193
16246 1949 60 3044 61 6053 1564 2705
16247 164 1890 1604 1417 1628 145 5164 1402 108
16248 668 5844 965 1114 963
16249 297 1984 1040 1504 2384 2102 1858 5961 336
16250 1178 149 1240 2676 929
16251 10 100 152 1360 4440 1974 1889
16252 2095 732 740 1729 355
16253 1868 2419 1504 1069 2191
16254 26 742 5800 1418 3616 2323
16255 858 797 359 152 1315 1587 3677 629 46 930 2199 78
16256 1494 71 6236 2809 4920 2449 5152
16257 152 1342 172 5755 6675 3032 100 2408 1332 4164 247 5889 245 5913 5093
16258 621 280 655 163 2037 583 3089 223 1697 682
16259 2632 2600 1352 753 2929
16260 268 4709 4946 3167 5149
16261 1870 762 6650 390 3390
16262 1502 6600 542 6593 4597
16263 428 171 1500 687 1041 3848 2075 4926 627 2530 4154
16264 4909 2247 5417 682 810
16265 1662 297 2096 665 720 6092
16266 746 2207 1286 3565 5971 847 91 5873
16267 4097 472 1749 909 1433 1690 416 34 1970 1019 3198
16268 3225 2355 1940 1891 2649 4775
16269 1269 627 6105 332 980 1563 3110 100 2317 3015
16270 1551 5588 5589 2367 1984 25 2274 4122
16271 4846 2512 1484 3277 6947 596 1582 4394
16272 1246 359 3312 10 3714 5340
16273 1696 7013 5335 311 3873 3291 4540 2946 3850 871
16274 1575 1038 77 905 469 4149 2417
16275 2210 1891 842 2141 740 775 1287 817 6027 4788
16276 1575 634 151 114 781 297 267 2037 76 3099 6812
16277 621 363 66 229 360 6696 2036
16278 1067 5090 37 539 2563 2309 2826 4200
16279 693 1205 1502 2165 4651 663 2638 2050 289
16280 416 4090 2210 2784 5132 1149
16281 1587 2116 1370 2429 409
16282 320 681 816 113 4968 91 565 845
16283 5783 711 1045 171 1891 1889 3584
16284 859 6845 267 2017 493 53 2431 1 489 5742 1741 5311 3152 1604 1292 1510
16285 4637 2512 117 2837 1408
16286 662 4023 826 2289 930 173 816 6104 240 2024 1170 4663 3615
16287 4593 1577 492 2066 443 905 150 367 1055 1045 2419 81 687 6432 1192 3092 519 1287 3974 221 6989 2829 6660 324 1849
16288 6087 3073 409 2646 78 314
16289 3293 1761 487 3254 704 1697 2165 4255 13 2124
16290 1416 2174 2657 307 4578 2337 4010
16291 4749 1157 872 5082 2632
16292 164 4053 1640 422 5017 5044
16293 152 6269 1729 5430 2993
16294 511 631 4211 1631 637
16295 764 1236 46 75 4111 1483
16296 2042 2629 1055 2350 1357 43 2520 6483
16297 114 1767 805 1636 6669
16298 1174 4925 4773 6939 1018 170 816 907 1752 2 2144 5728
16299 409 2082 3463 3566 132
16300 417 1298 1185 775 2082 430 116 5620
16301 149 1780 245 1598 229 3011 1029 2339 6612 1862 6078 264 991 1872 2359 3499 263 1863 2744 695 1829 3379 4671 1208 3185 668 6970 1128 366 758 6088 1254 6247 2238 2684 4381 1202 5222 736 3507 1057 1699 562 4407 2957 2962 1976 2646 24
16302 10 1192 832 6904 2667 3432
16303 1551 1224 2211 4887 367 511 847
16304 2496 389 859 858 5029 5642 5755 1814
16305 1117 4161 6009 246 4726 406
16306 621 987 6812 5324 1113 1400 3834 671
16307 3447 1587 3801 968 1577
16308 6430 1866 2954 1701 826 764 2706 221
16309 263 319 589 1943 584 76 1974 62 1531 118 4360 4737 3822 1429
16310 356 909 4415 1008 6079 5165
16311 704 1485 3779 3001 1340
16312 1342 1725 836 3675 2500
16313 612 742 331 1147 1160 964 740 6844 1548 4619 836 1406 5470 493 3489 3870
16314 447 2015 1595 847 399 1100 2601 5270
16315 432 6584 3946 6045 1434
16316 1372 4949 1071 4062 3898 2402 817 3828
16317 2359 2329 2596 2707 1598 5507 6834
16318 6341 5489 298 158 1177 271 6513 305 803 2792 834 174
16319 1836 2750 5035 788 837
16320 731 550 179 976 53 1494
16321 297 515 541 1402 298 5478 873 3754 895
16322 459 6720 1494 5139 1072 1467 1192 18
16323 1177 1347 6096 905 1342 2462 451 5044 2187 2122 1150 4673
16324 3373 2991 4136 4111 102 1638 3171 3306 803 1646 482 139
16325 1939 1214 3201 482 6041 154 1078 85 1287 89 174 1717 1690
16326 221 1450 826 511 3598 816 3779 43 2213 5996 1331
16327 3801 1516 905 4399 630
16328 630 319 381 1443 4789
16329 699 861 5817 1563 2512 2474 6701
16330 120 2734 587 1087 1184 5458 1062 280 4123 1278 1492 5158 4661 2594 1692 2568 1065 1281 6925 4780 6253 5493 4911
16331 2855 523 4692 1591 1586 1091
16332 621 1224 389 1839 289
16333 1347 545 3848 4637 950 6867 1477
16334 243 1202 2371 221 330 2108 4152 530 4852 4061 1001 3462 2430 1241 4263 5561 872 155 6975 6295 167 453 4498 3142 264 2547 2056 4109 3038 1674 7015
16335 811 5179 1727 5498 1816 2247
16336 1067 5392 1732 114 2424
16337 297 1353 3927 2351 349 1123
16338 697 367 169 297 666
16339 6671 7010 3032 4922 409 6754
16340 268 2067 1347 1342 953 3943 1298 3384 2436 156
16341 2387 80 2588 876 2037
16342 3358 2387 3707 102 718 870 814 1410 2811 1055 4359 2110 1756
16343 6451 959 2070 2892 6963 2074 3054
16344 5903 6555 815 3754 987 52 5475 4476 849 1200 2037 5761
16345 1396 5571 5188 1069 353 5137 1116 257 4786 1355 4133
16346 1485 1770 629 1029 336
16347 680 6730 6882 740 2061 1433 76 4199
16348 2016 742 1949 390 476 389 5681 1167
16349 327 3136 3347 1287 3537 4293
16350 1485 1036 6269 2514 668 1359 6122 6611 151 1025 797 1829 2409 443 4665 5525 6532 311 6498 5497 3934 5143 292 1308 4466 5401 2522 1558
16351 324 2714 2059 1125 2608
16352 229 992 1966 2855 1801 796 1761 1272 5925 713 6952 2755 1844 3943 5452
16353 2533 360 363 364 6430 4247 6895
16354 158 5107 1035 806 120 5333 2731 3632 2982 5086 970 1482 1238
16355 255 1934 1122 5703 1115 1353 2191 4133
16356 2003 4606 1452 5777 1545
16357 6305 4946 476 4138 2496 1053 4700 62 4764
16358 32 819 2172 2037 4920 4936 618 2357 3840
16359 863 5941 988 152 6060
16360 1474 5543 1584 617 3139 2703
16361 474 2987 2052 816 1137 3652 247 1954 843
16362 1412 937 89 1484 1612 1287 4512 3549
16363 2036 1651 5927 961 2201 1667 1352 4067 1383 4053 986 3338
16364 6236 105 4586 4458 1530 1849
16365 427 108 307 1820 3728 4747 189 2870 5263 4618
16366 141 4779 174 5420 3600 6202
16367 1987 79 3972 1453 1668
16368 3357 6391 1841 1947 511
16369 3046 2280 534 1582 1713 2473 6349 818
16370 4413 681 332 2069 5236 3906
16371 274 1177 5138 5282 7002
16372 353 4228 1987 2977 918 2720 3134
16373 5418 958 4007 2165 1360
16374 2219 252 4722 2060 6524 4675
16375 297 6278 264 4362 307
16376 446 3778 3547 1411 7009 2253 507 576
16377 53 3409 749 248 4579 6001
16378 3550 4728 1895 3553 4553
16379 6735 2467 2842 2131 3882 2250 2244 1593 1125 44 2854
16380 540 1577 4311 3779 420 476 1071 416 4075
16381 3435 67 99 1330 1364 6335 2784 809
16382 35 2964 1390 1241 881
16383 6872 149 2629 593 859 1930 68 3540 834 1467 889 1329 2140 76 624 816 2165 455 1326 120 909 3515 3121 1718 1927 36 1630 2433 399 1209 2286 1022 2568
16384 3316 547 1046 3630 6013 3877 102 125 428 1873 1008
16385 2332 6499 4552 3185 2707 4417
16386 3177 1111 1515 3548 4622 4418 3679
16387 1237 2420 2156 3365 45 1358 2289 5041 2201 10 1048 3714 903 271 2752 321
16388 2683 1512 2954 66 269
16389 5557 164 979 1462 2645
16390 841 5924 6899 2267 4173 1955
16391 3661 463 701 4391 4575
16392 1891 3592 1831 2774 5518 171
16393 6102 4093 5405 1350 7015 141 5597 2056 3718
16394 2367 2125 4883 52 1939 1271
16395 817 905 1991 1334 4035 2947 2930
16396 2829 1891 66 2310 2512 2361 496 705 3504 1549 2043 443 6140 6962 1018 1210 4725
16397 1762 811 2283 3961 1048 1295 189 1008 1630
16398 6096 57 886 5522 1220
16399 1170 1841 81 1365 2829 5335
16400 2926 3468 5282 3752 3456 1041 154 3624 1609 5421 2994 1004 89 356 68 2384 3837 2500 540 517 550 493 6912 1468 912 3657 330 1612 1162 2200 2326 342 1630 487 249 556 744 52 332 76 546 739 2729 3280 687 980 406 619 1711 4312 1298 492 2020 1329 297 3279 1052 4357 1075 1022 1077 480 3236 1440 117 768 1591 847 5383 2007 48 5183 349 114 889 1456 596 4047 590 61 587 4603 4906 1080 813 4369 5488 532 164 1260 176 2163 6326 909 50 4170 2752 3210 2568 2594 4897 506 1229 3533 1099 1990 457 6951 1239 544
16401 650 5182 280 353 621
16402 1549 1037 714 1202 4309 1577 1847 5641 3697 1286 6267 367 3545 1471 2009 4480 96 128 443 1137 1199 349 2729 1389 677 173 1142 6822 5025 3228 456 2901 1589 3574 455 3605 1008 2324 6770 1841 416 1554 3373 1176 4233 3180 1318 4695
16403 331 68 680 2247 937 1753 53 1630 4163 7
16404 1208 2042 3884 2626 229 1598 264 3620
16405 3621 2156 1049 220 859
16406 1029 360 1624 1113 991 6078
16407 1827 4808 68 3133 6747 3905
16408 940 2017 1627 2600 2192 1997
16409 6296 143 2741 6955 4780 3894
16410 3357 1239 3911 1210 6783
16411 319 4789 2020 330 152 2630 630 4230 58 3514
16412 35 151 68 1691 36 1008 7 2935
16413 3238 1153 6882 331 877 1135 89 4060 2084 4583 3466 793
16414 2108 2165 2451 2867 5475 11 1364 108 1185 983 6818 3469 179 1502 6058 4899
16415 1964 3895 4765 6431 1239 3491 1149
16416 744 5370 626 1029 1297
16417 248 811 958 722 1494 4465 2207
16418 1148 910 45 1995 2887
16419 217 2244 1891 2091 847
16420 6506 2194 3032 2603 1876
16421 739 367 151 4095 1989 4546 170 1406 1954 3733
16422 5634 128 4675 1137 2096 80 3669
16423 819 5068 1311 2835 701 324 1826 4218 3463 1803 2712 5059 5454
16424 1297 1739 484 297 1640 1026 280
16425 34 179 368 765 81 1817 817
16426 2755 34 466 2139 1225
16427 2104 4990 4201 3202 1318 3397
16428 331 473 1312 1241 151
16429 151 299 6621 489 292
16430 274 3483 798 1071 5588 5589 16 809
16431 1072 1841 2731 431 22 1079 4659 6823 4461
16432 4815 117 1007 3072 1570 859
16433 5535 4418 1242 1270 4278
16434 1891 6792 121 298 3244 2903 3088 2183 1166
16435 1237 930 2323 2490 171 4237 636 37 817
16436 933 152 86 10 80 1782 658
16437 3509 867 1760 2841 378 2787 6564
16438 3251 6306 3009 930 525 2685
16439 401 1076 6817 582 274 67 12 137 1086 139 1081 1090 1277 3646 1184 2812 5247 2930 1429 604 1093 1280 3980 3648 3532 609 4780 1523
16440 4953 3706 250 2795 1374
16441 151 1055 1857 5303 4954 1966 1234 2632 3581
16442 3078 1683 2606 1069 3076 4746
16443 2776 154 1540 1916 5997
16444 2207 6395 987 1034 901 4000 6656
16445 979 4982 1646 4535 6044 926 2117 5263 2446 4556
16446 2949 663 2137 145 1900
16447 4222 559 6962 291 7 1329 2287 343
16448 1033 3042 972 464 833
16449 1071 556 1467 1468 4089
16450 268 2141 680 4364 6298 2036 1069 1189 336 621 3311
16451 89 3466 521 3436 1084
16452 264 816 6730 5793 1279
16453 5014 939 2706 363 6430 3499 4816
16454 1329 6912 462 447 681 1366 6849 831 2817
16455 152 1160 834 2454 2275 535 740 1812 153 873 1603 5210 5335 1215
16456 826 753 85 7018 1455 1661
16457 2706 3184 4193 1208 4951 4504 229 1067
16458 6224 359 152 1319 6324 4188
16459 1711 4427 2014 1646 912 2854
16460 5535 298 1026 1209 2267 2082
16461 1809 179 3564 540 66
16462 716 1754 4860 1115 1239 3132 4133
16463 114 666 4471 1149 902 257
16464 1504 1022 972 37 2055 220 3438 5815
16465 1462 409 1458 4066 5235 2141 314
16466 4420 493 988 599 1841 2675 451
16467 4639 1456 912 1265 5944
16468 3805 1475 742 5355 2514
16469 298 311 576 723 5269 3137 280 2482 1532 1359 5314
16470 4925 1205 3373 803 89 4139 811 1039 1029 1176 68 816 1033 67 1443 877 406 3738 83 118 683 2188 4595 681 684 1202 439 2787 297 2200 1973 3397 637 754 6577 271 1752 1570 817
16471 229 2332 2662 3620 2654
16472 77 916 49 4806 858 2793 740 4056
16473 3030 298 1870 1894 2897 1603
16474 3035 1202 507 174 4443 1192
16475 558 3894 482 2357 809
16476 1116 4963 4837 4386 2609
16477 1205 1816 675 3441 1384 4674
16478 5648 1580 2214 1729 1783 3597
16479 897 596 276 6508 3151 4023
16480 3374 1382 378 1755 2884
16481 474 2042 4713 476 108 1412 451 293 5468
16482 248 375 1302 447 817
16483 311 2622 3758 1292 3637 2472 339 1674
16484 2146 1149 443 3160 1365 642 174 3452 2590
16485 1995 1510 16 1333 2670
16486 179 2818 3957 6846 616
16487 1987 3386 905 1560 888 1433 728
16488 164 744 1298 905 1049
16489 785 3603 4722 757 968 3527 768
16490 921 78 313 449 450 6077 4050 2457 5718 3906 1694 2008
16491 3005 268 2123 1068 2603 741 259 3072 930 707 2569 3339 6193
16492 61 1516 1595 2989 6733
16493 5414 4372 2920 2326 506 133
16494 621 108 1029 24 2523 5020
16495 331 81 816 2410 6057 5791 4533 5152
16496 3061 2014 5677 2191 1369 1225 620 5596
16497 1244 701 666 274 2518
16498 3317 1789 808 2248 1485
16499 714 297 151 259 5042 3255 2222
16500 3386 2636 5082 4918 6323 1459 770 2157 926 3449 1358 149 1890 4133 4325 918 3134 158 1366 2959 3897 832 3790 971 140 2355 4207 36 297 173 311 921 2786
16501 151 2867 941 430 823 4192
16502 2194 2684 2676 1435 5903 192 6864 718 5045 6326 3092
16503 3805 2686 2890 3399 6048
16504 137 6443 2972 1281 5803 3668
16505 2608 651 2259 3986 1249 6790 5036 4484 6502
16506 5629 3590 254 1180 174 4147 5521 119 1989 223 1274 58 1140
16507 1841 1467 12 1184 4151 4014
16508 991 1603 596 1626 35
16509 655 1474 1329 91 1803
16510 5811 1872 276 268 5708
16511 2662 1072 2700 5526 4013 5007
16512 2406 4180 1489 1402 1955 1435 3972 972 336 4319 109 3950
16513 1242 4789 638 2490 1488
16514 370 1406 1545 5863 3930 2693 5411 2456 3132 2595 880 3086
16515 114 3373 5181 3434 3923 341 4444 4445
16516 1067 1241 1670 1646 2337 3813 2697 4785
16517 5457 311 3765 2456 1990 583 1406 3063 3039 623 5805
16518 1551 5130 1149 5597 6664
16519 834 1743 3709 6409 2486
16520 6150 2247 329 1825 3657 3111 6256 1106 1826 118
16521 4485 3001 1235 1177 3944 4199 3044 1069 2694 1741 2125 998 668 2100 5042 2424 2936 2613
16522 3705 1228 76 5662 3416 1806
16523 108 2216 246 2807 4854 3622 99 1003 2075 753 11 1927
16524 1501 317 959 1790 4253 3133
16525 2255 280 80 594 2210
16526 245 2946 6128 1067 889 221
16527 530 1165 2460 1183 268 2290 665 4669 330 297 968 3106
16528 5173 6359 2543 1013 6373 2883 1178
16529 229 114 245 179 4952
16530 687 46 3820 2374 573 612 6989 781 4228
16531 1200 356 1137 4216 429 5587 633
16532 3992 67 5920 5057 1988 6486
16533 1767 4415 3467 590 288
16534 3218 3978 2970 2972 2812
16535 3154 1891 1624 991 1029 1224 6017 1872 114
16536 2762 3317 6508 4523 2903 912 5314 1456 3349 5756 3400 350 2968 409
16537 842 5154 554 154 519
16538 298 164 367 1055 2632 54
16539 280 43 4399 2075 1581 3678 4053 14 1807 416
16540 522 523 5627 1665 2386 4168 3218 6337 4659 4012 18 1184 5951
16541 2953 297 5891 1504 2454 1040 3819 311 687 5067 3408 713 1772 5766 1880 2475 6043 2918 631 1989 1756 42 816 891 4132 409 145 1629 2009 6190 5600 3515 3773 1931 691 1773 24 1591
16542 3259 2756 3694 3912 519
16543 1761 930 4149 462 1149 65 2909 1078
16544 764 1847 67 2614 2524 6838 3216 4100
16545 66 627 1149 11 832 944 2276
16546 822 901 309 2410 575 6572
16547 263 860 317 4774 170 4872 2287 336 2731
16548 841 2482 349 144 916 2419
16549 2603 2809 492 1689 3459 4609
16550 4491 6031 6512 3173 4729
16551 52 2617 2683 970 3135 56 1494 3269 1067
16552 1067 739 2943 399 114
16553 2755 680 4094 370 1035 191 599 790 2387 4305 453 6196 345 1740 5342 120 4053 1086 1905 1492 620 883 1084 2594 2930 1429 1094 3604 604 2775 1169 1281 3649 1430 1098 1471 1604 5804
16554 6293 4393 3043 895 447
16555 231 6613 2533 2389 840
16556 2312 493 5639 3367 3017 842 941
16557 1185 749 742 304 1333 6609 81 6737 1192
16558 765 1055 2267 816 90
16559 1113 57 108 814 3276 1131
16560 3670 311 1172 3115 4586 455
16561 574 179 4495 19 87 1665
16562 1889 2302 4063 1510 3512
16563 6555 34 2991 948 5791 5117 573
16564 3448 2350 5383 1384 2394 5944
16565 50 5915 409 4450 5569 6092
16566 4760 4805 4066 3622 2467 556 2662 1072 2807 1467 888 1468 542 1077 1026 582 1425 1715 918 1184 604 5 607 3051 1430 609 610 5008
16567 1137 2873 4485 1375 3629
16568 3639 64 696 53 2987 1550 3992 1055 816 6798 2069 612 434 67 36 5088 6477 2935 5390 4286 4207
16569 1068 876 3494 5392 962 1112 4488 1774 701 2092
16570 1076 1144 4387 137 4659
16571 1943 1241 879 3600 1570 930 1782 2146 2040 3774 4165
16572 945 4234 4334 69 841
16573 308 352 2508 1532 169 680
16574 3700 79 1554 22 3125 3188 4239 3448
16575 1796 2146 5919 1013 2009 5682 6033 1289 10 960 635 6009
16576 3136 319 3203 1826 4716 1402 179 1974 297 1912 4493 3416 3088
16577 6134 2372 1412 1853 937
16578 3228 636 324 2975 889 1546
16579 1117 511 53 997 881
16580 6425 748 5287 763 2488 1659 5127 271 1398 1658 349 548 85 2195 3170 81 1364 2160 1411 636 399 2893 1188 5460 6975 694 5357 114 2784 3240 1008 895 1216 6897
16581 541 4851 2841 4181 462
16582 2934 13 356 5400 276 3628 5536 1951 581 6844 5924 2916 85 187 590 6055 4749 297 3472 3386 4564 169 2935 666
16583 762 2463 1417 2588 3566
16584 3524 2393 1757 291 4733 895 6348 784 2425 97 1459 6599
16585 2033 4921 53 1715 155
16586 365 1014 2187 1640 3530
16587 459 4624 1549 4996 1309 4888 4447
16588 3433 5195 6064 2252 1980
16589 318 3370 680 1416 709 1121 6230 179 241 687 54 3880 3061 328 1890 758 1425 2870
16590 217 905 4954 2703 2537 1348
16591 1317 227 3089 768 462 1489 257
16592 1374 5066 50 2860 138
16593 3979 889 3372 266 1943 2074 2409 4857 2258 1582 3900 7001 3891
16594 714 5029 414 633 1260 4616 1725
16595 306 5197 428 2337 4740 2955
16596 2408 3957 352 1516 3944
16597 171 151 2110 85 311 882 1298 3841 6041 6607 2785 398 4317 117 1845 3336 6738
16598 5797 35 1890 108 681 2143 1730 4849 2883 3466
16599 1000 2414 6328 298 249 4122
16600 1720 2042 3613 390 5950 2105 6920 5291
16601 50 1402 1149 127 1418 813 221 2829 3384 6063 5054 1629 4935
16602 377 304 476 1486 807
16603 79 834 2168 3524 2841 1920 1686 1518 1631 3445 391 6809 1215 3391
16604 179 5660 765 757 1791 5068 6198 4749 2601 257 2093
16605 108 1192 1298 1734 428 2150 1070
16606 4176 865 108 6759 6353 1069
16607 67 1034 905 6229 331 4655 1812 147 3584
16608 1378 20 1973 1498 5700
16609 1253 541 908 2076 5174
16610 2110 2811 138 391 687 1790
16611 596 1229 5353 61 1484 399
16612 594 1185 109 768 896 1480 3456 108
16613 3555 1590 66 5220 2632 2259 336 1650 740 1421 2014 1600 5244 147 985 8 2742 1629
16614 1208 3468 5282 2483 1113 1329 1213
16615 816 2894 87 687 1711 655 672 804 2146 1163 2961
16616 2013 5531 5059 6207 3569 2060
16617 1640 1371 3732 2108 239 2512 5535 1474
16618 80 53 2079 4790 554 428 20 980 817
16619 2358 6261 2332 1867 1029
16620 1891 1199 653 7 1753
16621 498 271 1493 4034 1297 4653
16622 763 3340 4295 192 4735
16623 675 1398 1471 171 3000 6729 5335
16624 2841 455 4958 1215 3758 837
16625 625 3941 24 540 1801 1518 557 352 593 171 987 5581 659 1123 627 651 93 687 4112 3495 75
16626 2782 1978 653 2076 1920 583 297
16627 1443 1047 1483 4826 24
16628 2673 1187 1490 765 763 2321 7021
16629 5324 309 6212 242 439 75
16630 2549 885 3030 3005 2401
16631 2620 2808 1467 2970 2814 1469 1905 4170
16632 5150 1376 406 5704 3166 2315 2088 2482 3174 4554 3540 672 214 6328 1126 691 1995 758
16633 933 1137 3114 585 6100
16634 43 2922 89 3397 3283 5527 871 2278
16635 2076 3721 3270 297 1554 2806
16636 1202 652 1577 6446 473
16637 3635 1978 652 1365 2909
16638 1629 5385 4798 2525 1589
16639 955 5564 2069 5839 4750 2108 3615 164 5166 1202 443 3280
16640 3513 305 4791 6672 6913 5254
16641 1 872 114 2518 4375
16642 2492 2275 4799 5270 4195 6863 715 5789
16643 221 1067 54 147 562 1987 6816 2140 2621 989 4282
16644 5492 486 614 1006 1481
16645 5325 2409 298 365 885 3754
16646 4328 3828 1406 556 3752 3105 209 1591 4387 6839
16647 336 6466 5723 2460 302 2892
16648 2899 1966 1026 881 648 2060
16649 541 2630 4436 2530 1736
16650 822 4935 4309 1510 1753 1785
16651 1202 948 52 6045 53 1473 749 853 3068 531 5117 242 2666 930 666
16652 487 813 5183 2530 2020 809
16653 6230 5096 5479 6643 2201 6297 155 3097
16654 6137 1966 1764 1896 13 151 114
16655 681 89 3694 498 10 3300 5413
16656 2912 661 4844 1279 1752 5865
16657 6670 3267 3354 336 1366 5452
16658 1836 297 2350 3301 367 1247 1216 4192 2784 1212 918 173
16659 363 2549 365 3886 5334 1702 992 3163
16660 1390 1987 3658 2308 2326
16661 434 4823 749 896 4694 3665
16662 5300 3940 2604 2731 5221 5107
16663 43 69 307 5697 2364
16664 1761 876 5552 715 2172
16665 3049 3646 4012 2377 6782 1095 3648 3753 6203 4461 1098 1909 6027 3052
16666 2717 476 928 4395 352 162 1764 170 248 311 1587 535 687 2305 3358 4035
16667 10 35 117 809 3361 292 76 4362 588
16668 68 1388 2792 3493 2563 1089 5537
16669 2371 5694 3433 681 817 1757
16670 1995 5087 3392 961 6308 4684
16671 1843 1151 3922 4595 1313 2215
16672 1149 3943 1177 687 1068 977 4112 1519 2683 2989 2608
16673 1054 53 554 6057 4813 1049 584
16674 1624 1485 81 5257 3216 5948 2071 593 3320 2048 77
16675 4113 3535 68 1038 242 6721 67
16676 1170 443 816 814 6359 959 4469 1072 1398 3661 476 299 69 2393 2993 532 4 3044 1048 6674 4118 946 4947 378 3509 149 5383 1553 5496
16677 248 1640 2407 2308 259 3659 4935
16678 834 3501 494 902 1595
16679 4947 1883 1770 596 476 880
16680 20 506 4127 4436 2960
16681 536 758 2156 590 2419 711 1384
16682 1485 1266 5469 800 4063 6223 331
16683 79 127 3082 1510 905
16684 1202 1298 1055 816 416 85
16685 6278 3893 5679 3783 6031
16686 1055 487 413 1933 2920
16687 3269 3764 432 271 319 89 3351 633 5127 870 1153 221 1107 4507 793 4510 119 642 3597 3307 1692 4881 323 2703 439 937 3699 4192 4863 1040
16688 5503 27 873 1925 1468 3635
16689 948 930 173 3409 749 117 1816 53
16690 419 1342 67 2943 1995 1222 299 1689 153 2327 7 5066 2601 1541 5234
16691 1729 221 1798 1202 3566
16692 6210 2585 2991 1644 1342 469 249 1331 68 5955
16693 5325 4953 2897 1823 30
16694 271 53 5784 432 486
16695 2039 167 3463 3555 68 652 108 1000 749 4434 1604 5932 3001 5831 592 1215
16696 1066 1433 666 1242 2675
16697 1816 2890 876 6277 408
16698 4595 4350 6844 3280 2796 4455 2977 1455 2588 969 3357 4963 417
16699 1396 2302 5747 1229 708 1436 2156 5027 1502 1604 3313 2883 3357 4372
16700 4034 4161 937 1415 1343 823 4483 5530 1033 1286 1076 6150
16701 444 435 86 1271 957 5670
16702 2116 274 68 2689 2554 803 170 793 5859 432 2995 242 5208 146 1754 6665
16703 432 1503 1298 4642 576 4980 1601 4053 3797
16704 1534 3341 355 5893 449 5069 5678
16705 1764 1468 322 2204 305 2247 2033
16706 5332 6810 5628 506 1967
16707 69 2033 162 280 2418
16708 1720 1891 1202 416 2500 3195
16709 444 1397 3172 276 1160 407 2819
16710 4637 4343 1040 5635 2847 2427
16711 297 2988 4113 4972 961 60 2935
16712 4930 5535 2887 504 1756 1651 268 842 5040 1696
16713 5939 1150 2957 1378 1857 4277
16714 227 2190 5426 4637 3191
16715 268 2636 2557 4954 4328 895 1975 1520
16716 98 2792 1920 3817 4192
16717 2115 2796 428 5884 1536 3867 85 171
16718 3580 997 1491 4148 171 1536
16719 1183 331 1844 367 4206 2193 1265 1715 34 5838
16720 3011 1485 1965 507 999 744 649
16721 3323 659 349 6276 1073 390 240
16722 2042 179 1866 364 2339 3976 181 1895 183 1034
16723 1446 616 905 3173 3834
16724 1396 1713 6948 1507 67
16725 396 2056 2780 1967 701
16726 583 1446 443 108 5108 6100 2956
16727 6838 3175 574 354 1161 1554 1630 694 5066 781 1026
16728 2868 2641 266 137 298 141
16729 81 3135 6346 146 171 1620
16730 979 500 6237 1802 15 5382 2889 948 2507
16731 114 465 5056 186 4325
16732 3956 2450 5632 81 154 657 3831 3188
16733 4917 170 254 5291 1718
16734 5605 309 52 2588 621 242 870 4372 13 3139 1634 4046 763 2125 924 443 1816 4649 2924 593 1930 930 1357 2987 1997 6676 1179 6480 3732 802 6297 2497 437 3633 492 848 1725 6481 2962 2920 4785 818 1538 1352
16735 2267 271 1493 1287 4071
16736 1767 3978 3662 1082 1062 4589 1083 608 1281 3221 5007 1098 3533 1604
16737 546 811 933 434 1200 1231 1137 1075
16738 5224 3882 1008 3527 35
16739 152 6128 6165 3361 5563
16740 1196 1783 3114 803 1932
16741 1236 2227 864 4663 775 15 5629 3170 149 1297 303 731 6949 3422 740 1580
16742 263 424 189 109 893 871
16743 4884 1192 35 297 2082
16744 576 199 443 37 856
16745 2044 153 1933 479 217 4068
16746 2339 6792 6061 946 3462 6085 811 3620 1402
16747 629 528 2396 1517 1511 1665 536 4767 4495 4722 2152 687 1881 2578 3139 3631 2430 2928 1767
16748 152 5251 157 2453 2586
16749 67 298 663 108 1045 1137
16750 905 514 466 563 351
16751 1104 3549 4988 58 492 154 565 979 3126 6794 4777 6194 6367 1131 1757 6850 293 6299 2944 5445 1211 4749 1319 1806 936
16752 4033 3661 360 2701 1843 2042 1780 2535 2302 361 593 1728 3106 3646 5006
16753 297 6874 668 6978 1037 390 2794 4427
16754 24 4343 583 644 5748 31 970 2857
16755 747 899 858 2460 3518 731
16756 1240 749 1271 3803 694 979 154 5107 1557
16757 125 4604 4996 6319 6043 246 114 787 7 1757
16758 108 1396 6566 1036 9 539 439 1781 810 1390 210 155
16759 67 629 5310 2615 626 1069 2254
16760 1054 108 2258 131 3017
16761 948 96 1762 2414 4126 280 4184 4459 2913 4054 2825 1852 4466 5731
16762 5878 4476 2914 6488 4916 1779 1783
16763 3754 1312 1149 3004 339 499 2320
16764 276 6497 267 1443 4669 300 76 819 88 5121 2247 3416 3691 4723 1516 1484 6673 3675 6140
16765 462 5156 205 5128 2273 666 1354 2073 4180 4057
16766 5981 1711 638 5677 1456 3040
16767 764 164 3314 1036 149 3042 1165 4774
16768 328 323 2343 85 431 5488 1018 170 1286
16769 5325 114 3614 4953 712 292 967 2211 1773 6641 5028 1467
16770 541 593 81 43 2561 2075 5118
16771 170 3609 1049 944 2530
16772 482 316 155 1690 1149 1031
16773 2573 5734 2285 60 171 1433 927 742
16774 4529 98 1333 2784 419 1495
16775 790 3357 89 1484 1727 6669 3035 4669 3111 1329
16776 179 729 2059 860 3828 809 161
16777 76 2572 4619 1326 4147
16778 254 4246 2993 3992 451
16779 254 1199 6885 4362 1783 381 2125 35 1558 1008 257
16780 1891 1976 2858 3188 836 3611
16781 1049 1526 2303 3325 1859 5653 2078
16782 763 666 2847 3924 5079
16783 809 612 2020 2357 401
16784 2136 143 3243 2914 6651
16785 2705 331 681 949 2146
16786 542 1077 1184 491 604 1429 609 1430
16787 3501 2772 2406 3605 1477 1790 154 5186
16788 271 1526 6972 6065 129
16789 2460 1844 2013 6875 764 677 3243 131 5608 1601 897
16790 2794 128 1803 469 2479 3525 4124
16791 4874 765 2286 3728 222 853 6558
16792 4381 221 3403 1285 764 5929 3017
16793 1760 3540 3655 5532 5603 1192 4420 53 749
16794 1891 6982 666 576 3882
16795 6454 1402 114 720 1149 1199 152 1610 4343 173 174 555 7
16796 636 1610 3042 6932 6411
16797 858 266 3166 81 4476 1978 4132 280 4063 525 4103 2419 2887
16798 229 840 233 179 1598 264
16799 2315 2271 4740 2518 1566 3991 687 1943 1668 3203
16800 4522 1708 3597 718 6588
16801 1176 958 589 847 1782 452 492 909 1783 152 416 2851 156 3100 10
16802 151 1055 6620 26 816
16803 1755 4996 4395 575 1417 292 930 2140 2866
16804 36 3694 5056 3347 1699 321 89 1990
16805 2016 2717 3293 356 2227 3675 2739 4262 681 2459 5179 4944
16806 3020 562 519 151 3842 1831
16807 876 1930 1577 349 6886 2956 3313 1357 905 6648 1927
16808 1121 4449 473 6096 1551 2297 1882 1713 1647 5197 4000 657 1438
16809 2354 740 89 787 155 841 297 68
16810 3973 2350 5952 318 3238
16811 151 4588 3209 2039 4539 3625 4523
16812 81 2662 1072 5028 1468 1467 2967 1077 4458 2734 6675
16813 2762 4716 1806 2998 6668 584
16814 2987 5653 303 3803 817 1516 247 2631
16815 596 2285 2286 636 1390 3023 668
16816 1150 621 1893 232 1702 1966
16817 765 151 4174 1365 809
16818 3915 2069 3276 1783 430 2858
16819 636 4058 668 2071 1415 6857 2937 680 1255 5169 264
16820 2549 1113 991 1874 6109
16821 1863 2706 2662 179 6579
16822 3747 6649 775 6215 5672
16823 750 5384 506 1834 6730
16824 6544 46 1372 155 5268 42
16825 1639 6276 6194 4773 4111 814
16826 53 1048 3320 174 803
16827 5935 1598 3806 4247 1780
16828 2999 6896 2247 6394 1209
16829 77 1601 4147 3515 151 1494
16830 5969 1542 5330 2355 3545 5856 2343 89 1484 5546 1094
16831 2956 4274 1761 3957 1076
16832 453 617 117 5221 209 2326 3790 3972 3540 3097 1558 968 3449 3575
16833 991 4074 245 2744 1347 6398
16834 76 3549 1076 675 2283 2067 2712
16835 1446 221 5312 1268 3841 4285
16836 1169 4064 1149 4458 3611
16837 459 4335 4595 4396 1931 4425 4611
16838 599 3311 6852 2139 5996 860 725
16839 3655 1208 4714 2095 481 1185 1558
16840 297 5166 152 1293 1622 1254
16841 6915 687 3507 6400 1778
16842 35 4017 2009 3992 2766 3528
16843 221 537 701 1351 2871
16844 2337 4295 76 972 1229 1890 3767 3830 1553 989 2840 5179 6929 718 3720 2189 3679
16845 5921 373 3529 5823 4473 2139 2552 3255 1204
16846 3425 3684 244 4331 789
16847 5834 1081 1184 1277 2377 3647 1093 1907
16848 742 152 19 930 740 2557 174 836 873 439 4051
16849 840 3519 5609 317 5024
16850 687 434 3044 1352 1471
16851 1978 1439 987 675 2259 2174 108 3082 6924 473 2419 2461 668 991 977 117 2537 2614 1310 2015 66 5830 833
16852 946 3582 3681 2408 2409 3012 732 642 6538
16853 389 2683 1034 2013 3020
16854 432 6917 893 2569 104
16855 3065 4053 2497 1185 3133 4451 2422
16856 5812 2375 742 1404 4133 1536 4935
16857 5582 523 1406 303 2662 1841 1468 2967 789 2733 120 1079 1080 1081 1082 131 2594 2386
16858 6189 1358 3540 900 1926 6104 6775
16859 1073 247 1439 87 885
16860 2842 6394 876 930 2154 3073 1026 1154 2652
16861 2337 5311 628 1068 293
16862 5150 1272 1236 1229 1055 2295 507
16863 3965 817 1254 4918 2632 5556 837 2716 2693 1449 6366
16864 2746 5183 4772 4372 187 596 271 4637 636 3709 1730
16865 2533 3809 5462 3319 2194
16866 5252 1243 775 814 980 4079 535 3135 3003 1431 920
16867 2474 1390 593 617 1384 637 4882
16868 3960 596 4415 1298 2019 154 5160 276 627 3545 877 85 1711 2020 290 809
16869 863 2792 77 79 297 687 1935
16870 89 1975 5983 2146 1013
16871 1382 862 558 2313 1754
16872 5014 2706 363 840 3499 1867 234 826 3749 2000 991 6590 179 651 1892 2341 2548 1067 5386 1863 229 1787
16873 2091 3701 6143 1408 895 2646
16874 1841 1467 2972 3646 1090 1431 5007 4708
16875 621 3216 5139 2566 4953 4084 901
16876 3261 838 6824 1566 1004
16877 2074 738 288 2836 4894 1455 1112 2020 154
16878 1548 1836 1419 10 2140 3702 2067 4360 1426 1752
16879 179 575 2897 1857 3117
16880 67 1081 6682 1492 2812 4661 1906 1430 4600 2594 605 1065 1281 2781 3981
16881 1624 3550 991 992 1150 1590
16882 1786 2549 2036 3779 3150 1468 2764 2013 294 2075 1
16883 248 274 267 1868 5848 1883 89 2718
16884 2332 179 5507 5821 6613 1893
16885 363 4454 164 268 6794
16886 548 735 5693 3403 745 687 298 1503 2357 3842 1622
16887 1240 3188 4634 416 1433 5076
16888 3117 1767 714 3283 1741
16889 1149 3690 5898 881 3027 6015 1089 6392
16890 863 1149 4520 145 4134 5456
16891 229 1866 232 991 234
16892 1549 826 832 274 1041 749 2150 1761 96 268 152 169 53
16893 3465 1927 627 732 1293 300 108 356 1018 1013 1210
16894 3580 1496 5068 1620 5646 1394 6392
16895 1837 2421 5926 6360 4223
16896 576 1216 3527 114 1587 647
16897 817 68 5305 987 2569 1022 1631 1365 849
16898 4421 6966 1452 2013 3860 3508 634 823 578 4279 7 5564 855
16899 227 3684 6979 67 736 2239 3260 2620 3748 2762 276 2808 3978 3359 2292 5432 1318 275 4387 2592 3049 4012 491 4661 2594 1907 1095 1908 1096 608 6802
16900 4427 873 149 4343 4386
16901 2272 79 1202 1342 740 49 655 3728 788 146 3525 5003 627 1149 2886 1900 3512 174 2920
16902 114 1149 1551 1504 60 2108 587
16903 3361 186 813 961 1185
16904 2082 4510 152 1063 6124 4600 3668 1973
16905 16 1286 108 4909 3463 1927
16906 5153 6083 3961 1192 3304
16907 1987 1018 2588 642 2576 78 3789 2229 1795
16908 268 3267 6670 3911 4834 897
16909 2512 1034 268 881 1485 367 3058
16910 530 5468 1620 6727 3299
16911 1810 627 1951 753 254 3172 5291 5278 311 189 35 5296 3678 1189 2013 711 876 3438 2608 6793 1647 2715 1737 1013
16912 52 949 1696 5626 1553 2860 42 3578
16913 4511 1372 2136 948 5283 6904 2060 5551
16914 2784 5576 1055 1979 84
16915 4694 2755 1011 2468 4632 166 4133
16916 1273 1178 3630 2337 58 2715
16917 2767 312 1007 3604 1681 362 860 5351
16918 5637 2425 1149 3302 4943 6195 291 1741
16919 229 114 297 1056 2115 2793 298 1841
16920 1008 1998 2482 96 2454 636 1616 1932
16921 675 2992 2140 1451 1038 81 2590 6483 1434 220 3340 1620 3594 1577 4767 592 1508 5803 787
16922 2701 4417 3554 2532 685 6671
16923 2924 4996 67 987 1038 268 1930 2988 1662 4639 6211 832
16924 6937 2421 940 259 1498
16925 811 1316 2511 1764 966 5217 1994 1468
16926 3042 2073 6969 4147 155
16927 2588 1533 5363 834 852
16928 4055 1894 1757 1157 24
16929 629 787 548 1161 108 3841 1078
16930 540 2808 2657 4807 5028 4494 4896
16931 6994 245 6897 4826 2861
16932 945 4062 1628 259 1372 989 1071 6093 846 240 4717
16933 7014 3701 3642 3548 535 68
16934 621 5130 4190 1183 987 3975 1797
16935 1411 1757 406 2433 5649
16936 1241 6508 958 3933 3100 4850 817
16937 991 2096 3254 538 2193 2685
16938 3121 2512 948 1697 816 1122 4820 4657
16939 164 3933 5405 3395 1603
16940 749 1696 2076 1587 1008 3766 3960 257
16941 3499 1577 4783 466 2447 2877
16942 6933 1385 3677 6056 2607 713 1023
16943 2020 4125 186 1342 2092
16944 2605 4095 2426 6167 6402 281 989 1628 3519 4689 2505 1841 473 2662 5371 1005 248 629 1398 821 1342 2140 1137 169 1551 742 1146 5028 466 1665 1058 1467 1468 542 4255 6168 6281 137 4906 6823 4026 2595 3663 5433 1279
16945 263 1004 298 863 221 76 482 3960
16946 2400 5987 176 1910 590 259 2308 2482 1483 173 1023 1217 2937
16947 2702 1417 859 858 108 268
16948 1239 2163 6597 2740 773
16949 1847 1165 357 3373 34 466 900 2287 758 701 4740 2920
16950 2829 297 730 53 3811 4469
16951 2146 227 3190 356 1589 655 492 50 2590 4964 4154 288
16952 1000 872 670 1002 3123
16953 946 2588 2741 240 272 5175 4344 918 54 4920
16954 53 1576 3655 2017 5761 2327 4051
16955 1036 611 554 1046 6507 6118 3704 6946
16956 6292 276 1176 268 2618 2082 1246 3972 895 1008 1122 1040 2632
16957 1216 2937 5833 2742 2929
16958 1286 708 6567 473 5817 3029 68 3690 1729 4954 1676 1784 720 2315 721 454 4127 681 517 333 186 1716 4712 1351
16959 6049 3736 6149 1823 1305 10 957
16960 1025 2876 291 5851 2115 1432 2388 434 1237
16961 5231 268 1879 2901 2136
16962 763 1149 2273 271 4649 504 2075 348
16963 1138 100 149 1841 588 199
16964 4713 2496 1113 3633 6521
16965 2166 2023 2742 1503 809 666
16966 2017 267 227 687 5253 1711
16967 1995 331 2272 3689 152 3057 5138 1646 1711 2267 4619 1920 2337 1686 6353 5172 50 823 1556 1117 1347 297 77 1040 2657 2675 1630 1976 1531 146 3134 1100 420
16968 1696 34 1008 153 174 694 2125 97 2506 2519 4590 4439 152 6189 5276
16969 4093 3841 5881 2860 1013 2146 5356 962 701 3117
16970 267 671 440 3567 4053 7019
16971 1584 4833 5712 961 2610
16972 2273 6693 1223 6308 3936 2793 2740 2101 3545 3603 5397 2419 1499
16973 248 83 4140 108 4199 445 7 297
16974 557 1691 838 757 2076 1933
16975 1459 76 5216 6909 3635
16976 1788 6932 3367 852 655 2460 310 1365 3789 1577 1246 2576 3893 454 3912 276 1068 2943 410 3203 75 2140 6811 681 2889 5626 2067 2046 4630 4257 164 687 298 3314 126 2512 5929 930 6276 1484 3518 87 2863 2314 4793 813 931 3898 2057 2557 2393 3216 3151 517 4482 4351 2659 3636 5517 96 3894 1043 449 6418 816 6232 5665 154 2895 1925 2666 2894 4891 5818 3015 4496 7001 2423
16977 4442 1202 2956 1516 298
16978 704 2450 821 53 5159 2028 4326 6711 4175
16979 434 5296 5129 1040 1938
16980 651 271 4071 941 6373 3141
16981 2082 1554 2139 1817 5207 4107
16982 1832 2066 1076 565 487 1729 1022 786 3416 1433 617
16983 1468 1467 542 2075 3531 275 789 1763 120 1070 4063 4796 1081 220 4975 1279 4475 1065 1281 3221 1523 3086
16984 3293 3580 1265 242 4157 221 1137
16985 440 1040 1202 2729 4202
16986 1764 19 1202 1298 3658 767 3770
16987 1667 627 5785 3411 6986 1321 1456 6714 6120 6803 3875
16988 547 463 687 557 6237 10 5347 6780 1022
16989 230 1072 7006 2533 5334 3806 3553 1893 4728 2331
16990 268 1398 2951 2577 108 173 1711 1976 3125
16991 3498 6459 2182 1835 5714 4706 4892 6241 5351 3859 2153 2088 5109 6763 3218 2395 2399 4485 6068 5034 446 6148 1254 6167 4514 1410 3564 1998 834 5769 5124 6164 2168 3829 360 540 1372 3446 5913 522 5295 2699 3320 4088 4383 827 57 6523 357 1483 2121 5306 6927 2042 2238 915 6963 2987 276 2937 242 1761 53 4651 390 3628 5323 6291 1124 4910 1432 3978 4201 5787 2684 6846 4902 4127 5907 4692 910 364 3553 76 4535 1196 6036 4882 3314
16992 2611 2454 1153 681 332 5417 1444
16993 1870 1471 171 1438 138
16994 6373 150 3032 1239 2093
16995 1113 6158 1298 1041 2892 3706
16996 1271 1185 816 154 1009 5376 1347 1036 291 2989
16997 3371 2061 1365 1315 871 1475
16998 6802 6663 4281 3086 1284
16999 3010 1194 3651 267 1164
17000 2125 720 1626 155 257 1843 1008 137
17001 1788 437 420 3957 957 5857 2041 3878 484 257
17002 1208 3162 1048 316 104
17003 6628 5942 1152 1484 4407 2498 2155
17004 1891 816 670 7 6700 6722
17005 367 4094 5108 583 1631
17006 5378 223 5688 1295 4860
17007 763 651 621 1205 1347 2297 5684 89 2721
17008 1113 841 2140 70 4491
17009 5298 3936 4546 562 817
17010 1949 1402 1398 666 1344 1637 6953
17011 2283 1650 1026 1610 2285 3849 1189
17012 5542 1761 1053 19 4683 1881 3589 3616
17013 268 68 7 948 1169 1434
17014 708 3509 470 4682 6056 2603
17015 3826 3073 972 2531 2632 2718 4882 3949 2608 5077
17016 2420 353 617 1976 555 2989
17017 6445 1966 146 4180 1718
17018 6069 2978 3183 3923 810
17019 3261 480 331 152 6036 4762 1153 6140 87 4045 905 563 2424 174 6176 4612 1198 1412
17020 991 5363 3988 681 2128 1438 5578 428
17021 1951 353 2573 2040 430
17022 156 1388 909 6336 6784
17023 6089 3294 2381 3182 2860
17024 1402 5887 297 1006 6587
17025 729 271 749 128 2244 1763 705 794
17026 2784 1414 1979 3276 617
17027 3907 5143 4752 893 4179
17028 1415 1638 5934 1362 2575 2659 1410 1176 558 1137 119 1845 2417 739 1149 1365 833 1331 3231 171 5705 781 1775 3647 2890
17029 749 245 1631 508 1086
17030 4540 6776 2272 2082 5622
17031 3347 5536 681 1484 997 1912 5333 152 2860
17032 319 3290 1699 1572 2508 3912 3549 3752 5176 817 1761 1443 2636 3694
17033 24 3572 629 3331 1366 831
17034 1249 2829 2385 2809 1149 930
17035 2717 2512 2530 297 1372 617 4112 4713 1212
17036 5566 959 1100 1495 1749 4879 2147 3245 2656 1008 155 4590 5159 3882
17037 1122 6561 826 1743 4630 6351
17038 2421 6204 2588 3383 668 2901 747 1839 3541
17039 3973 6484 2156 4166 390 2067 1071 891 5216
17040 1177 276 1427 242 3565 2387 655 171
17041 3546 3090 61 1022 5748 155 855 1932
17042 484 1113 1761 3780 3114
17043 297 769 81 2279 1510 4196
17044 309 319 10 2384 6076
17045 6361 480 770 336 1686 276
17046 979 264 4283 1396 3133
17047 4210 2190 621 3225 4025
17048 621 229 4417 2533 4995
17049 2148 1417 842 303 1516 108 4023 655 5036 1982 816 1137 1405 2075 4089 416
17050 246 6515 6999 3515 2460 2956 949 637 5046 3764 3518 1974 4662 256
17051 5410 1416 356 250 2573 114 2897 4637
17052 1640 3255 5068 4002 4241 5371 672 2289 3736 5367 1265
17053 5370 1639 840 2654 2331 229 1780
17054 4335 2467 1273 5021 2409
17055 5758 2142 1730 958 622 1013 1379 152 718
17056 69 473 5748 661 2366 1847 5659 6871
17057 6806 6511 3194 3707 352 1836 1436 909
17058 114 297 1026 583 2576
17059 2737 1069 7020 6439 895
17060 4019 5025 492 55 672 441
17061 2263 1271 5475 5155 3560
17062 2995 1719 268 4640 2491 102 3219
17063 3392 2048 36 771 1876 701
17064 3042 2436 2110 4053 937
17065 581 2929 3830 694 1163 3276
17066 10 3841 3091 4632 2220
17067 2156 655 950 5955 65 5940 4797 288
17068 1239 336 1727 5629 1192
17069 1234 1703 701 1535 2632 6504 2483 135 4188
17070 4103 3651 6734 1325 779 292 298 357 511 2156 590 4116 1224
17071 3974 523 5627 2620 6337 1406 1071 556 1468 1467 4089 2969 4388 417 1081 131 1277 5007 1523 3086 6253 1279
17072 1464 432 2661 6888 1462
17073 1055 143 857 2204 2871 6411 4628
17074 834 2618 1156 2648 72 4129
17075 3680 548 4703 4282 1013
17076 6270 3492 1852 930 2357 713 76 2187 3478
17077 4865 97 80 3873 761 1540 2909 5670
17078 6342 4792 836 5692 694
17079 2715 7022 4192 1390 6041 1017 5860 3955
17080 739 4685 2220 745 4094 783 166 1011 4192 5035 1504 1595 818 1292 2585 2860 1455 1026 1215 553
17081 1202 226 2405 2687 3830
17082 1113 52 788 155 1603 617 1433 1854 1932 2242
17083 2187 6224 3744 666 1053 859
17084 1054 476 558 821 1417 2212 1055 905 4837 6989
17085 1696 687 972 189 477 5692 299 6513 1555 146 836 1071 4766 24
17086 4669 76 337 870 1729 3111 119 793
17087 1006 3450 4240 4918 315
17088 732 5421 941 45 509 2219 461
17089 1013 274 1697 4093 5289
17090 1587 826 3992 336 2408
17091 2657 1298 174 267 36
17092 5357 4721 877 1727 569
17093 1387 1799 788 5718 4097
17094 108 53 5614 3434 6807 3263 3524 583 416
17095 186 336 5207 873 260 2356 1329 571 339
17096 1137 930 1241 357 836 146 3566 5206
17097 621 1485 2097 476 522
17098 6965 1432 1372 5118 832
17099 5721 588 5967 336 297 5714 357 266 737
17100 3661 1605 1202 1408 1564 4273 3737 1020 416
17101 1165 861 3548 638 4871
17102 3193 2505 2981 721 143 42 834 49 647 873 331 1631 2519 919 2337
17103 1047 147 4254 3824 6300 2419 787
17104 152 1962 2851 961 5269
17105 2583 3190 76 1412 332 223 3072 1811
17106 1291 1603 836 1922 4192 4198
17107 3003 3080 1149 636 297 590 2176 4824 831 1479
17108 612 2772 4039 4774 153 1273 2156
17109 7 4372 837 2490 969
17110 2897 151 1368 153 451 2723
17111 2211 5407 4914 5990 1235 171 1591
17112 179 2482 311 1165 5166 1037 5242 663 435 1610 3951 723 6519 356 655 6505 1668 6106 2020 315 148
17113 6490 1562 1564 5196 5733 3737
17114 2657 2670 2892 855 3389
17115 749 5969 5636 3213 4813 852 1753 1783 3883
17116 4063 1978 303 1926 4572 1510
17117 6860 1183 3046 3087 3962 511 2171 2011 724 35 5638 248 67 331 297 1055 1704 6552 6773 369 2928 4168 1939 687 2484 1474 3164 2937 4065 1970 1149 6363 3186 2386 3106 6043 5576 3289 1484 221 1402 758 1709 319 1008 871 368 4594 1353 1973 171 4051 3796 628 526 1425 4188 120 1541 3646 18 1277 5596 2437 2812 1279 5339 3050 3649 2837
17118 946 1844 3564 1038 3662 1050 2172 2836 541 4002 68 53 1123 1491 5547 809 4111 156 1187
17119 5019 473 5661 2287 1113 6321 512 4378 246 4701 617 5740 1455 2964 1456 2632 336 2829 824 457 1334
17120 1147 642 4063 5723 1841 53 1510 1933 1610
17121 1068 2165 1889 1443 793 3039 6664
17122 596 298 149 1200 314 1246
17123 499 2744 816 3232 1680
17124 1347 1535 3397 1365 3988 610
17125 2282 476 744 2083 2141 473 1365 245 836 2154 2630 4316 773 4112 276
17126 3203 2792 174 399 3635
17127 1719 4394 2835 5919 2741 4824 138
17128 2614 3568 1255 1684 6143 4860 701
17129 4892 6271 2686 6565 2087 10 1046 6681 1020
17130 4741 763 4131 2632 486
17131 2794 158 1358 2076 160 583 687 576 5733 6028
17132 186 2646 1459 3681 4557
17133 1200 1287 89 1444 4507 793 2713 156 4978
17134 3746 1334 5880 6704 4035 5329
17135 264 695 3744 22 3092 298 3415
17136 149 6671 1874 698 360 179 264 2194 1577 3007
17137 2782 5880 304 5122 1361 4780 6569 36
17138 1844 223 2143 6751 3210 4407 1365 2962 1415 753 3188 19 119 1750 2666
17139 523 6857 3138 269 5915 2577 370 1741 409 6443 6718 4226 948 5052
17140 2960 757 1237 253 1435
17141 1476 4297 989 6116 1616 1181 280 2608 799 912 276 1074 1646 76 4699 457
17142 390 2669 3524 2622 1900 6050
17143 991 6584 2863 1691 2721
17144 1048 476 179 4642 1404 2263 264 172 2668 367 152
17145 309 6723 810 481 3204 1023 1793
17146 3988 1055 1483 1696 2114
17147 556 361 1867 6613 4418 1624
17148 5385 5610 1428 619 4414 3955 1498
17149 2200 6036 1720 2205 6608 4963 6163
17150 5582 5877 297 449 221 3177 336 666 271 1536
17151 53 624 1071 2451 454 2190 4775 777 1531 4641 2011 1783 1379 3288 1241 1215 1989 148 2878 1459 824 1885 3467 592 2164 4228 6379 1270 1453
17152 359 331 4362 1372 152 4065 1566 631
17153 689 158 3187 1485 811 3863 271 4499 6435 2262 514 3375 3305 2009 674 2771 4514 3972 4781 24 3357 5300 1684 2731 1032
17154 349 53 3670 248 68 4309
17155 66 108 1510 696 1686 2073 169 576 2569 5829 214 617
17156 1841 2367 1147 3332 2794
17157 7 6700 208 3635 5272
17158 3550 1224 2332 1872 1014
17159 612 1271 6514 1326 3706 6452
17160 2586 516 1185 4546 4517 860 1516 798 1979
17161 1680 5268 153 5346 34 4614 649 5857 663 20 836 2920 3198
17162 6750 2480 53 5514 645
17163 4209 1516 949 52 2588 1008 4498
17164 4241 740 968 5584 4634
17165 666 6527 1347 235 108 655 2670 5340
17166 3007 156 2070 654 134 836
17167 6488 3962 1170 1614 2928 2367
17168 5475 1 826 3957 1185 87 563
17169 35 2191 1265 3397 3463 3950 1641 3928
17170 4655 3492 224 332 5969 245 89 4761
17171 2706 556 365 2332 230
17172 749 2343 948 323 24
17173 85 317 170 5010 27 6468
17174 309 2195 4171 1485 583 1795
17175 5852 3107 63 9 2369 35
17176 5321 10 3111 4058 76 3281 297
17177 946 3425 6941 5138 2044 4203
17178 1447 742 79 2067 4150 426
17179 151 547 463 593 1510 600 5971 81 836 2771 3635
17180 1555 778 575 1781 1943 6754
17181 80 536 1271 5619 156 2675 1783 78
17182 760 127 5637 798 3203 1989 1432 2978 1711 1727 3912 2713 1557 739 1287 3720 336 88 2245 2693
17183 1471 4765 2105 5153 593 6926
17184 248 858 476 2661 997 154 1729 5340 1298 2738 354 131 720
17185 3342 465 2943 3872 3295 6797
17186 1787 2796 4081 2086 2082 153 3193 307
17187 1379 2164 2748 80 554 3368 430
17188 53 6406 3531 3077 1689 3177 2482
17189 2523 1240 4672 732 2467 2685
17190 42 2552 2079 705 3923 3069
17191 5222 5093 2125 5918 2829
17192 2784 722 1271 816 3092 1046 909
17193 245 693 6145 2805 6733 659
17194 6261 4247 4032 229 3553 4248 234
17195 6552 5980 2647 2350 1057 655 3058 1977
17196 2215 1286 7019 139 4117
17197 87 6674 5468 788 3193 843 4102
17198 248 4127 5436 2934 2177
17199 752 3409 625 309 1177 803
17200 6276 102 76 2364 420 1415 2249 4839 589
17201 4592 5074 1927 13 852 1334
17202 525 6650 2033 4670 5541 1759 2023
17203 1202 254 6793 275 6777
17204 5766 67 546 2022 536 1055 1041 163 3028 3566 3520
17205 1841 1316 430 2858 3069
17206 68 987 876 2140 5913 2442 1644
17207 248 3517 3790 1471 2622
17208 670 5153 5457 4352 842 5419
17209 3293 6816 2046 6427 3527 511
17210 2044 34 4755 6854 4113 872 2325
17211 1388 3204 642 5395 1891 187 192 2912 5516 4535 7
17212 3753 6887 80 1067 217 289
17213 665 2657 84 3484 1495 739 4774 4200 2720 6310
17214 1998 448 6445 5421 3057 5432
17215 1298 775 5196 3093 2598 5445 2272
17216 732 821 1246 809 4436 3286 5024 110 5569
17217 2620 4388 309 3646 1094
17218 1019 1020 1183 5530 780 1184 6681
17219 712 311 331 297 476 1199 5556
17220 989 179 406 152 3161 1435 1265 838 2557
17221 834 655 1227 1816 2411 1202 930 5842 6023 810 1119 94
17222 194 152 2908 189 37 4500
17223 5901 2890 723 1975 186
17224 1719 1844 1229 1890 896 6190
17225 1757 749 402 2612 2165 912
17226 1417 3961 2165 307 2883
17227 590 5234 1165 476 4927 4631
17228 555 6224 3071 1378 4980 1640 3882 5243 4525 711 4735 24 5133
17229 464 5220 5896 1008 1474 2935
17230 941 2200 1613 3163 1976 632
17231 4379 1050 2235 4295 3669
17232 1040 4820 315 6117 6972 1449
17233 3606 6384 144 1350 490
17234 847 6433 1920 6072 1510 3597 6098 432 85 1845 1729
17235 356 1372 2574 479 2811
17236 234 6671 6455 946 6085 987
17237 4808 366 2365 1266 2775 4490
17238 53 280 836 917 515 809 1067 3198
17239 2239 1511 6995 35 1274 37 1998 5293 2299
17240 1416 21 391 1530 401 138 910 45 652 440 841 22 1438 3326 416
17241 186 797 4230 2847 1831 2693 2242
17242 1575 1286 1040 28 600 35 4157
17243 3507 3501 2037 2775 3188
17244 821 1131 989 5774 5596 553 1560
17245 742 753 1841 10 814 16 1508 1371 3601 275
17246 2127 895 926 4650 1134
17247 179 1485 266 476 2611 4890
17248 155 6777 1841 7 5332
17249 43 742 6684 2979 6535 216 3767
17250 4063 140 6484 1328 1692 1001 21 437 961 5938 5971
17251 2145 3618 1726 4184 5019 1943
17252 331 1507 1628 4533 24 258
17253 114 1006 5476 3476 763 1966 712
17254 2905 4843 3694 5689 258 1069
17255 151 2987 4078 149 1149 85 87
17256 1119 1841 895 3357 905
17257 5146 2017 2684 639 6623 3371 2803 2890 1629 2045 986 721 617 2525 4894 5221
17258 2927 3186 1278 491 604
17259 5287 3961 1271 1239 1634 6679 3117
17260 1202 4411 836 3130 8
17261 6925 1097 1098 3981 5805
17262 179 264 5092 4926 2909 1851
17263 1390 1515 3110 1177 3185 768 1453
17264 409 2454 1729 68 584 615 1610 1498
17265 5690 5369 4288 4489 114
17266 297 6246 4699 6980 2076 1215 62 1198
17267 5245 617 2156 6119 2403 5424 6685 1165 297 6260 469
17268 57 1141 3117 356 156
17269 2678 4499 1829 5576 1843 2677 4047
17270 2346 523 4705 925 5627 2927 1841 6626 1536 2437
17271 4669 1699 1484 224 114
17272 1728 630 497 5142 1474 2253
17273 69 492 2013 254 5147 1190 5940 1918 3926 5985
17274 3015 6466 1590 618 1558 1620 1178 4555 1348 876
17275 96 2109 3274 3504 246 1116
17276 76 655 810 694 4986
17277 2148 5664 79 3094 419 5024 2657 1343 905 655 2656
17278 3530 4664 6273 5977 1190 2333 3313 3339 1951 2092
17279 3238 966 58 568 1415 223 1805
17280 530 2259 6304 81 2466 2784 2174
17281 3515 1670 2928 5148 2165 40 2074 682
17282 336 711 2117 6725 2779
17283 264 246 297 629 4665 7
17284 4953 2897 1844 3592 5702 3593 4196 5199 6991 2417 3594 5175 2466 6562 2062 5526 6764 6687 6408
17285 1629 6928 3075 2427 3440
17286 4041 1785 69 54 1922 1021
17287 941 114 811 2096 1357 3196 353 4050 2055
17288 146 834 740 174 1340
17289 721 1927 3764 3449 37
17290 1036 73 562 3510 153 2335 451 4115 3916
17291 142 1729 3537 5892 802 2326 1627 1483 1229 76
17292 5754 5446 1824 5818 1633
17293 1624 1739 6686 4032 114 232 3185 1447 1623 1150 1372 3359 4386 438 601 4875 309 1276 1184 18 1094 4661 1091 4151 1429 5053 1065 1093 1907 3664 609 4780 1099
17294 3504 271 435 522 85 3193 859
17295 186 1498 1767 970 382
17296 2308 2486 3283 2510 5884
17297 982 5302 3147 5325 164 1116 924 1788 1511 1145 1781 810
17298 2632 2848 672 89 6648 2754 568 945 565 1443
17299 1639 158 948 1352 1386 221 4023 816 583 3445 3410
17300 1890 790 7025 4308 5093 3039 1444 5076 2861 257 2878
17301 1801 814 6373 151 4008 76
17302 3563 6952 948 366 2900 2842 4061
17303 1572 5316 2551 276 1404 3347
17304 2022 2916 959 1287 1925
17305 4996 5187 720 622 1708 4731 916 481 3255 74 2575 156 1432 1508 577 4661 2629 3759
17306 1347 367 2082 1554 476 1199 2003 624 3713 644 5778
17307 1040 3504 1149 631 4818 3615
17308 2533 2724 1426 2475 6337 1425
17309 5476 5485 6460 1930 5393 2914 76 3725 2297 5280
17310 964 1069 1537 2670 108 1334
17311 150 311 5899 4363 169 3681 1392
17312 1410 6828 6705 460 997 2881
17313 443 5662 4577 4422 5102
17314 359 183 464 2253 3510 2200 2165 1783 4422 1149 535 6361 2631 4857 677 1953 2770 3612 2738 980 801 873 439 1480
17315 2557 4750 239 4192 693 482 4790 5859 1632
17316 3657 2411 1379 3643 3687 290
17317 587 4531 280 5791 3049 4123
17318 1037 2314 1297 655 24
17319 3754 1038 4714 747 1666 5663 511 78 1 4755
17320 2055 1138 1604 81 2462 2694 174 3255 6138 5219 2087 1113 1459 3757 1062 353
17321 1240 6997 6707 905 3390
17322 1005 331 744 1055 4206 841 740 3293 3218 2808 930 876 4474 2739 1841 453 888 3654 1425 139 491 2812 3086
17323 442 1696 657 873 447 4180
17324 1035 6364 4086 106 378 166 4555
17325 5778 26 842 3323 1537
17326 241 297 1696 2272 3674 3001
17327 4031 3011 170 1018 280
17328 650 1870 4100 2259 2988 6046 1044 5691
17329 860 4806 836 152 862 687
17330 2620 5431 3218 1072 1425
17331 948 3007 1040 144 2215 155 968 1646
17332 2706 149 360 1542 991 2408
17333 297 523 5946 5527 1582
17334 3362 3045 2096 4672 2476
17335 274 53 2806 2805 542
17336 297 1555 6675 336 259
17337 1829 991 1056 4381 183
17338 3509 597 5282 3283 141 3093 7022 817 1398 2110 814 1255 408 2288 2319
17339 1026 4089 910 958 817 1974 2386 824 1783 6090 6664
17340 229 2706 3377 698 1029
17341 1876 3032 933 2500 5974 1973 5573 1255
17342 2709 3319 3917 4760 972 1857 590
17343 762 2329 1427 2484 889 5484 6574
17344 1639 834 5682 6293 4731 3891 930 1807
17345 2354 2657 1756 816 3714
17346 816 1070 6153 6742 846
17347 2299 632 4821 6955 1 2537
17348 68 617 5975 354 171 2191 1631
17349 4664 1870 1734 1002 3123 3122 2404
17350 1729 80 4162 1630 7
17351 529 6466 171 3038 4194 2971 3925 5136 4675 176 6098
17352 5403 1117 5474 3577 4389 1060 1469 4717 587 4429 2734 1082 139 1090 18 4975 1184 491 4026 5339 4898 6603 3532
17353 73 645 5694 5325 2013
17354 67 636 1779 4824 6655
17355 34 892 763 5999 631 2047
17356 2332 1029 1867 4728 1780 5408
17357 5854 1566 6025 1227 2373 1003 2864 691 1697 920 2262
17358 540 905 390 1847 492 5653
17359 1879 192 5116 576 6668
17360 4189 5255 1729 1710 816
17361 692 106 3779 1434 2079 4419 1229 116
17362 432 482 2084 1314 5809 5646 4324
17363 1392 5897 3017 2909 629 652 334 4093 2585
17364 958 1726 2325 836 2861 4513 4234 3495 334 37 1062
17365 662 127 143 2928 5148 644 5278 4285 1962 3151
17366 519 826 930 2082 4076 5329
17367 6000 4309 1411 1287 174 832 5728 1200 5853 1922
17368 3369 248 96 1345 574 1781 1104 4073 1468 720 1998 2739 5893 4745 416 5684 1930 3776 1912 1727 973 290 587 1498 3189 1323
17369 150 3616 6846 1772 4484 3088 2960 5697
17370 1542 150 997 4427 1365
17371 621 367 3509 1986 331 464 1137 153 3151 146
17372 2384 565 406 3279 6385
17373 331 1176 151 152 877 3279 1912 81 51
17374 152 2229 1319 7 5342
17375 455 192 1778 3310 1476
17376 1371 5164 1410 4953 3621 2988 4768 81 2989 5940 601 137 4522 1083 1192 152 1771 861 1851 649 3461 652 2215 153 5579 660 2741 5255 4279 189 574 4216 3707 718 4369 32 1632
17377 3480 1443 192 3868 576
17378 2235 2133 359 1603 5144 2630 1641 1427 2411 2156 5147
17379 1415 1037 680 1888 3114 3718 1527 3283
17380 410 5614 56 5518 2030
17381 311 317 322 4127 4657 1219 137 5578
17382 4112 1456 3943 2299 1622
17383 2001 229 186 1029 474 840 5386 1868
17384 297 6630 592 73 1286 6214 14 1398
17385 1076 2054 6221 5457 24 556 1374
17386 5073 2512 540 2084 5533 247 668 1149 14 4619 1068
17387 1260 1711 153 117 61
17388 363 3620 149 5462 3185 621 6455 3011 2332 3319
17389 76 332 342 4903 5331
17390 68 1287 1049 1985 1326 375 2995 6023 1727 1271 3263 5228 2779 1547
17391 6614 1954 1544 1716 4
17392 532 961 5296 1880 5721 3206 445 336 576 2613 24 2978 3019 356 1582 2955 968
17393 1762 4410 811 3516 847 1716 4448 4295 1624 1764
17394 6003 98 2074 832 3390
17395 814 2140 268 4837 1236 5847 1629
17396 1392 1313 930 2193 7023 5222 2287 1504 1123 2680 6119
17397 749 5928 5817 5954 1237
17398 1862 2358 3153 3749 2359
17399 593 652 3420 5792 1533 4699 1660
17400 480 4405 65 2040 4060 2069 753 128 10 3133 880 2038 211
17401 4651 6996 697 523 2967 2972 2437
17402 1069 3795 1831 826 5352 3442 1078
17403 2530 4131 406 593 126 2786 297 7023 2405 1514 6130 4986 4711
17404 1192 3100 297 709 1178 980 909 7024 6561 1509
17405 359 1271 146 3777 3293
17406 6215 3180 100 2357 6607
17407 811 6077 1241 655 1048 1749 1246 4311 32 675
17408 2102 2314 4743 89 4340 24 294
17409 695 753 1315 900 439 4926 4192
17410 1417 1486 4769 275 2861 257
17411 1516 2076 655 307 3515 4737
17412 1754 4034 5164 5117 1208 4713 85
17413 2212 2762 2900 3191 550 43 1388 4906
17414 2662 1054 268 3320 2043 2037 2876 2826 4261
17415 6872 2145 2986 80 5065 670 4737
17416 328 6364 2770 1600 2530
17417 1334 547 3504 476 5980 1510
17418 877 1484 1503 1603 4385
17419 1997 1071 574 1754 836
17420 2666 5517 871 637 2446
17421 6480 4804 1067 152 7016 3587 96
17422 1948 1237 449 4520 104
17423 108 5581 2943 4197 2202 3224 2884
17424 1149 2191 1352 2482 36 4517 276 2308 248 1603 476 267 687 152 2956 821 349 1516 740 1577 3441 1711 81 768 1372 2357 6577
17425 365 150 821 808 6626 1069 1605
17426 3829 1645 596 1711 479 2572 1630 1564
17427 621 827 1392 743 476 268 3922 806
17428 474 651 57 841 744 3851 112 2843
17429 5754 3258 5661 1040 1584 1711 2287 1769 664 1622 2087 4228
17430 2235 4063 3967 6780 297 811 841 53
17431 2290 729 723 3425 1949 1761
17432 621 2717 234 1392 588
17433 6045 316 1432 2086 1365 1923
17434 3943 4335 2993 2676 1852 575 1503 930 740 1304 1315 172 5755
17435 6772 742 1949 1170 841 143 1045 2393 554 6894 6072 3985 410 2889
17436 626 1039 5307 170 2116
17437 356 3919 2746 889 4103 1104 796 3384
17438 5901 5296 1026 1969 3690 3172 2878
17439 1318 2308 950 288 65 1556 480 2427 1165 249
17440 1183 76 343 989 3537 435 1425 1595 3322 35 1727
17441 6587 5761 4443 3391 1639 1741
17442 1468 5607 4152 1789 2918 4878 54
17443 300 3251 6084 735 2580
17444 3340 4155 2790 3732 5689 1714 3752 3642
17445 462 576 5096 1569 6593 2344 6429 909 4555
17446 2795 153 10 2457 5457 837
17447 3819 5759 710 6503 6120 2581 2 4084
17448 3974 108 6447 34 1358 3243
17449 832 416 5289 1763 3272
17450 3512 6136 5921 2876 6325 1149 1068 326 2313 2262 6486 169 1237 805
17451 164 199 811 4608 271 87
17452 19 3324 1566 2086 3839 6785 807 1026 4245
17453 164 1868 353 5469 5108 5016 1167
17454 114 763 677 4396 636 805 1384
17455 360 2533 5370 1847 2828
17456 77 772 5573 972 711 2715 2878
17457 2676 1486 596 1149 895 4304 50
17458 5220 1200 324 1415 6923 3722 1403 3819 2473 871
17459 5856 2075 833 535 554 2116 401 1067 1202 959 2286
17460 2518 7007 2538 6375 3355
17461 3327 5689 5400 449 4586 2090 3322 753 392 80 6005 962
17462 1296 869 651 2756 1396 1123 309 172
17463 1704 152 663 86 6880 6570
17464 731 4075 1347 156 2664
17465 987 811 2414 2214 2588 3540 930 7023 2622 453
17466 2931 1807 1149 2081 6568 5666 1775
17467 2061 156 3999 6687 1516 573
17468 246 4200 3797 4253 2608 1616 1181
17469 309 4573 2756 352 5335 298 2502
17470 1603 1503 3728 6742 236 154 139
17471 2786 108 1614 959 1364 1604 1687 2598 2892 3390 6637
17472 293 148 3067 4943 4270
17473 4239 1696 1298 357 672 2326 874 961
17474 1305 4955 2507 473 2089
17475 1728 4987 2251 296 5042 5294
17476 575 4112 1651 5764 470 714 5850 1920 1071 1008 655 2892 4024 758 6575 1625 1053 876 141 1342 2172 2841 5470 4862 6953
17477 4664 826 1788 108 7
17478 529 165 720 4104 1567
17479 2646 440 154 3569 5123
17480 2928 2808 372 370 2054 2436 492 4089 1467 1275 3084 1144 2732 4387 1903 5133 1498 1425 4796 1570 139 605 2595 1099
17481 5273 1202 3311 4284 839 1175 408 3757
17482 487 2460 3518 13 970 1312 52 2057 3797 416
17483 928 3210 1719 20 349 540
17484 79 4302 1743 1587 720 36 3640 1684 349
17485 222 174 540 655 1680 357 3123 30 2889 5559 1013 3632
17486 274 53 1838 1192 816
17487 367 3947 52 69 2009 3519 454 980
17488 3283 731 3044 3996 794
17489 5903 724 511 4263 6882
17490 6672 1251 4655 2897 2096 2795 635 1008 5688
17491 3163 2163 1427 4454 859 1202 6194
17492 1558 4832 293 1922 4618 2014
17493 3079 5222 3825 2913 1381 6453 6617 1558 4665 331 298
17494 1781 1554 1777 1587 215 2090
17495 2505 448 1462 2128 4211 6173 432 2084 1454 1763 1295 5042 2147 1626 2041
17496 2491 739 1639 1980 3586 2215
17497 930 1456 2019 1257 447 3631 4202 816
17498 268 473 3216 3574 456
17499 2672 3172 6028 5733 3725
17500 3281 1571 2998 2386 1589 1660 1631 5949 152 5466 4111
17501 2629 3301 307 593 807 2044 5532 2083 5908 2422 4415 2756 2375 1767 1117 1297 806 1741 6483
17502 1202 1271 3270 5113 4520
17503 1731 805 814 430 4017 457
17504 108 6969 770 253 2841
17505 5198 891 889 4699 282
17506 1113 829 3105 4618 257
17507 2044 3165 331 687 1243 155 44
17508 492 1398 40 2776 5719 2590 3287 1581 655 1637
17509 1054 5480 788 1402 4009 809 3141
17510 627 909 132 1691 641 143 2841 1783 156 1924
17511 3160 1038 3246 2590 1973
17512 6283 5899 2194 6086 2583
17513 81 2967 1467 2075 4389 4387 1086 4661 2377 6782 605 606 3051 1284 1099
17514 1587 5143 1305 356 562 1271
17515 367 1137 744 4126 574 3355
17516 3504 1347 5483 152 5697
17517 438 1575 274 127 2033 6231 960 3391 593 1549 1315 3524 1566
17518 631 540 3151 6093 1763
17519 574 2399 6167 241 3898 100
17520 5521 2462 937 2501 3940 2433 2873 5998 957 4661
17521 461 2311 5466 5824 2947
17522 798 5900 2757 2774 5532 10 1204 5023 1802 5939 1672 1035 4921 423 4469 917 590 4399 1421 5226 691 417
17523 331 1359 6493 221 1398 307 1494 2008
17524 2632 410 563 6675 927 2283 5825
17525 764 1829 390 1998 3042 1149
17526 367 3227 1699 6667 268 1459
17527 1192 297 392 156 4488 367 930 4436 3287
17528 1697 1071 2075 4399 2669
17529 1067 2460 1202 108 10 473
17530 3496 6211 2757 691 6624 1398 2430 701 1008 636 2092 3779 912 315 4038
17531 89 4063 1153 6371 889 1716
17532 228 1224 245 2332 4425
17533 149 4769 1625 2692 2357
17534 1029 68 1827 81 2279 1075 897 24 803 1354
17535 1078 6531 636 2841 1203
17536 311 20 128 1008 4003 305 2023 7018 3382 1146 379 3758 2720 1387
17537 1780 266 2409 298 3321
17538 720 2624 1587 1202 5494
17539 1511 1814 4225 3032 3767
17540 4953 1658 471 1040 2012 2987
17541 811 5168 3515 4343 1329
17542 420 3444 4709 556 3555 5522 1035 988 6577 773 4965 3365 1767
17543 515 1651 153 836 1783
17544 6624 826 2393 1327 1022 2069
17545 757 1170 2949 4053 3139 4127 187 2406
17546 6449 1982 5665 5438 2979 1418 5659 910 45 693 1769 19 27 788 2920 1273 4702 916 359 1691 484 172
17547 66 1296 4526 1347 248 108 2555 4567 619 479 536
17548 81 297 298 2523 152 3898 740 1929 4920
17549 1329 1614 4199 3923 2472 52
17550 621 2202 476 1137 2438 1634 1255 151 612 465
17551 2187 3972 2846 2851 246 1790
17552 3851 1153 10 1287 4107
17553 3136 5404 89 5035 1111 2962 1699
17554 588 4999 4476 150 1545
17555 2550 2794 1839 163 1508
17556 2632 4198 5307 254 6204 918 1783 1050 3214 3798
17557 6035 3623 2375 5959 4155 4603 1149 5263 1359
17558 4222 744 6051 34 151 6858 1504 2987
17559 237 319 3057 318 5459 1698
17560 53 2136 5037 4203 2392 2883 1123 2108 3785 657 5003 96 3393 390 2455 4 5454 4244 37 2357 1268 1413 4118 626 930 173 2989 2955 666 1192 1022 3662
17561 1415 3281 2930 681 5258
17562 2275 5517 221 2588 2073
17563 2298 186 1255 276 723 2013 1069
17564 4732 412 5974 3204 4103 3671 3341 191
17565 2326 334 958 2044 1241 1566 1365 4
17566 4318 3598 6862 2897 6016 848
17567 1432 871 1564 1181 1355 6028 742 254
17568 108 1711 4155 4820 1795 1660 186 298
17569 274 158 2991 271 1249
17570 7 3606 655 1997 2529 1577 2690 3157 169 2458
17571 69 1868 1516 988 1246
17572 3030 1781 575 3529 3955
17573 1603 2200 672 1778 5210
17574 2808 267 5928 1841 132 3048 1074 431 546 4331 137 490 4369 491 1429 3050 2973 1284 3668 5493
17575 7023 3243 1544 254 1390 36
17576 2332 2706 7006 1893 2331
17577 2633 3994 668 823 1779
17578 229 4221 2706 1999 2662 3799 1869 2389 6061 3751 1029
17579 300 1143 4844 2259 171 2811 612 1298 3600 5373 2164 3707
17580 6972 2310 1579 2642 655 3784 1476 2989 2400 1041 3933 108 10 1329 324 1769 153 4333 492 4201 1989 88 1022 4458 3121 3133 2748
17581 1891 687 1354 2111 7
17582 67 2764 2334 4518 111
17583 2492 4205 6965 481 1495
17584 271 2588 1550 309 505 651 1073 535 4247 2116 1735 1055 1432 4401 4062 1467 6231 100 3506 4484 1868 3273 946 816
17585 1165 298 1412 5731 1844 5067 930 1665 6624 2141 1205 1841 3679 539 970
17586 2584 3208 4192 1943 2537
17587 2880 1224 247 2374 2933
17588 798 596 1273 167 951 2146 1013
17589 3927 3684 464 2811 397
17590 556 150 4093 5539 3519 6755 1090 1362
17591 6820 6904 3692 4118 2030 6048 171
17592 1639 2468 2405 2678 2630
17593 1569 1067 742 918 711 6289
17594 114 753 1844 693 76 1563 1976 6348 5680
17595 3284 254 222 4009 309 3389 3295
17596 5371 2161 5846 701 1876
17597 1761 298 3347 6640 3917 5342
17598 4987 2055 2890 356 1013 156 331
17599 3621 1756 3603 2355 966 171 5682 4721 621 3622 6199 554 2200 428 2457 1541 1298 356 1757 2662 6230 5356 5066 5971 2115 1587 4112
17600 87 88 76 359 2712 65
17601 5764 687 517 945 323 6981
17602 1807 2580 2871 247 3515 6073 1891 3909
17603 1603 2277 2530 3601 2809 187 2484 4194 668 2624 1753 3443
17604 179 758 3008 2383 5994 3482 3720
17605 1034 2108 5699 430 1630 1438 1167
17606 1057 1459 1966 336 4943 3741 3882 895 926 2473 276
17607 276 248 6558 151 2049
17608 81 6058 1927 1726 5683 6942 2170 151
17609 217 4230 3293 6473 4554 3869
17610 24 953 152 26 6189 1286
17611 152 298 1342 108 1438
17612 1462 1435 1739 6724 3972 50
17613 274 1240 875 2044 6429
17614 3007 1889 161 1697 5597
17615 1662 709 5947 2419 5742
17616 1684 895 969 6523 5901 617 6514 1558 3135 2982 1587 1008 13 3423 1478 1975 7021 948 4346 1292 4701 406 2726 2906 507 831 24 3339 4474 4617
17617 6337 372 556 1072 1841 1059 6168 2734 4911
17618 3460 2326 2782 1176 1202 837
17619 1510 88 1055 1890 354 1019
17620 317 1202 3612 2037 636 749 1630 5304 3764
17621 834 5737 409 4 1498 2829 3100
17622 272 1788 1696 807 2266 1948 24
17623 1328 2249 487 108 2199 2146 1013 52 10 1566 1192 4803 1055 3714
17624 4759 1177 2792 816 2154
17625 359 1302 4805 6474 5017 276
17626 1246 77 1511 1601 2315 116 6235 227 636 6993 2050
17627 1075 6999 25 2419 152 1293
17628 4546 147 6178 1983 811
17629 6039 1224 6886 1055 3164 267
17630 713 1747 2433 2519 1725 294
17631 5156 1341 57 267 2943 319 1104 901 428 2883 817 3172 2075 471 300 1527
17632 1067 4074 1984 506 2497
17633 583 4452 3166 2895 2909
17634 1189 1016 1110 6025 1134
17635 2509 2384 142 692 2314 6812
17636 2468 540 151 1444 766
17637 2251 3571 298 1292 841 80
17638 1505 6129 3825 149 35 96 5099 2829 85 636 73 6328 1631
17639 897 3536 108 202 1891 808 3413 4494 3754 1629 2674
17640 7 4075 1944 3763 4457
17641 3455 297 4474 108 69
17642 1862 2358 4551 2042 6940 6029 3799 4417 5370 2535 1829 2793
17643 68 2774 2757 6273 325 131 4522
17644 390 797 2119 171 749 2165 1134
17645 616 1433 615 3289 666 171 3042
17646 6226 68 1729 2399 153 6969 1531
17647 2808 3047 556 1080 1277 1541 2568 4151 3086 1284
17648 1184 2593 5802 6802 3753 3532
17649 1415 476 4669 1699 323 1287 3210 4104 937 1836
17650 96 252 2575 1646 254
17651 6223 1165 5097 3293 153 5423 3216
17652 4591 253 2860 65 1070 970
17653 3030 740 905 1400 909 415
17654 1678 6063 4466 1671 2693 3198 293 831 6631 1597
17655 5274 816 806 3025 1498
17656 266 152 1493 5851 536 52 1269 2613 24 349 881 859 1601 6189 757
17657 526 3531 1819 592 3534 4472 3600
17658 809 1400 4220 734 196
17659 740 569 1412 76 5404 3691 4989 1094
17660 1640 1741 3435 4776 774
17661 4640 701 2424 6767 3830
17662 164 6206 4054 714 2646
17663 2437 491 4975 2735 1910 2594 1098 6147
17664 743 125 2753 2434 81
17665 4664 4162 6723 96 722 3203
17666 163 5148 2203 3124 1743 2091 5306 1659 1745 37 687
17667 152 108 4680 2308 2693
17668 3873 1250 2078 347 7015
17669 3045 298 140 1503 487 810 963 3880 1178 1982 3472 5742 2281 2739 3837 612 2960 2893 2602 2383 67
17670 6927 1326 1192 5406 5237
17671 621 2361 2924 2097 536 6838 597 2137 2200 4009
17672 331 1697 505 532 2750 85 5590
17673 1078 2458 280 1081 4589
17674 6061 2332 5159 1235 1741 3593 1717
17675 1113 2454 1377 26 517
17676 593 476 4350 1443 3121 6003 321 332
17677 10 3133 3263 40 6138 1100
17678 928 6635 634 1646 290 255
17679 52 3371 3298 1048 5931 271 221 5283 2073 2451 170 1199 1630 1577
17680 627 85 152 2289 5154 2019 3820 1455 1587 46 638 6582 1488 4579 2935 406
17681 987 4020 1985 6043 1220 1374 889 173 3680 4059 1868
17682 53 899 3828 5862 4278 1228 276 672 6380 1242 2756 108 4304 881 648 2287
17683 230 556 840 1447 338 2508 815 5623 6076 7025 6453 1805 2149
17684 108 2096 503 5265 114 532 739 806
17685 1365 416 953 4000 1366
17686 71 4920 3448 1650 3288 189 1641 711 4325 3972 257 2726 895 2613 1435 187 6560 2125 6365 1490
17687 462 612 662 149 714 757 5901 298 1199 715 426 870 6206 1188 4381 4752 5532 681 2009 3618 2078 1366 1452 3698 2960 3469 670 456 5128 1008 6099
17688 590 2061 2798 5253 4672
17689 3441 4274 1485 6161 1 5252 817
17690 2924 268 983 1675 3321
17691 1759 5779 5993 6720 787 2704 1771 7002 99
17692 961 1176 2537 2326 2323 6543
17693 5374 2259 179 858 274
17694 6952 125 4140 2792 4604 1053 635 4865 1428 4377
17695 1040 190 305 4903 430 6165
17696 1673 7011 5879 743 3102 2275 1379 837
17697 1229 4542 5656 102 3822 3475 1153 517 5983 3720 147 91 5059 5598 3742 144 10 1131 3373 3460 673 2220 1336
17698 5397 1679 2319 57 66 1837 1942
17699 2210 2388 474 811 1998 1007 3448 297 4637 2718 57 6473
17700 45 651 3135 4062 2871 817
17701 6791 2310 1879 3298 5665
17702 762 366 1801 1800 2314 1 729 1260 454 5556 1313 1456 5560 76 4257 817
17703 264 2744 685 2533 2724 1014
17704 2533 1224 1872 298 615
17705 1770 432 186 297 2902 5100 1113 3818
17706 1443 1756 3114 434 4669 5532 76 89 1628 152 173
17707 1551 5527 1200 655 43 525 1555
17708 3661 2533 2706 230 1894 2824 6696 2036 701 1577 2927 1072 527
17709 3973 467 841 751 2620 6927 1757 2258 5688
17710 1928 740 1987 36 2964 4355 2837 2143 1559
17711 2218 1763 1556 636 2786
17712 3317 1575 179 744 144 2098 6309 4215 420 6194 351
17713 2466 311 1410 4290 2110 243 4172 4078 6991
17714 364 6946 4111 1040 85 2872 2499
17715 6023 2713 1100 3786 6879
17716 297 321 675 1045 1361 803
17717 66 1581 4131 687 1008 2328 1433 2553 1255 2693 3504 1384 1013 275 4475 709 3575 4370
17718 3799 6339 6430 3749 474 364
17719 4481 3474 152 2916 191
17720 2096 2450 768 1113 150 79 558 5432 2416 476 1456 5284 576 428
17721 1640 1511 4726 4045 4634 2497 506 666 6947
17722 128 443 4075 1147 891 2598 1752 289
17723 5965 1056 666 797 4231
17724 507 2808 1072 2572 6443 1079 587 1605 3980 1284
17725 69 3752 1072 574 88 321 311 3065 3540
17726 1402 4996 1587 687 6980 6219
17727 4495 2007 4431 1038 314 3368 675 2489 945 5576 320 841 5489 2432 19 775 3059 1711 2279 5183 3139 687 3359 227 506 1406 4364 445 1841 1691 1977 492 941 1582 1587 1468 1467 4089 542 356 4208 2895 2955 1718 2274 4147 2704 5181 651 331 2814 2165 1077 5473 4387 1078 2607 1425 1469 3926 2592 3662 139 1541 4688 4123 1184 1905 1967 3 2437 6652 4475 609 3980 1430 3086 1099 527
17728 6968 310 802 744 1160 970 1541
17729 377 3789 626 2229 581 1270 1716
17730 3967 162 2213 1208 1251 1240 5205 5378 306 3100 1942 2518 357 3965 2055 48 1242 4053 1246 3853 1433 1270 4067 2949 3659
17731 2017 473 151 152 19 2172 2037 5285 2739 2388 507
17732 2210 473 651 2408 298 1527
17733 3096 1241 368 3684 5673
17734 174 6851 1640 930 2047 1120 1348 1028
17735 96 1374 1165 297 744 6148 1551 713 5367 2198
17736 4267 2315 4924 6437 219
17737 1067 4053 1215 1900 37
17738 763 2431 5384 3722 6728
17739 309 1172 5647 1040 3634 1390
17740 2774 6273 815 3368 6505 1900
17741 2191 4796 4123 1094 4596 4390
17742 928 3764 1868 2076 118
17743 3988 151 2741 704 3357 4647
17744 3259 410 815 5118 5886
17745 424 2200 675 5778 3299 4308 5333
17746 615 680 3690 889 2076 5460 1035 4565 959 682 1605 1419 681 76
17747 145 310 1840 1291 4068 3197
17748 440 5671 122 298 87 276 4847 248
17749 57 1398 78 3414 562 1287 390 3502 1801 263 757 300 98 1589 4426 1791 2054 4986
17750 245 1005 5089 2636 3175 2267 6314 1452 7 909
17751 1685 3068 770 1954 227
17752 476 558 1199 1170 4856 154 267 85 1366 1187 6665 837 3467 2632 5130 1026 5422 979 1515 1078 4108
17753 1761 1484 517 119 2364
17754 1467 1468 1059 1077 120 587
17755 922 3669 127 221 249 2455 56 5117 909 3143
17756 6409 1176 1045 247 492 817 711 257
17757 179 3148 298 1377 836 6301 4429 687 174 4928 6517 4343 1764 763 739 1149 1298 1163 1900
17758 2810 150 1417 1038 2764 942 511 1202 128 53 2237 221 905 4313 2419 249 583 307 254 1073 154 937 658 5552 5893 2565 2871 1805
17759 98 664 152 2354 149 311 687 558 352 2727 1337
17760 150 266 2215 24 1122
17761 744 5926 6827 2144 4029
17762 6575 612 2748 801 6300
17763 2044 1248 636 174 1438
17764 1116 81 7 3293 3640
17765 268 589 3391 1363 2909
17766 151 152 1342 4211 254
17767 1807 348 1255 3693 3794 2632 3916
17768 3306 160 3240 3162 5188 5582 463 886 777 3475 353 4265 1003 2436 1612 2968 587 4123 5079
17769 4939 3223 2140 307 6082 479
17770 979 264 749 6723 2756 1071 401
17771 1389 265 5126 2209 6199 1775 1029 1402 2866 2737 3942 1631 309 2310 1018 254 6658 2375 1100 6327 60 100 4890 2979 3001 6981 5696 1024 114 666 2697
17772 4552 1577 931 1767 1239 2473 2676 1729 3106
17773 1057 349 6122 6580 2451 6657
17774 530 1836 1516 242 1716 1949
17775 2098 81 4737 4063 1549 1202 69 5830 546 1807 399
17776 229 1780 2532 2226 620
17777 3978 626 1941 4103 6471
17778 1711 1987 220 3540 6277 2588 2019 876 5335 1165 1041 3357 740 406 2579 2156 276 836 1785 1587 732 357 1337 1123 1013 2553
17779 1292 367 1616 108 656 78 633 297 1055 787 1365
17780 858 266 5593 242 4094
17781 3357 474 152 2496 901 600
17782 834 2286 4863 114 637
17783 3303 3894 1604 2249 1183 5132 4533 406 297 584 655 3389
17784 5431 1468 1467 2075 542 1076 267 53 4331 274 1949 2704 2458 401 1903 2274 1077 633 89 675 1178 3364 2302 397 113 3281 1425 1287 615 1699 1147 120 6942 321 4399 1061 1469 170 139 4717 52 3219 4369 297 2946 1081 6351 1063 1089 1184 6175 1094 4661 6764 5247 1692 1845 1429 604 1906 6090 4897 4124 4789 1284 1099
17785 1224 596 6072 3030 2890 6192
17786 3171 1415 928 3126 2188 1026 98 1727 6528 223 1287 3628 11 2278 5369 2481
17787 298 488 2287 2573 2504
17788 1499 1 1767 309 1526 1230
17789 227 1427 5410 4192 4795
17790 1 687 2635 152 1055 1056
17791 4209 1312 3118 249 2436
17792 1029 1236 68 3426 3975 43
17793 2140 840 593 1147 2956 141 3384 841 280 3172 657
17794 1416 1870 221 6609 5991
17795 4547 3469 3882 2752 457
17796 233 3620 1780 1891 1150 4981 1447 1558 3139 3654 1425 4835 2785 587 1081 6682 1184 2594 605 1065 4897 5493
17797 3789 968 2281 927 3501
17798 5036 4199 1500 353 5654 4945 883
17799 1353 1202 4311 4197 1579 3024
17800 1287 1210 154 4445 2364 565 4317 6170
17801 4953 2542 2845 816 6909 5596
17802 792 1577 4755 1365 675 1022 6352 842 624 1949
17803 3447 2946 540 6762 1485 6156 3205 1237
17804 4644 814 309 813 905 1421 687 596
17805 4045 841 2170 5959 4818 7001 1750 2357 1931 895
17806 2956 5659 6734 1989 5852 5869 5907
17807 651 826 4312 1315 1137
17808 5819 863 1185 589 2304 2720 3490 3273
17809 151 4303 2720 1113 2756
17810 263 3504 1347 376 298 1199 652 4944 2988 6957 5531 1178 337 905 6985 153 2563 873 1783
17811 1818 1851 506 2983 4700 1843
17812 6675 1452 5157 3719 423
17813 3583 3303 464 1720 1500
17814 1266 842 3803 2928 247 1372 1551 314 989
17815 1137 3165 4147 2598 1425 3600 1562 5379 1320 1646 6600 6151 6414 144 1337 1211 1509
17816 5932 3243 675 2856 4773
17817 4393 2156 89 323 4403 3589 1107 3139 3015 2823 888
17818 621 631 125 6739 3080 4244
17819 651 5970 3865 3976 3884
17820 34 235 89 1553 6026 493
17821 367 293 1876 2829 1149 2076
17822 2302 1998 509 1701 1427 6819 3476
17823 550 108 3305 1329 2386 3416 5649
17824 67 80 2056 2108 637 674
17825 636 173 617 439 4795
17826 5320 268 675 1185 2928 3367 150 3358 3160 648
17827 979 5946 558 7 2580
17828 6890 576 1756 1577 1185 1443 6751 1484 1658 1055 3403 1295 4437 1017 223 682 1419 1620 332 1415 6415 148
17829 245 2865 1629 5145 2258
17830 3133 2895 893 5272 1932
17831 2013 2450 1417 248 156 351 1670 2060 1149 1696 3996 4734 3026
17832 1650 5726 1759 4476 1242 5185
17833 2387 2949 3580 2890 35 930 841 2037 4210 881 3642 3950 1348 3572 590 3297 271
17834 297 311 740 152 326
17835 4498 89 1216 1992 119 289
17836 2617 5461 5054 3579 2859 2444
17837 2928 5294 2969 1072 556 3299 4235 1467 12 4124 3086
17838 740 4764 1149 298 3167 4619
17839 1696 1298 1969 1046 1203 378
17840 621 1045 2017 2355 242 173 5891 1825 1022 5392 936
17841 2357 1673 5710 1891 76
17842 1780 3319 5628 3555 4348 276
17843 170 154 2899 6140 2200
17844 1587 5628 2620 370 3048 1425 3980 1430 3533 3052
17845 1432 1949 1121 895 3188
17846 5025 1603 4804 824 4107 2666 1431 2231
17847 6475 2636 711 971 5231
17848 1365 482 1974 290 1807
17849 10 1046 879 3715 1987 1379
17850 6103 1014 6766 4605 4506
17851 1516 241 3243 1518 4027 836 1163
17852 4922 319 1153 5215 2718 2191 2441 3093 675
17853 85 1045 749 24 957 240
17854 1829 5138 217 6601 2689 6059
17855 1067 1628 1829 2351 44
17856 2943 2460 576 1297 2338 1381 209
17857 276 2886 13 1985 4091 153 4717 6384
17858 1286 1107 342 627 76
17859 3654 1061 1083 1280 2973 1282
17860 292 4457 1068 4129 5160 3830
17861 1055 5064 5148 1265 22
17862 822 2756 3314 1838 3684 476 4089 5117 2367
17863 1816 3196 1410 3540 1610
17864 309 297 940 4425 2829 2156 590 50 1845 4401
17865 149 1843 4454 5604 729 3638 1404 574 3216 1741
17866 264 306 788 1029 2108
17867 297 1185 3898 749 4215 37
17868 576 720 68 1943 191 5148 113 2073 3857 2598 110 275 5074 587 4964 259 4549
17869 893 97 116 739 2108 803 171
17870 34 5407 3550 3799 2187 3319 938 1780
17871 899 987 4376 1374 4431 4647 2164 3209 3151 1739 1197 98 4535 6599
17872 297 2987 3628 5649 855 439
17873 298 2611 1634 2598 3600
17874 1228 452 2328 1241 161
17875 1149 976 881 2934 1346 3566
17876 432 2105 1761 164 1507 1567
17877 4110 1006 6919 893 3972 1435 155
17878 1054 821 2928 5148 687 37 2078 1570
17879 2662 248 511 2013 78 4996 2200 2940 1757
17880 893 6627 6770 4787 909
17881 2716 2605 2829 4726 1069 1158 2559
17882 997 76 332 3549 3466
17883 4951 1034 151 1386 2141 2926 6597 5627 4880 986 2014 2035 4307 1355
17884 179 3498 1829 1418 1694 1468 276 5544 1123 1631 391 4401 4459
17885 511 1949 817 506 406 763
17886 6583 1202 3357 2516 2690 6448 2278 941 5656
17887 144 4789 1287 89 2165 3549
17888 1222 2799 1691 1474 3548 3726
17889 2642 5874 947 80 4333 4487
17890 6515 2052 910 45 1183 575 6469
17891 234 67 19 20 1485 1636 2576 615 6019
17892 1224 1165 2949 1356 2393 458
17893 4800 108 1 3283 477 1426
17894 1639 4225 451 271 37 637 1040 12
17895 685 3681 1728 2480 3717
17896 6154 745 5491 297 3641 4948 895 4112 1791 259 3890 276 1069
17897 4024 1202 2673 149 1378 2651
17898 274 814 1912 249 937 5250 1927 842 108
17899 731 248 1640 847 6297 1033 2890 244 749 310 530 568 2384 5424 2188
17900 2995 4354 53 80 1050 68 67 1729 2608 713 60 909 1504 281 2729 4295 85 775 740 4750 3182 810 584 871
17901 4222 2924 3808 229 1893 3804 2761
17902 4226 1406 2136 244 617 1646 2590
17903 841 2433 6883 4590 109
17904 1446 79 1055 443 905 787
17905 1640 1650 6916 6580 3139 4269
17906 98 3940 2883 3972 2603 6453 2693 311 1686 628 1181
17907 2543 859 1439 1220 3360
17908 3513 6844 5732 1265 186 3179 1180
17909 583 1542 190 1697 2419 16
17910 1038 629 2156 940 1274 191 2419 3104 3630 1215 1022 909 1531 3791 480 1017
17911 841 3752 40 1192 3888 100 2581 4787 543 2518
17912 274 3468 2460 85 1679 349 1776 1730 1363 36 153 5289 131 833 5170 920
17913 2351 429 2552 2366 2391
17914 1780 363 2104 1598 4727 2042 1867 3964
17915 2212 6994 540 6576 4617 6550
17916 359 276 687 6071 663 1342 349 3473 3728 1813 114 1040 3841 356 816 3871
17917 532 2044 809 5039 5732
17918 2146 4046 6906 3009 6320 5361
17919 259 6601 3673 506 1290
17920 173 4524 186 264 114 35 4270 876 1640 616 506 174 897 3109 3971
17921 4290 266 1224 4017 169 1188 2473
17922 2236 1752 5877 36 241 314 4094 6869 1006 5966 2310 4520 3642 3949 3313 1408
17923 1417 10 3574 644 4089 4885
17924 1177 127 440 1123 5791 420
17925 98 385 3351 5020 1008 3630
17926 316 2156 4271 3882 4451 3561 314
17927 1998 3319 34 1891 1966
17928 86 87 4476 399 1036 434 4508 141 246 1776 1630 2394 1884 1956 6446 1270
17929 1035 1403 1778 2490 257 1449
17930 179 687 5669 128 6995 5903 4431 2355 6130
17931 476 749 5029 4097 1480
17932 476 268 1357 1754 2393 11 1364 541 540 4759
17933 1494 474 298 2281 2323
17934 331 1113 2797 2397 2271
17935 3851 2889 1137 1223 325
17936 4407 186 1068 2200 1453 76 870 89 1008 962
17937 3218 3793 1167 1467 4345 1841 3577 1545 1071
17938 1639 6227 1942 617 354 1271 1156 705 636 3151 2893 1831 615 666 4701 897 1937 2826 4343 104 3339 5190 2723
17939 298 834 1711 149 2145 26 5332
17940 1379 820 1556 293 833
17941 4309 807 4434 1801 3225 2036 1371 4892 1754 4034
17942 681 342 242 905 114 1527
17943 152 6123 4400 2149 428
17944 1891 2706 2709 114 6339
17945 1371 1891 1270 5496 1433 4729
17946 2251 4317 125 68 1756 574 1697 959 1048 3764 1070
17947 5225 747 1839 6939 3945
17948 2751 2860 210 4266 3472 1114 3581 6905 1616 2693 2242
17949 108 440 2076 682 1563
17950 1036 2676 593 1040 766 633
17951 1841 3603 81 2267 3133 832 5831
17952 913 83 680 291 519 1911 814 1727 3188 1008
17953 339 3781 6929 2427 1016 4330
17954 621 987 473 790 128 506 584
17955 172 5101 80 382 2387 3028 6805 401
17956 2210 1347 1875 6873 6740
17957 2119 546 2992 1549 5492 1275 1469
17958 1072 1467 370 3577 2808
17959 5026 4023 2141 1185 3216 1979 521
17960 3277 3239 3238 877 337
17961 4334 13 1008 1440 1742 128 5188 2116 4926 3764
17962 432 860 254 472 1557
17963 2932 3251 4807 114 1459 6439 2118
17964 326 1684 6874 1385 1590 1487 439
17965 3674 1987 745 353 6239 36 1786 3621
17966 2358 1292 447 3409 2443
17967 1543 2762 859 864 4415
17968 5699 2825 2456 4291 909 1630 1589
17969 266 1046 3434 4405 146
17970 1969 5237 4407 3549 3211
17971 576 2582 13 3972 6293 1308 4954
17972 1183 3223 3889 6705 85
17973 1050 5480 1942 3397 1399
17974 1183 285 35 68 1138 3126 2462 1009 1150 447 4540 76 1508 881 2146 5376 1036 2310 732 2231 2232
17975 317 246 1691 480 297
17976 860 2319 4775 824 1588
17977 3473 4297 68 1202 52 1838 1260 200 814 2140 1561 1668 492 909 817 88 4282 406
17978 1347 5115 5740 10 5820 895 2325 3561
17979 1579 522 1199 2740 3682 1454
17980 4335 242 775 3509 624
17981 1844 1579 556 76 3467 2253 4261 4749
17982 762 3583 4508 5669 139 1690 6572 1932
17983 2311 237 796 3426 821 1411 4228 5687
17984 264 2360 544 1871 2724 1425 4123
17985 1154 476 5223 3831 1398
17986 1962 4358 617 4889 3774 789 2902
17987 1045 2924 739 987 268 162 69 1039 5381 493
17988 2231 2442 5214 1315 3792
17989 331 2136 53 190 1223 69 5731 6022 1137 3632
17990 6770 4514 2090 368 1239 259
17991 96 1035 876 2657 988 6018
17992 3583 150 36 2406 447 1202 1008 108 998 959 637 855
17993 6788 150 957 1224 2263 2704
17994 729 4799 1224 6633 511 997
17995 1978 1342 108 1327 1413 5151
17996 945 3632 3324 27 151 1368
17997 1209 798 305 1372 505
17998 297 4526 1801 35 1551 440 52
17999 5721 860 331 85 4103 6019 2323
18000 310 3667 1544 897 5593 1635 3609 50 3606
18001 4771 6393 90 316 5453 677 636 1459 3972 1041 1025 895 1075 5870 5286
18002 1183 2414 847 246 6059
18003 229 2339 2532 1598 365
18004 4872 3943 242 100 2705 626 1169 1026
18005 1708 3893 1415 3440 4360
18006 3723 155 1819 763 668 3997 6988 5770 4824 446 636
18007 370 371 2732 3299 1077 4235 587 4123 491 1065 6902
18008 5377 1165 122 753 46 5500 5859
18009 5211 4000 59 479 2805 542 1412 3855 1807 208 1782 346 1449 957
18010 179 1610 2662 3581 6125
18011 4644 2359 360 2358 3661 327
18012 370 1467 2967 633 2732 4458 3048 1078 5133 582 12 491 1429
18013 406 248 1224 1150 6015 4554 171
18014 1867 3364 3644 910 4854 5501 2743 3376
18015 349 881 3429 2090 4885 6931
18016 972 1969 2468 473 1247 81 2165 1855 2082 1595 765
18017 2312 1711 2100 1480 139 876
18018 3974 5013 2044 827 3111 3516 5188 1978 2371 5572 2278 329
18019 20 6183 1072 3357 4647
18020 559 4121 1890 3622 790 356
18021 331 1836 1225 244 834 2618 492 7018 5319 292
18022 2266 2082 1078 2857 784
18023 675 6559 536 4546 1058 111 3762
18024 6440 4205 5029 5049 1718 85
18025 1812 399 1433 2600 1022
18026 841 767 32 2170 3675
18027 389 3415 1512 1176 492 868 1898 390 2776 1199 3367 980 5658 2772 1270 2285 919 5032 817
18028 1484 337 223 2356 5466 6266
18029 4620 794 1229 681 5152
18030 3046 4894 5144 2569 4051 5133 2810 6443
18031 3187 1417 3956 3992 2822
18032 946 863 174 1561 2845 2128 1560 6911
18033 600 2323 6392 3438 4296 1402 2087
18034 3747 2557 4192 933 172
18035 6571 288 5940 1905 871 3180
18036 2634 3418 4850 2666 2656 128 1882 1782 3429 154 809 2232 1530 854 1752 3196 2234
18037 2537 1914 3160 2210 2657
18038 3895 1809 3170 406 3494 3282 1243 1987 298 5127 1841
18039 1673 172 24 6558 4180
18040 1984 1055 901 6144 35 3873 5889 83 319 3157 3969 276
18041 4595 684 4280 1171 1174
18042 905 6944 2784 5664 443 3924
18043 541 1955 2036 1401 4210 356 3833 2714
18044 1271 575 364 2015 2466 4793 895
18045 5396 902 6647 922 2158 6572
18046 599 43 4211 486 6572
18047 2625 2253 1684 114 511 1256 1357 1642 6931 1165 2310 10 2419
18048 367 114 4249 259 2691
18049 2796 2193 2229 4879 5884 1616 5859
18050 2419 2200 647 349 5181 151 1527 1169
18051 723 1166 1708 3160 6927 584 95
18052 687 152 930 257 3335
18053 2895 833 1967 6289 919 1076 289 2357 823 4935
18054 4593 1844 68 297 152 2433 4571 1690 1029 1633 881
18055 2125 3550 114 3620 4247 3238 1990 6006 6702 3260 1315 687 1696 6952 3926 2191
18056 5298 1947 4605 1347 2644 128 1801 5527 858 77 826 1229 186 114
18057 241 1075 2991 749 174
18058 1827 108 3849 4337 1968 3443
18059 2425 3605 6039 2929 3941 5206 5928
18060 2096 2729 2387 681 76 223 3702 4530 1730 809 5333 4373 784 720
18061 189 4131 2569 2913 5122 1459
18062 808 3203 4578 3898 3601 989 3445
18063 300 1976 6141 1116 24 794
18064 6029 1891 840 3805 3154
18065 2317 109 4590 894 2348 2337 3541 1509 3924 276
18066 2706 1029 3866 6474 446
18067 3933 1338 1603 297 2324 5495
18068 2284 2847 3924 1270 740 3397 1241 2497 1557 3769
18069 3397 1011 108 903 2069 300 3764 4147 3100 4200
18070 2898 4433 202 276 959 976
18071 1072 2807 2324 1468 1467 2967 2274 5893 582 2810 2733 6443 4796 4659 3219 1541 1277 6782 1094 2594 1065 3532 5509 4780
18072 4352 2371 6981 3786 823
18073 3675 1008 171 958 5861 259
18074 827 150 266 298 357
18075 558 2936 3813 5009 1126 1996
18076 6940 3010 764 3378 4644 4088 2343 1402 1487 512
18077 6633 2186 3209 1052 3138
18078 2794 3651 3828 5432 5711
18079 5061 3805 5524 164 371
18080 722 473 1708 3285 81 1409 3956 108 166 892
18081 4583 4920 636 6831 256 3660 2429
18082 5751 69 227 5066 2695 5219 5651 1604 5389 274 4225 920
18083 52 6405 2784 3073 158 886 1236 5290 1763 2588 4463
18084 1697 3367 3702 3752 4498
18085 2339 2409 267 6148 4311
18086 1873 199 4918 2387 2673
18087 2319 1149 4053 5440 4054
18088 1298 642 450 1510 960 4592 2069
18089 1827 3269 3943 1984 6672 81 1149 297 152 487 4768 4807 5417 217 1886 73 4996 5987 466 1807 1029 1067 19 1507 2932 1242 666 893 5076 1455 1456 895 1985 1719 2865 4318 96 1160 1989 4774 1422 4112 3472 3088 2242
18090 5459 162 842 5783 195 1741
18091 128 367 5236 1896 1347 56 937 6896 2883 1415 517 28 1544 5539 1943 183 556 4775 3176 4795 1595 720 3114 1589 3834 817 583 539
18092 229 6813 1208 2706 1784 3184 939 2701 6596 1773 489 3218 2808 5162 3359 1372 3828 3979 1631 1406 1071 43 2662 1072 1167 941 2731 1468 1467 1433 6431 3654 1771 1480 5893 1750 2265 3602 2955 944 4796 1469 6386 1080 309 4429 1081 5526 4975 18 5596 6252 3049 5158 6652 5006 605 1091 604 5053 1092 2930 3419 1065 4897 1281 5248 3649 5434 4780 1099 1098 5804
18093 6083 3053 708 1502 2267 6744 434 220
18094 5992 2620 4168 3047 556 1072 1467 309 1277 2377 1091 604 1093 6203 609
18095 656 3705 5373 4835 287 1347 1535 2693
18096 3261 274 1358 271 2278 102 1492
18097 5132 10 2942 85 1862 530 52 4153 2270 3771 287
18098 998 36 1997 2979 1172
18099 1729 5689 2840 3803 399 5739 4443
18100 5144 732 437 145 6238 2041 2353
18101 1514 2865 1460 1029 925
18102 858 162 2845 298 5727
18103 916 655 1783 1060 1767 3583 642
18104 35 2686 199 174 1013 718 4159 68
18105 1508 3694 4507 155 833
18106 740 449 629 1891 114 5115 1839 2156 1646 3515 817
18107 740 1508 174 166 3105 809
18108 6887 1419 2975 22 1022 2232 784
18109 2115 1460 948 4309 53 814 89 169 118 383
18110 1711 655 4603 837 2935 5573 2691
18111 7000 336 1857 6586 1223
18112 588 2638 751 2251 6656 6427 6913 4320 3180
18113 808 1029 2875 372 985
18114 3046 1841 1771 2971 5133 2812
18115 2597 5113 1979 1948 1149 2473 191 2935
18116 1416 423 2890 2576 1807 358 2249
18117 4452 583 2776 4111 1347 227
18118 1184 4368 3299 4571 966 152
18119 4996 821 2259 841 1002
18120 152 68 6439 78 5573 957
18121 35 1152 1551 68 652 6328 4587 2897 1106
18122 6733 1142 2805 2507 798 1049 476
18123 1998 651 367 240 576 4540 128 257 5558
18124 5222 152 972 4093 987 1546
18125 5035 2680 2608 1616 1181
18126 390 1208 942 1409 108 832 171 5633 2893
18127 5854 5878 67 152 151
18128 4423 937 817 4042 1828 4566
18129 325 4971 1000 20 4145
18130 66 2909 114 771 37 918
18131 1079 1080 4531 587 3219 1081 1090 1082 1091 2568 2930 1064 605 4911 3982
18132 1823 1841 2842 834 6020
18133 1365 1474 3397 376 1606
18134 1353 4437 2841 4567 655 276 1202 3624
18135 1365 2444 4458 1639 4702 266 1229 1026 1008 631 616 80 2393 191 2907 1783 155 2742 3109 3339 5592 397
18136 799 1046 1452 6837 2456
18137 363 3542 2340 234 4063
18138 621 2297 6828 268 910 317 537 612 66 3030 2049 694 3478 1757 825 2014 4894 1456 154 1661
18139 5777 4160 4282 5911 5893
18140 1865 5462 360 5568 1165 298
18141 1780 5462 266 2582 6042 2888 409 1870 2685 2607 455 4670 66 4145 2689 507 929 1498 1355 3844 3737 5249
18142 1485 1984 3343 3842 170 2889 2866 1055 1555
18143 3358 1781 1697 5518 3675 455 889 1370 4665
18144 419 77 116 4837 6843 6984
18145 2361 3415 1331 179 53 803
18146 6877 4546 6155 4398 5087
18147 476 3744 3877 170 4089 1085
18148 1836 6726 811 52 174
18149 877 1420 1786 5924 687 1985 1298 3324 1274 86 1247 788 359 1807 465 2067 173
18150 2792 2883 414 4200 3581
18151 149 946 5838 876 2372 2843 1261 1186 1584 575 562 3158
18152 2508 1329 1888 91 1803 2364
18153 2408 665 6227 4 4343 1178
18154 227 617 672 4244 830 825 809 2723
18155 36 313 1989 693 1390 2914
18156 905 299 1629 765 4694 2803
18157 821 6067 790 221 2508 794
18158 1640 562 3720 1703 91 154 3608 5886 2673 4324 3295 3328 3039
18159 75 2298 970 5389 1069 4166 3372
18160 2989 1631 2563 3123 3150 2572 4609
18161 1055 1811 2108 169 469 6752
18162 320 940 758 1694 3414
18163 794 164 85 430 5223
18164 4690 2550 885 1297 476
18165 1371 2372 478 280 5866 3097 314 2014 813 725 5457 1239 1697 2669
18166 2636 271 3395 3736 6661 3464
18167 473 4594 34 2230 4665
18168 409 174 5174 146 321
18169 4063 191 6990 80 557 732
18170 434 6393 151 406 953 6848 1696 174 788 1783 7 841 833 2286
18171 1397 881 416 1696 1202 589 2074
18172 7 416 1816 1242 151 506 5069 1537
18173 1508 3034 2705 5046 3025
18174 2676 1512 221 3099 2530 166 596 1398 2843 6903 1202 2618 909 474 1053 476 1266 842 797 108 2419 2108 1433 893 2110 1342 1208 1787 1022 2507 1558 4724 6849 7 254 6326 506 1629 881 546 1788 4361 867 3965 1168 1577 1004 2461 941 4905 1844 5871 4364 1205 276 4376 2409 5040 1762 1932 1246 1841 1224 367 511 1192 947 2362 3824 2607 897 1673 1705 2055 5508 2809 3199 287 675 4094 4147 3173 1838 899 4554 6210 297 1432 4127 4617 307 1318 1752 2794 1176 901 1868 409 4966 4211 3899 3978 2265 3888 227 81 4875 5633 1100 114 859 267 557 3397 356 37 2561 657 2884 3440 4812 621 2297 1099
18175 6762 332 3426 319 327 1038
18176 108 1343 983 1333 4340
18177 612 4806 4550 1668 3449
18178 826 268 3519 1807 3920 3545 24 423 4997 155 5991 3342
18179 2346 1802 5104 5543 535 149
18180 1691 114 763 466 740 2488
18181 150 858 1628 1220 81 1452 1158 1244
18182 3507 167 5301 2037 2315 1772 5629 325 2432 271
18183 2898 1823 298 1713 6886 4062 2439
18184 1810 886 4498 617 2191
18185 4240 559 108 4336 2350 820 3656 271
18186 1841 574 2497 4214 4
18187 1788 432 705 4558 3016
18188 2244 76 3266 881 998 2964 681
18189 5899 3190 4625 297 4436 4112 2245 2093
18190 517 5983 575 2590 298 1577 794 635 307 1402 131 1187 3632
18191 1240 2425 298 1025 409 246 6396 871 1237 932
18192 1410 5354 4756 5712 984
18193 432 4063 164 5035 116 80 173 5760 4686 5535
18194 1275 1040 1670 4226 4316 666 2878 2326 3873 4735 1224 1245 2518
18195 3672 2729 1315 297 1352 144 359 1200 5999
18196 1229 540 3898 554 3891 1390 1069
18197 789 6443 6386 1080 4645 1284
18198 1317 4104 2615 4408 6746 1932
18199 217 1380 5024 171 4116
18200 4649 4154 5764 3123 803 1341
18201 487 1516 3088 1680 3697
18202 1662 5073 367 2537 749 2362
18203 1208 150 2414 2884 1088 191 416
18204 10 1347 2657 4399 2075 416
18205 2411 217 108 2572 3380 309 6155 174 583 4879 4409 3263 2989 3573
18206 1482 3210 4945 2156 2233
18207 1896 3319 474 2632 5924 3106 4168 1877 582 1469 1541 1184
18208 841 767 3730 1763 3302 1232 2890 930 1256 4119 4867 2325 666 3862 1055 786
18209 1998 1067 6509 2638 701
18210 1764 2794 2841 681 2483 1211
18211 359 1627 1347 2197 933 5714
18212 6776 4378 811 4619 2410 7 6176 1464
18213 7013 311 13 1055 6105 4174 810 69 636 4133 5424 4537
18214 60 1215 402 4336 1676 1595
18215 1989 717 1711 7017 199 2086
18216 2533 979 1627 4684 264 2013
18217 2263 201 2220 4583 2596 247 1930
18218 164 754 1262 3291 2985
18219 1348 629 1919 5492 4319
18220 1406 3049 4012 3980 2781 6203 3221 3222
18221 3564 1552 49 5556 328 5541 3042 315 2049
18222 826 1432 670 2884 1757 7 1049 763
18223 2278 108 1407 1836 5228
18224 2389 7006 1208 840 2343 4830
18225 3517 641 2140 4436 4630
18226 297 5291 254 4943 54 6091
18227 297 832 227 53 636
18228 1342 1347 476 959 81 493 4103 4878 331 4225 5206 153 1764 474 556 1762 681 76 627 643 356 325 114 1630 1462 1987 2037 593 108 2516 809 1055 617 1163 3720 897 269 1433 3342 773 6323 3873 763 1741 588 1557
18229 621 1177 69 655 3202 5914 6894 1078 242 43 3829 2357 154 2618 6127 976 809 138
18230 2322 2790 1149 3494 407 432 1453 506 1259 2423 895 1661 961
18231 2796 4879 2784 516 1495 2909
18232 2386 1105 4744 2989 5457 940 3098 53 2705
18233 3836 1067 1507 2319 152 347 3454 1454 2326
18234 1197 1031 506 1455 1661 288 338
18235 1499 696 53 2987 3602
18236 5598 179 1890 1812 4635 6927 569 1219 4486 1238
18237 78 1485 859 3473 3909
18238 489 1149 108 816 4841 2374
18239 3706 1365 655 2860 2309
18240 1297 68 1412 298 76 1158 4890 2603 356 4188
18241 1997 36 3882 636 3934 1697
18242 3364 108 682 937 447 918
18243 639 744 2956 443 2146 1013 3274 957 1407 53 654 905 1979 81 309 2082 2588 5516
18244 5283 1443 332 1699 119 132 432 1584
18245 389 522 26 268 1366
18246 7022 5035 173 288 4684
18247 2818 5548 687 487 1985
18248 4093 2408 368 701 1290 2723
18249 1640 46 47 89 1120 1922
18250 3789 114 296 1158 293
18251 6792 1843 3751 2340 2724
18252 621 402 329 944 34 152 836 1270 2988 877 1699 332 959 4407 4104 3281 119 114 5473 1429 675
18253 4184 2044 6290 3229 68 2165 5699 633 5222 1691 1063 125
18254 4143 6609 474 4941 3504
18255 1957 2201 1188 1998 3659 4440
18256 171 969 1818 1587 356 3739
18257 4669 1366 6956 5060 5958 3522 4188 5476
18258 464 5843 86 1165 1636 5810 5728 2740 3495
18259 6933 3563 3009 876 2492
18260 740 2204 5260 2326 3212 151 4421
18261 2024 6059 1354 437 3283
18262 300 1152 52 1752 167
18263 742 1587 3265 1008 4535 587
18264 2901 767 957 3842 1695
18265 2529 534 2629 1581 2046 742 2156 1 593 1149
18266 227 5557 3647 1388 809
18267 821 77 1041 3946 871 3829 2483 156
18268 569 1978 3962 1890 319 1844 1484 2841 1178 681 76 89 340 158 271 876 2044 1754 301 1504 2632
18269 1764 1468 6096 664 105
18270 945 576 2202 744 824 4785
18271 621 904 1029 4354 1149
18272 3317 3177 2148 114 4391 764 1235 67 2409 1353 6394 965 1787 6475 1973 260 2646 7007 977 721 3088 3077 5629 1265
18273 274 271 3621 3540 4669 1436 53 6326 116 937 5494 423 164 2690 93 6776
18274 1208 2756 863 884 3715
18275 1410 301 3425 271 1754
18276 276 991 1721 367 5788
18277 1176 1371 76 81 1696 50
18278 179 274 2896 803 867 1365 297 5128 6665 1813 832
18279 359 2494 918 217 2611
18280 1034 1018 2949 2964 2048
18281 1550 158 1041 52 814 2098 2928 1339 1073
18282 2037 879 154 155 1073
18283 3227 3377 991 1224 946 5513 5706 1581 876
18284 1347 1183 826 5174 151 4020 859 1067 1930 5343 2523 3215 114
18285 399 416 244 171 2200 2238 19 740 2165 3666
18286 1601 2039 3352 641 5057 1252 6812 2916 4853 484 5420 2110 1022 4196 451 2172 5252
18287 26 1757 816 4643 3956 1256 4530 2337
18288 446 367 1418 49 370
18289 541 432 311 50 895 711 186
18290 334 2569 2523 2302 3417 3283
18291 1762 3943 268 4019 6957 2065 681 4731 76 1563 1825 6315 682 3720 4262
18292 1479 744 172 1433 1595
18293 4460 367 653 6554 35 67 4365 52 3045 98 819 202 3325 1555 842 3121 1150 1758 1224 666 1841 68 3895 221 6870 2696 987 1914 300 297 5535 4372 1384 3593 4746 918
18294 474 4371 366 1765 729 3638
18295 1199 5766 100 85 481 3846 818
18296 553 3236 3837 6344 1853 4838 92
18297 4447 2756 4211 1372 43 6009
18298 149 2832 1841 899 671
18299 860 1165 1298 481 3175 186 2603 114 274 260 1046 2216 816 40 79 5287 440 428 433 4709 5118 24 1028
18300 3879 930 1120 276 4629 2156
18301 3084 462 109 621 3678
18302 5939 811 298 799 6988
18303 2550 5658 821 2350 4851 238
18304 3735 3251 1202 3343 5138 771 1456
18305 1237 4166 1417 5245 432 35 67 460 2029 5325 2109 1072 63 2563
18306 229 2332 3749 4417 2533 4032 4671
18307 6868 4443 186 5908 3860
18308 3674 930 960 349 5219
18309 73 537 5858 778 482 6514 5269
18310 2239 4074 3117 4857 3741 259
18311 2744 908 1691 1634 3193 6393 2829 2344 2243 3134 2416 4498 416
18312 631 542 2949 370 309
18313 840 6579 1863 179 6428 4605 231 230 4033 3885 1893 4247 229 1871 5928 114 2927
18314 901 2140 2890 367 4 1581 1177 1365 1137 4385 1495
18315 319 5460 4681 3879 6676 1406 2384 790 2279 1048 1072 6196 3105 2075 345 1275 6443 1570 1277 4780
18316 1415 1038 3853 4474 3492 859 83 68 1628 332 1876
18317 765 6296 897 287 3528 1250 3124
18318 297 46 930 1419 1791 6116 1616 1181 617 2117 4826
18319 3625 3158 1039 3892 6258
18320 303 5159 2034 476 692 506 6013
18321 1738 268 151 1329 3720
18322 6598 953 3583 3573 1444
18323 317 2357 6572 1315 5734 694 5106 6765 6489 84 2242 37 6829
18324 621 2044 1365 5387 50 1423 3061
18325 1286 4068 1976 4069 2372 2370
18326 45 4541 901 5502 2807 1347 1943 4722 4723 1078
18327 5800 1690 311 2825 221 3380 1570 7 1546
18328 538 541 515 4611 701 6989 540 589 584 3868
18329 447 1836 1782 402 5471 808 2910 487 174 930 2047 423 1884 4 1219 1272 192 3594 1372 1337 24
18330 538 465 3083 5853 263
18331 6182 4443 3276 811 68 1757
18332 1287 6566 331 824 151
18333 698 360 1029 1598 2532
18334 1149 2087 2964 1455 1456 65 171
18335 3313 3654 1558 4210 1453
18336 818 2691 918 432 1498
18337 174 1298 6697 1185 2932 2996 836 634 53 1274 687 1160 740 217 297 1085
18338 6835 359 4951 152 6398
18339 5375 3914 400 2777 2442 373
18340 1417 4460 681 1500 3234
18341 4526 533 6446 6583 2824
18342 5685 6116 4108 2164 1265
18343 1582 3675 2036 3548 3677 2484 153 1554 593
18344 5851 1551 5367 290 4549
18345 1577 3957 2096 655 3569
18346 229 3227 474 5409 3885
18347 127 440 5332 765 3151 139 5098
18348 1875 4637 2190 945 3340 4372
18349 2414 276 2623 89 2618 1610
18350 961 409 2751 3818 6172 2881
18351 859 3148 753 128 1518
18352 2477 4560 1631 293 1474 3117 2156 5757 3950 1498
18353 2642 6877 859 297 473 3733 298 4944 4920
18354 268 53 200 98 5894 150 5127 3541 69 6630 2091 3744 928 274
18355 179 2339 1843 1113 1998 3808 4221 229
18356 4439 1334 3841 816 1966 6208 3448 6801 5492
18357 1271 1367 1274 3105 3211 570
18358 332 318 2784 6540 2968
18359 1417 151 6717 1757 1924
18360 1046 1757 1143 979 612 713 740 3706 836 809 420 450 2766
18361 1246 2073 400 5287 84 1498
18362 122 589 3891 1660 4320 711
18363 870 2365 6883 1363 74
18364 6118 309 4890 2928 1527
18365 2226 5648 716 275 1498 6731 3501 1729 114 1239 1455 5066 1115
18366 2174 546 541 916 2561 4395
18367 3583 1432 391 1169 957 4117
18368 997 897 2530 7 506 169 1017
18369 722 5685 1411 1829 2826
18370 1255 409 2201 7 6012
18371 3840 300 10 80 681 4687 24 4944
18372 3096 1236 280 3578 912
18373 2795 4973 1374 5702 713 1008 60 2536 3593 2146 297 5764
18374 6491 249 1833 945 297 2394 848 493 1841 5283 6433 553 1349
18375 2154 280 788 2779 1911
18376 2172 4210 1631 445 452 156
18377 4132 435 2310 349 2044
18378 152 655 5533 1105 721 535
18379 149 652 1178 655 1143 2108 6904 637
18380 474 1396 45 7 140 2909 1630 1147 629 53 672 817
18381 2662 1072 2967 3531 1425 1079 1081 4688
18382 35 1189 3044 1606 3699 1481
18383 3191 5308 311 5809 482 4860 2842 221 2794 497 3134 581 3894 5818 3959 6320
18384 2629 476 3359 100 4282 593
18385 6454 1165 1699 323 1046 153 519 1468 152 86 1329 1510 76 1365 3764 2286 54 332 89 302 1995 3151 4748 1022
18386 899 5075 5463 484 5543
18387 476 2647 2128 4299 2096
18388 426 713 1008 2386 720 2644 5740 3643 5369 6125
18389 1297 1347 860 1165 87 297 443 164 1243 894 4774 3966 227
18390 945 4523 3579 173 4407 5054
18391 55 390 563 1210 6539 4686 4738 3124 1587 2695 3752 5069 5558
18392 1471 3915 2271 749 1553
18393 688 1048 276 4755 371 1136 761 325 5004 1160 3265
18394 149 2317 722 1880 1737 1978 1854 6746
18395 367 4960 463 1995 144 1510 816 1255
18396 1040 2014 874 1032 2903 2847 5945 2472 408 1718 2909 300
18397 2628 2865 1869 514 1127 6072 3539
18398 349 1055 912 642 803 298
18399 3007 4366 1034 4224 4814 5044
18400 4127 3606 4275 773 2651
18401 1891 309 6871 4543 3310
18402 2436 842 2547 3367 6432
18403 2362 81 6126 1554 3737 676
18404 2039 7018 1348 4835 953 1078 156
18405 317 6056 2076 2435 739 623
18406 1286 4003 1816 108 5881 402 1287 1176 2096 1125
18407 1801 4961 1636 464 733
18408 443 1113 2312 4112 155 109
18409 1274 436 6251 1432 2344 666 1637 257 192 2125 248 1237 740 172 4860 1587 1448 336 1169
18410 2311 691 1707 179 57 158 476 271 1138 53 108 799 814 2579 81 816 2108 3615 1071 24 803 5321 1199 399 832 823 6954
18411 1630 881 2923 4883 681 1606
18412 85 4103 2805 268 542 1577 855 1603 1566
18413 299 367 108 653 162 2067 7 1889 6609
18414 5202 1624 5207 336 2822 800
18415 1639 1612 1851 3291 107
18416 1443 4365 299 2247 1123 1581
18417 1072 1885 2967 1425 1070
18418 1356 617 2936 4421 959 417
18419 443 1178 2019 918 6700 3942 4570 871
18420 763 868 1749 5240 1616
18421 4376 2897 53 1508 16 626
18422 4056 705 913 3223 2172 221 3204 264 416
18423 2991 3540 1604 918 2433 147 2928 3876 3255 294 171 6850
18424 268 808 263 1797 6982 4367 254
18425 1029 1224 4017 426 995
18426 2483 428 1696 817 1479
18427 6634 4024 4721 3694 1711
18428 2304 1342 290 2857 1080
18429 747 1737 855 5503 1877
18430 2320 1326 464 412 173 1071 4501 3588 1205 3015 85 481 6403
18431 3293 1055 2603 2497 4269 377 5748
18432 1029 227 876 74 1673 77 3501 1943 1390 4722 174 4 399 6174 6540 2060 718
18433 3754 5838 897 36 797
18434 1891 826 297 69 1045 682 2013 2165 7 6534
18435 108 822 1396 2297 2887
18436 3171 2140 1289 1516 4143 3336 845 521
18437 2048 2411 5518 2200 465
18438 1759 389 4854 127 2729 554 5660 492 5768 2254
18439 532 2671 5795 1251 1272 77 2756 1397 2366 3143 1681 52 2588 3632 2662 151 4554 2815
18440 1587 298 2036 1667 1478 2751
18441 2339 179 4605 2051 234 232
18442 2784 443 1045 16 4580 2151 6344 1505 1942 145 156
18443 1611 1472 2729 2230 2493 1951 3148 2215 1069 2304 3757 1828 2588 1509
18444 5914 4205 2075 1823 53
18445 2614 5497 4901 1459 5296
18446 2585 3728 4597 4274 5894
18447 6675 6149 4250 821 2323 1988
18448 151 3951 4210 170 316 5545 3471 3742 1912 3431
18449 3475 2620 3186 5431 3084 12 5052 1065
18450 3359 905 1209 5465 930 297 5976 6937 3046 2047 2035 1616
18451 1150 2957 2001 3583 1626 186 588 1767 860
18452 311 1603 1577 2738 2688 4228
18453 722 2180 1230 5847 6056 4584 742
18454 1037 1699 421 4762 3457
18455 3626 6734 4211 4869 5536 1756 2140 4932 1711 1530 813 2006
18456 763 3165 183 3010 3599 4611
18457 1468 1072 542 1425 309 2972
18458 5636 2992 690 1040 309 1793
18459 52 3957 1761 781 4866 1391 2074 1587 1603 763 597 2362 2955 3048 2811 4387 280 5339 3050
18460 3937 631 2478 187 926 2164 5278 928 385 573
18461 2393 2786 1841 2483 5387 2547 54
18462 826 652 191 2883 544
18463 1176 675 128 77 734 357 1603 152 172 1368 3080 836 496 3495
18464 5540 4062 108 5472 2499
18465 248 331 1633 10 3720
18466 114 3943 2165 937 876 930 481 1287 2146 84 487 881 399 1415 775 2811 2357 1729 1974 5444 5561 1349 3673
18467 2570 877 2508 918 2232
18468 675 3631 6036 4386 1924 144 959 652 1432 2231 6675 148 155
18469 4990 2212 1298 221 481 4632 5564 4352
18470 83 752 1365 61 3116
18471 930 3174 818 3427 1366 1542 3894 4779 4295 855 4192 5457 2039
18472 480 627 757 297 164 337 895
18473 690 4236 108 4518 1868 1315 3242
18474 2354 1113 1240 20 1836 841 299 108 3873 2598 809
18475 2793 2212 3010 6085 1815
18476 1612 316 1826 1991 2087 1474 3035
18477 6770 4605 2995 528 1178 4582
18478 629 631 1526 2479 3728
18479 5977 1287 949 1724 6647 154 2277 2278
18480 2414 3299 4998 248 4462 6458 4533
18481 1949 312 6908 1295 3758 3176 4740 4210
18482 151 146 1388 5661 6508 5823 4023 2096 292 4493 50
18483 2836 859 2518 2165 169 5778 1793
18484 716 5912 3093 3092 96
18485 36 297 3159 636 909
18486 411 3182 5291 2536 4254 2417
18487 871 1340 3299 732 314 1176 802 1199 476 546 742 1942 171 4369 484 114 1922 428 1541 1038
18488 152 4104 4118 3609 4282 833
18489 164 3892 5758 155 4254
18490 3314 1416 246 1396 4737 24 8 1973 2148 407 404 1130 2591
18491 1154 1034 1334 5435 1957 1003 5728 2778
18492 158 739 615 52 1989 822 6155 941
18493 3526 151 311 6036 2160 187 1767 179 612 927 512 514 248 858 687 744 1398 2294 466 4126 3548 1558 6436 1601 115 2281 172 87 2315 160 3099 5629 1880 5382 170 454 1466 4476 929 989 154 186 276 1353 2937 4449 2730
18494 297 4062 245 149 798 1241
18495 259 655 4103 6257 1202 4977 2075
18496 6924 480 2337 160 301 3953 6722 6905 1153 1026 7 1966
18497 739 6057 131 2015 1132 4196
18498 3972 4046 67 7 6700
18499 274 1731 284 5326 5117
18500 1696 311 3216 409 1026 1116 1423 283 3661 390 1486 2461 24 416 826 2267 2673 151 7
18501 1113 6523 1989 6905 3152 1616 7
18502 2468 107 2716 1160 2021 672 1466 254 2693
18503 1804 2207 6036 151 3919
18504 742 687 464 466 2636 6494 152
18505 1483 3423 808 2622 2731
18506 152 2100 1718 687 674 2069 177 1749 1634
18507 612 720 3097 331 297 2034 811 687 152 19 1836 740 1008 4614 813 814 3103 1933
18508 1699 244 3054 546 1782
18509 158 2096 533 2841 1417 2892 4930 848 36 3280 6646 5875 6871 817
18510 297 298 2611 714 6489 3290 4407
18511 246 2188 88 6415 1202 2715
18512 1076 2458 2810 6443 1079 1080 3662 3219 4013 3646 6764 5509 3667
18513 6952 3347 511 2036 4174 1057
18514 4630 3410 1471 1757 1170 3632 744 158 1729 2214 5099 1352 5689 290
18515 1348 4089 592 1342 4199 307
18516 5153 4089 248 600 749 4481 1343 816 24 3707 297 3943 106 583
18517 229 2042 233 2358 1598 5807 3398 5905 336
18518 6213 3848 1286 1026 1841 2673 164 1262 1564
18519 274 5999 128 108 554
18520 297 2289 2102 332 1473 4133
18521 81 5856 6101 2238 5470 5774 5998 3017 5284 919 1541 551 1617 5152
18522 5357 914 2703 5020 139
18523 4209 1347 151 675 1045 4289 5614 3002 2055 2909 5552
18524 5576 5316 2716 2117 1290 970
18525 2203 426 3367 3291 5737 1437 4051
18526 409 1740 2351 3180 1849 2995
18527 2810 1512 331 153 752 2825 1215
18528 128 3312 6121 4458 2847
18529 1487 1353 1229 2078 4111
18530 113 3549 3281 3068 568 2 6454 6641 319 5549
18531 3136 6976 2965 354 166 5383 4523
18532 933 152 5168 2705 237 6564
18533 889 589 2116 832 2416
18534 816 1841 152 357 174 5168 2145
18535 1829 2927 1488 479 66 976 666 4180
18536 1423 1785 5168 1642 5401 1026 3548 2047 5161 2229 4468
18537 2684 4733 1642 957 1603 1622 3636
18538 1984 3565 466 2863 1418 5242 480
18539 76 5397 88 4530 118
18540 5362 2625 2853 2931 722 191 6198 3115
18541 363 179 264 1893 991 6766
18542 946 596 114 66 4760 6578 2391
18543 945 1067 227 128 740 1241 917 788 1069 823 1076 1779 2422 401 3674 1697 1144
18544 311 152 5891 241 969 808 737 6765 4638 1384
18545 4096 2155 6679 1116 1384 4456
18546 987 583 1137 3504 1577 3685 50 1557
18547 5316 1673 149 1389 877 58
18548 247 2383 1379 3276 1729 4740 1008
18549 1347 96 280 1209 339 5523
18550 5868 2354 68 2536 420 3764
18551 76 3039 98 1481 764
18552 1150 189 1202 905 2519 254 6575
18553 1639 1036 1526 1029 3826 5292 588 336
18554 1866 913 4990 575 2474 2685
18555 3403 6390 735 3675 2056 34 763 961 3610 5022 588 1229
18556 736 3863 3994 4972 5476
18557 473 1688 152 1246 6822 1337
18558 149 753 1185 666 930 2152 192 5460 2892 809 1215
18559 4629 1346 3632 5586 2235 846 2075
18560 1192 3100 2590 297 2920
18561 4350 1202 1104 76 118 6912
18562 3723 2231 2667 2232 3573 2831 2234 6757 2254
18563 3583 4508 127 303 5576 108 5934 71 505
18564 4295 221 3545 390 1013 2892 2044 87 3320 6592
18565 651 328 5623 1123 3537
18566 2842 1006 4336 3943 2607 80
18567 800 3397 675 701 3283 1351 588
18568 1575 1416 1385 2414 576 152
18569 4198 2572 848 173 6492 6981 6265 254 2056
18570 4946 1259 221 152 655
18571 765 4376 297 813 2267 4722 909 3243 794
18572 1800 979 5325 75 2474 306 1775 2383 1408 4617 2323
18573 464 2134 2585 3324 3367 5388 2742 4735 2934 1 3397 1348
18574 1665 173 1313 75 6710 712
18575 860 87 775 90 3519
18576 2419 146 152 740 4458 444 871
18577 1551 319 369 5891 763 331
18578 76 1444 1725 3391 898 53 2376 2433 4297 1046 2435
18579 541 2679 540 473 223 1433
18580 366 1644 2757 749 572
18581 860 712 1008 2072 3453 3504 2512
18582 1113 687 4290 1041 6081 1711 4524 254 179 1595 2597 2121 3263 1298 1022
18583 1415 1035 2182 5785 680 1811 1153 6751 694
18584 52 2553 4740 2537 5492 4237 172 1916
18585 1229 2540 1551 68 314 2928 4642 156 6310
18586 1178 1034 1398 2281 1696 4109 2791
18587 3583 1026 1610 3371 2866
18588 3720 972 1380 3522 619
18589 5619 3779 5113 6557 5966 78
18590 1890 1287 619 1425 2870 89
18591 621 1614 2165 240 832 930
18592 1224 2482 1157 872 4177
18593 3100 432 4343 2027 855 4850
18594 742 81 5874 702 1008 6624 1508 788 1637 5673 50
18595 2383 2866 5278 6883 1879 6041 4856 173 3758
18596 4965 1271 248 1788 1315 3160 174 2618
18597 19 1697 2932 266 1774 2022 2829
18598 6137 1447 1343 1243 666
18599 3340 1601 554 390 81 3633 4180
18600 742 476 319 5576 2057 4495 4213 4755
18601 2246 341 816 989 1055 10 4189 814 2140 681 76 3301 4445 5255 1020 3986 401
18602 1640 1641 1845 3918 3436
18603 276 2621 125 6185 4698
18604 4646 563 534 274 1949 1987 3536 5287 615 1040 2350 53 3325 311 297 164 128 740 221 2951
18605 1416 1410 352 2792 2872 5972 3746 649 3678 2069
18606 790 5463 256 2632 7
18607 1929 2956 1396 305 1551 1100
18608 1978 1549 440 2098 3728 897 763 35 1986 1584 1979 1536 1067 2087 740 2860 4894 1456
18609 938 4417 1896 2533 232 991 234
18610 108 3082 944 636 1076
18611 917 1741 178 171 1255 3097 336 3161 428 1557
18612 5914 1526 5541 956 3366
18613 6936 4820 1473 1434 5030 4494 2742 114
18614 4017 767 1240 3878 3448
18615 1699 118 3092 519 4022
18616 1397 958 1776 870 3188
18617 152 1714 2323 2582 556 349 511 72 3839 510 876 4584 962 1581 1224 2590
18618 695 5324 81 5614 473 2681 4879 4618
18619 651 2864 131 1410 821 390 373 237
18620 6634 1347 1801 6550 367
18621 687 1729 241 1365 291
18622 5410 1242 2037 3077 985
18623 4180 432 1393 781 595 6057 3699 2909 93 5702
18624 2934 3372 357 836 174 629 6076
18625 1998 3807 2330 2706 1867 229 2761 2901 1999 3799 6430 1067 360 4417 179
18626 474 2501 745 668 2160 4437 245 3755 2467
18627 3208 798 24 6539 6287
18628 1663 1665 3469 406 4871 5816 152 4890 749 1433
18629 2565 6145 1433 275 6731
18630 5394 108 2010 1008 723 6935 443 5380 1880 6469 852
18631 2995 1891 266 81 497 10 170 1943 4343 1973 2913 3859 4793 3996 255 1717
18632 45 4088 108 4426 249 1006 1995 2530 60 61 1013 2777 3955 5151
18633 5588 5589 2275 5420 393
18634 325 3367 2933 1331 3390 1329 2752 1361 4279
18635 930 5067 4937 170 174 6916 3752
18636 2715 396 2418 2249 2416
18637 2006 3754 297 687 744 487 493
18638 3714 2814 2810 6221 1278 1184 4599 2007 5006 2593 491 1279 1065 3648 3980 5804 5249
18639 519 4562 1526 5537 297 3290
18640 2795 4842 1166 539 3413
18641 1670 2792 4157 1405 4554 186 1006 1987
18642 2311 2922 1719 2661 2200
18643 2474 186 4672 1499 2847 4922 763 2721 2113 507 1355
18644 4335 859 362 179 5143 3120 359 3032 3578 4023 538
18645 1266 3029 821 2098 876 3758 603 6323 4344
18646 97 53 150 1147 558 2259 1396 170 539 1752 134
18647 2408 3957 2684 2763 6584 5260 3497 4606
18648 1841 1342 875 53 86 221 4801 2806 542
18649 826 4295 1920 62 1013 171 75 1547 1149
18650 5488 5358 461 1140 714
18651 4955 6416 188 5512 5787 1592 141 5299
18652 816 988 2007 473 2432 2567 347 6021 2096 1670 3925 1224 298
18653 2549 4417 179 1029 6613
18654 1561 1626 20 2141 3077 100
18655 6934 517 1110 5518 1613 50 3339 2563 1481 3264
18656 253 2156 69 2616 4665 2215 155
18657 34 149 2419 2665 714 2876 2460 1215 254 2935 2056 260
18658 2685 2691 1038 2871 2314 6270
18659 4607 1754 3390 425 211
18660 474 274 4709 3663 2370
18661 6554 1415 1412 2314 3975 1797 4436 1449
18662 150 814 4469 76 2064 4943 6809 1553 3832 1435 128 1484 2140 16 2090 269 4669 3548 6107 2712 259 2693 594 324 3720 3489 5717
18663 301 886 1199 797 2644 4732 158 4411 2140 3240
18664 2530 6605 895 6183 2620
18665 1014 475 4892 668 2827 923
18666 1587 3068 2967 1545 5181 1480 12 120 4796 1967 5079
18667 6003 2825 1462 2473 2262 701 3072 88 1017 4232
18668 1770 3943 3335 149 3118 1503 2146 1013
18669 827 2934 152 841 3068 1582 4384 1008 60 6974 24 61 2673 1181 1616 211
18670 2937 5858 6740 4008 810
18671 186 2351 925 3120 6708 3328
18672 1680 6379 4744 409 5712 1158 1849 1181
18673 5037 3390 1165 4295 80 296 1691
18674 2569 5829 930 717 1574 5070
18675 1639 2886 852 1755 3383
18676 2009 1764 179 1883 3616 711
18677 2172 2446 2497 3196 3707
18678 796 1392 1236 1432 6277 266 476 2280 2357 4857 2462 5496 1453 1459 1069 1435 238 972 3043 4304 24 758 918 6295 4918 1353 2673 152 2547 3286 2860
18679 901 7 3841 2757 126 624 74 752 3942 1149 7013 5168 2019 3397 1124
18680 6998 81 944 352 816 227 2614 4211 2908 1976 2518
18681 1511 1642 115 2462 3283 912
18682 532 1443 3374 2588 1433
18683 2988 959 1508 4296 5444 5758 783 4379
18684 1767 4100 5604 2646 2638 457
18685 576 3265 3605 78 768
18686 158 237 3540 52 2588
18687 81 3988 759 4612 2519 4901
18688 863 1396 221 816 307
18689 2706 363 5970 2838 2707
18690 2729 584 4053 1202 35 3762
18691 6814 5338 20 6523 2874 3401 2637
18692 167 2387 6855 2603 3684 1239 989
18693 225 1177 267 1298 4103 1209 2139 5956 694 1495 5012 2451 1022 3699 6423 666 4164 6279
18694 530 1703 675 701 771 1982 625 1738 1876 918 5690 1172 2585
18695 1150 2276 152 85 174 583 4356
18696 45 901 1372 235 43 1942 428 359 97 2306
18697 3190 5374 4638 1692 876 5687 1843 2148 167 694 142 5293
18698 2512 4847 4049 1038 1393
18699 152 5845 5544 596 1812
18700 2818 1770 4921 680 1313 1035
18701 1844 6296 1104 3684 2384 3414 1329 2229 1804
18702 249 154 6138 1021 2570 227
18703 2636 76 1878 1640 1890 1008 1456
18704 2618 2082 933 2281 277 1019 818 2591
18705 3247 3754 859 1038 2953 6222
18706 6496 1708 966 2364 3471
18707 550 1979 155 1241 1793 1017
18708 1418 2073 3836 1379 3593 4986 4661
18709 5161 5410 1467 1468 1072 4896 5007 1604
18710 35 3009 4560 1626 3181 986 3621 3121 85 586
18711 2343 1990 959 1156 227 311
18712 3548 4961 3898 1582 108
18713 2468 4886 6304 3264 155 953 2565 1417 548 739 930 53 271 3276
18714 511 2544 3254 2685 2492
18715 599 423 5127 744 1041 2757 2987 2530 281 117 832
18716 4268 928 2136 5153 957 1744 1071 6380
18717 108 5987 3160 3714 297 2588 3190
18718 5180 3943 619 445 141 4669 793 2508 3714 9 3466 2884 4720
18719 4705 4366 5061 2677 2087
18720 36 52 3203 6308 2019 3460 1752 3031
18721 6287 3397 298 85 2418 803 1630
18722 3629 2557 1631 81 5628 5932 2517 4591 4038
18723 2210 154 401 4475 594 3188 5900
18724 2409 186 2473 1699 3121
18725 1962 1379 76 88 336
18726 1444 3720 3429 3728 881 1011
18727 1385 2757 798 2841 3569 3108 1868 4447 108
18728 6052 331 19 4298 3311
18729 4919 4049 1729 655 71
18730 3029 2864 554 309 823 1485 2037 416 2884 855 482 6784
18731 4063 1510 2445 5151 600 114 884
18732 301 2607 6153 4133 2563 3151 294 2191
18733 665 3996 6653 1925 1691 1940 3066 302 2262 3955 2547
18734 847 744 3093 2632 4981 54 1783 3931
18735 1239 2150 5399 4508 1185 1362 832 1297 5765
18736 245 186 588 5646 507 2744 991 1297 1347 6398 557 1199 918 3752
18737 1510 409 6935 5189 1581
18738 3735 242 6841 114 2648 3609 1487
18739 453 2807 4386 1433 1718 3930 4387 2955 1355 3999 4966 5412 5249
18740 2912 140 1200 6166 4823 1202 3720 4325 2090
18741 5236 859 517 3549 1482
18742 476 166 709 6791 1022 998 2366
18743 359 808 5915 4699 1114 54
18744 4893 4230 2183 4066 3548
18745 2774 5731 744 236 1200 631 4842 3280
18746 5055 1304 3414 2860 2375 55 2716 1603 2598 809 107
18747 4187 2794 1941 822 1 2419 428 6282 567
18748 791 7023 80 1286 6753
18749 720 263 268 1199 3574 367
18750 2047 2220 81 3714 7 1985
18751 945 151 948 440 1610 5766 1381 170 711 1690 519 5238
18752 596 297 322 3819 2456 89 5484 335 6884
18753 6083 886 3957 1579 501 319 1185 1716 823
18754 297 596 4376 1673 5245 3927 2320 4846 713 2029 2673
18755 2110 1026 3276 1807 4481
18756 1329 3204 114 1727 681 76 683 6894
18757 3612 75 1727 583 5255 1932
18758 1298 767 817 3610 2785 4717
18759 2220 4573 2319 35 4574 174 4026 1103 5750 1102
18760 1029 1729 3821 1880 2074 2557 1390 3510 3028 2852 153 5018 3791 2580 637 476 1115 155 5185 3121 3243 417 623
18761 1123 811 3729 6519 162 5900
18762 675 1484 89 2143 6751 3210
18763 3017 4866 1788 4157 506 847 2082 1510 1337 3490
18764 1038 1507 174 2220 4858 425
18765 1185 2113 328 1484 545 1912 517 1665
18766 4665 5327 4174 4731 339 4797
18767 5646 2384 6884 3431 4710 517 1444 5167 328 2188 681 1712 2965 2064 2364
18768 4892 3975 633 3533 298 481 1740
18769 1485 885 1224 1286 2501 3030 1208 4996 3562 639
18770 128 3160 1365 1631 5255
18771 268 4695 3603 7004 5151
18772 621 1266 1511 135 5813 1734 146 657 5107 352 670 5926 24
18773 1202 115 2225 680 4466
18774 2359 2608 1125 297 876 582
18775 67 3651 1273 4044 1614 2186
18776 4450 156 138 452 5335
18777 940 108 6805 1334 1418
18778 1271 2146 94 1685 1678 2148 3612 1442 37
18779 535 1321 476 3792 1970 1315 636 153
18780 6002 567 4463 385 4858
18781 2987 4199 1785 1035 1788 4665 2847 4210 2057 629
18782 1843 4565 701 221 5739 4796 36 877 16 4115 1094
18783 114 1921 287 3117 5740 653 108 3490 3985
18784 114 590 2621 546 6281 587 2972
18785 234 3749 2828 1843 1598 4728
18786 2569 3605 1385 4022 1309
18787 19 1890 622 88 53 2308 636 1987
18788 5930 4318 1291 1124 577 6633 4466 4101 186
18789 594 4416 6927 3960 2298 4737 68
18790 26 81 575 456 918
18791 1610 1216 506 172 5044 666
18792 35 68 1202 4295 2298 220
18793 3252 480 2639 35 3200
18794 23 3501 4453 1029 4619 195 1711 403 4029 1987 674 784 5281
18795 1729 6141 1013 403 4796
18796 3448 3280 3707 4875 2370
18797 1045 1347 2044 5222 1459 3600
18798 298 4722 114 45 1185 1411 540 3139 482 5004 1347 1312 2357 6426
18799 1176 1287 1365 4293 2380 4963 1122
18800 432 792 200 1137 1388 476 3609 3445
18801 1055 53 3463 1752 171 6170 3390
18802 2273 2457 1167 1631 1438
18803 2999 834 153 2446 287 5389
18804 16 2367 1137 2909 5435 211 6170 3515 298 1473
18805 149 2657 10 60 101 1003 1697 4976 1841 108 2044 983 1365 1434 1533 5781 1371 6889 2929 292 2125
18806 727 1267 3911 2096 5899
18807 3125 4161 3029 3121 1055 1825 2252 76 89 1395 2404 2060 1826 836 1499 1228
18808 364 1119 5188 2770 6325 3397
18809 629 740 3216 1365 5957
18810 476 240 460 141 1511 108 1137 6344 6727 2146 5447 2883
18811 1627 5482 2927 3190 1377 694 2662 264 476 1119 742 739 1254
18812 5949 1072 556 1467 2967 1468 2704 5584 1060 1081
18813 644 3289 192 2840 2466 2998
18814 836 93 1149 687 3057 49 3175 6492 170 2376
18815 1432 473 1514 489 1715 4902 1433
18816 3139 359 36 446 2372 996 1501 626 5770 4694 5313
18817 1035 680 1811 223 164 3035
18818 1036 5624 3171 1138 270 5464 2067 2385 56 248 1989 3188 589 242 4161 3080 153 2153 1139 5770 2796 5884 5579 1379 2357 154 2752
18819 681 89 793 91 5498
18820 739 753 1055 108 191
18821 1329 655 6719 4697 4210
18822 512 149 1847 152 5075 3605
18823 5575 763 2477 1703 6589 1113 826 2400 1387 2037 2892 2607 1920 1314 787 5689 2175 136 6349
18824 1291 810 2612 1422 39
18825 1622 1008 2447 5148 61 437
18826 3456 1040 243 5057 1775 1997 728
18827 1183 493 583 1651 174 247 1330 636
18828 629 1812 1661 357 4580 4 1020 1616 3707 3581
18829 4774 694 2107 7023 1729 1587 1782 566
18830 331 4646 1729 5931 2357
18831 221 90 2766 37 253 2997
18832 1484 2966 1069 1410 6513 4789 154 832 6955 4546
18833 1894 1176 221 3365 733 152 114 3181 108 6396
18834 1468 5937 356 81 1976 1595
18835 3157 2082 416 6855 758 3605 4297
18836 1602 2784 838 332 3415 5672 53 305 2889 454 566
18837 5478 2073 1185 2622 970
18838 1138 5450 5937 2274 93 13 841 1508 186 317 1950 652 2470 905 357 767 1326 783 5139 1540 1115
18839 1 867 162 6881 240
18840 4646 5576 2008 3594 5931
18841 2358 556 179 6613 4552 409
18842 297 5287 4573 558 3882 3586 721 2474
18843 202 3150 1254 1485 426 1737 492 3529 2895
18844 753 319 87 775 76 682 793 5676 4936
18845 515 1210 1888 4968 1202
18846 915 2038 5806 1331 1416 1388 275 2458 627 2096 4343 6098 1008 155 6664
18847 5058 1276 4688 5233 4014
18848 3898 237 150 128 1222 4424 3676 897 1022 579 972 1231 2201 4457 2531 813
18849 1208 1342 85 1680 1527 6097
18850 4665 1976 1485 897 3937 1452
18851 1199 2105 352 390 4234 2070 5959
18852 1816 2383 164 805 2328 3096
18853 1053 1055 997 1501 1137
18854 905 21 469 1050 3419
18855 1124 958 4101 1111 5712 2337 987
18856 910 1471 53 2775 452 2238 156 1255 5034 66 266 847 2075 3363 291
18857 4378 168 340 817 5435 1298 1137 2376 5768
18858 6107 683 684 3445 1537
18859 2633 668 5128 3104 5913 1508 1673 172 788
18860 365 182 2954 4221 1999 2708
18861 181 79 1041 1686 582 419 1645
18862 150 1385 1577 181 297 1930 2859 653
18863 331 1042 665 740 3512 3567 49 4435
18864 823 1467 247 307 2580
18865 3540 1729 574 76 174 4093 30
18866 227 1515 127 930 37 675
18867 5148 2151 428 2564 3231
18868 481 6507 953 4192 169
18869 2533 5684 1315 1877 2329 65 1849
18870 1271 6507 158 811 693 2425 680 223 5916
18871 2904 3690 2256 6228 492
18872 1639 863 1038 729 2212 1113 2726
18873 1291 5094 6977 1192 854 6163
18874 297 666 1843 4626 629 4450 3115
18875 152 621 266 298 2934
18876 1332 1333 19 1202 3545 930
18877 367 128 3389 3255 2600 6002 151 4323 1348 432
18878 1 1050 5250 5326 5480
18879 3938 448 489 4637 403 2607
18880 938 1599 5462 4671 3379
18881 88 5568 1297 2282 2290 4619 892 655
18882 1762 1729 59 852 5675 5884 1078
18883 2447 110 511 6528 617
18884 2201 711 428 2300 918 4457 5223 1841 416 1029
18885 798 356 4791 2011 5036 4667 624 4476 2504 1830 1347 4210 5898 3706 2455 5579 1822 4337 1483 3244 771 3216 1177 292 961 3992 2890 108 4157 3302
18886 1147 2010 1170 821 1841 4758 53 85 370 6362 6695
18887 361 6671 576 189 4467 3264 4893 968
18888 3621 122 446 152 5899 4453
18889 4928 742 813 4023 1215 6808 5793 2
18890 827 150 3604 4309 4954
18891 4880 3953 280 2092 2178
18892 1471 1508 367 1807 4135 1515 5190
18893 311 583 6407 5440 809 251
18894 895 3878 2814 2125 4030
18895 360 2000 3651 4386 1522
18896 957 1988 852 1793 2482 663 1859 4078 331 2110 4774 357
18897 987 1034 3011 5867 2007 1664
18898 1163 874 5741 711 192 1785 2019 2020 1337
18899 53 1629 7 353 863 409
18900 1754 6638 4467 5882 5307
18901 1825 89 118 1991 2364 1699
18902 2339 114 6444 1224 5638 860 229 1427 2210 2211 826 1305 3624
18903 4656 6685 460 141 249 832 5564 2567 1541
18904 650 1170 3894 1160 5261 6159 2932 1047 3280 3797 2357 2417 6705 2297 1646 1207 950 1219 1939 687 1013 1019 4301 6163
18905 826 6966 2681 2345 817 4293 1890 3767 455
18906 1891 749 7 631 1192 1737 154
18907 2890 14 5551 3196 293 1026 6155
18908 16 2357 852 4770 2322 66
18909 3803 687 808 3259 2898 1432 1532
18910 4067 6375 1984 6230 476 108 583 1138 5036 816 6711
18911 4697 36 2092 1465 2093
18912 4183 6381 2813 2211 3694
18913 158 1529 948 5637 271
18914 972 1067 5154 5891 2394 5392
18915 5899 266 4146 4851 6341 164 6474 2390 3789
18916 1757 3943 2172 2785 452 2947 2790 5778 5888
18917 1644 2370 6163 4621 4196 1877 6909
18918 5945 1546 6331 2860 4749
18919 1630 3624 1222 128 2141 356 583 40 2436 5064 287
18920 244 4309 4119 356 2604 4724
18921 2790 5016 1271 106 1192 1149
18922 3266 1634 4297 824 5691
18923 4953 2277 813 1269 2638 1352 36
18924 76 493 1123 1415 2076 1287 89 2508 2364 4669 1932 2247 384
18925 2832 6517 742 1369 1538
18926 2550 2414 3035 1153 2247 1329
18927 476 1177 367 3266 153 1146 2075 3801
18928 739 1165 331 297 2829 678 73 1357
18929 108 2579 816 1417 1743 653 1202
18930 20 1836 4362 2384 1210 950 1326 1876 4282 4445 1537 5831 4451
18931 1273 2758 4818 859 427 2012 2354 2956 3196 2419 787 852 612 331 1202 1041 788 416 4064
18932 1008 6286 155 1353 794
18933 4411 5755 588 186 457
18934 173 1630 2357 2345 2711 4325
18935 690 989 367 881 1459 336 895 2073 63
18936 435 1055 2657 2044 3927 353
18937 36 3617 108 1610 1209
18938 19 6995 5813 998 5212 3203
18939 976 1622 6975 773 1211
18940 4604 4687 1458 4887 4733 694 1069 1876 291 701
18941 3097 1622 918 4112 672 117
18942 1868 1914 68 834 631 1203 2106 909 1631
18943 4644 4393 89 1475 276 961
18944 720 66 1962 1340 200
18945 588 1978 2010 399 1388 4522
18946 96 221 1662 5497 772 1956
18947 1847 1485 2897 2795 6319 77
18948 1763 2304 4192 1474 2630 1337
18949 3141 2135 410 2387 966 221 100 3256 905 390 170
18950 4789 1287 89 3193 16 846 6405 1329 1603
18951 427 3205 2867 6593 368 269
18952 740 69 2752 6274 259 1741
18953 617 718 2519 6825 166 24 5009 5247
18954 1208 5630 41 522 2165 2776 815 158 271 1754 301 266
18955 1891 1844 1494 3133 1023
18956 5843 3456 5138 1412 886 297 332 1747
18957 5666 576 78 10 3140 109 2262
18958 179 96 267 1038 2013 881
18959 1976 3984 4994 68 1662
18960 793 76 3720 6054 2720 631 1888
18961 4779 4860 1499 631 7
18962 3163 1920 3460 2561 588 1767 2673 2500 1255
18963 3967 2140 266 1693 87 3524 4132 3166 1387 2406 711
18964 3165 1038 4152 2512 6915 3283
18965 5625 4007 1417 297 2450 2371 108 5051 653 901 1502 767 4386 156 4190 5340
18966 522 523 4186 1467 1059 4659 4012
18967 2550 298 763 807 4516 5102
18968 1241 4291 2536 155 458 1272 3593
18969 1255 1332 5250 1208 53 1333
18970 5375 4953 1579 2136 150 1398 3702 1845 151 4508 1040 814 3193 24 6368 733 104
18971 1297 434 1836 2636 889 454 694 6180
18972 68 4763 1298 1315 324 153 705 1539 2797 1634 2866 174 1547 4207 3231
18973 816 16 7 1610 556 3944 191
18974 1297 1347 2212 2045 276 248 889
18975 152 663 378 4866 1716
18976 1476 4737 596 3842 4175
18977 2784 1045 2757 3346 221 1516 1776 4264 1177 1199 1055 53 69 2140 655 406 1048 52 5939 5783 99 2729 4854 436 6959 2502 1775 1587
18978 1230 1723 114 3139 1933 3452 2614 1922
18979 2934 1770 1133 6936 751 98 2258
18980 3046 2620 1665 2927 306 1901 2054 309 1467 2967 1077 275 5078 5133 4255 1469 4451 280 4966 4661 5247
18981 1347 221 2752 1604 809 3449 1927 1416 1417 2076
18982 4653 2573 3795 1828 728
18983 377 1750 3968 3216 1807 1011 1060
18984 284 3328 930 2232 4986 164 1329 1022 6690 5098 2554 1973 1026 2576 5509
18985 267 268 635 6020 2825 1845 3905 2098 4408 966 2785 681 3918 6954
18986 3370 666 2291 4188 2447
18987 621 1185 858 1503 276
18988 5725 3933 2530 474 1650 1668 711 1255 4053 24
18989 6508 3429 3134 1113 405 314 3357
18990 1208 1029 6613 4418 363 360 3553 2654 5807 736 186
18991 2101 532 1227 2629 4371 3163
18992 2125 5556 1342 3088 30 2437
18993 1038 2757 3188 1150 114 1149 476 1551 652 655
18994 6788 1639 4340 300 2146 1208 108 817 826 128 905 6655
18995 5143 1379 1119 2580 5773
18996 4806 576 1026 1610 3682 117 1070 2662 5085 29 5228
18997 1447 1305 797 2014 2929 617 1782 1643
18998 1759 902 6191 391 156 6528 134 128 5290 3066
18999 5542 1510 1067 5632 1969 221 876 1286 860 1165 2949 1836 3501 4150 1011
19000 859 2294 3426 1008 1241 2450
19001 108 89 4346 3233 6461 940 2673
19002 4209 4819 4522 2067 1229 2840 1708 221 40
19003 5143 1305 5421 2885 1396 2102
19004 179 229 3550 3185 1137 4712
19005 55 357 4672 2094 482 1975
19006 829 4860 998 1390 2847 6971
19007 4058 359 1587 1662 36 629 1432 3333 314 2917 405 3134 2673
19008 650 1432 847 2013 1318 416 7008 3038 211 739 842 10 1925 2779
19009 2273 1353 1235 105 2178
19010 1410 3100 5332 5716 4924 1112
19011 328 1412 3013 3100 417 2052 2479 151 1011
19012 3549 3628 1176 1868 2091 681 1146 4079
19013 401 2372 4512 937 3292
19014 114 2308 245 68 2616 403
19015 5755 2206 5628 4629 457
19016 318 328 666 824 4890
19017 2706 3377 1999 1891 1018 1235 940 7005 3295
19018 2737 925 1927 259 1711 837
19019 1511 4697 1532 5760 1987
19020 1026 896 91 1755 569
19021 274 268 1210 5894 6824 171
19022 5969 1988 3042 108 170 905 3714 171
19023 297 1202 2796 1708 2419 1975 316 5182 106
19024 771 701 2277 3190 1209 4535 2615
19025 1603 4228 5066 809 5219
19026 4954 1631 2422 876 4905 2851
19027 5077 830 1718 1932 297 1137 1191
19028 6173 5059 3039 1239 3
19029 1150 446 929 1125 2608
19030 1601 565 4854 1200 2129 2989
19031 53 1055 898 913 5449 307
19032 1344 179 476 3403 2048
19033 2550 5529 1973 3340 1924 1703 918 4811
19034 1055 2003 4806 2985 476 2377 443 636 905
19035 876 128 4488 974 2987 2044 5954 6865 276 5225 2826 6709
19036 1991 4507 1825 1434 5901
19037 2414 108 1287 816 1889 3831 1691 217 1298 174
19038 1 2219 707 817 3397
19039 3438 155 675 3830 457
19040 987 2859 885 122 2279
19041 1595 1630 2308 254 4325
19042 863 1811 2290 3347 2762 4828 4669 6995 2943 2883
19043 5081 3838 6864 2007 5938 297 2981 1370 3201 532 781
19044 66 1884 1158 5366 1595 1166
19045 2572 2982 1512 5138 2606 625 6158 742 3583 5375 711 2249 6904
19046 1342 306 149 454 501 3397 24 6595 2632 108
19047 4515 1763 1639 1503 151 1987 1149 1055
19048 419 2656 2657 731 5024 152
19049 4111 596 156 1348 1229 131 3600
19050 1252 3828 4429 3574 3909
19051 2764 2430 87 3569 5649
19052 2537 501 885 3827 1172 382 2585
19053 762 356 1473 4857 3078
19054 19 4633 4102 380 117
19055 6204 3529 6752 342 3279
19056 5917 2675 5579 3420 4171 1287 7025
19057 4045 67 108 98 2928
19058 2174 6785 6469 1750 156 511 5931 463 557
19059 5934 3504 1841 1390 222 6868
19060 444 2600 319 6878 1329 1680 284 437 3150 1019 2032 1326 6053 642 1890 1699 2144 637 909 117 5022 5904 1337 171 4319 1622
19061 1347 4625 98 2012 4199 4340 3686
19062 46 6832 4642 3820 6722
19063 933 2051 1485 1914 2588 4386
19064 5689 4598 576 117 3172
19065 73 1370 65 1068 781 6906 1617
19066 2742 1438 1251 4333 4912
19067 432 298 923 3966 1801 866 5823 4548 5355 946 146
19068 910 68 1298 917 2581 248
19069 276 268 3288 5844 68 1040 3961 901 3373 315 3001 4259 4104
19070 24 2468 574 6277 814 4071 3459 1451 2893 2140 1077
19071 886 428 1022 776 53 2037
19072 858 1516 152 2934 66 5084 558 4756 3187 5630
19073 91 3674 63 174 1497 4824 1297 76
19074 1005 3879 1354 5896 155 1487
19075 2987 4620 6202 428 5831 2301 1689 1147 1729 5206 5678 1078 1837 4064
19076 763 1844 108 3160 166
19077 4961 3322 2737 2580 1951 3917
19078 1825 4329 2496 108 88 154 381 687 877 5873 3691 1673 2100 3136 681 2410 937 2622 330 4750 3444 1026
19079 311 3397 848 87 836
19080 714 1235 2424 119 2254
19081 325 1038 4123 2536 3635 4780 4659 5805 3222
19082 593 3879 4856 5066 5389
19083 4410 824 6825 5752 2328 2945
19084 5162 1072 1841 980 1467 1098 1909
19085 3285 2860 4253 2499 290 288
19086 5138 2037 4210 81 2466 4632 3780 274 3688 6777 4362
19087 1810 540 2017 1197 54 1229 4295 6298 238 4394 4111 2650 3876
19088 2110 300 173 2200 2883 3231 886
19089 268 317 370 3032 4893
19090 1224 2128 897 298 837 2602 2982 2490 1445
19091 4526 2145 2291 1569 2603
19092 367 647 4304 156 1426
19093 359 1200 2784 1297 2657
19094 3288 246 1662 2482 6319
19095 2204 1 3382 2205 2116
19096 257 1819 1843 114 4733 4343
19097 859 2988 1432 3764 2030 6214 151 7019
19098 6835 464 152 2512 357
19099 1624 309 4872 4632 1697 1932
19100 2399 5531 621 809 89
19101 1699 2314 4023 3720 937 1730 1711
19102 863 1847 3065 3541 3812 4171 114 1149 1622 4569 276 186 1415 5800 1711 2215 408
19103 2818 745 474 557 1176 2793 523 2655 123 1034 827 6084 3806 5681 1296 2953 297 1402 152 1857 2360 1843 4384 6523 2688 4758 3826 1691 4637 1398 409 1383 3637 3578 712
19104 2016 695 2482 1474 4643 1313 1882 481 2393 3852 49 1026 1241 3519 1167 1841 1146 3084 492 132 1467 1545 4229 321 4331 2274 6168 4389 4387 397 1070 17 1062 2057 4688 962 3647 2973 3050 1337
19105 675 2136 3121 6003 2142 5955 5758
19106 2224 1772 1383 276 6416 2156
19107 858 1982 1503 5740 3951 80 4618
19108 558 2283 4126 5981 2657 1140
19109 574 149 52 1288 6558 2060
19110 262 3072 408 119 323 221 4907 1444 3537 793 118 4445 565
19111 369 1425 1184 491 5006 1429 604 6027
19112 1038 732 5048 6436 3072 1641 1643 998 71
19113 5469 2220 6189 10 4298 1292 5914 2657 1426
19114 274 3434 5153 271 2470 1022 420 3039
19115 6193 3943 1737 2588 430
19116 2332 4504 5506 2339 3710 1862
19117 297 152 2676 248 242
19118 6932 1150 1643 3591 5878
19119 3928 583 6827 4375 2453
19120 5301 473 6472 617 872
19121 1113 876 1626 2630 3404 918 66
19122 2767 3567 152 5734 1165
19123 3567 52 1970 482 1208 4418
19124 929 463 763 1483 2286 3849 357 2519 2920 164 1674 2049 4108
19125 1287 2451 3284 3179 4157 2108 1233 1453 458 2319 2201 1668
19126 221 2052 749 3397 382
19127 1198 3697 2061 2165 2883
19128 5839 1350 4242 2291 1496 2588 5445 3606 467 2951 4383 5005 61 339 2878 3883
19129 2912 4250 821 53 2106 321 4789 1699 2160 1549 5745 4053 457
19130 2632 276 6296 79 2098 325 767 284 5728 3571 236 909
19131 276 3252 1843 217 1914 740
19132 2311 318 6457 2512 126 13
19133 1026 409 929 66 298 5397 5335 1485 933 3943 2146
19134 2450 583 275 2225 3860 1524 1714 19 1040 974 4793 2061 1610 119 5389 6147
19135 2462 89 2509 5314 5356
19136 2984 5122 2901 1987 424
19137 3586 5593 1373 3363 6361 4112 4082 6741
19138 4501 152 86 4614 87 6493
19139 764 6908 3136 319 108 1012 2922
19140 753 476 4302 1510 5977 297
19141 3595 1350 744 3894 930 266 152 2975 1040 4678
19142 5355 979 753 4491 1335
19143 149 968 356 24 1414
19144 2095 1312 3754 5956 1069 612 1987 13 297 2122 581 125 4411 1836 863 693 1577 1929 6486 5745 672 2337 1215 354 1365
19145 945 4802 1318 4089 2258 6202 449 1396
19146 1241 1008 5932 4954 2064
19147 3601 6878 876 6094 675 501 2429 3584 1069 2425
19148 2006 5891 168 5642 6871
19149 1696 78 84 6848 3913
19150 5535 4799 2909 81 7 4358
19151 768 3007 2943 3692 1494 3688
19152 6339 2838 3807 1224 3865
19153 2841 221 858 3339 351
19154 621 1505 3151 5853 1022 171 794
19155 2900 2404 5159 7 3459
19156 3540 899 1708 2881 1203 164 2797 1696 5782 3151
19157 596 644 784 1503 136 587
19158 885 1128 164 921 2191
19159 16 1149 1036 1456 155
19160 745 4751 4425 1844 4309 5497 412 5580 2795 3647 3075 259
19161 2350 635 3068 78 489
19162 503 546 2350 625 4934 5577 1767
19163 3943 2393 1763 3134 773 3331
19164 1149 1411 227 596 1987 5315 480 1880 6186 422
19165 1891 1385 652 1356 187 189 1727 4119 681 5496 1366 593 1890 4244 462 3276 1120
19166 1250 1728 349 93 4285 3824
19167 5582 841 732 5372 847
19168 1867 264 2535 2654 1780 1739 297
19169 331 416 2152 169 832 5140 816 1933
19170 4677 3778 1857 3510 897 1640 1008 556 1433 757 1237 4622 257 2693
19171 5154 3723 160 871 4094
19172 763 6935 7 1202 357
19173 886 5257 805 6488 712 6523 5314 155
19174 4490 3685 1554 1807 24
19175 6245 4104 4658 359 2636
19176 1113 79 876 1696 152 4981 889 1396 3728 1630 166 1348 2771 357 3397 4466
19177 268 5109 4922 4652 4866
19178 651 274 390 305 4397 670 803
19179 2962 5333 1484 5179 1345
19180 1504 3846 3199 4275 3309
19181 1053 367 1293 4094 3080 1359 128 6557 5090 173 2569
19182 1147 271 876 2430 127 108 1271 1287 129 816 1988 492 1508 3025 4936 1290
19183 2645 5055 114 992 3755 2523 2515 2926 2793 976 2014 862 4184 876 5841 2846 141 4119 3966
19184 1500 1347 108 6006 3000
19185 186 2442 853 7 2276 886 749 6715 5535
19186 753 1930 1841 4113 3144
19187 3539 1 6749 593 1210
19188 5084 6127 3110 32 4021 1767
19189 4454 1611 172 1679 89
19190 3068 476 1185 643 989 54 1030
19191 187 223 3693 1069 3376 3504 1147 1035 424 20 1811 473 4199 3738 3327 119 3528 5599 790 620 2232 2831
19192 331 537 729 298 5661
19193 2794 370 2808 556 154 1468 1467 910 81 5927 3367 2053 1012 876 19 2967 2279 1167 1631 2968 542 2075 3923 2106 2530 1077 2704 5863 2810 6356 1076 1078 2458 582 587 1080 3219 6866 1008 2326 2030 6347 280 1081 963 2313 2693 1149 53 148 5187 1541 4975 18 3049 3646 5596 4661 3 1091 604 3647 3031 5053 2973 4600 1065 4780 1281 3753 6203 6925 1279 3222 1098 3981 5804
19194 108 2866 170 4631 6100
19195 370 2928 2386 6306 3106 4181 4356 3930 374
19196 2220 2507 641 359 2405 430 2657 6643 423 1026 257
19197 2365 948 1900 39 1407
19198 1914 6901 2075 1417 5566 108 3025 1334
19199 5499 3134 2778 3492 816 1070 139
19200 859 1516 248 4744 1072 1841 1146 2324 2969
19201 576 5144 4707 1662 2156 4749 926 3709 6056 1112 1362 1205
19202 1088 4661 1094 5053 1522 4475 652 1085 1096 5248 5509 6603 3126 1284 1098 1279 4911 3222 5804
19203 621 2884 10 1003 1972 5435 1193 139
19204 13 1176 3175 3170 1364 3494 6856
19205 2808 4147 1467 6774 633 4458 4369 4123
19206 154 139 6336 1630 3332 2231 2232 2773
19207 3175 1418 317 406 3357
19208 3251 1611 6520 2657 79 905
19209 506 1398 320 85 4872 169 7 3391 4959
19210 728 1967 4957 1841 61 458
19211 5166 2096 1941 6132 4792
19212 53 1724 6084 6698 2045 77 836 909 4427
19213 5148 2139 3108 4959 1353 2586 647 3429 1190 6709
19214 53 271 821 3266 1269 127 3243 1147 163 1679 416 5831
19215 2096 1868 1697 2732 367
19216 1149 1379 7021 3044 407
19217 2521 1844 647 6607 2118 2972
19218 3293 1327 6771 68 633
19219 1147 5230 1113 1764 3472 1499 5573 2457 4891
19220 1342 1209 930 7 104
19221 2853 589 891 3515 317 152 1274 3636 6259 3459 828 2910 4943 1596 3023 6134 155 1270 412 3955 4165 3408 5748 1536 701 1661 408 1876
19222 149 1673 6832 1483 1186 454
19223 263 1415 559 76 959 5567 4404 5058
19224 675 16 174 2909 5723 1696 2017 2259 127 930 2748 636 2892 2061 2527 1630 4244 4932 71 399 957 6687 3273 4184 2586 2037 60 4368 6534 2811 3508 1026 1610 592
19225 1176 53 154 841 1185 1405 803
19226 4672 1359 5378 495 2675 440 242 2376 53 1527 809 6342 1636 1807 61 4508 217 6384 402
19227 1411 588 624 35 1379
19228 4150 1630 6824 452 876 6892 640
19229 1624 493 913 529 309 249 2503 6127 2841 855
19230 5521 1551 3136 997 1727 337 5489 2928 249 3574 6057 71 4203 6656 171 803 1540 3466 1889 1943 2357 909 1169
19231 4696 512 2925 2476 1627 1347 3512 2083 5256
19232 1229 239 5086 3597 590 155
19233 120 22 587 3017 4422 5689 1277 5411 4661 2377 2442 2594 6216 2600 5248 5434 5007 1101 1102
19234 709 77 1055 3894 4132 1801 2110
19235 6579 1868 4728 2954 149 3553
19236 918 633 2566 1069 1125 2608 2121 1410 1708 1070
19237 5299 925 6466 5723 3270 2785 5991 629
19238 331 1298 430 1870 53
19239 2503 655 1514 2553 6212 4154 20 5997 4282
19240 506 3114 694 3642 3179
19241 517 469 1192 1286 2139 5410 114
19242 2263 1510 103 6374 47 2456 4746 6637
19243 476 540 1432 941 3515 674 3958
19244 1041 3135 3415 4226 2682 1557
19245 821 814 1004 2146 4458
19246 263 3172 254 1477 5291 4319
19247 1837 68 6517 3036 1155 3598 6041 3243
19248 651 826 274 1137 3243 6351 3133
19249 432 5459 2156 356 2892
19250 3188 274 96 356 2911 597 728
19251 6736 747 81 1237 95
19252 4443 1138 190 32 3234
19253 349 80 1563 6344 4737 79 905
19254 3655 3054 3583 878 156 1202 1600 1167 2742 3910 2013 2297 53
19255 1372 452 391 156 2947 5003 143 4274 171 4978
19256 1551 2598 16 3883 1932 1457
19257 4162 170 572 4923 4607 2154 670 818 4794 5427 1819 1512 2913 1173 907 3842 2041 2972
19258 3382 1202 440 841 3732
19259 875 3324 3338 2445 1130
19260 114 1069 1192 4737 2184
19261 2619 2856 52 6128 4873
19262 2210 499 152 638 4270 4628 740
19263 2047 6380 109 3906 969
19264 242 891 1100 1633 2084 96
19265 390 179 749 1932 768 321 1211
19266 3367 666 1316 154 636 2242
19267 3413 367 3586 221 6515
19268 895 2156 1112 2740 5686
19269 924 1142 4384 3957 2644 317 5664 268 3485 1243 419 3240 1298 2305 1368 212 4264 1453 2087 532 1587 3728 2615 1589 2693 1772 2784 2024
19270 158 52 2500 749 4293
19271 753 1249 1776 2866 1390 2537 1013 3459
19272 4385 914 722 4053 1453 2837 1586 6365
19273 1142 151 1230 357 1202
19274 1917 55 1673 1473 6517 6808
19275 5212 1566 151 1665 1072 4661 1093 5951 3086
19276 1072 1467 4835 353 1433 1070 1080
19277 2466 4111 1176 3459 674
19278 1224 554 1079 587 1080 4531 1034 5291 3662 1185 496 254 1417 1177 581 3992 493 5132 1081 5723 2565 643 131 657 3646 1090 4123 1978 3943 1756 957 5151 1849 1331 541 2377 4026 540 4661 834 6748 440 479 5609 2561 1365 5053 4475 1906 36 297 2756 1280 271 6387 1065 1281 3532 3221 5700 4225 14 357 3105 1284 1099 1019 1534 3231
19279 4769 68 4608 6829 1807
19280 723 4148 146 1202 2731
19281 3911 2756 3655 2114 3623 1516 798 221 443 4791 3616 2617 1640
19282 367 2922 2076 2327 5861
19283 298 1760 1508 5537 1100
19284 1008 753 2905 108 687 4304
19285 1352 1621 629 5909 4570 1189
19286 1037 4713 6360 2204 2807 1467 493
19287 179 1681 2886 297 298 6087 955 821 77 53 85 636 1120 6259 2053 452 4879 492 2895 391 3506
19288 4299 6558 2999 179 593 811 6624 307 1558 1642 969 1640
19289 1713 2244 4872 749 1038 274 2757 868 3431 3824 258 6765
19290 297 293 4804 1163 3073
19291 522 540 498 4000 541
19292 643 311 733 2456 2004
19293 158 5396 3157 2588 1985 1055
19294 336 5261 3757 257 1816 5773 1218 4548
19295 189 66 271 2164 2462 3518 4210 1473 2073 5335 4323
19296 560 2216 2917 76 3919 4360
19297 2952 6244 6665 834 5361
19298 1701 276 297 320 1976 1258 7
19299 675 3988 3580 997 248 481 170 2881 1149 6842
19300 148 1785 347 6453 1462 2337
19301 1624 3225 191 114 493
19302 5323 1970 2506 4178 2786 768
19303 1542 52 469 5096 3882 1026 280 351
19304 1634 2034 97 1969 6493 10 2075 4628 317 959 170 1500 809
19305 4186 4473 4548 2685 1622
19306 156 4268 957 653 1929 1679 7024 430 2566 1278 4124 440 3764 1063
19307 3967 1708 223 4407 3600 4235
19308 3096 1255 997 6714 1228 3779
19309 2791 4272 5691 1520 4824 5101 7
19310 2808 1771 2811 789 4645
19311 3290 80 330 3211 6150 5404 329
19312 2903 4086 1483 4377 1506
19313 319 1698 3714 447 3580 997 640
19314 4951 2706 698 360 5506
19315 5586 1325 4772 879 2357 809 596 955 24 957 1690
19316 150 868 6619 3188 220 154 5902 2311 6170 4810
19317 1939 152 942 443 2618 4839 1100 6127 1900 2434 787 785 3336 85 836
19318 1371 492 1045 2802 1054 1185 905 34 3603 1076 930 390 1406 809 834 331 1750
19319 5997 1208 1358 4000 5464
19320 367 10 6422 81 492 1271 1764 590 3151 6059 1630 3255 24 1433 3293 5759
19321 1891 4504 1893 229 245 3620
19322 1292 274 742 6228 2165 4089 637 4078 2909
19323 367 331 1714 1600 2013
19324 863 749 625 541 5542 4140 356 1013 2894 2721 88
19325 1510 5784 3892 1549 717 1047
19326 377 2202 317 1332 4189 428 6230 5413 76 2055 642 5886
19327 729 3223 3188 179 274 1628 767
19328 3586 2139 451 1942 2618 809 637
19329 68 1841 390 1438 2236 190 10 1729 171 391 156
19330 2632 6941 2278 4071 5350
19331 3042 3327 149 1535 3916
19332 2791 227 1587 4341 1433
19333 3021 67 297 6615 4580
19334 1603 259 617 253 3924 1749
19335 68 1229 1729 116 2195
19336 297 631 85 1178 5276
19337 1590 3482 169 940 1536
19338 2017 307 6257 3601 3975
19339 859 298 2897 1935 1029 1224 2124 1841 2926 1848 2685 420
19340 802 3160 173 1477 3441
19341 6148 2740 863 6713 3991 2334 2496
19342 621 221 1417 548 1467 108 356 959 4000 1976 169 5864 1013 156 5117 1276 2897 16 816
19343 2619 997 958 4165 2014 5068
19344 3676 1976 821 4423 2092
19345 4993 1582 771 757 3448 4593
19346 1344 186 2738 704 81
19347 150 1342 2919 1630 583 1518 2436 3389 128 2357 3001 1149 151 930 108 506 4399 4180 416 784 1070 1169 4966
19348 80 682 4176 2634 2451 3091 1346
19349 6344 655 5784 6955 847
19350 511 1406 244 2560 4093 5410 6903 487 4084 3857 2920 2370 3297
19351 1999 1891 234 3799 5370 364 2339 2051 1780 1224
19352 108 682 6058 102 1078 1335 3176 6233 2780
19353 930 1200 4606 116 2875 5171
19354 1370 3203 1756 908 2056
19355 5132 822 200 6963 1347
19356 2408 276 1922 1973 1026 1241 367 2156 5569
19357 4366 2993 85 2934 447
19358 360 2706 2662 4727 1893 556 229 6109 149 2828
19359 434 471 4384 930 1566
19360 2396 6406 621 3727 2135 268 1396 81 7 941 4505 236 3352 21 4926 4012
19361 2538 2900 2848 6935 1581 364 5216
19362 6711 3569 6291 1396 775 959 1502 2146 4498 5258 2566 3326 3602
19363 2543 1703 420 626 256 293
19364 304 1780 2699 668 3922 4880 6201 4468
19365 3942 179 57 149 1240 151 675 814 390 1644
19366 1891 318 1119 2775 655 1563 309 881 583 3172 56 4533 2436 1362 42 206 3739
19367 1038 814 3188 2407 1022 3632
19368 5150 1727 76 905 223 1287 4675 393
19369 762 481 2057 120 514
19370 5431 5411 1093 5433 1284 5007
19371 3992 5259 4982 5262 4496 114 1402
19372 1761 1729 1067 3835 979 1229 484 3784 656 2825 876 2573
