1 1 2 3 4 5 6 7
2 8 9 10 11 12 13 14 15 16 17
3 18 19 20 21 22
4 23 24 25 26 27
5 28 29 30 31 32
6 33 34 35 36 37
7 38 39 40 41 42 43 44 45 46 47
8 48 49 50 51 52
9 53 54 55 56 57
10 58 59 60 61 62 63 64 65 66 67 68 69 70 71
11 72 73 74 75 76 77 78 79 80 81 82 83 84 85 86 87 88 89 90 91 92 93 94 95 96 97 98 99 100 101 102 103 104 105 106 107 108 109 110 111 112 113 114 115 116 117 118 119 120 121 122 55 123 124 125 126 127 128 129 130 131 132 133 134 135 136 137 138 139 140 141 142 143 144 145 146 57 147 148 149 150 151 152 153 154 155 156 157 158 159 160 161 162 163 164
12 165 166 167 168 169 170 171 172 173
13 174 175 176 177 178
14 179 180 181 182 183 184
15 185 186 187 188 189 190
16 191 18 192 193 194 195
17 196 197 198 199 200 201 202 203 204 205 206 207 208 209 210
18 211 212 213 214 215
19 216 217 218 219 134 220 57
20 221 222 223 224 225 226 227 228 229 230 231
21 232 233 110 234 235 236 237
22 238 129 239 240 241
23 242 243 244 245 246
24 247 248 249 250 251
25 252 253 254 169 255 256
26 257 258 259 260 71
27 261 262 263 264 265 266 267
28 268 269 253 270 271
29 98 272 273 102 274 275 276 277
30 278 279 280 281 282 283
31 284 285 286 287 288 289 290 291 292 293 294 295 296 297
32 298 299 300 301 302 192 303 304 305
33 306 307 308 309 310 311
34 262 312 264 313 253
35 314 315 316 317 318 319
36 320 321 309 322 323
37 324 325 326 327 328 329
38 330 331 332 21 333 334 335 336 337 338 339 340 341 342
39 343 344 345 346 347
40 348 349 350 351 352 353
41 354 355 356 357 358
42 359 360 361 362 363 364 49 15
43 365 366 367 368 369
44 370 371 372 373 374
45 375 56 376 22 377
46 378 379 380 381 382 383 384 385 386 387
47 388 57 40 389 390 391 392 393 394 395 396 397 38 398
48 399 400 401 402 403 404 262 405
49 406 407 408 109 409 134 410 411 412 413 414 415 416 417
50 418 419 420 421 422 423
51 424 6 425 426 427 428 429 430 431 205 432
52 433 434 435 436 437 438 439 440 441 442 443 407
53 444 445 446 447 448 449
54 450 451 452 453 454
55 455 456 457 458 459 460
56 461 462 463 439 464
57 465 466 467 456 468 469 470 471 472
58 473 474 475 476 455 477
59 478 479 480 481 482
60 483 484 485 486 487
61 488 489 490 491 492 98 493 494
62 495 496 497 498 499 500 501
63 502 503 504 505 439 506
64 507 508 509 510 511 512 513 514 515 516 517 518 439 519 520 521 522
65 523 524 525 526 297
66 527 528 529 530 531 532
67 533 534 535 536 137 537 538
68 539 540 541 542 543
69 544 545 546 547 548
70 549 550 551 552 553
71 456 554 555 556 557 558
72 559 560 561 562 563 564 565
73 566 567 568 474 569 570
74 571 572 573 574 575 576
75 577 578 579 580 262
76 581 582 583 584 585 386 586 587 588
77 435 589 590 591 592 593 594 595 596
78 217 597 71 598 599 600 601 602 603 604
79 605 244 606 607 608 609 610 611 612 613 614
80 615 616 617 618 619
81 80 620 621 622 450 623 624 452 625 626
82 627 628 629 630 631 632 633 634 635 636 637 638 639
83 640 641 642 643 644 134 645
84 646 647 443 648 649
85 384 650 651 652 653
86 654 655 656 657 658 659 660 661 662
87 663 664 665 666 667
88 668 562 669 670 671
89 348 672 652 134 673 650
90 674 675 676 677 188
91 678 383 679 680 681 682 262 683 684 52 685 686 544 687 688 689 690 691 692 352 693 694 695
92 696 697 698 699 700
93 701 702 703 704 705 706 707
94 708 709 710 711 712 713 203
95 674 714 463 596 715 716 717 718 719 720 721
96 722 508 723 724 725 726 727 728 729 730 731 732 733 137 734 735 736 737
97 738 429 739 740 741 742
98 743 744 745 746 747 748 749 750 751 752 753
99 754 439 755 756 757 758
100 759 760 761 762 763
101 764 765 766 767 768 769 770 771 772 773 774 775 776 777 778
102 80 779 780 781 782 783 784 785 786 787 788 789
103 437 790 791 792 466 793 794 795 796 797
104 798 799 800 475 801
105 802 803 804 805 711 806
106 807 113 808 809 810 811 352 353
107 812 813 814 715 815 134
108 816 817 818 819 820 821
109 713 822 823 57 824 825 826 337 827 828
110 829 830 831 832 518 833 834 835 836 837 791 838 839
111 818 231 840 841 842 843
112 844 845 846 847 848
113 849 850 851 133 852 853 854 855 856 857 537 858 859
114 860 861 492 593 176
115 862 197 863 864 865 866
116 867 868 869 870 871
117 388 872 873 874 875 221 876 877
118 878 879 880 881 882 883 884 885 886
119 887 888 344 889 890 891 892 893 190 894 895 896 897 673 898
120 899 900 901 902 690 903 904 905 906
121 907 908 909 910 911
122 4 912 913 914 915 916 917
123 131 918 919 920 312 921 194
124 922 923 123 286 924 534 535 925 926 927 928 929 930 931 133 932 90 128 933 137 934 935 936 937 938 939 940 601 159
125 941 942 943 944 683 945 946 947 948 949 950 951 952 953 954 955 956 280 957 958 825 959 298 960 961 6 962 963 201 964 965 966 967 968 730 969 970 971 972 973 347 974 975 976 939 977 978 979 980 981 982 159 172 983 984 985 986 987
126 988 989 990 373 991 992 993
127 994 995 996 997 998 999 1000
128 1001 1002 1003 1004 1005 1006 1007 553 1008 1009 1010
129 1011 402 298 1012 387 1013 1014 1015
130 1016 1017 1018 171 1019 731 1020 1021
131 302 1022 1023 1024 1025 1026 1027 1028 1029 1030
132 1031 1032 1033 1034 1035
133 644 391 373 1036 1037 1038 1039
134 1040 1041 1042 1043 1044 1045 1046 1047
135 1048 1049 1050 1051 1052 1053 999 1054 1055 1056 689 1057 1058 1059 1060 1061 1062 1063 1064 1065 1066 1067 1068 1069 1070 1071
136 1072 371 1073 1074 1075 134
137 729 1076 479 1077 1078 724
138 1079 1024 1080 1081 110 1082 1083 1084 1085 601 1086
139 1087 1088 1089 1090 1091 1092 727 171 1093 1094 1095 1096 734 1097 1098 939 1099 526 1100 1101 1102 1103 1104 981 1105 1106
140 1107 452 1108 1109 1110 759
141 1111 1112 1113 1114 1115 1116 643 1117 1118 1119 818
142 1120 131 1121 1122 1123
143 1124 1125 832 1126 1127 217 1128
144 1129 1130 1131 1132 1133
145 1134 231 1135 1136 1137
146 1138 1139 1140 1141 1142 1143 1144 1145 1146 798 505 1147 1148 581 1149
147 1150 1151 310 1152 1153 1154
148 1088 527 1155 1156 1157
149 1158 1159 141 1160 1161 1162 1163 1164
150 1165 613 1166 1167 1168 1169 227
151 1170 1171 134 895 1172
152 1173 1174 1175 1176 1177 1178
153 1179 1180 1181 1182 1183 1184 1185
154 1186 1187 576 312 1188 1189 1190 1191 1192
155 1193 212 1194 1195 1196
156 824 1197 1198 1199 1200
157 1201 1202 1203 1204 847 15 178 1205 1206
158 1207 1208 1209 1210 291
159 1211 310 1212 1213 892 1214
160 1215 1216 1217 1218 134 1219
161 1220 1221 174 1222 1223 40 1224 1225 1226 38 396 1227 1228 1229
162 1230 1231 1232 1233 1234 1235
163 384 1236 1237 1238 1239 264
164 1240 1084 1241 717 1242 1243 1244
165 1245 1246 1247 43 1248
166 642 528 1249 641 1250
167 1251 1252 1253 1254 1255
168 1256 144 1257 1258 1259 1260 1261
169 1262 1263 1264 1265 1266 1267 1268 573 642
170 1269 757 1270 1271 6 1272 1273 1274 1275 1276
171 727 1277 1101 1278 171
172 702 1279 1054 463 1280 1281
173 262 1282 1283 720 380
174 846 1284 97 1085 1285
175 1286 1287 1288 521 40
176 1289 61 882 1290 439
177 1291 1292 1293 1294 1295 1296 1223
178 1018 1297 1298 1299 1300 1301 344
179 1302 1303 1304 404 1305
180 1306 1307 1308 1309 1310 1311 1312 1313 695
181 1314 1315 1316 1317 1318 1319
182 1320 1321 200 1322 1323
183 1324 269 1325 1326 1327 1046
184 1328 1329 1330 1331 1332 508 1333 1334 684 1335
185 1336 1337 1338 1339 1340 1341 1342 1343 1291 40 1344 1345 1346 1347
186 1348 1349 1350 1351 1352 1353
187 1354 523 1355 924 289 1356 536 1357 1021 296 1155 1358
188 945 1359 1360 1361 1362 1363 1364 1365 1366
189 1367 1368 1369 1370 1371 560 1372 1373 1374 234 1375
190 1376 98 1377 1378 1379
191 1380 134 1381 847 376 1382
192 1383 1384 791 660 1385 1096 1153
193 1386 1387 1388 398 1389 1223 758
194 1390 1391 1392 1393 1394 1395 1396
195 1397 264 1238 1398 1399
196 46 376 1400 1401 1402
197 1403 1404 1405 1159 229
198 1406 63 1407 1408 918
199 1409 1410 1411 1412 1413 1414 1415 1416 1417
200 1418 1419 1420 1421 1422 1423 289 1424 1425 254 1426 934 1427 937 853 1428 1429 1430 979 1431 172 983 159 1432
201 1433 1434 1435 1343 1291 1436 1437 1438 1439 1440 38 1441 1292 1293 1442 373 761
202 1443 1444 1445 944 1446
203 1150 52 1447 1448 1449
204 680 1450 407 1190 1451 1452 1453 467 1454 1191 1455 1456 1206 1029 1457 847 352 174 1458 1459 1460 1461 1338 1462 1463 6 1464 1465 21 1466 1467 1468 1469 1470 1471 1472 665
205 371 713 1473 1448 381 1474 1475 1476
206 1477 1478 1479 1480 1481 1482 1483 1484 1485 1486 1487 1488 500 1489 1490 624 1491 454 1492 1493 1494 1495 1496 1497 1498 1499 1148 1500 1501 1502 1503 1504 1505 1506 810 1507 1508 1178 1509 1510 1511 1512 1513 1161 1034 1162 1514 1370 1515 1516 1517 1518 1519 1520 494 1521 1522 1523 581 1524 1525
207 1526 393 875 1527 390 1528 1529
208 487 1530 1531 1532 1533 1534 1535 1536 1537 1538 1539 1540 1541
209 1542 1543 1544 588 1545 1546
210 1547 439 1548 1549 393 1153 1374
211 1550 1551 1552 1553 1554
212 1555 1556 1380 1155 1557 1558 1559
213 1560 1561 1562 1563 1564 1507 12 1565 1566 1567
214 924 1568 1569 1570 171 1357 237 1098 1278 1571
215 1572 561 1573 134 264
216 1574 1575 1576 1577 1346 1578 1579
217 1580 1581 1582 1583 1584
218 1585 1586 1587 1588 1589 218
219 1590 1591 1592 1593 1594 1595 1596 260 583
220 232 1597 1285 1598 1599 1600 438
221 1601 1602 274 1603 1604 1605 1606 1607 1608 264
222 1609 1610 1611 1612 1613
223 1614 1615 1616 1617 1618
224 1619 1620 1621 1622 1457 731 1424 972 1623 175 1106 1624 1625
225 1626 1380 1627 1628 1629 165 1630 1631 1632 1633 1634 1635 291 934 937 1098 1636 1637 1429 856 1101 1638
226 1639 1085 1640 1641 1642 1457
227 1643 660 1644 1645 1646 1096 1128
228 491 178 1083 828 1647
229 1 1648 1649 1650 1651
230 1652 1653 312 1654 1655
231 1656 229 1657 1658 1024 1659 1660 1661 1662 1663 1664
232 1665 1666 505 1667 1668
233 991 1208 1242 1669 546 5 394
234 1670 1671 673 1672 1673
235 254 1308 1674 1085 1604 1675 1676 1677 1069 1678 1679
236 1154 1680 1681 1682 641 312 898
237 1176 1683 1684 1685 1686
238 174 1687 1688 1689 1690 1691 1692 1693 1694 1695 1696
239 1697 1698 1699 314 1700 1701 1702
240 488 1703 1704 1683 1705
241 1706 1707 1708 1709 1203
242 1710 1711 1712 1713 759 1714 1715 1716
243 402 1717 1718 176 1719
244 1720 285 1721 1722 1178 1723 133 1724 1427 1103 979 296
245 1725 138 610 1726 1727 1167 904
246 1728 1729 1730 1731 1732 1733 1466 1734 1735 662
247 80 1736 1737 1016 1738 1739
248 1740 1741 1742 1743 1744 1364 636 1745 1746 1747 1748 713 1749 1750 1034 1751 265 1752 1014 264 1753 134 648 1754
249 1755 1756 1757 1758 1759 1760 1761 1762 695 1763 1764 441 1765 1766
250 1767 1768 1769 4 1770
251 1771 1772 1773 1774 1463
252 1775 1776 478 1777 1778 1779 1780 1781 1782 1783 1784 595 1448
253 1785 1786 1787 1788 1789 1790
254 1791 1383 868 1792 1793
255 1794 1769 1795 1796 1797 1798
256 1799 1307 1800 1 1082
257 479 1801 1802 1803 1804 1805 1806
258 1807 1808 1809 1810 1811
259 1812 1813 1416 1814 1815 1816 1817
260 1818 865 465 1819 1820 1821
261 1822 1176 1823 429 1824
262 1825 1826 1827 1828 110 1829 1830 1831 1832 1833 1072 1834
263 1835 1704 1163 1274 59 1836 1837 597 944 1838 1153 1839
264 851 1840 1841 519 174 1842
265 1793 1843 1409 1844 1845
266 1846 1847 1848 1849 944
267 717 1850 521 1851 1852 1853 1854 1855 1856 932 1434
268 1857 1858 264 1859 1860
269 1267 1861 1155 1137 1686 250 407 1862
270 1863 1523 1864 1369 1865 1208 1659 1866
271 1867 130 1868 1869 1870 1871 1846 1872 1873 588 1874 894 1457 1875 1876 1877 6 16 264 1878
272 1879 1880 1118 1881 1882 1883 1884
273 383 1309 311 1885 1886 1887 1888 1889 1890
274 1085 1082 1891 1892 1893
275 1809 1894 1895 747 1896 749 748
276 393 1457 1897 1898 1899
277 1900 1901 1902 171 1903 1904
278 1905 1906 1907 1908 1909 146 336
279 1910 1911 1912 1913 1914 1915 1916 789 1917 1918 1919
280 1920 1921 1922 1923 113 1924
281 1925 1398 1926 434 1927 1928 1074 1673 1858 1929
282 1172 1162 1930 1931 1890 834
283 1709 1932 1933 1934 1935
284 677 1936 1457 1822 1937
285 1938 1939 1940 1941 1942
286 440 1943 1944 1945 1946 1947 1948
287 1949 704 1950 1951 1952
288 1635 1953 726 1954 1955
289 598 1956 1060 1957 1958
290 1959 1707 1960 1961 1308 1962
291 1963 1964 164 1965 1966 1967 1968 136
292 805 1969 1970 63 52
293 1196 1971 1617 1972 371 1973 1974 1975
294 1976 1314 1977 1978 1979 1980 1981 1982 1983 1984
295 1484 1985 1986 1987 1988 1989
296 947 87 1990 1356 1380 1991
297 1992 1993 1994 1995 1996
298 1997 1998 86 1999 704 1825 2000
299 2001 2002 1992 2003 2004 2005
300 2006 2007 2008 2009 1641 2010
301 2011 2012 2013 2014 2015 2016
302 2017 2018 2019 109 2020 2021
303 1359 232 61 2022 2023 847 2024
304 373 2025 1050 2026 1075 312
305 2027 2028 2029 2030 2031
306 2032 1923 904 2033 2034 115
307 6 2035 2036 2037 1769 1103
308 96 2038 231 2039 2040 1051 2041 2042 2043
309 1387 1223 1224 2044 1294
310 2045 1274 1075 2046 2047 2048 2049 885 2050 2051 2052 2053 575 274 2054 2055 2056 2057 2058 1720 302 1848 476
311 2059 2060 1224 40 1223 2061
312 2062 1709 242 2063 2064 2065
313 1208 4 2066 1027 2067
314 1848 2068 2069 2070 2071 1569 2072 2073
315 585 2074 1993 2075 2076 1369
316 2077 79 80 846 1916
317 2078 2079 2080 2081 2082 2083 901
318 2084 2085 2086 2087 2088 2089
319 2090 328 2091 1568 2092 1026 2093 2094 2095 2096 2097 2098 2099 70 2100
320 2101 1399 2102 1619 2103 2104 536 137 2105 1430
321 2106 1612 1204 1347 2107 2108
322 2109 2110 2111 2112 649 2113 2114 2115
323 2116 368 2117 892 2118 2119 1422
324 1912 1210 8 1782 2120
325 2121 2122 1157 146 138
326 1612 2123 2124 1663 2125 2126
327 2127 2128 1043 2129 1359 4 73
328 2130 2131 189 2132 2060
329 2133 275 2134 2135 2136 553
330 811 2137 2138 1992 2139 2140
331 2141 899 52 2142 2143 2144 2145 2146 2147 78 2148 2149 348 1821
332 2150 2151 2152 2153 1810
333 661 2049 2154 2155 2156
334 2157 2158 1208 264 2159
335 1320 2160 171 2161 772
336 2081 2162 2163 2164 2165
337 2166 174 2167 1666 2168 2169 2170
338 2171 2172 2173 2174 2175 2176 2177 2178 2179 2180 2181
339 2182 1582 1168 1920 2183 2184 2185 57 2186 2187
340 2188 2189 1614 727 2190 2191 2192 2193 171 2194 149 2195
341 2070 2196 5 2197 2198 1033 737
342 2199 2200 2201 109 2202 2203 2204
343 2205 2206 2207 2208 2209 2210 2211 2212 2213 2214 320
344 2215 2216 2217 2218 2219
345 2220 2221 1483 1726 2222 2223 2224 2225 2226 1597 2227 2228
346 2229 2230 2231 2232 2233
347 1807 1479 1377 2234 2235 315 2236 2237 1705 1809 1874 2238 6 279
348 2239 409 2240 1656 670
349 2241 2242 569 2243 2244 2245 1405 2246 873 1863
350 2247 2248 2249 1336 2250 2251 2252
351 2056 2253 1616 2254 2255
352 2256 2257 2258 437 2259
353 2260 2261 2262 2263 2264 2265
354 2266 1435 2267 2268 2269
355 2270 376 2271 2272 38 1848 2049 2273
356 2130 2274 2275 2276 2277
357 2278 2279 2280 2281 134 2282
358 1145 537 2283 2284 2285 2286 2049 1848 296 1524
359 2287 995 2288 227 2289 2290 2291 2292 2293 2294
360 2295 1332 2296 2297 2298
361 1516 2299 2300 2301 2302 2303
362 2304 2305 2306 2307 2308
363 2309 2310 2311 2312 1029 2076 2313
364 2314 2315 2316 2317 1669 2318 2319 2320 2321 2322
365 2323 1511 899 471 660 2324
366 2325 2326 2327 2328 509
367 2329 2330 2331 948 2332 2333 2334 2335 2336 2337 2338
368 2339 330 2340 2341 2342 851 134
369 2343 1608 2344 2345 2346 2347
370 2348 2349 2350 2351 1082
371 2352 2353 2354 2355 2356
372 1657 378 2357 2358 2359 886 2360
373 2361 2362 2363 2364 605
374 2365 2270 346 2366 2367
375 424 2368 2369 2370 513
376 2371 1547 1847 2372 1647 2373 1218 2374 2375 2376
377 2377 2378 2379 1647 134 2380
378 1881 2381 2382 2383 2384 2385
379 471 1631 732 2048 2386
380 2387 1561 2388 944 2389 2020
381 1888 2390 1071 2391 2392 2393 2394 412
382 2395 2396 2397 2398 2399
383 2400 2401 2402 2403 2404 774
384 1511 2405 2406 2407 726 725 272 1018 2408 808 2409 2410 2411 605 2412
385 2413 2414 2415 2416 2417
386 628 2418 2419 222 1932 2420 2421 2422
387 2423 2424 2425 2426 2427 2428
388 2429 1387 604 1177 1413
389 437 373 1075 2430 2431 2432
390 2433 774 2434 1792 1793 2435 2111 2411 57 966 901 2436 1952 2437 2438 1520 2439
391 2440 393 2441 2442 2443
392 2444 24 2445 2446 84 262
393 2447 476 1671 2448 2449 2450 2247 682
394 381 2451 765 2452 2453 2454 1507 2455 2456 2457
395 2458 2459 1857 373 2460 312 2461 2462 2463 398 129
396 2464 2465 2466 879 2467 2468 2447
397 2469 2470 910 2471 2472 2473
398 2474 2205 2475 2476 2209
399 2477 2478 2479 2480 1916 2300 2481 2482 174 1526 90 2483 1109
400 2484 2485 1598 218 2486 2252
401 2487 1565 2488 2028 2489
402 368 2490 2491 902 2492
403 2271 2493 1418 2494 2495 2496 2497 2498
404 2499 2500 2501 2502 1848 1788 2503 2504 2293 2505 2506 2507 430 1948 1421 2158 2395 2508 2509 2510 145 2511 667 2512 2513 2514 2515 2516 2517 2518 2519 596 1980 439 1380 2520 2521
405 2522 2523 1652 2524 1858
406 2323 179 2525 1637 2526 856 1103
407 1614 312 2527 544 1884 2528 2529
408 1614 2388 2530 2531 2532
409 2533 264 2534 2535 384 2536
410 1214 2537 2538 651 1311 380 1974 409 2539 2540 2541 2542
411 1442 2543 561 1670 1330
412 2544 2545 673 1298 847 2546 2547
413 714 2548 2549 848 2550 2551 626 2508 1406 2552 2553 1118 2554 2555 2556 2557 2558 2559 2560 2561 2121 1970 2562 2563 2564 2565 2566 1185 658 2567 2568 2569
414 2570 2493 2571 1319 868
415 2572 110 2573 2574 213
416 2575 2576 1107 2577 2578
417 2561 2579 2249 2580 2581
418 2582 2306 2583 71 2245 902 2584 2547 2157 2585 2586 2587 388 2588 1181 2589 2590 2591 1781
419 1628 439 476 2592 757 2593
420 2594 601 2595 464 2596 1075 1171 642 757 1769 641 1646
421 2597 384 2598 2599 2600
422 2601 2602 2603 2433 95 2332
423 108 2604 318 52 342
424 929 1422 393 2605 4 2606 2607 2608 312
425 21 2609 2610 406 720 1298 390 2611
426 2612 2613 594 981 2614
427 2484 2615 2149 2616 373
428 2617 2618 2619 2620 2621 2622
429 2623 2624 2625 2626 584 2627 1169 2628 2551 694 2629 2630 2631 2174 2632 2633 2634 134 2635 2636 1209
430 80 2637 2638 2639 399 2640 2641 2642 2643 90 2644 2645 1109 1409 2646 2382 2647 2648 2649 1040 1041
431 2650 2651 2652 2653 2654
432 1760 30 2510 2655 32 2656 127 2657 2591
433 2658 2659 1271 1006 757 2660 2661
434 2662 2663 2664 2665 2666 2667
435 2668 2669 2670 1735 2047
436 2671 2672 2673 1889 2674
437 2675 2676 1947 2677 2678 2679 2680
438 2681 2682 2683 2684 971 1898
439 2685 1453 1864 134 2686
440 372 1034 545 1392 2687 2688 2689 2690
441 2691 2692 2173 1083 2693 10 2694 568 2695
442 2696 2697 2698 2699 861
443 2700 1813 113 1108 2701 2702
444 2345 2703 2704 2705 2706
445 2707 2025 2708 867 232 1246
446 2709 2710 2711 6 2712 1225 1021
447 789 2713 2714 2715 2716 2717 1796
448 2718 212 2719 2720 1639
449 2721 2497 2722 2723 2724 2725 2726 2727 2728 2729
450 847 1669 1875 2730 2731 2732
451 2106 407 2733 2734 2735 2730
452 2736 2737 2738 2739 1203 2740 2351
453 2741 591 2742 2049 2743 67 309
454 2002 80 2729 2744 2745 1474 2746 2622 2747 2331 2748 2749 2750 2751 2221 2752 1416 2753
455 2754 2755 2756 2757 2758
456 2759 2760 2761 2762 2763
457 2764 2765 2766 2493 833 2767
458 2768 1651 2769 2770 1511
459 2771 2772 384 2773 2774 1400
460 2775 2776 2777 2778 1884
461 2779 2385 707 639 2296
462 2780 521 2781 2782 2783 2784
463 2785 886 2786 2787 2788
464 2789 2790 2791 2792 402 2793
465 2794 289 2795 2796 2797 2798 2799
466 2800 2653 2801 355 1726 2802 2803 1515 521 2804
467 2493 2805 1365 171 1156 536 1097 972 2806 1463 2807 1030
468 2808 2809 2810 65 855 2811 2812 2565
469 436 2250 1550 793 2813 575
470 1587 1698 2814 2815 2716 2816 2817
471 641 2818 2819 2354 2820
472 2821 30 2395 2510 1604 685
473 712 2266 2822 2823 2824 2825
474 2826 2827 2828 1143 55
475 2288 2829 2185 2830 1201
476 2831 2832 2833 2834 2835 2605 2836 2837 428 2838 246
477 1529 848 2839 384 573 2840 2841 5 757 2842 2843
478 402 1846 2844 2845 1664
479 2846 2847 2848 2849 2850
480 2851 2537 2811 642 877 2852 1404 2413 1308 1083
481 2853 487 2854 2855 2856 1530 2857
482 2858 405 1079 2859 2860 2861
483 2862 1018 1446 2587 372 1813
484 2863 2864 850 6 2865 2866 171 2867 2429 2614
485 384 2278 2868 245 599 2869 388 926 1928 2870 2871 2872 2873
486 2669 2874 507 2875 2876 2877
487 90 2878 1151 2879 2880
488 2881 1769 2882 2883 2884 1168
489 2885 1827 2886 2887 2888
490 1555 2889 2890 2891 2892
491 1868 2893 2894 1045 1910 2045 2895 2135 2896 350 2897 2898 2899 1030 2900 2901 2902
492 2333 2903 784 225 2904 2905 2906 98 2907 899
493 2908 1798 1741 581 2909
494 2910 2911 2912 2913 2914 15 2915 2916
495 2917 2506 2918 2919 2920 205
496 2921 206 2922 2533 2923 1692 2899 409 581 895 673 2924 2221 2925 235 2926 2545 1653 110 648 1543 373 1760 1932 2927 2928 2929 2930 2931 134 1816 1124 685 2932 2088
497 2933 2934 1077 388 2935
498 1364 2936 2937 1365 1357 2938
499 1923 1742 713 2302 2939
500 2940 2941 2942 1141 2943
501 2944 98 2945 2946 2443
502 1654 420 223 2947 2948
503 2949 367 2950 5 2379 2951 2952 2343 961 2423 2953 2954 1657 1121 285 652 2873
504 97 2955 1596 2956 2050
505 2957 2958 2959 2960 337
506 2961 2962 2963 2964 2965
507 2966 2967 759 304 1561 2968 2969 312
508 2970 2971 373 2972 629
509 2973 2974 105 1333 2975 885 2976 2977 2978
510 2979 2325 2980 757 1565 2981 1218 2982 1174 2983
511 2984 2985 658 2986 2987 891 585
512 2988 2989 2561 1884 2990
513 2991 2992 2542 2993 1512 2994 2995 2996 2997 1159
514 284 2998 1308 1604 2122
515 2999 2505 3000 1980 3001
516 3002 3003 3004 3005 3006 3007
517 3008 3009 3010 1737 3011 2472 1563 3012 3013
518 2065 3014 2391 144 3015 3016 1741 3017 3018 1923
519 2555 1308 3019 1323 2647 2178
520 3020 3021 3022 871 3023
521 3024 1645 2429 2000 3025 2216
522 3026 3027 3028 2946 3029 808 1926 2973
523 3030 3031 3032 1424 3033 3034 2806 1430 983
524 2190 1379 3035 3036 3037
525 3038 2628 2620 660 3039 3040 3041 3042 1425 3043 3044
526 1198 3045 3046 3047 3048 3049 3050
527 3051 3052 1627 1233 950 3053 3054 1369 3055 128
528 591 658 3056 3057 3058 3059 3060 593
529 238 3061 3062 2933 1480 3063 622 2648 3064 3065 3066 2079 3067 3068 2323 90
530 1732 407 1862 3069 2939 3070 2783
531 3071 388 3072 3073 3074
532 3075 3076 784 3077 3078 2797 689 3079 3080
533 3081 791 3082 1176 1684 1686 2579 1675 1014 1683 3083 3084 3085 397 3086 3087 3088 2053 2119 917
534 3089 1303 1499 508 2789 3090 3091 3092
535 3093 3094 90 1543 1416 3095 3096
536 3097 3098 3099 2119 758
537 847 3100 2582 2047 3101 1669
538 724 1302 1497 3102 3103
539 109 299 262 134 3104 1238
540 3105 1968 171 981 982
541 3106 1902 533 3107 93 2283 1096 3108 3109 3110 979
542 2904 3111 809 827 3112
543 3099 2806 1904 3113 3114
544 174 3115 3116 3117 3118
545 899 3119 271 4 3120
546 3121 120 3122 126 3123 2797 1427 3124 482
547 3125 3126 3127 3128 3129 3130
548 1508 1201 3131 3132 3133 3134 3135 3136 2837
549 388 2343 3137 1616 3138
550 2605 1504 2597 3139 115 2032 3140 327
551 2081 3141 373 3142 1604 1644
552 764 3143 2453 3144 3145
553 2050 15 2073 3146 3147 3148
554 3149 3150 3151 2236 1657 521
555 3152 1181 3153 2729 3154 2059 1302 3155 3156 2274 3157 3158
556 954 3159 1340 3160 3161 3162
557 3163 2906 497 3164 3165 2021
558 3166 279 598 1858 1176 3083 3167 3168
559 1542 2503 2550 3169 463 153 2486 3170 3053
560 2060 1857 3171 312 3172
561 643 1068 3173 3174 3175
562 214 418 3176 3177 3178
563 2278 3179 3180 3181 3182 3183 934 2057
564 2380 1776 3184 3185 3186 3187 2032
565 3188 3189 3190 3191 1333 3192
566 3161 3193 3194 3195 3196 3197 3162 64
567 3198 3199 3200 3201 2406
568 3202 3203 840 1811 3204
569 3205 1848 3206 3207 3208
570 491 3209 279 2350 3210 3211
571 388 3212 3213 3214 1346
572 1212 3215 3216 3217 134 3218 1759 3219 3220 3221 1730 264
573 3222 3223 60 2915 3224 1527 1298 371 1369
574 3225 3226 1680 3227 3228 3229 3230 1072 2052
575 1920 3064 899 109 112 3231 3232
576 3233 1543 405 2897 242
577 3234 1915 3235 2081 3236 3237
578 393 373 3238 3239 1218 3240 2557 3241 3208 2071
579 384 3242 1778 3243 3244
580 1529 720 2950 3245 3246
581 2 388 2368 3247 123 55
582 439 275 2429 415 3248
583 3249 720 3250 3251 3252
584 1360 867 2961 687 3253 736
585 1079 2688 176 1959 3254
586 661 3160 757 2896 851
587 3255 2101 3256 3257 663 1881 3258 3259 129
588 3260 2127 3261 3262 3263 3264 3265 3266 3102 3267 3268
589 3269 1016 3270 2960 3271 3272 3273 2549 101
590 3274 3275 3276 646 3277
591 1026 3278 3279 3280 309 3281
592 2886 3282 3283 3142 3284 2668 3285 3286 3287 3220 3288 995 1083 3289 3290 3291 1674 1604 601 919 3292 3293 434 2892 469
593 3294 70 3295 3296 2427
594 527 3297 3298 3299 3300 3301 1298 3302 1339 3303
595 1528 1565 2533 720 1721 3304
596 3305 1645 134 3306 3307 886 3308 238 3309 3310
597 271 96 3311 757 439 218
598 3312 3313 3314 3315 3316 871 3317 1086 3318
599 3319 3320 3321 3322 474 3323
600 3324 3325 2904 3326 899
601 3327 3328 1 373 3329 432 3330
602 3331 3332 3333 3334 3335 405 1359 1124 832 3336 1641 3337
603 3338 3339 3340 1302 1108 3272 3341 3342 3343 3344 3345 3346 3347 3348 3349 3350 3351 3352 712 3353 3354 3355 3356 3357 3358 3359 3360 3361 2148 3362 1500 3363 326 1041 1042 3364 3365 2361 3366 3367 2472 3368 3369 3271 3370 3371 3372 2638 948 2130 3164 3373 3374 2603 3375 3376 3377 3378 2642 3379 3380 403 3381 116 3382 3383 3384 3385 3386 3387 3066 767 3388 3389 3390 3391 3262 3392 3393 1587 3394 3395 2624 3396 1736 2300 3397 456 3398 2962 3270 3268 452 3399 2639 3400 3401 2625 3402 620 3403 2602 3404 3405 1367 1902 3406 3407 93 1913 3408 3409 846 97 3410 3411 100 3412 2218 3413 3414 3415 3416 3417 540 395 1632 3418 3419 3420 1095 3421 976 939 3422 3423 294 3424 3425 3426 3427 537
604 3428 543 1848 3429 52 2565 3430 3246 3185 2376 2810 411
605 1865 3431 3432 3433 2449 3434
606 3435 1543 2145 242 1252
607 3436 3299 80 3437 3438 2303 360 3439
608 3440 3441 3442 3443 3444 3380 3445 2971
609 2107 3446 1332 791 2122 3447 3448 3449
610 804 3450 2054 3451 3059 2130 3452 3453 3454 3455
611 3456 1083 2543 3457 264 2773
612 3458 3459 2498 974 200
613 3460 3461 3198 1445 3462
614 3463 3464 1190 3465 3466
615 284 2090 1427 3467 3468 1431 858 3469
616 3470 3471 275 673 3472 144 1034 3473 3474 2843
617 1385 2240 3475 3476 3319 3477 376
618 3478 3479 3480 1177 3481 1403 3482 804 3103 3483 110 1776 3184 1669 763 3484 3485
619 1763 417 3486 262 3192
620 3487 3488 3102 3489 116 3490
621 961 3491 160 1880 3492 3493 402 1271 3494 3495 3496 3497 3498 3499 3500 2552 3147 3501 2499 3502 3503
622 80 1008 3171 2708 3504 656 601
623 1168 3505 3506 1253 2436 902 90 2750 3507
624 1179 566 570 1923 899 3508 2939 3509 3510 1803
625 3511 1116 1196 3512 70 3513 3514 3515 3516
626 3517 328 903 1669 3518 3112 2444
627 323 2615 3519 3520 3521
628 3522 3523 3524 3525 3526
629 404 3527 1245 3528 2879 2218 3529 3530 3050 3531 3532 3533 3534 2810 3535 3536 3537
630 3538 3539 3540 353 2158 3541 3542
631 3543 3544 3545 1384 275 3546
632 3547 1669 1205 3171 3548 3304
633 2764 3549 3550 3551 3552 562
634 3553 3090 1198 2217 3554 624
635 3555 218 1871 2052 3556 2783
636 3557 3558 3559 1950 3560 3561 1083 3562 2414
637 1687 373 1344 3563 304 521
638 2961 3564 3565 3566 228 160 3567 6 761
639 3568 3569 3570 3571 3572 3573
640 577 3574 2345 1974 3575 109 3576 1659
641 136 3577 3578 2225 3579 3580
642 3581 3101 2812 3582 3583
643 990 1384 3584 1136 3585 3586 380 393 234 1657 3587 71 3588 1863 2309 3589 3590 3591 396 3592 3593 3594 257 3595 2025 1269 642 1677 3596 3597 3598 1768 3599 3600 2354 2928 3601 3602 3283 879 3603 1335 1331
644 3604 1607 3605 1652 1673
645 806 6 441 3606 678
646 1594 2081 3607 1024 2247
647 375 1892 3608 2596 3609 2741 1646
648 3610 3611 715 3612 2821
649 3561 2395 3613 384 3614
650 1089 3615 2218 171 3030 734 2439 1637 3616 1357
651 178 3617 1993 3494 758 3618
652 598 3619 1382 1402 3620
653 3621 3517 806 3622 1547 2466
654 1683 3623 3624 3243 134 3625
655 2822 3102 2266 3626 97 146 1985 2832 3627 3628 3629
656 3630 2596 3631 1393 2557 1862
657 887 3632 2002 3633 3106 210 3634 3635
658 3636 3637 845 3638 3639 3640 939
659 2095 373 3641 884 3642
660 3378 3067 1894 2789 776
661 3643 3644 3645 1270 3646 533
662 3647 384 3648 3649 3650 3209 3651 3228
663 3652 228 2018 3653 574 3458
664 1881 1521 156 3654 16
665 3655 3656 2701 3657 3658 3659
666 3660 3661 3662 3663 3664 3665 3373
667 604 707 3429 3666 15
668 3343 2814 3667 2032 3668
669 3669 3670 3671 3672 3055 1096 3673 1580 1429 3674
670 3675 439 3676 3677 3520
671 1179 1780 3678 3679 1156
672 2820 3680 3681 103 1154 1523 3682 1696 3683
673 1075 3329 3684 170 3685
674 2530 3686 3045 3687 961 3688
675 110 3689 3690 111 3691 1144 3692 3693
676 3694 1922 3695 272 3696 861 134
677 3697 3698 3699 3700 156
678 1223 3701 396 1292 352
679 3702 3703 3704 848 264
680 3255 388 3705 1405 174 1580
681 277 641 3706 3707 1396 1267 2809 3708
682 3647 3709 3710 1837 3711 3712 2311
683 944 3713 286 3714 2980 1427 1429 172 1106
684 320 3715 98 2122 280 3716 3717 3718
685 2877 1745 1468 3719 3720 3721
686 1794 3722 3723 171 1634
687 1798 3724 2421 3228 3725
688 3726 1242 3160 1380 1 438 1270 413 374 3727 1643 3728 3729 134 3730 1396
689 3731 60 3732 3733 1833
690 1308 1604 1082 3734 2164 971 3735 3736 3737 243 3738
691 1290 3739 3262 2708 143 3740 3741 90 3742
692 831 3743 912 3744 576 1374
693 3745 2735 3746 3747 2702 3748
694 18 363 3097 3749 3750 2970 311
695 899 1336 3751 1331 57 3752 2429 690
696 3753 3754 3755 3756 3757
697 181 3717 579 3138 1609 326 2260 3758
698 264 1617 1614 262 3759
699 1409 1254 3505 3506 371
700 3760 2971 3761 1159 3762
701 2705 1974 3763 1339 3301 1448 3756 3764
702 2082 3765 174 3766 3767 1776 3184 3768 3769 3770
703 3509 3771 2201 3772 3773 3774
704 2710 2685 527 1223 1960 3775 3776
705 3777 3778 453 3779 1736 3780 3334
706 1561 637 2645 3781 3782 3783 3784 1109 3700 3785 3786 3787 1992 3788 3789 1256 1416 3790 3791 3792 3793 3794 3529 3452 3795 3796 1490 3797 634 1647 98 723 3798 2144 649 3799
707 1267 1616 3800 110 2740
708 1484 3801 1776 1168 1247 3802
709 3803 3804 3805 3806 3807 3808
710 2716 3687 2215 1123 965
711 3809 3488 3810 3811 3812 3813 3814 3815 3816 3817 3818 1079 3819 3820 3821 3822 3823 2716
712 2508 58 851 3547 3824
713 2462 3825 1196 3826 3827 3828 1116 3829 544 3830 69
714 3706 2503 3831 3832 3833 1238 3834
715 3835 2259 3836 3837 848 3551
716 601 3838 3839 1877 1876 3337 3840 253 2742 134 796
717 469 3841 3842 3843 3844
718 388 373 3845 3846 1434
719 3847 1022 3848 963 387 811 1992 735 71 688
720 3849 2953 3850 3416 3851 3852
721 3853 1543 243 3280 109 2218 3854 3855 3856
722 3857 3858 3859 1857 2868
723 3860 467 720 906 3861 1470 3862 1759 3863
724 3864 1994 3865 3190 3866 3867 3868 549 3677 1813 3869 3870 2716
725 3100 2645 2239 3871 1234 1050 2066 1061 16 3872
726 3873 873 3874 247 3875
727 21 1342 3876 1404 388 3877 3878
728 3879 3880 247 3881 1051 2852 507 3882 3883 3884 3473 3885 3886 3148
729 3887 384 1159 3888 3889
730 1646 2740 1225 3511 1249 1298 531 3890 1950
731 3891 545 1828 3892 796
732 3251 496 3893 1779 563
733 3894 3895 2491 3896 3897 718 3898
734 3899 3900 1660 3901 3902
735 3903 3904 3905 3906 3907 3908 2818 1393 3909
736 3910 2388 3911 2920 1726 3912 3913
737 3914 3915 404 3916 3917 3918 3919 171
738 3920 3921 3573 629 3922 3923 2723 85 3924 3925 1888 2556 546 3926 3927 3283
739 3262 1704 1176 393 3928
740 631 2971 3929 115 2302
741 3930 2334 1329 1113 337
742 3547 1684 2675 1356 1466 3211
743 3931 3932 3933 3934 3935 3936 3635 1087 3733 3937 1018 2056 2793 2102 3938 3759 3022 3939 537 3940 3941 171 3942 291 3943 3421 1427
744 2135 1287 2444 3944 720 174 1289 412 2093 3945
745 3946 3947 1356 3948 3949 793 156
746 1722 3950 3951 3952 3953 1291 1846
747 3954 3955 3598 1679 3956 3957 1696 2293 3958 2980 340 2501 352
748 3959 3844 1857 3960 3961
749 3962 3963 3964 718 1196
750 1534 1540 1538 1541 1537
751 3737 2164 941 2510 3965
752 3966 2830 3967 1112 1888 3968 1548 3969 3407 3970 262
753 2672 1282 3971 3972 3973 1152 1467 3974 3975 3976
754 2026 3977 3978 3979 3150 3980 3151 3981
755 1335 1600 3982 109 3826
756 1075 3584 1384 3983 2049
757 3984 1647 1644 1813 3985
758 3986 1253 3987 660 3988 3989 3990 1254 1255 3991 685
759 388 3992 3993 2170 1761 3808 3994 3995 468 611
760 1868 3601 2113 3996 508 3997 3575 113
761 1170 3998 99 3999 4000 4001 967 1106
762 4002 1205 2036 4003 374 1357 4004 4005
763 4006 4007 4008 2928 4009
764 4010 3009 670 4011 4012 4013 4014 4015 2467 1776 3184 1151 4016
765 4017 2418 4018 3149 110 369 4019 4020 819 4021 1743 4022 314 2852 1050 3064 4023 4024 4025 4026
766 4027 4028 3906 4029 2543 4030
767 3017 901 2348 4031 4032
768 4033 1404 4034 4035 4036 4037 477 4038 4039
769 4040 1531 516 4041 1156 4042 4043
770 4044 4045 1604 4046 4047
771 3358 3359 4048 3343 4049 4050
772 4051 4052 3307 4053 3322
773 4054 3296 2448 4055 4056 4057 1561 2473 4058 4059 3961 1528 4060 4061 4062 2425 4063 4064 4065 388 170 4066 4067
774 990 4068 663 4069 3556
775 4070 705 4071 4072 4073
776 4074 4075 3064 4076 2373 4077 2462 4078 2830
777 4079 4080 3024 4081 595
778 2573 306 851 4082 581 4083 67 4084 2047 4085 1018 4086 187 4087 4088 3964 1980 4089 4090 4091 4092 468 3290 2487
779 2185 4093 823 638 4094 4095
780 714 4096 1329 4097 2292 4098 4099
781 4100 4101 4102 4103 3102 3925 4104
782 4105 1322 1296 3823 4106 4107 95 1587
783 4108 4109 4110 4111 4112 282 4113
784 1077 2006 4114 1653 1616 900 4115 4116 1693
785 4117 540 2194 4118 4119 731
786 4120 4121 4122 1024 4123
787 4124 4125 4126 4127 3138
788 4128 3111 3611 4129 4130
789 507 355 3856 3956 643 4131 439 1621 3123
790 4132 1761 3871 4133 4134
791 299 694 3416 4135 4136 4137 4138 4139 4140 1705 919 1754 4141
792 320 94 1741 4142 84 4143 4144 494 581 4145
793 4146 4147 1469 790 4148
794 3611 4149 4150 4151 4152 641 476 560 4153 4154 4155 4156
795 4157 4158 4159 1295 4160
796 4161 3681 4162 4163 4164 1952 1075 3017
797 2102 4165 2071 4166 540 4167 4168 4169 4170 1156 4171 729 689 594 1427 3467 1098 939 4172 293 4173 4174 3424 4175
798 2992 624 2277 3801 2655 2178
799 4176 3312 197 4177 4178
800 4179 830 4180 1315 3842
801 4181 4182 4183 4184 2723
802 4185 663 575 318 4090 1862
803 4186 4187 4188 4189 4190 2245 4191 4192 4193 4194 4195 4196 4197 973 3700 2708 4198 4199 3470 3065 4200 633
804 848 4201 4202 1896 555
805 651 1333 4203 1036 818 4204 4205 2163 4206
806 2459 4207 4208 117 868 2772 4209 651 4210 3598 134 2348 4211
807 4212 2258 264 134 4213
808 4214 4215 4216 508 2542
809 1580 4217 4218 1398 1330
810 1825 4219 3743 1036 2820 1610
811 289 2795 4118 295 1358
812 1109 722 4220 4221 246
813 4222 1631 1424 972 2807 1103
814 2598 599 3317 4223 5
815 4224 4225 4226 4227 4228 2605
816 4229 3023 2397 4230 4231 4232
817 381 695 4233 1975 651 4234 386 4235
818 3765 1726 4236 2442 4237 4238
819 2671 3961 4239 4240 4241 4242
820 4243 4244 4245 3408 4246 3438 4247
821 4248 4249 3741 4250 4251 4252 2057 49 1658 1503 3242 4253 1119 4254 4255
822 4066 4152 4256 4257 4258 4259
823 651 134 3650 312 1448
824 4260 4261 4262 1394 4263
825 1916 4264 2178 2666 3011 4265
826 4266 1017 4267 4268 4269 4270 1382 1573 1238
827 1026 4271 3550 486 4272 4273
828 2681 4274 247 4275 4276
829 4277 531 4278 4279 4280 4281 2462 3429 1652
830 4282 4283 2716 4284 1189
831 4285 4286 4287 1180 1911 3485 3484
832 3697 4209 2574 4288 4289 282
833 4290 4291 4024 4292 4293 839
834 4294 1648 1813 1350 3444 134 4295
835 4296 551 4297 4298 110 4299 4300 1074
836 543 3077 540 171 1104
837 4301 580 4302 1331 2060 477 253 1238 2730
838 4303 1299 1218 3584 4304
839 834 2056 4305 471 736 3590 4264
840 1880 1652 1805 4306 264
841 1351 4307 1780 4308 4309
842 2987 954 2550 4310 1075 4311
843 373 1512 2592 1178 2159
844 2441 1769 3438 2914 4312 1394 3284
845 4313 924 534 535 4314 965 129 133 4315 1429 4316
846 757 4317 4287 911 4318 4319 4320 765 4321 4322 508 4197 2254
847 2825 2305 988 4323 4324 4223 4325 4326 4327 1171 3768 2674
848 4328 4329 1765 4330 4331
849 4332 4333 4334 2429 1427
850 4335 1474 4336 4337 529
851 384 2227 656 2868 409 3625
852 4338 2642 1302 4228 4339 3387
853 393 4340 3870 4099 2550 4341 312 331 4342 576 4343
854 4344 262 267 2730 4345
855 3333 1791 4346 4347 4348 4349 4350 4351
856 4352 541 1435 1455 4353 1427 2720
857 981 1291 2268 4354 1223 4355 4356 38 1292
858 4357 4358 4359 2864 2102 4360
859 1080 4361 4362 4363 4364 2205 4094 4365 4366 740
860 1505 1421 510 4367 542
861 1028 4177 4368 4369 4370 1059 4371
862 4372 4373 4374 4375 4376
863 4377 941 1609 643 4378
864 2338 1312 4379 4380 4381
865 4382 527 3418 934 735 4383 294 3426
866 4384 2192 291 1429 4385
867 4386 689 1426 934 137 536 937 294 4387
868 3225 2619 4388 3924 4389 4390 1122 4391
869 438 4392 1778 1745 1508
870 2399 245 4393 2610 4394 4395 4396 262 4397
871 440 1686 2885 4398 4399 1601 791
872 4400 2396 1903 1427 4401 336
873 1369 3689 3509 4402 193
874 2420 2193 3900 1614 439 4403 566 1887 4404 4405 367 2681 886
875 1647 110 4143 4406 3905
876 2527 1647 1610 1335 4407
877 946 4408 4409 4410 4411
878 4412 4413 1769 1085 4414 4415 2541 1308 885
879 1479 4416 4417 373 4418 4419 3835 3127 4420 1223 3946 4421 1387
880 3784 2969 4422 4423 4424 2991 1186 3042 2107 4425 1308 264
881 298 4426 4427 713 2168
882 3111 437 4428 4429 4430
883 110 4431 4432 109 4433 4434 2851 2829 3068 1589 3000 4435 2608 1669 1600
884 4436 4437 4438 373 1451
885 4439 4440 3072 1071 4441 4442 2053 1188 353 4443 4444 2851 4445 279 4446 544 1218 2286 671 3861 2328 1470
886 1357 667 3521 2683 728
887 1658 4447 4448 704 3856
888 2158 867 4449 4450 389
889 4451 3329 1369 4452 4453 1960 4454
890 651 267 189 4455 1082
891 4456 4457 4458 4459 1968 4460 4461 196
892 4462 3256 120 4463 4464 989
893 1147 4465 4466 4467 2707 2944 708
894 1512 4468 2818 1178 4469 1742
895 2503 1892 4042 193 4470 22 4471 4472 4473 4474 4475 4476
896 4477 1529 109 3286 4478 1785 4479 1886 4457 4458 3570 1741 2809 4480 4481 4156 189 4482 4483 4484 1038 3763 280 4485 658 4486 508 587 2966 3188 4487 2112 3148 4488 1866 409 4489 4490 4491 205
897 4492 52 1369 262 4493
898 2894 3066 4494 4495 2755 4496 4497
899 4048 3689 4333 2128 4498
900 361 262 4337 4499 1614 4500 1857
901 4501 2216 3297 261 4502
902 189 4503 3932 4504 3415 1363 1092
903 1688 2549 4505 1687 4506
904 4507 722 4508 4509 57 1662
905 1356 1430 1429 4510 1106 4511 4512
906 9 1563 3338 4513 4514 4515 1350 1564 652
907 4516 4517 4518 4097 328 1394 4519 4520
908 643 4014 899 916 4521 4522 4523 1332 253
909 4524 4248 4525 4526 1559 4080 2629 714 658
910 211 2709 4527 1057 3717 4528
911 97 217 4529 885 4530
912 1752 975 2331 4531 2489
913 4532 2188 4533 4534 4535 2065 1789 832 4536 1606 4537
914 4538 2169 4539 4540 1235 4541 5 4542 1810
915 3729 1522 3887 113 4543 3733 1014 4244 4544 1270 439 2608 4545 4546 3127 4547 4548 1930
916 4549 4550 1589 2112 1923 1154 1196 3064
917 1436 4551 1332 2264 111 3870 4552 4553 4554 4340 2954 642 4555 3582 4556 4557 4558 4559 4560 514 4561 4116 2746 2232 4562 4563 4564 3626 737 4565 4566 2458 3217 2956 513 4567 879 4568
918 4569 3369 764 4570 3385
919 4571 3979 4572 2354 4573
920 1309 4574 315 4575 389
921 4576 2664 1910 722 4577 4578
922 4579 1920 4580 885 475 1829 109 299
923 524 1968 3412 4581 4582 4583 4584 2730 4585 1095 2936 4586 2428 4587 4588 4589 171 4590
924 1322 4250 4591 558 4592
925 3276 2814 4593 2373 110 4594 819 4595 4548 1971
926 3801 4596 773 3050 3572 4597
927 1260 4598 4599 1561 2667
928 944 4600 4601 598 3039 4602 845
929 4603 4604 4605 262 4536 1573 2810 109 1866 4606 1659
930 2167 2338 4607 666 103 111 4608
931 2436 4609 4610 4611 4612
932 720 4613 580 4614 4491 3891 4615 1641 1770 3652 1817 417 2238 3920 4616 4617 4618 4619
933 950 4620 4621 1802 4622 1085 4623 1392 4624
934 285 4625 1621 2104 4170
935 4626 4627 1882 4628 3830
936 2835 1108 4629 1478 4630 1302 4631 2231 724 4569 4632
937 4633 3671 4251 599 4634 395
938 2645 1561 1256 4635 4199 1480 4204 4636 4637 2177 4638 4178
939 941 30 2510 218 4639 4640
940 1783 946 4528 4641 3689 4642
941 4643 2929 1074 673 1238 4644 376 1670 4645 4646
942 4647 4648 393 502 384
943 3050 4649 1253 1967 3742
944 4650 441 243 1903 237 251 4651 4652 2143 4653 4326
945 4654 4655 1620 4436 1972 4541 3110 1430 728 979 4656
946 2705 4657 4485 3003 4658 4659 4660 478 1635 3809 390 4661 4662 3968 4663 4664
947 4665 3432 4230 3560 821 4666 312
948 4667 4668 4669 1599 4670 4671 4672 4673
949 4674 28 215 4675 620
950 4580 3511 2112 4676 2201 84 109 3601 4548 4677 4678
951 262 2279 2454 264 1283 2929 895 1382 253 4679 644 4680 4681
952 4682 4683 4684 1741 4685 1889 521 4686 3983 367
953 4687 4688 2344 4689 1075 4690
954 4691 1662 59 4562 4692
955 2740 4693 312 1617 4694
956 1494 4695 2808 851 642 3755 4696 2074 2831 1408 2702 4697
957 4698 4699 927 3647 801 4700
958 1726 2215 4701 3541 4702 4703 4704
959 4705 1926 2586 4706 578 2315 2702
960 4310 1510 4707 340 787 388 371 4708
961 4422 4709 227 3898 4710 901
962 4711 1711 3039 2070 4712
963 2036 2710 1232 3747 4713
964 4714 312 4715 4716 2459
965 4717 4718 110 4719 4720 1759
966 4721 4722 4534 4723 3283
967 1477 356 4724 4725 4726 4727 4728 2081 4729 4730
968 4731 1213 213 1387 3775 1388 1296 1293
969 1176 791 3494 2022 380
970 4732 4733 137 4174 1102
971 4734 2882 2503 3875 4735
972 2717 4732 2019 4736 1019 4737
973 4738 4739 4740 330 373 4741
974 1205 4742 4743 1916 4217 2191 3248 4744 3418 3055 2015 2797 4745 971 872 1427 2902 1020 4746 4747 3110 2853 4748 4749 4588 4750 4751 4752 4753 4754 4755 4756 4757 737 982 4758
975 899 4759 4760 4761 4762 4763
976 4764 901 373 463 193 1854 1331
977 4765 359 2609 4766 4767 4768 3240 4769 4770 371 3967
978 4771 849 4772 593 1373 4633
979 4773 4774 1983 4775 4776
980 4777 575 4778 15 821 4779 4658
981 310 4780 1075 4781 4782 4652
982 2885 4783 3975 4784 1223 3905 4785 4786 4787 4788 4665 4789 4790 1929 4791 52 1669 4792 3902
983 732 393 4793 3935 492
984 3230 4794 1528 2092 409 1801 4379 2026 1662 4795 2851 187 384 4796 4797 3099
985 4409 4798 3280 187 4799 4800
986 4801 4802 3220 1133 132
987 1208 4803 1718 1069 4399 1921 4804 1308 42 1755 4805 1585 880 4806
988 2319 4807 4154 4808 371 1421
989 4809 4810 943 1050 2613 2796 390 1705 939 2938 296
990 4811 555 1284 4812 3833
991 4813 4814 1548 4815 1190 4816
992 4817 373 3451 2647 2215 2255 4818
993 4819 2451 1363 2124 4820
994 3478 909 4821 3256 4822
995 3777 2601 4823 4824 4825
996 4826 4827 3763 409 4375 4828 4644 4829
997 1773 1604 2510 3832 1403
998 4830 4831 4402 2020 1621 757 1270 4832
999 4188 434 2431 4002 57 439 432 720 4833 4834 314 4835 4836 599 372 4837 237
1000 4838 641 4241 4839 2550
1001 1769 4840 2366 4841 3046 441 3544
1002 3371 4842 4843 4844 4845 4846 3558 4365 2178 4847
1003 4848 2065 4849 3905 4850 1786 373
1004 2503 1172 262 134 1374
1005 4851 4520 4852 3037 1452 4853 477 4854
1006 4069 289 171 853 4855 3423
1007 4856 4686 264 588 4857
1008 217 1075 262 1407 3546 2999
1009 1865 4034 3429 4858 4859 2265 2311
1010 4860 4861 174 4862 2051 2679 4863 4864 2702 4865
1011 4866 2494 1075 4867 4520 4868 642
1012 4869 4583 1008 757 1848 2374 588 4870 4871 4756
1013 2310 390 4872 4873 3004 881 2829
1014 4012 4874 3510 4566 4875
1015 3344 4876 4877 4878 1543 2860 4879 243 4880
1016 1012 4881 3040 264 1635 4882
1017 3900 2348 439 4883 4884 4885 1208 1233
1018 1308 4886 1607 2270 4887
1019 2266 4888 4070 4889 325
1020 421 1299 3005 4890 4891
1021 728 4892 918 595 4819
1022 4893 4894 2559 4895 4177 1982
1023 4896 169 4897 845 4898 616 4899
1024 2868 4323 4900 580 4901 4902 4903 378 1973 384
1025 2929 4904 323 4861 4905 4906 134 30
1026 3785 1587 2540 4183 2815 1064
1027 4907 2208 2483 2479 3103 2085 4908
1028 3969 1817 4091 2668 2677 4909 2300 90 4910 4591 4911 4912 1253 2475 2877 373 4913 2056 2700 805
1029 4544 2050 1705 2251 1437 2385 2533 4914
1030 3343 2338 1322 3690 4729 3013 3976
1031 533 1274 1529 6 1669 3832
1032 4545 3294 2060 2750 197 3184 4915 3144 4916
1033 1268 4917 4918 4919 580
1034 1170 2037 3607 4920 3072
1035 4921 2864 457 517 1159 1298 406 4922 4923 2 735 266 4924 2798 1103
1036 4925 4926 1233 1383 4927
1037 4928 4929 4930 4664 2690 4931 706 1071 3486 2385 4819 4932 4933
1038 579 4934 2168 129 4935
1039 2741 373 4936 52 2122 4937 791
1040 1419 4891 4938 4716 561 1153 4939 4587 1120 4940 1400
1041 4941 2022 642 4942 4943
1042 3792 3643 4944 4945 4946
1043 924 4947 3714 4486 1360 4436 4948 4861
1044 4949 4950 4951 4116 4952 2832 570
1045 651 1210 2023 2868 1448 3113
1046 2131 1208 4953 582 4954 4955 4956 31 417
1047 2917 4489 1050 2913 4957
1048 232 4958 4959 4960 4961 855 293 4760 4962
1049 4693 3253 1628 581 4963
1050 4964 4965 2945 2859 3334 4966 2860 4967 4968 4969 3059 4970 4971 3554 1353
1051 882 4972 2117 4973 4974 4124
1052 4975 1848 1170 1681 3999 4549
1053 4976 141 4977 3988 593 282 1817
1054 388 1075 3313 1609 4978 4979
1055 2107 485 487 1532 4980 4981 2856 4982 4983
1056 371 1029 2076 2524 642
1057 4984 4985 3498 2453 3554 4729
1058 4986 4987 3102 74 4988 27
1059 4989 4990 3619 2095 3891 3474 851
1060 1542 4750 90 1050 4991
1061 4992 4993 2668 351 4994
1062 4995 1163 4996 4997 4998 4999 5000 254 1734
1063 4183 5001 5002 5003 416 683
1064 3405 5004 2609 39 1291 38 4153 5005 3775 560 40
1065 5006 615 3568 1075 93 846 5007 289 973 5008
1066 1647 5009 950 3981 1573
1067 5010 3189 2524 5011 5 5012 1321 2710
1068 4943 1339 5 1957 5013 1279 2814 757
1069 5014 3165 4409 5015 866
1070 90 109 428 1824 2036 5016 1063 5017 3275 3779 1669 3809
1071 5018 5019 12 1529 13 121
1072 5020 2458 5021 5022 5023
1073 3768 439 5024 2808 1045
1074 2688 788 5025 1451 2545
1075 932 5026 5027 1662 1860
1076 5028 4700 2976 5029 134 1238
1077 3658 1362 120 2795 5030
1078 2098 1745 3211 5031 2058
1079 2236 1661 4200 1177 3481 5032 3852
1080 5033 3590 4705 3601 5034
1081 5035 5036 5037 5038 4596
1082 899 373 5039 1156 5040
1083 5041 641 2265 1848 1612
1084 2805 934 5042 2 65 3079
1085 5043 2411 1885 5044 3785 1168 5045
1086 1384 5046 5047 2647 4191
1087 402 5048 682 134 2152 2742
1088 2620 610 5049 5050 5051 2716
1089 5052 5053 1031 908 5054 3835
1090 4596 5055 77 5056 5057 5058
1091 407 1958 5059 975 1545
1092 3946 5060 5061 5062 4317 5063 5064
1093 1325 5065 3617 1380 5066 134 5067 3729 145 5068 1030
1094 5069 5070 5071 5072 3056 2411 5073 2313
1095 1308 1163 3620 2929 5074 1225
1096 5075 2482 5076 1339 368 5077 5078
1097 3405 2090 5079 924 4732 928 5080 931 5081 3671 3079 853 3957
1098 5082 3690 5083 109 5084
1099 2020 5085 471 2060 5086
1100 5087 4229 113 5088 5089 5090 3972
1101 3540 2776 3081 373 16
1102 3936 5091 1330 1683 5092 60
1103 1325 3572 2352 52 4606 3980 1950 5093 944 5094 5095 415 5096 4605 1749 5097 4516 5098 5099 335 1437 813 2683
1104 5100 2025 2323 5085 471 5101
1105 2050 5102 5103 2710 3163 4275 3849
1106 1717 5104 521 5105 2550
1107 5106 304 5107 5108 1356 648 4430
1108 1369 683 174 990 5109
1109 5110 1721 3450 5111 5112
1110 5113 1705 5114 238 88 32 5115 28 5116
1111 5117 3635 98 182 957
1112 5118 3864 5119 3404 5120 5121 2260 2475 5122 5123 5124
1113 1997 5125 5126 1691 84
1114 5127 2497 192 5128 5129 4583 5130 1432 2284 5131 4656
1115 5132 3429 4483 2085 4375 5133 5134 1887
1116 134 5135 1233 3283 5136
1117 1289 4941 5137 5138 4717 2742
1118 3301 5139 5140 5141 4537
1119 1351 3138 1077 5142 5143
1120 5109 5144 4150 3884 593 903 5145 5146
1121 1825 5147 2609 3901 4027 5148
1122 5149 5150 272 658 1393
1123 561 376 732 2134 1573
1124 2522 580 4888 1796 3881 5050 5151 5152
1125 4398 5153 5154 5155 1382
1126 3394 3395 3352 3789 2178 5156
1127 694 2139 3598 5157 1455 4153
1128 2666 3008 3049 2667 5158 5159 851
1129 5066 1028 4741 1316 5160 2912 5161 5162
1130 553 5163 1713 5099 1183 5164 1210 30
1131 264 1811 1573 4344 2812 4427
1132 5165 5166 708 704 5167 5168 5169 1409 181 4810
1133 5170 2716 637 5171 2303 5172
1134 3214 610 4183 4687 1804
1135 3978 1522 2874 2131 5173
1136 388 3387 3789 390 5174 3138 36
1137 4179 5175 5176 4189 4194
1138 5177 217 4957 5178 5179 4587
1139 923 4414 5180 4054 3118 1993 1096 5181 2489
1140 5182 3094 1339 5183 5184 5185
1141 2472 3343 312 5186 2833 5187 5188 1914
1142 2846 1776 31 2215 5189
1143 5190 5191 1316 5036 5192
1144 3373 5166 5193 3388 3661 3662 5194
1145 3049 5195 394 3181 5196 368 5197
1146 2574 5198 1404 5199 153
1147 2976 4785 4548 1112 5200 5003
1148 3704 5201 109 5202 556
1149 3891 1462 2633 2528 5092
1150 6 205 249 2758 5203
1151 641 5204 4086 276 671
1152 991 5205 110 5206 5207 5208 5209 136
1153 927 4546 4940 44 5210 1135 4363 2256 3118 5211 3532 514 5212 2467 5053 2099 5213
1154 4 846 4165 1225 5214 129 1292 5215 1223 5216 1344 3775 133 3964 65 735 1968 2980 2308 1389 5217
1155 5218 567 477 5219 2953 5220
1156 3778 2726 4843 3781 3777 3332 5221 3340 5222 80 2663 5223
1157 5128 2071 289 5224 1637
1158 5225 2440 5226 2433 4684
1159 3555 5227 2067 1851 5228
1160 2851 350 5229 2119 3101 1417
1161 4891 5230 243 4877 2838 1124 4906
1162 4964 3203 5231 274 617 230 4775
1163 4004 5232 5233 555 5234 625
1164 4544 755 5235 262 5236
1165 5237 4041 3498 1960 1218
1166 5238 5239 3401 951 5166 3344 5240 5241 634 2178 4766 5092
1167 1868 5242 3150 282 588 3608 1641
1168 594 3175 2783 3205 5243 1439 976
1169 5244 5245 5086 4044 5246 1745
1170 3077 5247 120 134 4948 2938 5248 2284 4589 161 859 5249 5250
1171 961 4901 3900 3017 577
1172 5251 5252 5253 182 3230 5254 174 5255
1173 5256 1911 2228 5257 1895 5258
1174 2602 5259 5260 1213 164 2124 260 5261 373
1175 502 5262 4312 5263 2731
1176 4634 5264 5265 1430 5266 264 5267
1177 5268 2661 1356 3776 1293 5269
1178 3129 5270 5271 352 878 2160
1179 925 380 409 5272 5273 937 3763 152 1278
1180 5255 5274 4432 5275 171
1181 3429 5276 1669 310 3116 5277
1182 529 1686 5278 849 5279
1183 3541 1196 218 3225 1279 2224
1184 5280 3798 5281 1583 5282 5283
1185 479 388 2934 1077 390 5284
1186 5285 5240 1902 3406 93 3409 384 5286 5287 5288 2805 456 5289 540 5039 5290 5291 5292 5293 5294 197 4958 3418 5295 724 4119 3032 729 5296 5297 735 939
1187 5298 5299 4669 4132 1038 5300
1188 5301 5302 2668 5303 1833 5304 200 5305 2716 5306
1189 2101 959 3259 289 1342 5307 5308 1427 734 3109 96 61 5309 5310 538
1190 2705 4957 5311 2989 1321 3763 226 1332 384 4097 2344 4099 5312 4707 2540 5313 59
1191 5314 1840 5315 110 5316
1192 5317 5318 4227 5319 5320 2767 4260 4486 733 1267
1193 5321 4947 5322 4959 3032 293
1194 4441 5323 226 5324 5325 5326 3828
1195 5327 1161 1614 5328 971
1196 3354 450 5329 3621 5330 218
1197 3961 1156 5331 527 2555 2193
1198 3435 2647 3059 2388 5332 3145 34
1199 1214 1842 110 3429 1378
1200 709 2388 4373 1555 1614 3470 3967 237 2533 5333 5334 4839 2065 4757 5335
1201 424 373 5336 437 5337 1960 5338
1202 5339 5340 1254 5341 3066
1203 694 3556 4119 3248 90 1151 3619 5026 107 109 5342 1162
1204 3246 1173 657 110 1829 5343 5344 646 1759 1692 1921
1205 4732 5345 3039 5346 1427 5297
1206 5347 343 5348 134 1769
1207 5349 5350 1593 5351 5352 2329
1208 5353 1604 5354 1308 566 3003
1209 3597 1308 5355 2803 3071 3329 1921 1674
1210 1517 5356 4426 4591 2992 1491 2214 5357 2964 3566
1211 2914 117 5358 5359 5360
1212 4380 5361 1769 223 3229 4973 5362 786 5363 5364
1213 2924 2532 4029 5365 3536 384 1082 5366
1214 648 1018 5367 1557 1559 165 2104 5368 5369
1215 713 5370 2178 5371 2180
1216 2148 5372 5373 3478 5374 4050 5375 1868 994 2483 5376 4070 1587 5169 5377 5378 3111 2944 5379 5380 3315 2090 1923 2079 3067 3403 1499 1171 5381 2583 5382 2623 5383 4179 5384 5385 589 63 97 100 5386 2218 1365 5387 3032 1095 5307 5388 1366 972 3114 5389
1217 4026 3477 5390 720 4745
1218 289 2525 4360 5391 1278
1219 2374 5392 477 3677 1393 991
1220 1853 5393 1267 1075 902 5142
1221 3456 1692 4014 1225 90 5394 5395 3096
1222 521 4158 5396 5397 4730
1223 4540 2112 1923 1971 4637 1741 5398 5399
1224 5400 1556 5401 643 4970 5402 785 5403 500
1225 1404 388 2596 348 5404
1226 189 5405 2506 5406 5407 5408
1227 5409 5410 5411 1096 5412
1228 4742 1620 5007 4959 2809 5413 3901 168 979 1105
1229 4373 5414 3230 5264 687 3899 5415 3329 5416 5417 3525 217 5418 262 2632 3609 5010 347 5419 5420 3470 406 4396 4223 1614 2533 1555 5087 2527 387 5421 2065 5422 5423 5424 2088 312 5425 5426 1618 5427 720 1282 3034 4475 1331 5428
1230 5429 2913 5430 103 1955
1231 4652 5431 174 5082 838 2503 1083 4298 4996
1232 1891 5432 3714 3052 1627 1619 5433 4510
1233 5434 1203 5435 5436 5437 5438 1988 5439 2405 524 1644 1645 850 3409 6 3413 913 3438 1964 5440 5441 2218 3939 1244 5442 3259 527 171 4733 290 5443 1095 1634 5444 1424 128 934 5445 5446 1426 972 5447 5448 5449 5030 855 1637 1430 5450 4387 1278 5451 1106 1105 4175 987
1234 5452 3227 381 1849 2753
1235 4268 955 174 5453 455 4414 5454
1236 1163 5455 791 3901 1875
1237 1669 5456 1369 5457 5458
1238 1089 924 99 289 1156 5459 171 3148 1724 292 2806 4590
1239 2661 4086 5460 2324 714
1240 2665 3907 4792 288 3799 5170 581
1241 5106 3529 1481 4278 5461
1242 4851 5462 1150 3805 5348 4307
1243 479 1527 390 109 927
1244 967 1424 1457 730 1851 971 977 2806
1245 2168 1270 2503 2615 5463 5464
1246 1627 5465 3575 5308 1426 937 5466 171
1247 832 368 5467 5468 4939 1653 4535
1248 5469 5470 3689 2897 3093 5471 5472
1249 5473 2135 1745 38 39
1250 5474 5475 5476 651 5477
1251 5478 1369 4402 5092 5479
1252 3630 5480 2125 368 29
1253 3505 5481 5482 5483 3506 1253 2084
1254 5484 3990 109 5485 5486 3754 5487 5108 156
1255 2255 1122 337 5130 5488 1929 2372 377
1256 4902 2522 5489 5301 3023 2548 219 5490 5491 3932 2090 5492 4384 2805 5493 2795 967 5307 5368 5494 3110
1257 1574 4592 5463 5495 5496
1258 3004 1889 5497 5022 2783
1259 1815 4967 5498 789 711 5499
1260 5500 5501 5502 3329 5503 815
1261 5504 1836 5505 1017 4767 5506 2411 5507 2584 5508 5509
1262 3163 116 117 4535 5492 5510 5511 5512 524 3406 4947 4314 267
1263 3228 5513 477 261 134
1264 5328 3643 264 477 2159 3080 3747 2524 3644 3685
1265 3348 452 5514 5515 3342 5516
1266 5517 5518 1573 2418 2810 5519
1267 3080 1156 2049 5520 5521
1268 3348 2992 5522 2958 5523 3391 2333
1269 2373 2135 5524 1170 1403
1270 1085 5525 3543 414 5526 5527 5528
1271 1679 1406 513 3034 5529 5530
1272 566 5531 1270 4989 5532 5533
1273 5534 2868 2367 3016 2349 1368 4620 272 5154 312 2894 1607 5535 5536 5537 5538 5539 5540 368 3473 3175 5541 3308 1871 1876 1657 3391 1250 2491 5542 5543
1274 4777 924 2432 2503 42 1096 5544
1275 5545 4618 3056 5546 3850
1276 4305 5547 3644 5548 3631 5549 3476
1277 3760 5550 30 2510 5551
1278 3538 4 508 3742 3203 2879 5407 2114 5552 5553 5554 2171 1507
1279 5555 5556 2511 1743 5557 229 5558 1769 5559 5560 1018 1433 3222 3057 5561 1306 5562 5563 4351 110 4088
1280 569 1027 3731 4486 5564
1281 713 5565 3886 2886 5057 1812 4948
1282 5566 879 1627 5567 5568 5569 5570 6 5571 5572 5573 3318 5574 4237 1770 421 2509 170
1283 4453 2535 5308 575 496
1284 524 93 2071 4119 970 1427 3001 5494 4962
1285 5575 5576 1288 5577 593
1286 1024 4889 5578 5579 1225 5580
1287 4279 2065 2136 5581 2527 2914 1174
1288 5582 5105 413 2503 4014
1289 2573 5583 3494 757 5584 684 5104 138
1290 4451 3406 540 5585 5586 1364 3723 5587 3110 3426
1291 1875 5588 2833 5589 1142 5590
1292 1906 5591 98 494 5592 5593
1293 3070 5594 2074 5595 4152
1294 851 5596 4238 1493 1726
1295 637 4371 4063 3784 4655 4743 1788 5597 5598 5599 658 1271 1123 5600 5601 5602 5603 5604 1191
1296 1006 1806 5605 3657 5108 471
1297 4229 5606 1384 3940 1336 2543 241 2783 331
1298 4298 5607 1786 2609 502 758 4053 1143 5608
1299 4907 3742 5393 5609 2457 2388 5100 90 5610 574 5611 5612 2716 2816 1112 1593 3872 5613 5614
1300 2587 1170 5615 267 4604 393 5616 762 2842
1301 5475 3934 262 312 171 5617 5618 4694
1302 1696 2503 1218 368 971 5619 1238 1958 540
1303 564 921 2397 5620 762 476
1304 5354 4457 5621 1451 2746 153 5622 616 1955 1831 2427 5623 1759 755 5624
1305 5625 5626 3160 5627 5628 3244 1785 109 1168 5629 4091 5630 541
1306 923 5631 1569 1033 5632 2671 5633 2168
1307 5110 4573 588 5634 3779 5635 5636
1308 4745 3419 1681 4133 4134 3451
1309 5637 5638 5639 5640 2972
1310 5641 5642 4421 3892 1312 1356 3082 5643
1311 3094 2953 2305 3262 870 2043 5644 5645 1735 5646 5647 5648 5649 5650 5430
1312 5651 5652 5653 573 136 5654 5655
1313 400 1868 2958 5656 3302 3705 3763 1176 791
1314 3015 144 2368 304 5200 2566 3980 4615 1182 1705
1315 3607 217 5657 5658 1354 5155 387 3234 2503
1316 3326 286 5659 3714 5288 2805 4960 5224 3033 2798
1317 1818 5660 5661 5662 5663 2538 517 3703 3891 318 5582 5664 1826
1318 2331 5665 1228 3171 5666 3690 5667 2112 5668 129
1319 5669 508 4487 5670 4856 713
1320 3474 704 1608 3614 1246 3763 1152 1616 1225
1321 4655 5671 4678 4660 5672 545
1322 847 2812 5024 3964 5673
1323 4233 5674 5675 5027 1572 264 2545 673 5676 5677
1324 1310 1992 5678 1323 1776 805
1325 5679 5680 1259 4435 2608
1326 5681 4557 4523 1589 5682 713 5683 234 2427 606 4552 4805 228 5684 5685 5686 5687 236 2830 237 5688 5689 998
1327 393 5690 1050 2783 5365
1328 2187 5199 2268 1225 1718 5691 5692
1329 1587 3111 5693 3138 2815
1330 416 5694 1551 1886 4882 4660
1331 4367 3760 5695 5696 4326
1332 5697 1143 5632 2776 4208
1333 532 1586 1605 2007 1344
1334 1336 5440 2890 576 61
1335 789 5104 508 2693 5590 1474
1336 1282 5698 5699 262 5646 5700
1337 2393 5701 5702 5703 3965
1338 5704 4808 5426 5705 2416
1339 4442 838 563 241 2810 1621 138 2994
1340 439 1652 4715 921 3112
1341 1616 262 3021 2129 1208 391 5706
1342 4613 2545 1382 1400 1238
1343 1034 5707 470 2766 641 2354 5708 2852 2503 2371 521 1008
1344 2073 3579 5138 2733 1271
1345 21 757 1238 5709 1554 5366
1346 1917 2300 2299 5681 5710 1146
1347 2331 3185 4848 5711 2167 5712 322 373 2351
1348 5713 3049 5714 994 2480
1349 2006 3259 3572 794 5715
1350 4391 3559 5716 5717 809
1351 3655 4553 2327 2749 423 5718 5719 2771 1145 5376 2766 5720 4375
1352 4224 1914 4466 5721 944 2189 2218 5413
1353 5043 5722 5723 71 5724 4375
1354 5575 146 4158 5725 2734 2799 5726 5535
1355 5727 5728 1591 5246 5729
1356 3188 143 1764 3965 1369
1357 1779 411 5730 851 5731
1358 848 5732 5733 839 5734 5735
1359 3405 5736 3406 2189 4959 1095 1457 5737
1360 1606 5738 5739 5740 801 5741 3702 872 1667 262 3474 5712 791 1686 4233 1158 2818 673
1361 1703 5742 3512 4529 5743 5744 2866
1362 3228 5745 2341 2075 2556 1996 5746 223
1363 4907 5747 1945 5748 2779 5749
1364 5750 3111 5751 84 1914 5752 5753 4970 1997 2775
1365 2361 1992 4769 5754 5755 46 5364 2049
1366 5127 1887 829 4684 2868 5179 5756 4312
1367 178 5757 5758 1960 5759 5760
1368 2168 5761 2388 763 2215 4916
1369 2851 5762 5763 5764 1668
1370 5765 673 4885 1238 5087 5766 1171
1371 5767 673 5768 1382 4616
1372 1710 5769 5770 5771 3479 5772 3741 312
1373 5773 5118 4225 1328 731 730 1972 5450 2301 979 985
1374 5774 2046 1172 384 2482 4470
1375 5476 5775 1448 3265 1275
1376 5776 4976 5534 5777 1321
1377 1158 439 5778 6 1176 5779 5780 2349
1378 1464 5781 253 3493 3071 5782 1238 5783
1379 2459 383 2143 4680 5784
1380 1512 3470 5785 1337 5184 5786
1381 3724 4943 4071 1542 498
1382 5787 5788 237 3968 1974 4055 4688
1383 1720 2863 1619 5580 5789 562 1621 5790 2104 5791 2525 1426 939 1099 1430 980 5792 1106 5793
1384 4313 1619 1156 854 1429 1358
1385 4453 4620 5794 5795 5796
1386 5797 5798 5799 5095 4300
1387 5665 3607 5800 5801 1743
1388 5802 2734 4920 2533 2527
1389 5803 1384 1023 5501 2674
1390 5804 264 2280 4268 5805 5074 5806 134 4047 5807 2799 5808 5809 4961
1391 456 3049 5810 3008 2476 5811 657 3111
1392 5488 4208 5812 2376 5813
1393 5814 5815 2820 5816 153 1384 4861 155 5817 3614 5361
1394 2812 1238 5818 2991 4269 4475
1395 1616 5819 5820 1974 2539
1396 5821 850 5822 446 2192 171 2194 915 5446 734 5388 5823 293 2284 1431
1397 5824 673 2398 895 2879 5825 2716 5567 5826 1562 5827 5828 4060 2623 805 2977 841
1398 5829 1511 4027 5830 2205 5037 1785 5831
1399 134 3611 5832 2049 2686
1400 5833 85 3092 1200 5156 1259
1401 3790 1520 1198 494 4320 4434 229 4862
1402 5834 5835 5836 2309 5837 2543 812 5679 5838 5839 195
1403 3111 5840 5841 1132 3233 5842 5843 5319 3784 243 5376 3031 5020 5844 4566 1683 5234 1507
1404 5623 5845 5846 5847 5280 5848
1405 4142 5849 5850 5060 3825 1118 5851 4697 4652
1406 6 5852 2807 731 3033
1407 193 1153 413 463 6 264 196 5853 134 1006 4306 4804
1408 1404 1609 388 2543 500 4922 3862 5854
1409 2112 5556 1923 723 1183
1410 5855 5856 3265 80 1691 1551 2927 944 3660 1616 1129 5857 3662 2212 1024 789 900 2792 712 1182 1776 2858 5858 2036 2218 2215 1916 5608 777 3280 612 3420 5859 163 5737 5860 5861 3527 2435 842 5623 5862 1177 4221 5863 4349 4362 5864 4350 5865 4347 2832
1411 2903 5866 5867 1822 5857 5868 5259
1412 5662 5604 3923 5739 4766
1413 1869 2352 3731 5869 5706 2312
1414 3406 286 3425 295 1104
1415 5870 4496 5000 4328 1892 2022 5464
1416 5871 3567 1642 5872 1848
1417 4306 2687 371 200 3098 1250 2803
1418 384 5873 642 409 652 1573 264 5610
1419 384 2924 5874 217 2089
1420 648 5875 5876 3287 298 1354 2680 3822 409 529
1421 2990 2392 694 5877 4790 4620 5878 5879 5880 409 2192
1422 771 905 879 1270 5881
1423 715 5882 5883 3533 2790 339
1424 1653 1721 4667 5312 576
1425 4424 6 3171 692 213
1426 5534 4 5757 5884 5885 241 643
1427 1478 2211 1556 2601 867 1801 4728 620 4335 3066 5729 2667 4956 2836 5886 3103 3404 1132 5887 4190 5888 2494 5889 3453 2694 5890 5891 4138 5892 167 2435 4285 724 2178 4591 5893 4954 3165 5894
1428 477 2704 439 2503 2730
1429 5895 535 1619 439 5896 5822 5897 1622 5898 2797 5899 5573 980
1430 5900 1902 5128 97 4799 3001 854 5901 4305 5551 5902 159
1431 2924 5773 3061 460 2323 5903 28 2663 77 4109 1490 1351 4555 4591
1432 651 577 4901 5904 2345 1974
1433 5905 3444 5840 2832 5906 634 3156 5907 5124 5908 373 5909 2001 4347
1434 5910 5911 5912 3151 2527 642
1435 98 1182 4566 5913 1598 2095 5914
1436 407 5742 373 5915 5916 2311
1437 2361 3489 3287 3202 5917 1279
1438 1331 1329 4203 2348 2740
1439 851 3996 4811 312 5918 1382 1682 1607 5919
1440 5920 1332 5921 1543 5402 1736
1441 352 1628 2841 5922 5923 3098
1442 3096 2108 2052 1433 2755
1443 1018 2386 2108 5631 4534 2311
1444 3891 3056 2550 1114 5627
1445 2109 5924 2114 5925 5926
1446 5927 1085 18 4639 3619
1447 5928 1096 1025 4990 15
1448 4153 5929 5930 4 5931
1449 3067 1992 2665 5932 1965
1450 4587 5933 5934 5935 1551 417 4722 792 5170 1454 5936 4153 5782 276 1018 597
1451 865 5792 5937 4804 5255 5938
1452 5939 5940 1872 1871 1878 1373 5941 1457
1453 2861 5942 5943 134 171
1454 597 5944 264 373 1054 1457
1455 5945 2617 5946 1559 3207 5947
1456 2570 5948 5949 5950 1027
1457 2679 384 5951 232 167 5952 2126
1458 1332 4219 4714 2143 373
1459 3323 4447 3185 5953 5680
1460 5954 1331 5955 1374 237
1461 3985 1655 5122 5956 109 1755 5681 4095 3917
1462 5957 5958 5564 5831 1490 38 5959 398 1914 1332 5960 5961
1463 924 5962 4654 4732 1424 5963 1428 1106
1464 5964 1716 3107 2071 5965 731 667 1724 5250
1465 454 3528 1776 2222 5966 5967 5968
1466 5969 4591 3056 404 2182
1467 1988 3636 5970 5971 5972 5973
1468 5974 5905 3359 2775 5975 3357 3389 3705 5976 3739 5977 5978
1469 5432 4678 289 3030 5459 5224 2094 65 3423
1470 5979 2048 5980 5981 5982 4594 5983 5984 5985
1471 5119 4298 554 5986 5987 5853 5988 5989 5990
1472 2597 4713 5296 5991 2327
1473 5992 5993 1398 1516 5994 2224
1474 5995 1658 1793 5996 2947
1475 3093 4578 2416 2042 3091 6
1476 1363 4736 4386 5997 5248 5998
1477 2778 6 1612 5999 6000
1478 561 4644 264 2159 1074
1479 6001 345 5939 3111 3288 6002
1480 3337 604 1884 3905 253
1481 6003 2807 1397 264 1238
1482 1985 3389 6004 6005 3377
1483 6006 4964 109 299 87 5036 4179 4888 5169 2676
1484 259 6007 4154 6008 2188
1485 2867 4119 2067 6009 979
1486 3390 5233 620 3046 1024 6010 6011 5038 3045 2647 4362 164 6012 2388 1148 6013 6014 6015 77 1322 3008 6016 404 6017 2150 6018 6019 6020 6021 2723 2835 1648 3784 2431 6022 4545 3363 3133 6023 2734 1330 1805 4351 4687 6024 91 3202 244 2225 2141 1492 320 6025 789 3918 605 3035 6026 246 869 6027 6028 2157 1259 2906 899 1323 6029 6030 4284 4282 4379 6 6031 2542 3370 1144 6032 4190 329 6033 2383 517 2403 33 4347 4822 6034 1954 6035 4591 6036 4066 2700 6037 4009 1503 5864 6038 1848 4375
1487 4984 4282 6039 6040 6041
1488 6042 280 6043 3784 1769 4141 6044
1489 6045 1489 1054 6046 10
1490 6047 6048 6049 2867 1301 1156 6050 6051 3759
1491 4674 6052 6053 3675 6054
1492 3040 719 642 652 209 6055 1877 3585
1493 98 6056 6057 6058 6059 6060
1494 6061 5690 6062 4067 6063 1055
1495 393 6064 1375 6065 3492 3498 2327 218
1496 6066 6067 1094 494 1123
1497 4556 2653 1416 2438 3845 3608 875
1498 5679 5 6068 20 6069
1499 6070 1825 6071 280 2801 1059 3967 5532 1123 906 2486 6072 4519 6073
1500 1017 4486 6074 4125 229 4500 5104 3588 4917 6075 6076 5000 6077 6078 6079 1820 3949 196 1633 4380 5583 171 5308 1204 992 4974
1501 1339 6080 3302 3678 3479
1502 246 404 5100 3820 2270 3736 981 847 4951 2221 1744 444 6081 3184 110 6082 2383 1169 6083 3286 6084 2215 5116 6085 4516
1503 4705 3575 6086 1308 476
1504 5935 6087 3015 2107 2514 6088 6089 3079
1505 465 1677 455 6090 109
1506 2334 390 200 2821 4019 3138 5488 1159
1507 4846 6091 3532 2971 1057
1508 1231 2144 6092 2191 3723 3417 2795 2458 3030 125 4489 2192 514 4276 153 3191 1096 2525 6093 6094 976 5494 1100 296 859 6095 6096 5250
1509 6097 5526 5390 6098 2771 6099 533 6100 2990 1115 2840 3101 6101 4789 906
1510 3379 4944 493 6102 1088 1271 5858 5049 1322 1635 5425 3542 3854 2972 5275
1511 3607 1282 1083 2368 5288 1681 6103 6104 3069 5580 280 6105
1512 5492 4196 513 2047 1735
1513 4951 2038 1323 6106 5176 6107 3531 802 6108 6109 6110 6111 116 6067 6112 2300 4876 80 1916 3102 6113 1017 5347 673
1514 1876 6114 1311 61 6115
1515 455 6116 6117 1069 3557 1308 1677 6118 3940
1516 3028 4282 4347 6119 6120 6121 6122 892 2272
1517 3194 2762 6123 4803 657 2935 1122
1518 6124 6125 6126 6127 6128
1519 687 2348 721 593 6129
1520 6130 6131 4854 303 5264
1521 1152 617 1345 1116 2543 5235
1522 3646 2365 6132 5650 1448
1523 6133 1751 6134 6135 4587 6136
1524 4797 1889 6137 6138 2916
1525 4902 2343 713 2345 6139 4203 6140 6141 2503 165 171 2807 2
1526 2280 2730 262 6142 1282 409 4223 6138
1527 178 4041 134 1238 1960
1528 18 6143 264 901 4475 6144 4428 134 6145
1529 3900 1303 6146 2630 264
1530 6147 6148 6149 5033 1356
1531 1331 1329 1683 90 6150
1532 2148 6046 384 2438 619 1971 233 781 2762 6151 6152
1533 1573 3679 6153 6154 6155 736 3844
1534 2671 353 4820 437 6156 3290 1408
1535 6157 903 2838 2161 4638 1071 5254 5456
1536 5698 1614 312 5247 673
1537 6037 3412 788 5824 577 1318 384
1538 6158 5788 6159 439 282 5720
1539 1249 2143 312 384 3561 4715
1540 4438 5664 439 973 601 4177 5570 6160 5 4257 1646
1541 3900 4902 262 2343 447 6161
1542 6162 6163 4255 144 5219 3447 439 3188 3192 1060
1543 6164 6165 117 583 1857 119 2964 6166 3601 581 2254
1544 738 373 1883 3989 1143
1545 6167 4802 312 2686 186
1546 1604 2076 6168 4040 1822 5930 2838 6169 5362 6170 6171 1250 439 1235 903 6172 1565
1547 3871 6173 267 304 381
1548 3101 2286 1238 6174 1382 4829
1549 6175 6176 2500 6177 180 6178
1550 6179 4024 2759 5465 2529 4732 171 2192 6180 3288 1959 865 6079 6181 4261 1568 6182 6183
1551 3025 1435 2762 591 6184 5768 4219 3617
1552 2046 6185 863 6186 146
1553 658 6187 694 6188 312 2595 3584 1235 2047 1210 1900 6189 6190 154 4429 636 1713 155 5044 1931 3935 4436 4486 1438 5964 1621 65 6191 2524 5574 3080 6192 6193 5572 32
1554 3812 4906 6194 4481 4961
1555 5539 1579 6195 2172 2167
1556 4817 3907 6196 6197 2695
1557 2674 3039 944 384 332 312 254 235 4587 3607 1950 193
1558 1172 4664 1157 1307 373 4747 6198 4739
1559 2397 4430 6199 2868 1238
1560 2527 6200 1476 1312 6201 1403
1561 3739 6202 2218 3689 892
1562 1589 4092 1183 1511 6203
1563 5159 2503 5877 6204 6205 2050 4148
1564 713 2602 4952 424 6206 643 3171 2331 6207 5668 703 6208 6209 1369 2991 6210 4144 6211 363 2029 373
1565 2600 4168 4948 2380 6212 1242
1566 6213 3836 258 4473 1027
1567 4021 280 6042 6214 5074
1568 5285 6215 4783 440 6216 5566 271 505 1542 591 71 727 1552 6217 429 2313 1095 128
1569 757 1684 440 6218 791 3037 580
1570 1652 312 521 6219 5941 3138 241
1571 6220 4 3681 6118 6221 6028 2537 1766 834 3773 190 3492 6222 5551 1500
1572 2886 4116 3437 4598 1421 6223
1573 6224 5233 5523 5106 1985 454 1894 6107
1574 1349 2647 6225 211 6226
1575 1552 6227 1336 1822 4398 791
1576 1493 373 2812 6228 4858 6229
1577 388 1051 1455 724 4917 197 6230 1647 725 6231 4480 2395 4664
1578 6232 3978 6233 2712 3476 5135 6234 968 3053 5600 1244 18 2830 5569 3964 847
1579 1827 2687 6235 6236 1439 2776
1580 3339 3436 6237 6238 3401
1581 6239 3456 6240 6241 6242 4390 2039 5215 6243 6244
1582 5701 6245 1542 5546 4533 4636 5919
1583 804 1504 4698 1560 3338 2494 5014 1182
1584 2765 6246 950 4993 6247 5769 6248 2909 6249 3719 4767 2060 5944 1882 5794
1585 4678 1884 521 6250 2807
1586 460 189 885 1511 6251
1587 210 367 4524 1823 581
1588 1717 1071 3905 5140 2522 502
1589 4056 4413 3142 3620 4523
1590 4 6252 3474 801 1308
1591 470 2561 1612 2057 2376
1592 2737 2462 2533 2374 4234 6253 2749
1593 6254 6202 3059 4156 6255
1594 1892 6256 351 4994 349 6257 6258 5033 6259
1595 2852 1249 5784 593 6260
1596 4520 5306 1698 6261 5283
1597 1354 6262 3626 6263 193 2438 1075 5914
1598 6264 4661 2020 1407 5718
1599 2390 6220 6265 6266 2611
1600 3317 6267 6268 578 3655 4547 1311
1601 5723 6269 1543 6270 373 431 6271 6272
1602 3972 6273 6274 5377 6275 632 4649 4357 2645 2707 944
1603 1045 224 1794 6276 6277 6278
1604 1934 1083 6279 2541 4185
1605 6170 264 6280 673 6247 302 1238
1606 6281 6282 3113 944 146 616
1607 3299 6283 6284 6285 6158
1608 4185 2851 2820 6286 1301 831 954 1621 929 1941 6287 3630 310 3494 1242
1609 1752 818 4055 5415 6288 3265 1829 5578 3210
1610 1945 560 6052 475 134 6289 6290 1752 792
1611 2781 96 435 4587 130 2537 3748 205 6291
1612 479 5529 5725 6292 6293 6294
1613 574 560 6295 1454 6296 1250 1506 6297 6298
1614 6299 651 6300 4973 3243 6301
1615 6302 6303 2597 2668 4938 5772 3338 6240 2483 1914 5321 6304 6305 3185 4098 6188 4682
1616 3806 6306 6307 2372 21 6308 1083 6231 5366
1617 1868 6309 5792 1190 407 6310
1618 3739 4907 5052 465 337 6311 1392 4722 1094 6248 6312 6313 6163 6314 6315 6316 6317 1370 611 2843 264
1619 5209 30 2510 2395 1587 2307
1620 601 4019 2632 6318 3220 365 1819 6319
1621 4516 383 262 6320 4581
1622 6321 661 3980 517 3039 3116 4991 1545
1623 286 3938 6322 6323 6324
1624 1225 4074 6119 1293 2136 5443 40
1625 6325 1875 4891 2413 388 833 141 5284 1208
1626 4324 4987 6326 5607 851
1627 2059 6327 1865 109 1662
1628 5578 5744 6328 3968 646 31 5200 322 1759 464
1629 384 2278 5873 656 2740
1630 6329 3747 6330 601 653 2030 3729 6331 2373 6332 6333 2628 2328 5336 6334
1631 6335 6336 5995 723 2184 851 6337 6338 6234 2716 2587 1493 6339
1632 238 3945 37 5932 6340
1633 5126 6341 851 4015 217 521 6342
1634 302 3080 6343 6344 5328
1635 6252 561 134 1 4996 6345
1636 5905 849 713 5834 5838 6346
1637 4974 1206 205 2168 6347 6348 1082 4375 2169
1638 6349 1749 1808 4601 4660 1096 3448 6350
1639 2085 6351 6352 1801 5123 6353 3202 699
1640 1300 4716 376 264 439
1641 6354 611 1761 6355 6356 1555 6357 581 6358 6359 6360 2414
1642 6361 1335 5939 4799 18 6362 6363 4373 1096 1001 3001 735 939 384
1643 506 4902 1857 6223 5479
1644 2647 3190 3708 144 6364 6365
1645 6357 6336 959 164 4259 2807 3468 1637 980 1104 1431
1646 4643 1159 833 3037 6366
1647 515 5665 2302 6050 2925 6086 4026 6367
1648 1087 525 6368 6369 3714 289
1649 4494 6370 6371 2933 389 744 6372
1650 4715 673 895 6373 6374
1651 6375 3392 6376 6263 1050 6377
1652 1614 393 6378 3039 1959 6 1312 3477
1653 6379 6380 924 3052 6 6381 171 2805 1427
1654 2657 4039 6382 1572 4613 673 4038 4919
1655 6383 423 1369 257 3227
1656 5947 2460 373 6384 6385
1657 1075 1045 1607 641 1652 312 5
1658 2574 6 5952 634 353 4043 3042 3949 4803 821 5105 6386 368 6387 442
1659 4669 1573 134 1196 1382 255
1660 1159 6388 6389 4862 4620 384 5578 3210
1661 5925 6390 6391 4910 6392
1662 6393 2830 2319 4559 6394 6266 5747 2390 1890 1311 4022
1663 6395 4585 293 4399 1106
1664 487 1530 4981 1532 4982
1665 635 1343 1273 6396 398
1666 6184 846 641 316 6397 4925
1667 944 97 2801 167 6398 171 6399 1277 6171 5216
1668 3848 6400 5982 6162 4706
1669 1737 5233 804 6401 805
1670 6402 5382 1561 6403 2906 637 6404 1562 3111 1563 6405 4060
1671 5172 6406 6407 1071 2715 6408 1759 1985 6409 5747 6410 1061 4371 6411 1122 2112 2852 6412 4973 6413 5261 6414 6415 6416 234 939 6417 3078 2673 6418 1920 4075 4664 144 3985 6419 6420 2218 3386 5563 6388
1672 951 2823 5317 6421 3366 1916 5176 4698 4520 3560 5943
1673 678 4298 5758 442 264 4616
1674 174 1116 3173 5551 6422
1675 6 3607 6423 1282 5945
1676 1882 1942 1817 393 1470
1677 83 3444 6424 1196 5470 6425
1678 6170 4209 413 1270 205 3006
1679 4020 3220 4021 1819 1830 6426 425 6427 1060 3429
1680 1473 1847 5268 4327 4763
1681 71 61 373 5205 52
1682 4964 6428 6429 6430 4686 3306 5457 563
1683 4570 6431 764 6432 6433 6434 3662
1684 879 5348 234 4494 111
1685 424 570 6435 6436 2868 5359 5256
1686 272 6437 303 1121 5850
1687 1585 6438 1583 2953 5105 1587 1377 1958 6439
1688 6440 6441 6442 3985 6443
1689 2500 4881 328 5877 2912 2851 2617 2820 3205 6444 318 1357 6445 1430
1690 3271 5658 2382 1189 1552 3506 1253 5840
1691 1822 2398 2027 527 4762 2536
1692 4122 1614 6446 4420 1350
1693 3966 3701 1292 6447 6448 4292 3596 6449
1694 6220 1054 4015 6450 6451 5543
1695 6452 1515 2633 4067 938
1696 3492 3498 4124 3595 5104
1697 5504 4493 289 4402 1249 642
1698 1614 6453 3298 6454 6455 373 4022
1699 4571 3476 6456 299 109
1700 648 5659 727 6457 6458 536 5368 5388 1430 1106
1701 1168 3338 1303 3803 6459 6460 6461 6405 6462 2178 2179 2180 6377 2481
1702 303 1242 6463 3543 4861
1703 3296 2072 6332 1529 1384
1704 4455 6464 580 109 299 4369 1635 6465 3253 6466 3968 192 1051 6467 6468 4009 6469
1705 2965 3405 5432 4171 2810 934 2798 3674 4656 4512
1706 589 6470 4721 1617 2428
1707 1484 3166 3397 4319 3507
1708 116 5920 3985 109 4666 6471 2109 6472 6473 3853
1709 2877 6474 5917 6475 6476 6477 791 6478 1671
1710 5788 1905 4522 2373 5678 1952 187
1711 93 3406 6380 5432 6479 3669 6480
1712 1427 6397 3209 1398 6481
1713 5928 785 1865 424 299
1714 6482 6483 743 3877 6420 4624 1604 476 6484 1493
1715 1088 4167 5898 6485 4387
1716 6486 6487 393 298 4145 6488 6489 2010 6490
1717 2551 1384 1034 3601 1196 1991 3968 1971 1003
1718 6491 6492 2702 2953 6493
1719 371 6494 5877 601 6495 218 714 5768 1205 6099 6188
1720 2304 5314 3237 6496 1858 437 6497
1721 5005 5720 2021 6498 114 116 2446 5916
1722 1083 2086 555 6029 3187 3965 1204 6499 6391
1723 134 6500 2197 6501 2752 6417 6502 372 248
1724 6155 6343 1653 6503 6504 1001 3010 2818
1725 6505 6506 3063 2383 6507 1489
1726 3730 6508 6509 6510 689 4529 6511 6512
1727 2261 1768 6513 2154 6514
1728 6515 2080 6516 2189 5288 2794 2937 6517 1457 1424
1729 134 3032 6518 333 1851 4948 65 969 6519 975 6520 971 6521 4757 6522 477 1432 6523 4395 6524 3170 2902 977 4746 3110 1101 1637 856 3650 978 4870 6525 979
1730 618 90 927 1151 4937
1731 1029 52 5570 2981 5577
1732 6526 2852 144 59 1238 6527 6528
1733 6529 6530 6531 6184 5863
1734 4803 425 6208 2792 6532 3373 5460
1735 2191 1225 1384 1770 173 1624
1736 2502 1017 757 3262 6533 6534 5095
1737 2302 723 3037 572 6167
1738 1660 1573 477 266 261
1739 262 4901 1652 1587 90 2343 569 1614 409 604 3729 3881
1740 2893 2295 6535 6536 476 6537 1083 5715
1741 581 6538 4006 1196 4110 3290
1742 4280 6539 6137 2393 2467 3452 2503
1743 1813 1669 6540 6075 4068 189 715 6541
1744 2866 3412 289 6542 3123 6543 1095 934 3421 1098 6544
1745 6006 6545 2676 3922 6546 3569
1746 1075 2995 1772 6547 2503 1984 6423 226
1747 1079 6548 4702 1320 6549 3823 3408
1748 5784 6550 6551 573 1958
1749 2745 3985 2448 6552 2928 6553 3638
1750 6554 6555 1003 467 6556 4223
1751 6557 6436 5027 895 6558
1752 6559 6560 851 2348 4696
1753 6561 3415 836 2015 3723 6562 5289 3672 3673 5368 1427 6563 4510
1754 5420 381 884 6564 6565
1755 2409 3036 105 2647 3770 3773 2085
1756 3460 560 5600 4153 5525 6566
1757 4901 6567 1542 3967 362
1758 6568 2116 2979 1156 1096 6569 2270
1759 4129 6570 6336 2267 581
1760 6571 451 879 18 6572 6152 1866 1868 3927 1743
1761 4878 864 348 6573 5876 4305 1168
1762 6574 387 3645 3080 3279
1763 5175 6575 6576 3144 743 6577
1764 74 3817 6578 2301 5164 2776 5653 6579
1765 2464 6580 6581 1664 6582 3750
1766 6583 6511 107 3961 6584 4873
1767 696 424 6585 6586 6582
1768 1616 5421 2345 1974 2868
1769 384 6134 3113 6587 2848
1770 5508 1210 1250 899 233
1771 6588 611 315 1833 6433 6589 1050 5345 5917 5328
1772 18 3613 1267 1170 2356 6590 109 348 513 4539 103 1652
1773 2431 2248 993 6591 6592 1417
1774 1015 2049 5173 3118 1374 6593 791
1775 529 6594 3857 4793 4072
1776 5658 1156 5288 3845 588 1641
1777 642 894 6595 4516 6596
1778 5270 3688 5406 643 6597
1779 6598 2820 3845 4421 575 2884 1427
1780 2775 1045 1117 5088 3262 6599 6600 586 1552 43 2568 788 1069 4644 756 5592 1554
1781 641 3248 1639 851 439 643 6601 6602 4437 1631 6603 626 5742
1782 6604 3038 6605 2245 6100
1783 4101 5825 3333 1554 1409 414 1728 6606 6607 225 4144 1122 5658 6137 6608
1784 1490 2211 1560 6609 6610 1480 6611 6612 6613 6614 6615
1785 107 6616 2921 2897 2427 368
1786 5596 6617 4238 1726 611
1787 3151 3150 6618 1646 2331 6619 6620 3406 4116 1923 1598 6621 413 6437 5079 6051 5499 6622 2102 3414 4655 3105 2612 1848 6623 6624 535 4620 1612 2071 5060 2540 1619 899 2993 545 6625 5442 5877 5815 6626 1669 6457 3082 63 836 3259 6627 2283 6628 3675 6503 289 3196 3146 5443 928 6629 3081 4733 424 171 1686 1364 5570 1704 1696 1294 1151 6145 3601 1971 6630 15 6631 4526 6632 1096 3892 6633 6634 1137 3840 4849 2112 933 900 57 2094 2093 45 5981 6594 1098 976 2503 2446 6246 1116 508 4699 1099 2806 110 6635 2886 2023 3468 157 3110 581 979 3425 857 6636 4589 297 38 407 1106 4299 5793 6637 4316
1788 5961 5993 4661 6638 2426 6639 6 6640 1374
1789 792 2245 6316 5993 6641
1790 5505 2079 1679 2403 90 6642 2070 5459 4484 4061 2991 1829 4403 5986
1791 6643 6644 2503 5293 6384
1792 4735 5097 6645 2524 2395
1793 4352 1545 2773 4854 6646
1794 1186 789 6647 3683 2663
1795 831 6063 6648 384 6649 666 6650 6651 1045 1846
1796 5570 1646 6652 4796 3256 5173 791 3729 352
1797 5372 5375 6 1693 1677 1745 736
1798 4142 3228 6653 6654 393
1799 6655 97 6656 3220 1830 6657
1800 6036 5847 724 6658 6038 491 6033 3614
1801 4523 3725 229 6659 2545
1802 3444 6302 5170 2695 6660 3786 404 2317 5772 2270 3691 1123 312 6661
1803 6662 1008 415 757 1872 593
1804 6663 2030 373 2503 1825 728 6664 929
1805 6118 1889 6665 720 2914 2799 6666
1806 6667 6668 6669 3836 5247
1807 5683 2368 1954 1868 1743
1808 2111 4402 1875 5875 6477 6670 6091 6671 3242 895 5390
1809 6672 109 720 3968 3764
1810 3585 67 729 5037 852 1098 1298
1811 1367 4368 6673 1669 6342
1812 4229 29 2056 23 6674 2847 5939 2048 2135 282 1500 601 4789 4503
1813 450 1692 6526 371 6675 6676 105 6677 6678 6679
1814 1580 4571 1853 6680 1073 6543 1427 6681 855 5250
1815 301 6682 6683 4207 6684 3237 851 6685
1816 6686 2143 1633 1677 1652
1817 6687 6688 463 6689 6690
1818 1606 2347 1975 3296 6691 2918
1819 4671 5586 1374 1071 222
1820 6692 6693 6694 4451 1656 57 749
1821 1225 3171 530 2661 15 4298 5183 1273 6 588 5081
1822 5514 2721 3164 6695 6696
1823 6697 450 6698 2886 2081 6699 6700
1824 1244 757 5474 470 439 22
1825 6095 6617 6701 4215 3997
1826 6386 6702 1382 376 1384
1827 456 6703 2433 6614 5555
1828 6704 232 109 1875 6705
1829 1182 1294 3650 6706 6707
1830 384 1797 3596 6708 6200
1831 6709 462 3096 282 264
1832 3399 5890 3106 1322 6710 1914 6711 2215 6712 5170 2178
1833 3240 899 6713 408 6 6714 4696 727 6715 2396 965 6716 1090 6717 3032 6533 333 4734 5345 6718 4583 6719 971 6720 969 65 6721 975 976 937 6722 4383 4752 1101 978 1638 4751 2856 4754 296 6525 1106 2100 4175
1834 6704 6723 1529 174 2953 5695
1835 1609 2987 513 6724 1774 4852 6725 2742 6726 6727 5031
1836 6728 4436 5366 6729 1091 6730
1837 903 5002 4 476 574
1838 4603 3205 1024 6731 6732 3191 2391 4614 5985 1589 1923 6733 153 2795 63 6734 1061 6735 6736 6293 1240 491 5345 757 521 1851 6488 6737 939 134 1462 6738 599 1008 3901 303 171 296 3329 985
1839 525 2937 1092 928 1745 6739 852 6740 2807 1457 858 161
1840 1609 6741 5129 5570 6742 1315
1841 6 4929 4930 4901 577
1842 230 5127 2348 1282 678
1843 1497 1107 4596 6743 6744
1844 3080 424 4337 264 6745 6746 3197 134 849
1845 1147 282 1420 1968 6747 2769 6748
1846 6749 439 1683 3845 3729
1847 3894 134 2193 2795 5308
1848 2337 160 2579 1046 2533
1849 6750 4377 6751 6752 5545 1686 4683 2975 3228 1745 128 1004 853
1850 583 6753 481 513 3548
1851 1175 5840 3010 460 6754 3011 910 2667
1852 1488 1490 6755 4055 760
1853 4580 109 5 6756 4775 6681 4009 798 3565 2172 5460 6757 2820 4804 595 6758
1854 732 373 6759 3706 6265 5279 3549
1855 5170 5050 2172 6760 2640 2790 3686 787 200 6761
1856 3406 2846 6381 171 5634 1633 1634 291 1026 1106
1857 6762 6200 466 3013 916 1914
1858 5277 1652 6763 3072 6764
1859 950 6765 3652 5613 1769 6766
1860 2079 4063 6767 6768 1006 6769 192 6671
1861 2882 6770 6771 1323 805
1862 6772 2154 901 1375 3819
1863 6773 831 3438 599 6183
1864 6774 4256 3408 3321 1698 46 657
1865 6775 6776 1726 6697 2055 2680 2809
1866 2647 6777 6150 4726 2971 5574 6720 1482 1770
1867 723 228 916 1448 6640
1868 6778 1144 3683 3017 869 34 6779 6780 6781
1869 2245 4902 2695 1529 2345
1870 682 1607 1621 918 3804
1871 599 2338 2362 54 1159
1872 887 2212 6782 5817 3031 6783 6784 1889
1873 6380 4117 2101 3714 2071 924 6785 6398 1427
1874 1168 792 4601 20 851
1875 6 6786 5366 704 599 1369 882
1876 6787 1355 6788 525 6714 5279 6263 6789 6398 1289 6533 333 6790 5444 4757 6521 937 1637 6791 1104 4748 1431 4175
1877 592 4680 1472 6792 1143 439 6793 801
1878 1556 6794 6795 393 5779 2036 2758 3574 4636 6796
1879 4 912 4032 6797 6798
1880 3045 2218 2215 2178 2175 2180 6202 2179
1881 5102 6799 5822 1632 5322 1097 2439 3124 1427
1882 6423 6800 6801 4256 6802 975
1883 3980 1629 4305 3917 5022 327
1884 6803 1621 1196 1971 618
1885 6804 2059 6805 6568 2423 3335 6806 4486 6574 2864 5659 3052 2429 6807 6808 1752 1457 1170 5805 979 1104 4300
1886 2861 405 6341 4477 1816 1617
1887 1524 3876 1768 5455 6809 6810 4234 6765 262 2752 6811 237 235 5086 3328 2632 1823 6812 728 6813 1354
1888 6814 6744 4582 1232 6815 6355 1646 4177 2914 6816 906 2067
1889 6817 6818 6819 3596 2037 4067 312 711
1890 415 350 3446 1522 1891
1891 5301 4890 3569 1159 6820 6821
1892 253 4721 264 6822 1671 6332 720
1893 4207 6823 3147 1773 2674 2527
1894 6824 1872 1647 6825 4453 109
1895 6826 1587 94 4142 6827
1896 6828 1527 390 6829 847 1875 6830 388
1897 713 105 2886 6831 3201 2158 6832
1898 2049 2793 6833 6834 1552 2160 6835 2742 6836 6837
1899 6103 3230 3228 5031 6838 6839 1065 6499 264
1900 3891 1568 110 4557 4521
1901 6840 1083 1143 792 4534 6687 3298 134 4854 6388
1902 6841 932 4094 186 5914 6842
1903 2671 3733 6843 3615 2812 2596 928 1155 6718 181 5899 6522 6521 4757 6844 1098 1637 1105 4758 1432
1904 6344 1392 2766 6845 5255 671
1905 6846 6769 3569 2994 1018 594 1448 589 2783 4916
1906 6847 2666 1253 1920 3702 1895
1907 6848 3277 1127 4614 6849
1908 6568 379 167 6850 165 735 3122 171 734 5388 2691 1103 6851 2399
1909 1891 3228 96 578 6852 6853 6167 3584 5529 1434 4639
1910 5632 6854 5096 6855 6174
1911 2331 3373 4966 2378 4486 6856 2860 6857 1872 6353 3448
1912 1279 5961 1017 10 1075 384 134
1913 4352 6858 3993 1268 368 4475 6859 312 10 1932 2929
1914 5511 2766 4300 99 3722 4386 2809 125 2936 6860 1156 1723 935 981 3424
1915 6861 484 485 486 2855 6862 2857
1916 6863 6864 1190 6496 4717 6766
1917 6865 2929 561 2280 1238 2973 134 265
1918 6866 5853 1863 6867 2818 5726
1919 2427 3181 6868 283 682 949 4177 1157 6796 1331 2467 420 5986 502
1920 6869 5057 1920 4580 110 6870 234 5354 2715 6416 1052 1445 2886 6871 3201 1759 5735 4561
1921 1955 4736 3909 103 4979 4375 5829 6872
1922 3799 2906 2114 6350 6698 6873 5626 6874 6875 4214 1683 3408
1923 21 2485 312 5181 885 1457
1924 1322 4507 557 6876 2789 6877 6878
1925 3342 6879 3382 2387 2079 3067 2474 6880 6881 3066 6882 6883 6884 456 6004 2957 6885 3371
1926 6886 1869 6887 6888 3081 1034
1927 2493 2556 6889 6890 6891
1928 455 475 2543 6892 2690 1069 196
1929 2885 241 393 1756 2351 3757 6893
1930 3358 494 6197 1587 2645 5252 1493 6894 642 2835 6336 2612 6338 6895 767 315 2048 2837
1931 421 6896 382 1282 1075 2399
1932 373 2482 6897 5631 176 6898
1933 2821 2689 6899 3116 927
1934 372 5069 6900 3314 4296
1935 2776 6389 1839 6355 6901 6902 6167 1547
1936 5315 998 2598 6903 5327 6904
1937 3338 2218 3519 1594 5142 115
1938 3023 153 1604 6905 6510 3209 6906
1939 5926 3582 6907 298 1608 134 6908
1940 187 2046 6909 6910 482
1941 6911 6912 1923 508 6913 2716 4094 288 134 5591
1942 6914 6915 2993 3757 4687 6893
1943 6916 312 384 1607 2740
1944 3888 2924 651 720 1298
1945 1776 869 2300 6202 71 1323 15 4591 6194 3999 412 3232
1946 6447 5217 1292 40 673
1947 722 2823 5848 3371 1151 6917 2361 5118 3369 452 6164 3028 6061 6918 2277 6919 2978 5543 6566
1948 660 4360 2 2699 6920 5466 5823 2661 5914 3424
1949 874 3948 801 6921 675
1950 4902 2343 577 3760 1653 1616 6244
1951 6854 6922 3 3976 3981 5807 6923 3651 6924 3332 2167 6925 1635 368 6926 1669
1952 3084 5203 1456 1356 69
1953 1822 5691 1945 4791 3601 1146 5973 4799 6927 3593 998 969
1954 847 6796 1 2028 174 667 6928 4865 882 808
1955 6929 2561 6930 264 6931
1956 1051 713 4469 5637 5638 6932 4111 6933 5057
1957 5751 1494 6934 1251 1727 3667 5385 2894 6028 6935
1958 1773 6132 2773 6936 3902
1959 6937 2289 225 6938 312 4122 1332 6939 6940 6941 5770 2463 127 2270 5904 2200 4537 393 6942
1960 2296 463 3670 5314 1156 1637 856
1961 4923 1637 1103 1235 905
1962 6943 802 2647 1323 759 3045 6392
1963 6944 3683 6945 4572 831 5098 6946
1964 6947 109 2604 6948 4881 6949 3608 6950 6951 3316 1733 5235 4405
1965 6952 3614 5614 6639 2632
1966 2890 3684 3494 879 6953 2446 2695 5058 2323 863 6954
1967 5747 5507 6192 4414 6955
1968 6956 134 896 2313 6957
1969 457 6958 6959 2418 6784 6960 6567
1970 6961 3647 6962 5869 6963 6029 315 6964
1971 6965 1121 2998 6773 1455
1972 6327 6 489 4185 3501
1973 2890 6201 2674 3730 3728 4549 6966 6967 838
1974 6968 1075 1679 4813 2531 6969 3023 6665
1975 4337 2027 2654 1417 6970 1398 1571 6466
1976 6971 373 1607 6972 6100 2026 109 6973 6974 805 434 562 2058 6975 2647 2215 42 2739
1977 3185 6535 6502 4672 6898 2241 2933 6976
1978 5780 6134 885 793 156 4129 1730 160 5653
1979 3338 910 497 5933 3779 5829 6977
1980 6978 3548 6979 6980 4349 6981 6982 2255 6983 3056 2307
1981 6136 3241 4243 6984 1473 6985
1982 5760 70 1020 6986 3513 3514 3516
1983 255 5619 417 3017 1264 851 3584
1984 2792 6987 5041 2864 3409 4314 3231
1985 2187 1446 6252 134 4817 1972
1986 410 1645 4203 4097 6988
1987 1798 6090 2751 1489 215 1256 6908
1988 3067 2300 90 6989 1323 6990 6991 6992 2218 2215
1989 3764 6993 109 6994 6061 760 4545
1990 1776 2368 2139 6995 953
1991 89 6996 3287 2771 5289 289 1621 1096 1225 2380 2093 3079 2614 159
1992 3202 4123 6997 1698 6998
1993 6999 7000 4561 5107 3451
1994 7001 244 3929 7002 625 1662 7003 7004
1995 7005 4882 2319 2912 7006 220 7007 7008 7009
1996 3949 5562 4933 2573 5622 7010 4206 110 481 3841 153
1997 7011 6540 6912 5513 1550 6553
1998 189 4655 2396 7012 2681 5688
1999 2542 7013 4446 1889 7014 7015
2000 3989 5104 5452 4796 7016 3039
2001 2026 5442 908 1156 7017
2002 2528 728 3241 7018 7019 7020
2003 713 6526 6299 5087 2398 6922 7021 7022
2004 3981 439 5024 1178 3735 5780 7023
2005 3541 5940 495 6061 3072 6641 7024 328
2006 3857 6286 312 2143 892 1743
2007 905 1652 1950 4973 1196 3003 2868 6339
2008 2510 1828 7025 111 30 3253
2009 6207 7026 5985 4028 131 2681 5699 1384
2010 2611 4929 4263 3561 6257 4132 2158 7027 439
2011 500 7028 1500 7029 1321 7030 499 744 6731 622 6500 2405 3789 7031 1480 3669 2083 4620 3622 1156 4424 7032 4 7033 1311 7034 7035 1723 2060 927 704 2380 3001 973 939 6009 1100 1637 2798 1358 4175
2012 4859 1864 134 1006 5309
2013 182 7036 1451 7037 1393
2014 1914 5668 6083 4283 7038 7039
2015 2211 3802 7040 4193 2563 2182 2429
2016 5563 7041 3151 2125 1609 4127 7042
2017 3102 1412 5906 3029 1192 7043
2018 2890 897 7044 234 2449 5275 3150 3151 6214 7045 2956 90 7046 3742 2431 4188 262 7047 4484 434 4234 158 3893 3605 4822 5894
2019 5988 5171 439 6733 7048
2020 2983 2345 1974 2966 384 7049
2021 7050 5502 663 5009 4041
2022 4738 5384 7051 7052 1379 2862 7053 2418 1179 5872
2023 7054 1925 6038 585 7055
2024 3049 6590 2218 458 85 2769 1562 6017 4729
2025 704 4714 834 1159 2025
2026 3343 789 7056 5193 7057 7058
2027 1660 1083 885 1275 1607 2413 4475 5191 1006 7059 7060 6587 7061 2397 21 415
2028 6 7062 4330 6256 7063 5600 323 7064 7052
2029 2461 1427 7065 2879 2870 713 957
2030 456 2663 2300 6364 3898 2971
2031 4181 7066 2130 3919 867 7067 3781 7068 623 6011 3049 7069 6712 4609 3105 7070 7071 1504
2032 7072 7073 2483 1131 7074 2909 7075 2446 3060 4098 98
2033 2113 3444 2939 5681 144
2034 5948 4473 3960 306 7076 1027
2035 7077 6366 7078 7079 5647
2036 7080 4258 1785 9 3226
2037 193 7081 7082 420 6 757 1270 4675
2038 5905 1923 776 6013 329
2039 1993 3247 4745 1686 6267 1342 2503 30 5155
2040 388 1834 6813 2543 7083
2041 7084 3394 2245 5845 6263
2042 6830 652 4430 5475 5263 651 384 1298
2043 5742 285 4836 5181 7085
2044 231 1662 4822 867 6828 1245 6779
2045 2875 7086 2672 899 2632 892 5012
2046 1848 3930 5033 2771 254 1511 1010
2047 7087 7088 1873 415 1025 6137
2048 831 1269 3733 7089 3605
2049 1308 3474 5453 4522 7090 7091 7092 7093 2533 7094 5760 393
2050 4390 4532 7095 381 7059 6336 7096 4236 267
2051 1963 3022 1144 3111 1803 1749 2056 7097 5784 4555
2052 713 1050 113 7098 3689 7099 5281 5470
2053 850 2634 1833 6296 7100
2054 4057 228 136 2760 1698 6128 5281
2055 1253 1967 2433 3489 7101 1168
2056 103 7102 5580 1176 2375
2057 4081 3593 7103 7104 643
2058 5226 7105 7106 109 1659 1225
2059 2025 4859 5768 3544 2325 2548 6 1817 7107 658
2060 824 2207 7108 7109 7094 4764 45
2061 5874 1331 720 2354 1373 3606 329
2062 5357 1511 7110 1160 3528 5717 1884
2063 4323 1752 384 4582 3023 3968
2064 2388 7028 7111 5300 6764 2647 7112 7113 2427 4699 5762
2065 5670 1776 7114 805 2711 7115
2066 1587 944 373 122 5914 5183
2067 4905 1641 1642 6640 4530
2068 7116 7117 7118 7119 727 4736 6850 7120 4489 971 969 137 1098 4383 7121
2069 1782 6563 7122 6972 825 478
2070 4569 6353 1332 516 4149 7123 1195
2071 2414 7124 7125 1785 1071 7126 7127 611 5687
2072 4655 3690 6 2294 3291 5068
2073 3551 7128 658 641 4241 7129 7130 7131 7132 7133 1078 7134 7135
2074 3965 644 2826 6650 905
2075 1985 7136 4570 7137 5514 3152
2076 3698 2556 755 2514 439 7138 2503 1153 4300 1270
2077 1384 3499 757 2426 6411 3497
2078 7139 5977 7140 4103 3739
2079 7141 3198 1868 4012 7142 7143 5315 4177
2080 7144 5585 1622 3672 4119
2081 7145 7146 1735 7147 1871 7148
2082 14 5501 7149 5583 240
2083 5285 271 1835 7150 5959
2084 3230 4695 7151 642 7152 3058 264 2567
2085 7153 4225 2472 7154 7155
2086 7156 3574 4698 1 7157
2087 1309 5402 1148 7158 3887
2088 7159 1083 388 7005 414
2089 894 7160 2429 6503 3912 7161
2090 1354 575 7162 1235 171 439
2091 5512 533 3615 3052 1627 3001
2092 4543 6679 7163 1909 1193 2646 1151 864 7164 4142 7165 568 2393 5231 7166 7167 2148 708 7168 2303 7169 1504 605 3369 3689 1057 6346 5202 1971 5613 3064 4283 7170 7171 7172 7173 7174 7175 1513 6711 5372 798 4484 7176 2809 4661 1083 7177 7178 2599
2093 7179 3894 1026 6638 1027
2094 4011 6097 3308 1069 4528
2095 3155 7180 5844 4221 6034
2096 7181 560 1544 792 1225 6442 5671
2097 4222 15 6 2135 4861 2503
2098 2795 4464 1096 291 7182 4169 937 293 2806 7183 855 4383 2798 2284 4316
2099 1619 4732 474 6889 5419 7184 5873
2100 3370 6421 5721 4596 6695 4051 802 7185
2101 1766 7186 1457 971 2810
2102 6712 6108 6237 3066 4944
2103 1332 7187 7188 5321 190 1950 598 634
2104 2535 2191 2283 3723 5822 4386 6785 4168 3030 7189 914 934 2380 2550 5863 5998
2105 2434 6343 7143 117 713 110 1616 3029 113 7190
2106 5128 3938 5585 6322 6324 3110
2107 4780 5972 7191 1259 3502 3019 1758 7192 4696
2108 6602 527 7193 2073 1872 2828 1002
2109 2820 4718 437 6079 7194 1882 7195 7196 1726 1548 7197 5315 4153 5782 7198 276 7199 7200 6257 352 2598 160 1417
2110 174 1501 217 7201 3202
2111 5484 1137 1683 2124 1096 438 1332 122
2112 3160 7202 3686 4094 4674
2113 7144 2026 289 7203 538
2114 7204 337 1392 3265 5351 2165
2115 7205 1321 4823 7206 2664 1915
2116 7207 7208 2918 3871 6841
2117 262 7209 3720 174 1614 5915
2118 4248 4848 1683 791 5983 112
2119 402 2708 7210 4560 685
2120 1448 6767 7211 7212 7213 3318 5527 7214 1531 4064 3432
2121 601 7215 2890 4643 5574 1298 2533 1156 5345 7216 2813
2122 2219 6047 1171 1308 2710 6489 196 2689 3480 3589 1384 513 1679 174 455 7217 1759 7218 218
2123 2142 3474 7219 5355 1246
2124 2602 1875 1332 6 1971 7220 7221 3184 6981
2125 7222 187 7223 1203 2018 7224
2126 1992 4179 7225 2389 1562 3184 7226 4006
2127 1740 4010 2139 3452 7227 7228
2128 1838 407 3614 2595 3845 4555 2051 2401 7229 7230 5163
2129 7231 3634 2207 7232 4654 2071 133 987
2130 3266 4002 24 1587 3619 2164
2131 703 3000 1233 3607 7233
2132 2832 7234 707 7235 7236
2133 4001 3643 7237 4249 141 548 7238
2134 851 7239 436 2071 2357 7240
2135 7241 7242 420 1008 1062 2810
2136 134 261 253 7243 3844 7244 1604 5136
2137 1044 1228 7245 1741 1274 2026 3508 6304 1308 6940 197 2985 109 2126 700 1797 3967 7246 1112 1823 6500 142 1716 5683 1888 6818 469 3841
2138 4578 90 2188 7247 134
2139 3824 7248 2830 1888 7249
2140 1330 1033 15 1817 1511 218 1074
2141 658 109 569 4431 2832
2142 7250 7251 2447 217 1319 252
2143 1818 5275 1819 3283 5121 3266
2144 376 4613 673 264 4646 1397 1238 4679 265
2145 3111 1129 5966 1144 7252 581 7253 1583
2146 2493 171 1634 2525 2071 373 937
2147 7254 1322 7255 7256 7257 182 7258
2148 738 1922 6054 2124 4328 7259 7260 4471 7261 7262 2107 2876
2149 3633 5119 5856 3445 4976 5511 97 5895 535 2191 3123 729 934 7263
2150 7264 4688 380 1614 2345 1974 381
2151 7265 656 3262 7266 2708
2152 349 5880 2103 1652 7267 682
2153 3410 1881 4585 7268 6445 1430 7269 1104 5131 1105 3674 6096
2154 6788 167 3672 291 171 1357
2155 7270 5511 6831 2221 7271 3122 7272 2798
2156 3878 7273 2268 3411 551 990 5255
2157 3898 4282 5862 1594 7274 1180 714 2663 7275 869 3343 2792 2383 7276 7277
2158 2595 1525 7278 5932 7279
2159 1465 665 878 439 7280
2160 2435 2476 2707 6507 621
2161 6662 523 3410 846 7281 2806 5823 296
2162 7282 309 5045 1612 6974 1075 7283 1271
2163 217 1361 1885 7284 4021 1368 1890 7285 3415 30 7286 5288 2794 6785 171 2795 3030 5345 4154 2094 7287 1430 6666 5663 7102 3237
2164 4811 912 5097 6085 6644
2165 7288 3521 2503 121 6496
2166 1013 7289 3537 7290 4277 1018
2167 424 1865 5708 7291 4312 6818 5154 1218
2168 1263 4582 1274 7292 3999 7026
2169 360 7293 2458 7294 4561
2170 5259 1267 7295 4078 6837 2653
2171 387 3021 1274 7296 7297 6175 4786 5311 6191 598 171 6578
2172 5135 3227 7298 1421 7299
2173 6945 7300 917 1553 2122 3989 4572 757 7301 4442
2174 305 2661 2829 1116 7302 4078 3511 3169 437
2175 3160 2158 7303 2653 373 1096 3624 5040
2176 4901 3763 5312 2345 1974
2177 652 7304 1356 1448 1225 5011
2178 1085 7305 2427 3949 5369 205 4074 7306 2980 5985 7307 6396 3310 2328
2179 756 1901 7308 93 924 6 6715 133 594 3033 3079 939 2429 7269
2180 1331 217 7309 5426 7310
2181 3517 1547 5600 5569 757 3053
2182 6926 4665 2022 7311 3599 4664
2183 7312 948 7313 7314 728 3544
2184 5771 4496 7315 2368 4685 1889 2925 4138 7316 1829
2185 6037 7317 407 4720 3626 682
2186 4218 6687 4972 7318 5031 432
2187 643 1150 7319 7320 7321 3808
2188 7322 2868 4707 7323 7324 7325 7326
2189 3695 7327 5519 1817 848
2190 5252 196 4886 4231 4932
2191 6416 7328 7164 999 5349 1330 6216 7329 7330 1510 2035 7331
2192 5654 6929 1457 1641 641 1096 7332 836
2193 3259 4386 4948 2380 7333 7334 1430 2284 7017 1106
2194 18 1083 7335 7336 6707
2195 40 1223 396 3701 38 393 7337 7338 2593
2196 7339 2388 91 7340 1829 5495 1791 7341
2197 1308 873 7342 1083 468 2307 238
2198 7343 384 7313 377 4
2199 2024 7344 4675 4669 7345 6496
2200 7346 576 368 439 134 7347
2201 869 7348 5645 1191 1238
2202 1078 384 109 3905 262
2203 651 1506 1857 3857 384 4023 7023
2204 3410 1794 1700 727 171 4586 7349 735 3674 538 1106
2205 899 4947 5031 7350 6 2218 171 973 1358 421 5250
2206 2188 7177 3818 2446 7351
2207 4894 7352 4897 3750 1270 4209 6844 2503 757
2208 1170 4811 97 4 5570
2209 7353 457 4542 7354 1083 7355 3784 3834
2210 4223 652 2915 6086 6759 4430
2211 7356 1681 352 7357 2493
2212 1845 1147 3823 737 4513
2213 4995 5930 359 6227 7358 5330
2214 7359 2655 4587 5654 471
2215 2503 728 757 2048 3901 7360
2216 7332 4686 7361 411 5320 5319
2217 3139 6449 5348 7027 1587
2218 3779 7362 7363 2721 3442
2219 2092 4658 287 7364 7365 934 7203 7366 4510 4590
2220 2083 7367 6235 3163 367 831
2221 1407 7368 63 6742 2868 6861 4371
2222 7134 6885 7369 3915 7370 7266 2172 2202 200 6204
2223 571 6210 7371 6382 3477
2224 348 2348 133 91 2126
2225 23 2518 18 2630 2715 6454
2226 7372 521 2154 4047 3494 7023
2227 175 5778 7373 7374 2677
2228 7375 380 262 4446 1958
2229 2771 1190 6887 4017 234 1923
2230 5779 4328 1905 2073 1231
2231 1822 4654 2191 167 2839 3201 7043 979
2232 373 4306 7376 599 7377 6802
2233 6439 477 695 255 2850 4619
2234 1156 3673 3109 3079 5248 2614 7378 172
2235 899 1555 59 7379 7380 7381
2236 444 1133 7382 6450 7383 5784
2237 4441 2528 1389 7384 7385 2156
2238 1354 1012 2241 4999 1667
2239 7386 7387 6574 1187 7388 371 58 6141 3518 4555 6 335 6503 6850 3127 5296 2702 4360 7389 406 5279 1462 3975 471 3674 2486 7390
2240 5643 4300 3720 7391 977
2241 4212 1758 5343 1173 1778
2242 1273 7392 7393 3825 6355
2243 4403 5563 4261 4312 7394 919 1133 234 229 4496 5154 7395 580 7396 1403 4760
2244 5473 2690 460 5642 5151
2245 4501 5327 1870 340 4067 4258 1212
2246 4037 388 7397 7398 4643 6388 7399
2247 6848 5563 4325 15 1159 7400
2248 1663 7119 4707 7401 6897
2249 661 7402 3479 384 2830 2527 2232 1156
2250 3760 660 7156 755 3961
2251 309 7403 373 4804 1270
2252 247 1308 899 2750 136 2397 776 3375 7404 7405 1061
2253 7246 1554 6795 7406 1308 1529 7407 134 7408 4439
2254 2814 4711 6352 6925 1817 5575 4158 2226
2255 2090 7032 5 3230 5895 535 727 171 2194 6458 2093 5823 2002
2256 374 7409 185 2558 5204 7410
2257 3249 1803 1631 4585 4948 4360 1219 1006
2258 779 4063 3982 2060 1909 643 1083 2799 7411 7412 4277 5770 7413 1208 3911 6338 5857 6661 2165 4116 2685 1271 4877 247 226 7414 604 4133 7415
2259 7416 7417 7418 7419 253 1154 682 134 7420
2260 5432 5791 5444 5447 4315 854
2261 2296 5873 7421 2345 1974 7422 2164
2262 1331 7423 4803 2221 115 4239 2244 3198 1144 1726 1348 4797 3579 4666 7424 2927 670 3309
2263 2734 2748 7425 2391 2431 312
2264 557 3926 3684 3374 3133
2265 1512 185 560 2451 7426
2266 7427 7428 4902 7146 1548 2730 262 368 1247 7429 4010
2267 2941 6804 2899 6320 2923 7158
2268 1336 3357 7430 7431 61
2269 5987 7432 3229 3138 1189 7321 7433 4028
2270 1521 7434 234 6319 4760 685 919 5584
2271 654 1855 4093 7435 5769 1929 1954 7436 4451
2272 2245 3731 2695 2675 1813 4926 2446 3818 493 5576 6998 2869 1090 3597
2273 896 7437 2061 2647 7438
2274 7439 1698 5670 1409 3111
2275 5925 7440 601 434 3883 2673 1
2276 477 4714 673 1238 2843
2277 652 4301 886 7441 5615 4516 2065 267 2143 6103 2050 1679 3619 3965 7442 6 3126 2278
2278 3763 1616 1974 122 109
2279 7443 2373 1889 657 7444
2280 2890 6222 3551 4402 2395 90 3185 6925 7445 4305
2281 5089 723 713 6641 2652
2282 1012 1156 433 1262 7446 7447 4191 1462
2283 3396 3347 3157 3349 2274 2624 7448 7449 2625 5375 7450 7451 7452 1497 7453 7441 3270 7454 2603 4904 2663 7455 7456 3398
2284 4932 1971 5543 519 118 2587 7457 757 7458 4229 657 7459 2897 3518
2285 3307 5459 7460 1985 2498
2286 5390 2101 924 3714 928 7120 6518 6844 937 5863
2287 811 7461 5825 304 6 5894 7462 7463 1996 2298 7464
2288 1205 371 6533 437 1788 3650 6523
2289 3302 1325 3300 6 2432 6782 2937 7465 5877 2868 6322 861 1019 2796 3673 2505 6009 5092 7466 7467 6116
2290 1214 7468 2192 388 6 2328 847
2291 1879 1801 4342 7469 195 7470 94 3961 2139 1144 7050
2292 390 7201 479 1608 2343 2692 1077 774 164 2708 7471 2 149 619 1430
2293 7472 1645 461 7473 6352 2390 5249
2294 383 378 4393 381 4396 2932 384 4430 1298 6849
2295 7178 243 1815 7474 2338
2296 7475 1393 2354 291 2071 4706
2297 2170 3256 4399 5031 7476
2298 6916 1974 2842 7477 2909 7478 6853 1880 7078 4053
2299 1587 304 7479 7480 314 5491 1384 1567 7481 7482 2559 2049 7483 5965 6688 2997
2300 2503 21 562 7484 1705
2301 2144 114 2283 4382 6398 125 4169 4489 3033 937 5447 65 855 1021
2302 6795 390 5347 481 4886 196 7485 384 4475 5879
2303 1037 1679 7408 1414 1597 5095 134
2304 3164 3661 3338 2734 703 2130 3392 3353 5232 2388 7486 1241 78 3342 2829 2726 7487 2693 6230 7488 1561 7489 3358 3345 7490 7491 2692 6917 5055 7030 7449 6704 3350 6710 2127 7068 1560 7492 7493 1222 3341 1181 7494 6880 3017 5846 2080 7495 82 3153 2942 4359 5596 4238 2665 7496 3349 1587 2663 2822
2305 5809 6773 2748 6921 6088
2306 2024 1085 1903 6388 1082 2142 6969
2307 5665 2478 7497 508 189 1823 7498 4004 113 7499 1267 2687 7500 3200
2308 7501 6336 171 2194 1631 1156
2309 1075 6826 4815 5458 5090 3673 213 7502 7094 6388
2310 7503 3980 2674 3023 2070 6695 7345 4784 2517 7347 1885 3965
2311 1614 3989 7504 143 2438 4395
2312 7505 1331 5056 2201 4503 7506 2489 3061 90 7507 7508 684 107
2313 463 3998 3447 2733 642
2314 3049 581 1967 4264 3050 712
2315 2071 3052 2794 2092 1627 836 5007 1384
2316 4910 3102 7155 2642 789 4951 7509 4987 7510 3275
2317 4217 147 1392 4720 6158
2318 6232 5513 2979 257 2373 7302
2319 6001 6551 2929 1841 7511 7374 7512 4849 1028 1270
2320 523 846 7513 704 1396 4585 133 5444 5445 1724 937 2806
2321 1885 310 1902 2348 1891 578 757
2322 1912 3487 1868 3102 3488 2059 1744
2323 4936 1060 5583 1212 4328
2324 3607 7514 7515 6019 6668 7002
2325 6266 1825 851 611 1003
2326 90 7516 1071 6493 2477
2327 373 3591 397 40 398 1243 396 1389
2328 1495 7517 1256 6013 197 7277
2329 390 1527 7518 3138 5533 1394 5687 4022 6055
2330 3807 7519 4254 7027 1868
2331 1903 439 4797 955 143 2529 666 2573
2332 383 7520 5939 7521 1932
2333 374 2188 384 961 257 642
2334 695 5078 3607 384 134
2335 901 413 4849 1003 7522
2336 5211 4693 2459 1858 2169 3858
2337 4736 6785 5090 1620 7120 4960 914 1096 1156 3033 853
2338 4976 7523 4777 1359 4342
2339 5082 607 7524 1650 7525
2340 7526 7527 289 4360 536 972 1097 2806 5030 983 984
2341 7528 2595 7529 371 7530 4211 3303
2342 7531 5504 214 4126 821
2343 6530 4797 5946 1393 482
2344 3959 7532 189 7533 4100 4283 3626 116 3234 4183 5120 82 94 4892 2223 7534 90 1151 6197 7535 7536 4984 7537 2777 500 2997 7538 456 4282 5046 6754 7539 4348 7540 1368 4682 7541 6982 2132 5969 1954 939 5862 6033 303 7542 2814 1735 6376 1633 3709 6263 6329 7543
2345 5890 2665 4348 4063 4181 6789 5845 3032 3033 7544 7545 4383 5715
2346 7546 1085 7547 1189 1298 7305 7548 3186
2347 1889 227 3163 5202 7549 7550 55 4310
2348 1389 1294 398 40 733 1641 985
2349 2953 892 7184 7551 6356
2350 2300 1516 28 4910 5357 2647 2217 2218 5830 1334
2351 5217 38 40 4028 1338
2352 7145 4052 1957 1958 254
2353 6 3847 1205 917 5600
2354 4797 576 387 3606 7552 1384 5764 7553 2487
2355 373 7554 3151 2553 2370
2356 7555 6817 1614 5 2305 5853 2612 561 3876 1282 6846 6373 1872 256
2357 769 7105 2169 3858 2086
2358 1153 1855 2049 7556 7557 7558
2359 1580 944 5570 5109 1355 419 7559 1621 3001
2360 1384 3584 2829 463 122 7560 384 4867 846 7561 4436 4527
2361 4009 1866 3289 7424 7562 1080
2362 4456 2905 7563 4251 6759 1391 4529
2363 3763 2345 7564 7565 1083
2364 5200 109 111 105 265 7566
2365 7258 5959 7567 7568 7443
2366 4637 533 1974 1616 1607
2367 4244 7391 5061 757 2591
2368 6735 7569 6134 127 5542 1834 170 2773 567 3644 7570 5467
2369 658 7571 929 5702 1960 7572 3605 7573 6
2370 684 4312 1290 314 7574 1612 1050
2371 7575 4048 1556 2202 6239
2372 7576 2965 4315 7577 3168
2373 2539 4697 1808 58 1018
2374 7578 5181 4536 6825 1057 3734 836 2758 2660
2375 5312 312 134 2773 673
2376 477 7579 7556 1170 4249
2377 7580 803 312 7332 7581
2378 7582 714 7583 7584 7585 4097 5771
2379 5533 6438 5275 393 1242 6764
2380 1708 7586 2446 7587 2503 388
2381 7386 193 761 4907 874 4002 4212
2382 900 7588 6975 7589 1233 3207 4777 1992 2339 2687 7590
2383 1892 6822 7591 7031 7336 5077 975 7375
2384 7592 521 7593 2096 5129
2385 421 373 5815 422 1054 3596
2386 7594 4421 7573 4247 7474 5331
2387 3365 710 711 5697 7132 5591
2388 1405 5487 873 7595 1470 7596 6690 2481
2389 6547 4759 4793 6 7597
2390 5877 4740 3521 7598 1209
2391 1843 4342 1543 3736 1596 4888 5402 3784 5502 4328 405 4634 4363 5795 2183 2557 5959 6671 7599 7600 6875
2392 441 384 1027 7041 1071 3857 5299 5517 1673 7601 3978
2393 3763 1974 3094 866 384
2394 3744 4889 373 282 7602 7603 2126 1500 1823 902 2991
2395 3099 1212 2311 1531 1006
2396 2205 3338 3404 85 3823 7604
2397 7605 1116 2354 470 3023 1374
2398 7606 3230 6928 721 2065 2793 7607
2399 5439 5114 7608 7609 7610 5499 3101
2400 5668 581 4116 2701 4258 2255
2401 1320 7611 7612 7613 4703
2402 1755 4164 2438 7614 1667 1253 7615 1255 6422 1545 4760 4557 7616
2403 436 3905 2251 1606 813 1548 6442 1330 2261 373 4697 4779 581 408 7617
2404 94 7431 7025 4492 2402 7383 2140
2405 7266 1038 1510 3094 1511 6251 1034 7618 1445 3293 7143 4639 1759 4862 6 1658 1662 7227 2475 314 4810 6391 939 7619 7620
2406 1208 1283 7621 2798 373
2407 3750 5338 3712 415 439 2785 1003 2551 150 2674 3773
2408 4043 6665 1237 5360 1052 7622 6657
2409 7623 1071 229 1298 7624 7010
2410 2398 7625 5358 384 174 408 6127 477 6855 6970 1208 2548 90 5073 1448 6282 2998 6770
2411 7626 4571 6440 4136 3060
2412 7627 7628 5438 1416 7629 2483
2413 3327 178 754 7630 2982 7631 3704
2414 339 1 2267 7632 352 7060
2415 6 1473 136 2494 1271
2416 4447 7314 3407 5333 318 7633
2417 6741 5534 348 2636 176
2418 324 2041 3498 3799 824 5846 2246 3299 2599 7634 5394 1952 2148 4769 7453 1474 3362 6475 2394 531 7635 7636 7637 3889 7638 7639 3596 7640 18 7074 7314 108 7641 7642 7643 1777 3324 7644 7645 49
2419 1825 337 2740 1054 7646 599
2420 5594 1034 7647 6133 3246 4700
2421 3093 3111 5402 2677 4560 7648
2422 2047 2386 1878 728 1457
2423 7649 3969 1143 7382 6295 1206
2424 1024 4964 90 4009 87 7650 7651
2425 3568 463 337 6480 153 1902 1901 3700 1088 7032 2890 4963 5289 902 1071 2710 5050 7125 133 1332 7183 7652 3023 2282 438 1403 3324 720 5361 6334 6393 1225 982 808 6705 7653 172 5472 1501 901 2399 4850 893
2426 577 7654 7655 4902 2847 1974
2427 7656 506 4761 298 7657
2428 6617 5394 6481 265 4644
2429 6375 7658 5942 7659 5271 2875
2430 4183 3542 2723 700 7228
2431 1168 2078 7660 4649 2906 3580 360 7661 7662
2432 1903 757 7663 5188 1270 1643 7664 4682 1274 1331 885
2433 4811 7665 851 7666 5206
2434 1806 1387 38 1224 3498 1223
2435 3953 4274 134 3534 5130
2436 951 3978 2397 5610 7667 867 2131
2437 7382 1298 2140 7668 2286
2438 3228 6454 1573 264 7669 3844 5427
2439 4466 4825 3381 6224 3399 4225 80 629 3334 1168 1916
2440 6540 4236 1050 7670 801
2441 674 5097 4867 1808 1282
2442 7671 7672 7673 3338 2205 6880 2641 2402 7674 1988 2433 7351
2443 3609 3607 134 4770 5414 4472 7675 6865 2342 1103 253
2444 2399 7676 651 4901 577
2445 404 4668 1075 2468 1789 5899 3951 2927 3438
2446 193 254 3175 797 4278 595
2447 7254 7472 203 2618 4803 7677 7678 1332 2611 597 7679 111 110 174
2448 1857 1611 6898 385 1615 6587
2449 4310 3207 4779 3246 5047 7107 2010
2450 4521 902 7680 7620 7681
2451 1018 3729 7682 1669 1767 1559
2452 1125 849 7683 5402 7684 2325 2720 1817 7685 6455 7152 1201 2303 874 3214 203 171
2453 7686 4769 948 892 720
2454 167 3723 171 6543 5368 972
2455 7683 4768 2049 2528 728
2456 3404 2667 7514 7687 2130 95 7688
2457 1273 2049 1833 7060 6259 2595 439
2458 6428 7689 7486 358 1122
2459 2851 1710 5682 280 337 3691 1090 7690 4769 3274 7691 7692 2809 5398 439 4524 163 3460 4994 905 5600 3957 4685 6415 234 7251 6657 1889 222 7693 2063 7694 7044 3541 5281 3458 92 7695
2460 7696 7575 4468 500 7697 4616 7698 7444
2461 7699 7280 2030 7083 971 5720 2709 1003
2462 5552 7700 5062 717 7380 7381 4580 468 1594 5461 7701 7702 4699 6244 1705 6079 1759
2463 7703 5753 460 5840 1168 1253 88 1551
2464 6813 2896 262 134 439 3112 1718 2328 7
2465 6659 4035 4036 575 7466
2466 6427 2048 4375 6132 1229
2467 95 4335 3342 7704 6979 2904 5257 7095 606 7705 5770 7706 7707 7708 7709 7710 7711 7712 7713 7714 4161 5911
2468 7715 7716 7717 4818 2812 892 1842 5027 4323 5918
2469 3188 5205 342 2846 378 1298 596 2234 1249 642 7718 373 2503 1250 496 1833 1925 7719 2413 7720 7721 875 3803 594 2035 7722 940 1164
2470 1384 6828 7723 880 3160
2471 280 380 6677 7724 1006
2472 2730 264 2201 90 6308 1753 7725
2473 3615 1620 1630 4315 5248 538
2474 391 131 7726 5984 2368 7727
2475 3049 2677 3093 4488 868
2476 4716 673 2740 1652 1607 6822 7728 961 3608 1752 262 2533 6745 720 1074 1614 2192 2414 5140 6373
2477 804 3103 3184 2964 4591
2478 4717 1663 5031 7729 3551
2479 2965 3435 7730 3185 3607 262 266 5237 7731 6266
2480 5514 6224 951 3338 1736 4951 7732 2886
2481 7112 5846 3542 4367 200 3496 7733 903
2482 3156 5748 1683 3961 2756
2483 2020 1473 4409 6665 7734 343
2484 922 7735 5454 5941 2154
2485 5291 4225 1018 2153 7274 5857
2486 2096 4105 3742 5762 77
2487 7736 16 7169 2702 404 975
2488 525 1096 5273 7737 296
2489 7738 3961 7739 4639 975 1457 2010
2490 2303 6354 611 5910 7740 2939 1584
2491 393 7323 1683 2021 4398 3730
2492 171 2255 934 167 1083 1637 7741 6666 7269 1308 1106
2493 3202 246 51 7742 7743 7744
2494 7745 1134 1210 899 3633 3634 7111
2495 310 2482 1018 281 1608
2496 7466 4 7746 3770 3805
2497 7747 7748 1886 7749 4040 6550 2830 7750
2498 2478 2886 6240 6275 5017 2331 3541 3799 1140 7751 1024 4363 1659 5873 7238
2499 7752 6624 535 1892 967 219 1357 1427 2807 5823 4345
2500 7753 4091 5929 5873 1721 2345 732 991 7425 588 1457 7083 2783 368
2501 7518 7754 4593 7755 2654 6415 7330
2502 3846 7174 7034 1312 7756 25 2267
2503 2076 5546 1228 390 4150 4152
2504 3982 7757 7758 2106 3534
2505 7759 7760 7761 1160 1517 1916 1320 3092 2647 2994 2218 5883 326
2506 4955 7762 1210 2886 7763 2568 939 7369 5261 2853 7764 5136 6188 2977 4205 1600 3446 3983
2507 1855 7504 7653 4192 242
2508 1511 1323 805 4591 558
2509 810 415 439 757 599 7765
2510 182 4179 1088 4331 7766 6528 178
2511 4980 2856 4982 1540 1534
2512 7767 791 1356 7768 796 3946 5643
2513 4372 5419 1267 2740 4223
2514 1822 4423 5243 6628 2598 1884
2515 1303 6401 4105 7769 7770 7771 6705
2516 2875 424 3431 7377 6355
2517 2957 7772 7773 5829 1916 7774
2518 3214 7775 7776 4398 707
2519 4909 3259 2104 6517 934 3423 7777 152 5450 1103
2520 5301 97 4 3546 2386
2521 5257 244 5589 6994 6617 7778 7496 6885 2242 7779 7780 7781 7782 7134 581 824 7783 2314 5703 7784 5170 7785 7786 6876 6982 7787 2816 6556 5116 5994 3886 557 4190 7788 204 7789 1186 7790 5326 6981
2522 76 3895 2186 515 7791 7792
2523 6704 87 1008 1448 7793
2524 6794 4533 713 7099 7794 3798 6079 4623
2525 4229 5973 1963 4786 2955 414 61
2526 5723 1691 3050 7795 7796 5514
2527 7797 7434 7381 3286 7798 561 1769 2543
2528 5877 174 1514 1159 7799
2529 558 5123 2409 2646 7800
2530 7801 3710 439 1083 134 6252 1074 6062 419 6150 3624 90 1161 1977 7802 155 4516 2319
2531 2868 2740 3650 7803 3763
2532 944 5563 2422 663 1695 1646 134 1242 5361
2533 5044 6491 4932 7804 7805 5179 3986 4492 5712 2033 3188 4608 233 4176
2534 5461 7806 114 15 7807 5876
2535 545 1574 5750 7278 7808 6424 7809 4199 500 3237 7810 6818 7495 5037 7811 35 7812 1857 5925 1884 5717
2536 6750 3111 3265 7813 3163 4098 4777 5559 2602 2060 3578 7001 2331 7814
2537 5811 5610 1322 2853 1490 3872 7815 7816 765
2538 1450 6929 7426 1319 5386 1434 7817
2539 5102 1587 3870 1280 6350 1710 7684 1902 1901 7818 93 3406 606 3409 4119 731 3468 2806
2540 1410 2745 7575 5511 7819 7425 2930 1829 4170 6322 5297 7820 2783 3337
2541 2331 2726 7498 7179 4101 5559 961 3705 7821 5165 2388 7822 6303
2542 7823 6582 51 2462 4796 5084
2543 3171 2876 7824 3579 6909
2544 2616 2631 5763 4306 761 371 5691 7239 2030
2545 262 5199 7036 7825 7826 6682 3987 4598
2546 1963 4409 32 1875 7827 3424 7828
2547 7436 134 1238 265 682 3104 561 1573 895 477 2280 4475
2548 5 832 7829 2163 3227 5467 6871 2536
2549 6254 899 2398 7830 3981
2550 2953 601 5 3522 4707 134 7831 5274 580 2345 2539 7832 1653 5312 4223 1238 384 7551 7833 1608 1974 884
2551 574 2185 3599 641 1289 1383
2552 7834 4960 1421 7835 4555
2553 7836 237 1384 6118 7837 5606 1770 1888 7838 7839 5483
2554 6444 104 648 536 6445 2798 858 1106
2555 2205 944 2824 7840 2361 1181 2130
2556 1273 5 6138 2852 6412
2557 5757 4956 4527 268 3826
2558 723 1971 4487 2545 7252 3680 6131
2559 7841 1875 581 1928 362
2560 5992 905 688 2851 4032
2561 2060 3817 2333 4025 7521 4003
2562 6886 3969 569 3141 7842
2563 2653 2543 2803 5393 950
2564 6493 2037 4066 1597 203 482 847
2565 5240 3974 749 7843 6671 3796 6577 1258 2413 955 457 229
2566 7844 5833 875 7720 6062 3222 513 750 757 7605 5631
2567 3262 2897 7845 352 6167 2088 384 5927 5315
2568 3303 2581 1308 3599 4425 7846 3474 1083 801 689
2569 4607 6264 2599 7847 4886
2570 217 262 1529 3300 2534
2571 7848 4113 2420 6042 920 5202 3174 4176 6355 366 1214 6921 2749 3289 362 7849 7850 475 196 7851 504 5555 606 2190
2572 5610 7852 1489 1480 2647 3103 1353 7853 804 6978 3059 2218 3932
2573 2619 1588 7854 808 105 2860 284 3865 3190 1489 7620 7680 2090 7855 7856 1332 7857 6480 5699 1881 7858 7859 535 2071 2937 2218 2999 2147 6627 7860 6395 3419 5387 7861 536 939 6722 4510 1430 2938 5450 980 1104 537 4316
2574 7862 470 463 3279 7863 4550 7864 218 2510 7865 7823 1047 690 3546 905 7866 3748
2575 953 7867 7868 850 7869 2102 534 3052 1627 2805 1338 1364 2015 1745 7870 1156 1424 5308 1357 973 3079 2806 4819 1030 1106 985
2576 3376 2904 7871 4949 7872 2960 2130 3325 7101 7873
2577 3869 7874 2699 5599 1123
2578 492 5033 7875 7064 1704 7602
2579 134 5027 1238 1573 265 561 673 7876 4679 3844 7062
2580 1096 719 7877 5354 671 2528
2581 3745 7865 7878 6038 7879 3748 3039
2582 642 6087 1888 30 2510
2583 4278 2317 7039 3111 1726 7880 7881 2802 32
2584 7882 2120 1341 1208 944 1225
2585 2135 6540 2713 2308 5647 7883 7884 1898 2165 975 7085 6053 1544 2923
2586 2524 1641 2008 7885 2098 4040
2587 6868 7886 2141 1125 642 1543 3293 5774 3319 3974
2588 1308 885 1050 5917 3472
2589 7887 7204 4266 4919 1920 6270 7888 3262
2590 42 1619 3579 3198 4408 7889 4551 7890 171 2193 3030 5450
2591 7663 423 7891 7374 409 15
2592 2716 2338 904 7892 2245 2971 1168 1726 3581 1777 7893
2593 771 3321 7580 1394 2598
2594 2751 367 6985 7894 7895 2953 298 7297 6817 1056 4767 5034 7896 5574 1027 1026 7863 4045 1280 3252
2595 6866 7897 5595 7898 3912
2596 2050 1798 1128 235 236 237 1759
2597 2395 7899 7900 8 7901 940
2598 7257 4973 7902 2253 2412 2307 3961 7903 608 3408
2599 1427 373 393 3744 2843 2010
2600 5225 1635 1213 1448 6173
2601 1602 3703 1609 28 7904
2602 6687 7905 2812 753 4680 673 7906 2450 2545 4646 2413 872 6587
2603 5604 1846 1225 407 96 1427 4296 551
2604 6682 7907 3175 7818 4163
2605 2430 3474 3608 5490 7908 1006
2606 6891 1050 1271 4449 4544 6764
2607 1985 6418 657 80 78 144
2608 7909 262 6 846 6580 6679 7910 3179 5774 7911 347 2036
2609 7733 7678 7912 1785 7044 7913 3446 903 7857 2385 917 7914
2610 2314 3958 7055 7290 7239
2611 4803 713 3416 1196 2939
2612 885 1763 2562 1608 4241 309
2613 53 5504 1096 3685 5237 7915 1396 1643 3098 1209
2614 7822 2642 5436 6108 7916 90 2130 6600 7917 5747 7851 1543 7918 2694 767 4845 5964 3334 1511 7919 7498 744 1321 4368 7920 7921 7713 1692 6072 7922 366 3736 5402 1349 4597 4230 2931 6850 2457 6678 2303 6182 526 7923 902 2806 2165 3459 3422 157 1809 4510 1332 3458 5151 1102 980 3427 5715 4257 5451
2615 4125 2056 2686 929 247 1608 1312 7453 7024 3018 2940 5877 4769 110 601 1887 1384 720 2216 5494 3510
2616 1862 7924 407 728 3043
2617 2446 5867 2909 7925 424 2418 3184 4371 5611
2618 219 6225 6677 2914 3861 6816 7926 7927 4261 1830 6188 1500
2619 2288 3284 1830 7928 5162 2023
2620 110 658 3230 71 554 1715
2621 1071 1561 1562 7929 2274 1563
2622 7930 606 1881 4025 7931 2070 2799 2506
2623 5930 6448 1851 3901 1462
2624 7783 1234 5602 7932 4184
2625 58 575 553 6888 1204
2626 4581 304 3207 1249 642 3837 1642 1950
2627 3338 2644 5436 7933 3342 1912
2628 628 7934 2645 3974 7935 5252 1565 3118 6870 1351 521 2345 3917
2629 4591 1507 7550 3481 974 4916
2630 2867 3030 3032 7936 6830
2631 2026 5288 1627 120 289 1625
2632 2348 134 3560 4693 312 6127
2633 5570 7937 7938 2764 415 439 3729 4601 2104 373 7939 1904
2634 1752 2348 368 5133 7617
2635 3014 7940 7941 7942 6559 1475 7491 1436 7943 7944 7945 5855 4940 7946 4556 6277 7947 5324 4110
2636 1985 2130 5436 5977 555 7948
2637 4780 1354 523 6573 161 538
2638 2315 1243 1960 7949 3510 6 7950
2639 5394 7951 1050 7952 5744 5266
2640 7953 575 5570 7954 6462 264 1987
2641 6948 7955 22 1308 463 7956
2642 2491 384 1529 257 2 7957 4295 1268 4229
2643 6765 5556 7149 1122 1225 1451
2644 5096 1339 3245 1673 7958 22
2645 1807 4514 45 7477 7959 4310
2646 6007 3509 5236 6589 4305 3895
2647 692 2702 6644 2815 3288
2648 7960 1552 4862 7266 5578 5894
2649 6244 6095 5021 7293 7961
2650 2702 7962 3191 6807 4219
2651 7963 874 3693 6248 384 4396
2652 1340 3330 2374 2049 7964
2653 1298 1605 7965 7201 4368 344
2654 2026 3294 3033 1098 1217 3240
2655 7077 1834 7440 7966 6410
2656 5439 1687 456 7967 5431
2657 3702 348 456 7759 3092
2658 2829 122 153 7968 6410 7969 6280 4695 4978 642 5205
2659 5082 4328 2426 584 2107
2660 6176 4223 7970 1925 3769
2661 7971 7519 3689 4803 5181
2662 6164 460 3789 6728 1661 1138 3739 3125 1125 7972 1616 2345 7973 7974 4099 6378
2663 7975 2971 7976 7977 33 7253 6832
2664 5516 2643 4347 4984 910 1484
2665 2041 1372 7041 929 1847 373 4289 3101 7978 5185
2666 7979 5599 1123 2026 7980 149
2667 5815 388 1609 1527 2551 916 7981 3509 3702 229 2014 7982 1176 7983
2668 1322 5114 4799 2215 7984 4822 7985
2669 4401 4112 63 7986 5779 7987 2168
2670 5765 673 6557 6825 134
2671 7988 4838 529 4697 4147
2672 399 2666 7989 2663 7990 1736 6703 4629 7991 7992 3049 2667 7993 7514 458 450 4049 3400 5516 2835 7455 1497 7451 4825 4824
2673 171 446 7994 6458 980 5902 4175
2674 989 643 4242 3460 1784
2675 3694 7305 616 1034 2427 7995
2676 7150 3133 2477 341 109
2677 6550 4672 1644 4554 4087
2678 2083 3732 519 7481 7996 2503 6176 7997 5188 1196 5948 3458 1971 2388 7357 4
2679 902 5536 6191 1500 262
2680 1818 4902 2027 1974 1075 1250
2681 1346 1234 7563 7998 5037 7999 1587 4956 4416 3838 1495 282 8000 4197 2126 195 4127 5054 2369 3039 3143 680
2682 3732 367 832 4345 2282 3607 6142 2535 6193 5698 302
2683 1270 1224 21 2653 4158 757 1621
2684 6773 2787 1705 1594 7116 8001 4834 3084
2685 3250 1303 1016 7056 6146 8002 6696 8003 7638 3390 8004
2686 3369 6112 3819 874 6938 8005 7317
2687 4203 4312 1394 234 1674 1053
2688 8006 8007 7176 4768 3252 8008 3735 4806
2689 3412 5997 5585 4585 6239
2690 8009 2132 404 560 2182 4822 3049 7489 3047 6060
2691 7857 6138 384 2868 7149
2692 4894 1152 4796 2026 7342 1308 1085 5990
2693 6480 523 7281 7890 5892 1156 1096 3595 536 2380 1881 5466 1470
2694 6909 8010 2698 4641 3101 2370 2050
2695 1920 7040 7544 2435 1322 89 7496 3343 4863 7619
2696 1075 1703 1769 6124 3227 264
2697 5539 1308 885 1752 6837
2698 2025 7561 8011 2709 2049 4707 6621 8012
2699 1825 2865 206 6 1571
2700 5432 7281 4947 7860 4360 3001 1098 8013 1106
2701 5895 6624 535 2283 4959 1621 1156 2937 6395 8014 2810 3673 3108 7442 7183 1429 980
2702 4280 4144 5303 288 5472 5089 508
2703 388 174 899 1270 2023
2704 415 1628 1004 779 5697
2705 3969 2317 6600 8015 5189 3982 4591 5578 3017
2706 7241 3742 4095 5657 5255
2707 2071 7358 1250 1723 5448 4383 7741
2708 4951 5219 2791 581 759
2709 460 3888 6461 3827 5249 2427 6847 6753 237 8016 3190 3189 2749 138 5917 1070 6921 2691 6787 2802 5272 2928 6323 526 1100 4884 2902 3110 5499 4512 8017
2710 1005 1953 6863 8018 4506
2711 8019 3338 2470 2647 7541 1499 939 8020 4193 7258 329
2712 8021 2503 1271 1714 8022 1006
2713 8023 5600 5253 8024 2503 2269
2714 8025 2978 2707 1446 953 4310
2715 3239 1511 8026 4669 3735 589 2272 8027 1397 6174 2126 2398
2716 4638 6011 4606 2790 8028 3750 16 3883
2717 8029 7900 798 2984 4317 5063 4311 5570 1883 4706 852 2071 1972 291 1225 1462 2766 8030 8031
2718 2390 6134 596 4781 5408 8032
2719 8033 3214 4128 5149 42 8034 8035 4251
2720 8036 996 4735 7581 1882 441 4927 8037 128
2721 5958 632 8038 3389 3344 2602 3164 8039 1988 456 452 7412
2722 2398 1015 1667 57 588 5519 595 1225 174 4418
2723 5719 4730 8040 7419 4977
2724 4738 1343 7876 4044 8041
2725 8042 6326 7080 8043 8044 6478 217 4480 3300 7264 1384 384 5915 1950
2726 7902 424 4017 4797 3626 8045
2727 1825 798 4306 8046 944 599 5533 4270
2728 8047 1721 3626 8048 3875
2729 1396 7585 298 3969 368 6 2310 91 4211 8049 3623 1996 7023
2730 2812 1858 4707 8050 1308 5853 1083 4678
2731 1339 367 2397 2455 3795 351 8051 8003 3602 339 8052 4545
2732 4362 8053 71 2830 3967 8054 8055 5308
2733 8056 4064 5797 834 5130 6736 496
2734 95 2859 8057 33 3700
2735 6310 1151 5390 2178 4045 5501 1702
2736 6943 2288 1711 1133 129
2737 7189 4007 1136 2045 1529
2738 5668 3059 309 5667 415 1895 5114 3553
2739 2071 167 291 1632 3032 3673 1427 8058 4855 4387 5131
2740 1994 507 952 6779 7685 593
2741 851 1354 439 642 6198 155 3447
2742 2958 2951 1 171 8059 4679 1617 8060 4229
2743 3101 1523 15 4043 1863 439 4786 6493 393 8061
2744 109 8062 3228 2491 2368 7440 391
2745 8063 1782 2120 8064 3671
2746 999 2546 2547 8065 3994
2747 1580 5777 4786 4505 8066
2748 6820 4541 180 439 1870
2749 367 6760 5048 832 2320 6252 2752 5249 1890 642
2750 98 599 1616 63 2348
2751 5867 701 1118 138 4236 1646
2752 4028 1384 2568 2742 3169 3503
2753 3675 7824 8067 8068 588
2754 303 312 4682 1196 5654
2755 388 1609 1679 1386 1960 6135 235 1067 1083 1658
2756 2319 3383 42 868 1759
2757 2900 5170 2716 5306 5283
2758 1071 1546 3209 1334 6687 1542 8069 5858 8070 5615 6504
2759 3015 144 6821 6167 7434 4306 8071 5338 6189 372
2760 611 8072 2396 8073 1027
2761 2803 1994 596 8074 2395
2762 8075 3049 8076 4469 6585
2763 5980 2627 4112 2550 3230 97 373 4882 304 1695
2764 7463 110 4104 7830 7074 618 5472 4204
2765 40 3695 8077 7132 7740 7562 4212 1722 493
2766 2534 2766 384 8078 2597
2767 97 2771 2550 3474 1813 8079 134 5367
2768 3185 58 1308 4960 1676 7623 4209 110 8075 1340 7571 8080
2769 1213 1384 4542 7598 3834
2770 5699 2533 380 2503 384
2771 8081 5044 4264 6072 1645 5570 1713 3588 8082
2772 657 2871 115 5189 8083
2773 410 439 1891 3175 3668 6257 553
2774 2866 1424 8084 2809 2938 3674
2775 174 8085 5435 8086 1112 5461 874 2972 3933 1584 1914 4566 2253 1916 3742 4847 7169 4198 4010 5308 5668 3673 4563 3133 6404 8087 4489 4191 1429 1102 3390 2614
2776 3944 1273 3461 1983 3486 5954
2777 2661 521 1848 264 372 2988 1356 2761 3168 4356 885 560 5782
2778 7673 4403 4011 7849 384 4178 3009
2779 7245 108 8088 3265 8089 4299 2025
2780 5032 3660 3974 109 8090 7161 3192 8091 6020 1088 8092 2338 1168 1784 2608 7742 6137 6714 1612 1480 2647 8093
2781 1075 5379 8094 8095 1421
2782 2343 2955 1616 5416 4041
2783 923 1271 8096 8097 6976
2784 7086 393 58 168 4810 8098 517 1182
2785 2135 6482 8099 8100 3750 470 5034 330
2786 2852 4587 4620 6062 8101 4608 4188 1342 637 4414 2690 1308 3474 1085 103 8102 3969 8103
2787 1716 851 1380 4233 7577
2788 5137 798 1096 5386 4894 1118 2501 2830 8104
2789 2889 2310 2812 1311 7027 7746 1425 4174
2790 3974 38 1295 1223 396 5818 3969 5525 8105 1291 398 6153
2791 6 6252 1308 53 8106
2792 4498 8107 404 2414 4581
2793 2829 1309 110 122 4034 1829 1971 218 47
2794 4789 7650 4601 8108 6168
2795 899 437 3228 1045 5519 8109 5410
2796 1210 757 269 1531 7753 1233 5512
2797 1776 805 8110 3304 8111
2798 1308 3474 4483 4414 4155 6905 8112 8113
2799 2734 3324 7436 5933 1551 8114 3264 4408
2800 1311 8115 7995 521 8116
2801 8117 2050 2742 2533 1195 5255
2802 352 1454 6534 253 5577 7085 8118
2803 2422 1587 1965 8119 1561 5383 6705 4545 8120 6075 437 7119 7542 6351 3571 8121 197 4340 2019 105 707 5277 3115 6556 6562 8122 825 6348 812 4584 171 4386 8123 5413 1145 6449 6360 8124 3338 7498 8125 3671 3926 6322 8126 1759 133 137 2093 1426 3050 140 973 976 526 3422 1562 2006 2398 1186 708 157 4174 1102 152 1104 3427 8127 3114 1350 1906 6525 4316
2804 4907 1448 6282 108 1923 508 4116 5666 8128 4938 4104 2939 723 1380 1741 5056 3037 439 8129 6097 113 7641 2112 808 6226
2805 7067 2165 3216 7640 7158 8130 1124
2806 3765 5771 419 3769 1900 407 1925 4177 848 373 4781 2018
2807 851 1380 3083 8131 2503
2808 5045 4124 659 7795 8132 805 2218
2809 8133 373 6946 4926 5818 2687
2810 4907 299 1083 8134 2710 718 1957
2811 4600 8135 2781 2438 4721
2812 136 8136 4073 8137 3159 5768 8138 2757 407
2813 3225 84 673 4644 56 2025 6772
2814 4187 4802 860 581 5854
2815 234 1758 714 174 601
2816 8139 2381 2649 605 5601 8140
2817 7254 3620 2074 4901 919
2818 460 1556 6763 6999 1439
2819 3399 8141 5438 7990 4358 3787 6401 7173 4992 5591
2820 1607 384 2812 4148 4691 5517 312 4804
2821 8142 8143 8144 4560 4457 1826 2215 4253 404 4699 2026
2822 3505 3506 1253 1168 6802
2823 1587 98 3272 1914 3933 3004
2824 918 684 15 373 6 5537
2825 4234 6205 2826 5620 7223 6618 134 1609 3893
2826 6677 3294 3494 3718 8145
2827 2264 1071 2414 3006 448 8146
2828 3675 5418 7824 4560 8147 8148
2829 3947 8149 8150 5304 567
2830 8151 8152 7048 1511 3547 611 6181
2831 8153 3693 2556 8154 338
2832 8155 2548 1339 1808 8156 2356
2833 134 3601 8157 1238 383
2834 4582 439 1208 1870 2049 30 373 1598 2851 1962
2835 451 1459 6504 300 282 8158
2836 5487 5983 5981 2317 284 5556 8159 2321 1331 2322 8160 2120 827 1444 6606
2837 8161 8162 7985 6890 407
2838 3632 5661 4 2908 4223
2839 1589 4078 1890 7186 619 4411
2840 8163 3872 2477 424 3689
2841 1587 8164 8165 1394 4310
2842 1362 462 4453 8166 758
2843 8167 560 8168 8169 8170 4946 508 5958
2844 3049 456 3338 1016 8171 231 85 6371 1562 2473 1563 8172 2663 1320 1916 3629 7781 843 37 1561 3343 2171 3801 8173 1323 3134 8174 8175 1503 3796 842 1060 5620 2215 7619 3527 7496 6894 8176 3387
2845 8177 629 368 384 6946
2846 4409 4088 2820 4717 6 6786
2847 477 7347 264 1382 2459 253
2848 3265 8178 8179 5118 5905
2849 4947 6 3082 165 1096 8180 4962
2850 3705 1735 7827 6514 8181
2851 5534 1022 476 4289 3204
2852 6967 8182 6474 6513 4583
2853 1788 2048 1008 1339 368 2805 8183
2854 4203 5110 8184 998 6263 622 5495
2855 3492 2588 3510 2633 5237 5570
2856 3720 1137 129 156 2022
2857 4313 7827 7859 535 5708 4959 146 1426 933 796 3673 963 1777 1122 1589 2112 8185 935 4998 8186 974 8187 5144 1396 2798 6737 3424 296
2858 3959 8188 4066 8189 5061 3847 2650 4556 8061 740
2859 8190 3842 2026 174 3689 904 4577
2860 1489 8191 3039 404 31 4413 939 1493 2933
2861 4442 6162 371 5031 348 2818 6974 2596 8192 8193
2862 5065 6457 8194 6503 7189 4948 6666
2863 7914 110 3049 1311 1726 4675
2864 2579 1371 2438 3601 2124 1971
2865 8086 7086 110 2814 6228
2866 3348 8195 8196 4082 3046 8197
2867 8198 4042 2652 1170 8199
2868 7747 6573 321 4658 8200
2869 7674 7989 8201 5170 5050
2870 2059 8202 3312 6520 895
2871 2687 544 8203 5961 7032 1809 174 3589 545 1572 4132 6641 5773 968 2112 8204 6095
2872 806 3668 477 1238 241 2843 2050
2873 3915 2218 8205 8174 7370 4369 6012 8206 8207 8208 1971 2836 8209
2874 1208 7694 8210 8211 7195 5853 1505 2654 616 4890
2875 2897 4066 2334 4061 8212 3003
2876 2071 913 5090 8213 7365 7925 1357 171
2877 831 2741 2930 8214 4735 6063 2427 1056
2878 4068 3432 414 790 2882 7792
2879 8215 5612 1791 3639 1843 7855
2880 2191 3030 3123 4585 3033 8216 5449 4172 5998 983
2881 1652 8217 5952 899 7337 4472 2999
2882 3778 4842 3764 3358 2906 174 2366 1225 5998
2883 7965 1888 2050 2970 8218
2884 2047 581 193 415 3862 192 5229 4 2022 2027 5673 393
2885 3225 8219 5028 3984 8220 8119 2672 5356 2769 8221 4703 1484 802 2643 8222 8223 8224 8225 8226 2771 181 197 749 8227 5828 8228
2886 6211 8229 7534 6197 4363
2887 1614 2346 2347 651 312
2888 8230 4119 2380 5445 3001 5368 937 1098 7545 6525 1106 5793
2889 2060 648 7450 5016 8231
2890 1875 1769 8232 7647 5525 134 3019 3219
2891 4655 3205 3338 8233 450 5233 1455 299
2892 2853 6584 851 461 8234
2893 6369 1630 3033 852 139 1106 987
2894 846 3742 7487 3689 8235
2895 4331 1891 8236 7925 2439 976
2896 8237 1388 1223 396 1858 5539 4697 5475 5 4535 312 5263
2897 1384 585 4797 8238 4624 6926 8239
2898 6915 5389 5642 8240 3990
2899 1410 929 3003 8241 2022
2900 3312 6492 3188 5711 778 3702 3010
2901 5747 825 2027 5924 4363 8242 8125 3968 792 4197 2770 7956 4194 2993 3771 1920 779 845
2902 171 2074 323 658 3132 4075 5433 7423 6123 4720 3629 6188 8243 581 2341 5470 1151 2039 805 2388 3455 1311 30 1406 3451 8244 4063 6764 8245 109 19 6932 7505 919 3666
2903 4777 8246 1494 1225 6638 7178 850 8110 4356
2904 1769 2820 791 361 247 2791 2543 6453
2905 29 5261 1111 8247 4284
2906 8248 1465 3616 2244 1511
2907 7440 596 8249 7949 1073
2908 2245 2244 107 1718 412 7516 5825 1162
2909 4053 489 1015 6526 902
2910 1045 4669 3100 136 3577 1726 4388 3232
2911 4121 5118 3111 1356 7480 3951 8111 6563 3082
2912 2870 2608 4545 3223 5463 2212 8250 6122 5713 3527 1669 8251
2913 2283 2218 5195 302 4489 421 728 1018 3057 129 939 868 8252 2112 105 7630 3459 117 658
2914 7427 805 4591 8253 2905
2915 4494 591 3058 8008 1083
2916 110 2390 4562 5057 4557 6895 5906
2917 7250 3885 5406 1308 658 3057
2918 7711 3302 6283 6138 4129 2983 7079 171
2919 8254 684 757 3279 3464
2920 2503 6246 8255 3698 8256
2921 1609 5426 7399 6454 4520 5195 6641
2922 504 344 682 4887 580 4534
2923 1923 203 2886 4563 2495
2924 7903 77 1258 3408 4699 304 8257 8258 1336 8259
2925 660 8260 527 1095 5791 7260 1096 852 933 8261 1457 979 1624
2926 1958 376 1382 8158 2868 267 261 895 6174 2545
2927 6144 1257 7399 6294 5873 262 8262 6777 7190
2928 8263 5 384 3228 5281
2929 2890 3042 2048 1714 2027 5719 6929 4023 6757
2930 42 200 88 1196 4211 1156 1806
2931 7659 52 507 4627 3845
2932 119 8264 4766 5 8265 5739 8266 8267
2933 298 8268 30 8269 2659 5929 1232
2934 2815 468 1587 1914 4834
2935 1945 4014 901 2558 2385 2250
2936 6261 8270 3214 8271 8257 7096 6700 1510 1511
2937 384 1238 4854 895 3805
2938 577 7031 8272 7485 7425 3999 3930
2939 2724 1912 8196 4294 3488 4598 6275 5891 7367 8273
2940 3184 2205 5894 6878 3059 5932
2941 5898 3748 7839 3711 1449
2942 2790 4064 4521 4710 8274 134 5027 895 238
2943 3592 2876 7824 4804 3860
2944 6865 3329 5338 384 7371
2945 5726 6167 8275 1950 4067
2946 2966 3444 3193 1340 4355
2947 2496 6137 7009 8276 2923 4299
2948 3754 8277 8278 4421 6476 718 7824
2949 2467 1329 6540 4439 1331 602 545 21 881 2185 4298
2950 3662 4214 7874 3847 4637 8279
2951 4403 4499 1616 1868 6847 1384
2952 8280 2222 7956 8281 7373 5353 1659 5338 622 1075 5907 8282 3289 2668 5472
2953 6956 8267 6188 1854 4496
2954 1356 8283 5368 3109 6239 2521 6760 6544 2137 2614 5450 264
2955 893 5615 1332 262 5904 651 2345 2065 5517 312 1974 409
2956 8284 6820 3214 1600 1759 5477 6055
2957 2148 8285 6286 6179 1274 3556 5390 7758 5173 1399 850 924 7195 2248 2102 791 5822 1233 4167 7570 6518 5587 5544 3055 5997 4585 2810 3108 1097 2980 2807 1430 5466 152 1030 2285 296 5451
2958 851 1335 2793 6803 1825 60 6677 7250 1925 6361 6316 4779 3039 1393 62 598
2959 8286 682 134 2251 1250
2960 4465 8287 8288 3303 2081 3691 4195 7876
2961 3763 8073 1346 1974 560 7198
2962 3006 1984 5394 5798 6724 7720 1612 6171 7986 5529 4815 7794
2963 910 2472 6879 3205 3816 4189 1511 3813 4305 204 5461 882 8289
2964 368 131 264 1238 4644 5874
2965 4955 424 8290 7659 1159 2779
2966 2411 6229 5367 2649 8291 1352
2967 6434 724 725 726 2220 7984
2968 6354 611 6110 6090 863 8292 737
2969 4229 2296 4043 1580 393 7312 3900 3023 5330 367 4446 8293 2502 6665 6480 1075 2381 1647 1713 285 5390 105 7145 5534 2325 1355 1716 2256 4861 3980 7117 97 924 1153 2319 4475 1359 7025 4947 7430 1667 5112 7052 4781 2503 2460 3022 5764 7650 1081 3044 1357 4583 8294 8295 3248 3099 1631 134 3512 6533 4745 1155 4119 5997 65 8296 1273 2097 6399 937 975 1682 854 4751 537 1106 3426 4656 5742 985
2970 8297 5520 704 1271 8298 7994
2971 174 3712 8299 393 1208
2972 1340 4766 4042 8300 1035
2973 5517 651 8301 1607 1529 1178
2974 947 110 8302 242 5402 8303 5693
2975 1473 2631 4306 264 2535
2976 4886 8304 8305 1364 733 1568
2977 442 415 8306 2178 7258 4596 1483
2978 7909 3558 312 2144 651
2979 712 6040 6914 8307 8308 6037
2980 447 2398 1050 2803 3230 7216
2981 899 7023 7880 7152 8309
2982 7461 6852 1704 4209 1553
2983 3898 7489 1169 1801 5635
2984 1130 7744 2260 5196 8310 3004
2985 6906 373 8311 1388 193
2986 3778 5037 3662 4777 632 7708
2987 1282 6787 2740 598 1267
2988 2677 7151 4009 2734 5205
2989 6 1940 7285 217 373 5992 8312
2990 4374 4688 4716 2345 217 4535 1677 1050 1842 8313 1610 1307
2991 2446 956 4449 1427 981
2992 2083 6569 1646 851 642 2191 5708 133 172
2993 5827 5840 452 5158 3389 4876 8314
2994 7992 399 5977 768 8315 2111 5432 3687 100 4390 7272 8316 8317 939 8000 7741 8318
2995 5339 2117 6513 8319 4697
2996 8258 8320 2702 3454 3855 2548 8321
2997 523 924 8322 2864 2071 1632 914
2998 217 7139 5727 1024 2708 4340 2919 4457 4458 3466 1652 8323 5475 3849 1448 1647 5772 514 6743 2899 4009 3299 4494 3691 4901 6655 409 1050 1479 517 8324 6202 7649 2050 4197 6646 2587
2999 5091 1696 3081 1444 373 177 7032 521 3282 2634 3258 1218 861 4496 3058
3000 3478 2077 715 2226 2593
3001 1308 5045 373 2510 1083 5631 908
3002 15 4796 4241 2482 1890
3003 5822 7860 7120 1096 1019 6844 735
3004 514 280 8325 8326 6130
3005 1302 5942 3264 8327 8308
3006 8328 3510 1149 2812 2045
3007 2695 6196 6729 8329 4841 3825 2465 5923 3203 3541 7417 3458 1956 100 6322 2157 468 8330 4559 7487 2827 885 7357 581 8331
3008 5869 373 3458 2025 2398 1824
3009 437 134 376 1607 312 1892
3010 1329 4423 4445 2723 2579 2122 8332 6913 5961 998 2413 5552
3011 1177 2054 4490 1776 182
3012 256 5500 596 2023 2327
3013 3782 2210 1912 8333 565 80 2405 7498 8334
3014 1916 7892 8335 6754 3105 6697
3015 942 1273 7664 5757 6
3016 8336 6512 3039 4010 5037 90 8337
3017 3081 1531 1863 8338 1144 5761 6626 1494 4501 5309 1006 1638 8339 8340
3018 2387 2300 8341 8342 1518 3349 8343
3019 7727 4549 8344 5188 1508 5060
3020 4652 7792 8345 4774 2089
3021 8346 1181 8347 3325 8206 8348 7059 4610 1502 8349 5371 4703
3022 3997 1635 777 2302 1159
3023 5163 6076 8350 133 5643
3024 3562 8177 2791 8351 729
3025 8352 1546 1175 3178 4402
3026 721 5730 233 262 4946 3924 5867
3027 5485 8353 8354 5262 5457 6259 4053
3028 4063 6494 134 7629 190 2049
3029 1189 1246 3544 6603 7985 8355
3030 3785 2667 3705 783 512 134 1529 8301
3031 661 1308 1085 1471 7198 5782 276
3032 6252 4542 5048 254 4583
3033 944 4028 3080 6591 7032 1745 6343 7995 4669 1834 2053 2661 791
3034 48 2398 1499 4969 2117
3035 4873 174 8356 109 7463 2056 8357
3036 6012 5232 8358 1490 2060
3037 3180 134 3844 8359 5794 4858
3038 2868 7710 3228 262 8360
3039 7254 3693 1167 8361 6053 5580 3509
3040 1050 4817 138 2331 3637
3041 7623 4432 8362 3048 2398
3042 189 5205 2143 6952 5213 409
3043 8363 5869 6024 6709 3903 8364 4667 300
3044 8365 8366 1947 8367 8368
3045 2721 8369 488 325 8370 7361 5719 6488 3555 8172
3046 393 6669 254 439 2049 5778
3047 5482 8371 4628 6078 3698
3048 8372 6510 3535 3574 1069
3049 1259 720 8373 6863 5633 3858 6413 2388
3050 218 6415 2348 5520 7381
3051 393 418 468 7701 4658 3505 3506 867 1507 3933 1067 3118
3052 1380 536 6324 6009 981 537 1021 859
3053 1314 8374 1381 6890 439
3054 4219 5187 1841 6736 5568 3481 3475 439 1668 4608 4557
3055 2521 8375 7132 7174 4555 908 1657 2389
3056 4699 5857 3907 1587 5867 2056 785 610 46
3057 6127 133 5368 1680 6666
3058 3089 1744 8376 4703 3392
3059 8377 1752 368 7816 442 916 393 264
3060 4430 2704 8378 8379 3607 652
3061 2240 6124 2048 8380 929 1274 3845 8381 3207 791 1552
3062 866 5533 167 1510 5680 5016 2573 2324 3911 1511 7623 1832 819 6151 5634 6960 4020 1889 2998 4801 1665 8382 8383
3063 3982 8384 5104 2398 8142 1328
3064 4876 2941 1914 8385 100
3065 7031 5183 8386 7020 3732 2699 810 421 4474
3066 2812 851 642 4796 8387 1175 1122 8388 1646 8389 1808 886 882
3067 8390 4768 575 7062 2159 8391
3068 2401 1159 8392 2042 1308 3948 2690
3069 1587 3881 2815 15 3212 8393 3805 7319 7746 7472 8025 640
3070 8394 4876 1134 1416 713 6337 5751
3071 5219 3652 1924 8395 5801
3072 5534 5570 367 3650 3766 3768 5916 8396 4023
3073 4950 4957 2266 4009 7220 1393
3074 2807 8397 1980 5702 2158
3075 6881 8398 2823 3506 3348 1912 2645 6882 3369 5890 1988 3399 5439
3076 5173 1558 642 2990 2164
3077 4869 1943 4583 4995 3118 1852 8399 521 918 352 1006 2050 5150 492 969
3078 4797 5316 6480 2505 5031 6860 1022 8400 1364 6719 1723 65 3033 2593 1637 856 8401 1103 8402 8403 172 6531 1432
3079 2106 660 3769 1616 8404 8405 3101
3080 6794 3004 231 407 3909 6298 2280 4649 477 3280 6252 7765
3081 997 4817 581 3835 1936
3082 57 707 1824 4873 635
3083 1249 8406 1825 7530 6667 8407 593
3084 4370 7710 134 7215 384
3085 2473 206 2272 1484 3796 3046 2182 5241
3086 631 2303 7945 7712 5021 8408 1821
3087 116 2708 8409 1 1991 8410
3088 5679 1418 1958 4707 1752 367 5 8042 5880 3297 3526
3089 1500 5170 8179 3799 7441 5612 164 1252 4580
3090 2143 4707 7288 2552 5849
3091 1491 2448 4674 6059 1772 8411 3050
3092 7199 7755 5081 5765 4375
3093 2932 2281 7724 134 2581 6665 8412 2533 264 3113 4430 8413 261 6564
3094 5704 5773 348 1632 5308 939 149
3095 752 6108 3134 8414 7861 5516 442 8415 5290
3096 6300 8416 18 3877 8417 6202 19 4790 2511 517 7094
3097 2765 1823 6870 545 2018 1751
3098 458 950 4971 3447 5265
3099 6091 5461 1575 3650 3450 6163 1807 134 3431
3100 1463 1607 4233 5040 2891 5872 6506
3101 990 810 3847 5205 1201 5943 275 4368 4502 3314
3102 8418 713 4363 2886 6000 267
3103 1122 3228 8419 5048 4312
3104 2135 1529 2312 791 660 1356 427 8100 7474 3668 5001 6725 5796
3105 3933 8420 932 6355 110
3106 1384 1627 1424 2980 979
3107 5155 7857 1050 5949 8421 7925 2088 237
3108 5870 1862 680 1190 1451 1465 3112
3109 3636 627 2331 8422 1328 84 8423 5124 7072 8424 6697 4966 8425 3492 837 2971 7856 5748 1731 660 4561 5642
3110 6204 851 8426 8151 588 1898
3111 1267 7927 3167 1522 222 8427 8428 3486 153 8429
3112 8430 595 6649 3587 2734 793 393 61 1391
3113 4623 8431 7048 7394 3109
3114 4042 3569 2980 4377 3240 833
3115 2304 1827 4894 50 8432 1669 1875 5790 3079
3116 8433 1326 6803 521 3493 407
3117 7587 655 2318 6517 1638
3118 3974 8434 7402 1865 3076 3896 7335 235 1250 4786 1633 1664 402 1469 1666
3119 6064 8435 5506 5942 3908
3120 2906 3659 4944 3379 5122 1992
3121 1868 2112 4760 5681 561 8436 673
3122 710 789 7690 6699 3508 711
3123 3404 7542 1593 847 5508
3124 4533 278 3094 5 446
3125 5520 4079 6100 3883 5216 2781 373 8030 8437 5064 6126
3126 2113 5556 2701 5350 1923 5627 7557
3127 8438 247 2820 1308 3726 1547
3128 2504 5668 1808 211 7111
3129 2985 2544 2674 134 2772 264 1382 8439
3130 885 1071 5766 3098 3650 1573
3131 900 901 1687 7561 4450
3132 2336 5704 497 4951 3331
3133 926 4658 7961 8204 1821 8440 581
3134 373 2365 4974 8441 5358 2398 8442 6988 7143 6193 1705 5909 2007 7572
3135 500 7340 6994 98 643 6053
3136 1658 7238 1090 8443 2384
3137 2194 421 6650 720 1236 1021
3138 8444 4305 3895 8445 2421
3139 8446 109 2236 27 1093
3140 8447 4501 1384 5191 1118 5858 3308 5733 254
3141 2906 8448 3848 785 8449 4066
3142 399 3273 2958 8450 8451 6883 6224 1907
3143 3689 7139 944 4605 6660
3144 8452 720 1647 1608 114
3145 3891 3017 3588 4261 1519
3146 2219 2317 593 8453 588
3147 8454 4724 2071 2192 3420 939 1892 3423 2807
3148 3837 3196 6101 5143 4784 1705 724 725 2579 8455 1686 927 7767
3149 5741 8456 1026 8457 4832 8458 1569
3150 1313 988 2383 8459 1238
3151 8460 201 2460 7380 1598 8101 1457
3152 8461 1050 373 119 15
3153 4043 694 8359 593 373 6054 16 1884
3154 2354 6601 5574 8462 8463
3155 4 3584 2764 1384 7479 4972 5460
3156 3504 1552 1813 1384 2868 407 7186
3157 8464 8465 8312 3569 5371
3158 8466 7118 1632 3033 157 1104
3159 485 487 484 1533 4982 1535 2854 2856 1539 1536 1537 1540 1538 4983 1534 1541
3160 1760 5694 4663 3735 2818 3768 5863 253
3161 6685 927 1151 330 109 8467 6742 2056 4548
3162 5825 109 6916 5517 375
3163 8033 8468 7277 1781 1785
3164 7918 1914 2775 630 6906 7004
3165 3343 1323 6202 3059 8469 2215
3166 5414 2 4492 216 5366 409 1529 2278 1757
3167 4451 8470 7169 3310 8471 623
3168 572 6943 158 2820 7571
3169 4313 6304 97 8472 2980
3170 8473 1732 1075 8474 5950
3171 3761 5492 570 3961 1935 1614
3172 3479 714 8015 8475 8476 7252 1116 4150 884
3173 18 515 3601 1971 5552
3174 6310 6258 6641 8477 1571 2318
3175 8478 4455 6854 4786 4374 264 134
3176 1338 4665 5182 8479 6913 489 8430
3177 5500 1568 7750 6838 8480 4940 1571 674
3178 4165 6 5484 5822 319 934
3179 6432 4649 5602 789 1735
3180 3896 1665 280 1462 1285
3181 8041 8481 6454 599 134 8482 4080 1500 5570 5624 264
3182 8483 3365 8484 8485 1274 6014 791 778 362 403 7783 632 936 6494 8147
3183 810 1665 8486 2917 7359 2998
3184 6327 1797 6906 1269 4039 8487 7969 7966 8488 5352 2591
3185 8021 6 4711 3160 6396 2597 1311
3186 2485 8489 4568 8490 2595 3654 3508 1822 4660 604
3187 2643 3111 4968 1409 4650 8491 7274 8190 844
3188 3228 8492 3595 527 2527
3189 1016 2777 3339 3898 557 7796 8493 7534 2789
3190 187 8494 1713 3025 2522 1811 4774 4643 6321 1602
3191 8035 6301 5556 2255 150 946 7212 8495
3192 4244 6003 3614 6 3115 3747 6131 8496 8497 8498 603 4539 407 3541 8499 5764 4895 2636
3193 2880 753 4219 6470 2264 1050 314 6998 618 6599 1776
3194 5351 2527 6869 2503 264
3195 533 1384 4947 1309 3253 2071 2148 171 1096 5587 979 859
3196 2870 8500 1211 18 7065 5825 1776 8501
3197 2581 1714 2503 757 368
3198 373 5488 777 3329 1609 5226 3265 3455 1865
3199 2443 516 8502 359 3000 8503 812 6746 8504 3432 3969 8505
3200 580 262 384 1587 599 871 1335
3201 1607 3805 7607 3329 1571
3202 3706 2983 2533 1273 813
3203 1028 8506 7107 6441 5657 5342 421 8507 8508
3204 8509 1544 1758 2542 1899
3205 6318 7636 7905 3583 3511
3206 242 1815 2165 4234 1186 8510
3207 961 7297 2981 3900 4902 6670
3208 134 1028 3967 8511 5154
3209 808 242 2860 1180 1225
3210 1057 7274 1587 1889 1346 8512
3211 7704 8513 6059 1320 5847
3212 5867 1887 234 4032 2278
3213 6506 465 6319 8514 6960 4312 8420
3214 4716 6530 651 8515 1271 1658
3215 3934 2503 1881 129 40 1225
3216 8516 1825 6716 6606 1235 8517
3217 5166 8518 7057 1228 3326 1698 73 2822 2919 4338 1080 2165 4562 134 2380
3218 6190 414 21 8519 8520 2533
3219 8521 904 1692 8522 5860 5934 7001
3220 8523 581 735 1098 373 6666 4589
3221 3905 601 1407 2049 4304 5662 2506 8524 3116 3449 8525
3222 3446 8439 8526 875 4043 5262 4939 991 384 2812 8527 3695 4449 2559 373 5337 1937 1273 1183 663 4069 3884 6893 8043 8528 3742 7397 1512 1280
3223 3977 8529 8530 2596 5778 175 950 2995 5672 8531 8161
3224 6259 2551 8532 7469 372 5427 492 1960 8533 757 3688 683
3225 4557 110 8534 7016 3181 7321
3226 3052 2805 2867 3033 2798 1106 7390
3227 1150 1554 6306 234 5725 5806
3228 6869 1238 2848 8535 416
3229 1018 1362 7012 1357 979
3230 7843 1573 134 895 5157 2998 2545 5784 8283
3231 3474 390 4414 807 7517 2693 4105 3783 7472 4199 8221
3232 8536 4569 1912 5317 2667
3233 3093 243 3700 405 5540 2718 1798 384 4809 3307 2904 544 545 2253 7803 3037 5017 2527 4568 8537 2807 5888 1858 8538 312
3234 3188 2572 3218 1665 6491 8001 7848 1971 1730 2490
3235 1508 2045 3075 3860 7083 6476 2032 5162 6646
3236 2022 882 1489 4567 1082 3309
3237 2993 2733 7360 8539 3744
3238 8540 1529 1589 8541 1659
3239 2493 3534 1696 7950 1250
3240 3799 8542 4144 601 4727 3404 1234 701 6060
3241 7421 2003 4822 6899 7227 5154 6978 5842
3242 6847 320 2020 6228 477
3243 8307 748 3364 618 6778 3184
3244 1587 4524 5205 8543 2319
3245 1887 2868 5764 5539 1722 3005
3246 754 6393 643 4545 6602 2988
3247 6068 190 254 4124 1356 1462 1003 8544 669 3079 3227
3248 567 2597 373 8396 8545 2770 134
3249 642 3832 882 2519 1373
3250 2668 2217 2218 1809 1353
3251 1616 3202 1090 1075 902 6347 1024 2877 8546 7006 134 826 2337 1777
3252 8547 1330 3750 8548 8549 1457 57 4584
3253 1228 3590 4762 8550 58 658
3254 1677 2548 3886 6300 3025 2698 3953 971
3255 3937 2294 1251 3360 135 4862 6871 6303 100 2292 5653 54 3280
3256 7031 5206 4144 3530 8551
3257 2690 2122 7063 3534 1332
3258 5426 2742 134 461 8552
3259 254 728 6115 3043 5181 7085
3260 6407 3093 6913 7423 2931 264 5539 2439 8553 2761 8554 1692 5108 1796
3261 2793 847 4215 8555 3857
3262 846 4061 6893 3324 5992 4032 282 92 8556
3263 3441 8491 242 1816 4009 6031
3264 1664 521 7476 8557 1473 5742 4934 7723 8558
3265 1662 4250 4830 6981 560 5782 276 4916
3266 8559 113 1742 388 1404 955 7395 4409 1352 3997
3267 2296 393 174 4581 6574 7144 3257 3797 8560 2550 3030 6485 373 2009
3268 5604 8355 1628 790 2720 5037 3915 1304
3269 8561 7946 3963 2527 4276 8562 4939
3270 505 3959 303 262 3623
3271 6982 7236 8563 2186 1684 8361 6757
3272 4486 5418 5104 6188 5152 4428 5745 4392 5135 8030 96 688 1994 1408 371 52 7265 6200
3273 5765 2348 6088 1048 4854
3274 2694 8043 2096 2608 3298 5872 1824
3275 2089 1476 8564 2169 8565
3276 4300 851 257 5098 1927
3277 4950 8566 951 2206 7258
3278 1653 4901 4535 656 7654
3279 8322 4483 193 5131 5863
3280 8567 7877 2865 196 521
3281 5162 2323 109 1920 1959 7063
3282 4802 6078 8568 558 4305 4799
3283 1594 7554 6815 107 3680 8569 2851 4402 1330 1677 8570 1369 1669 644 8028 4040 3830 189
3284 8571 5647 1862 4014 791
3285 1950 388 5529 4647 514 6618 2652 6049 8538 3993 1664 6684 3574 2431 8572 6641 2413 141 1545
3286 393 2742 2264 8573 1374
3287 4216 4569 2205 4985 7472 8574 1914 401 8575 8343 2130 3529 2606 700 8576 3093 1563 3851
3288 2071 1364 167 1637 159
3289 1283 5917 1311 7055 8430
3290 3619 6516 1274 5492 5390 524 2612 535 2711 1090 7480 8577 930 3973 1083 1565 5042 1884 4306 1428 856 8578 5095 5451 1374
3291 1475 7491 3709 8579 8283
3292 1017 7750 2160 5946 1705 8580 8175 5470 6925 6774 4996 8581 5104 7342 5084 2203 4094 2167
3293 5630 4743 5809 2810 979 7298
3294 5317 951 2275 7681 2333
3295 902 2331 8491 1167 2335 7626 3690 8582 4976 2446
3296 2812 3801 337 1681 827
3297 8317 4901 245 6061 1770
3298 1588 5566 390 2370 1602 805 4916 3160 8583
3299 1805 8584 1373 2586 6582
3300 4989 2738 2737 380 5699 4234 3676 7803 381 4343 5181 347 3524 1614 1120 8585 5422 3017 7137 312 3526 5428
3301 8586 4697 66 1293 1223 8587
3302 8492 3151 1993 1547 1032
3303 1818 829 7219 1756 111 1135 1050 3948 1082 2026 4046 4664
3304 2726 7491 4110 961 7297 3338 4517 367
3305 6721 713 4474 1595 4404 5479
3306 1798 4560 1635 7707 7708
3307 3607 4444 1511 6203 6201
3308 1330 6749 52 7358 2881
3309 6402 5106 8342 3262 3102 7532
3310 1850 3900 6215 6821 2914 2657 3253
3311 2444 591 5247 2529 527 999 4938 2886 1208 6401 3286 3210 110 8338 5157 4484 8588 7143 1585 1238 241
3312 3090 2275 7662 1928 8589 6263
3313 7302 1720 32 253 7578
3314 5691 205 3190 6294 2690
3315 8590 8591 6015 3853 6296 2022
3316 6837 7734 6603 1026 7484 291
3317 7435 3156 2130 2474 4825
3318 8187 4075 1176 8164 1 352 1196 2036 5780
3319 373 4817 352 98 604 6125 4968 1113
3320 2085 4275 7214 610 6309 6415 1039 1060 919
3321 8592 1645 6772 492 4023 6208 3296 2809
3322 3202 6154 405 8130 2527 2144 8593
3323 6051 851 7560 131 1369
3324 8594 1825 3712 8595 3518
3325 1179 5220 8596 8448 7764 1556 3856 6057
3326 1213 7422 2543 895 3878
3327 599 1274 2352 1884 2307 1882 8597
3328 174 2812 289 3574 1156 390 7219
3329 5809 1182 5636 6206 3461
3330 8598 1050 4390 3433 371 281 6189 2993 8599 1512 109 6940 4150 8512 4177 1811 1669 7091 8530 8188
3331 2673 1914 604 1683 8600
3332 8601 304 8107 4340 4513 7126
3333 4923 1619 2094 1637 3110 2284 737
3334 1667 2812 381 4536 5674 6811 393 1373 2028 1374 2310
3335 3276 684 322 7573 927 3176 875 720 513 1971 1164 594
3336 2784 524 5511 93 5079 990 1026 2565 6785 757 2795 1637 856 5250
3337 2510 694 908 8602 8603 218 1926
3338 2868 6916 3021 8604 384
3339 8605 713 1448 6704 1529 5944 8606
3340 2749 367 5323 3582 4558 7488 1049 5503
3341 1735 2475 1255 5554 8607
3342 209 2527 5670 5678 6378 2899
3343 3980 373 1286 1743 581
3344 899 2446 8608 1450 4354
3345 171 2192 7120 4168 1075 7263 139 976 5248
3346 8609 1267 1770 642 3230
3347 2025 3501 4280 1144 7255 6019 5170 3295 1954
3348 4422 8329 4006 5442 8610 5770 163 8279
3349 1724 149 5494 1637 8611
3350 3857 262 217 2527 312 1607 720
3351 1556 5118 1359 8612 1242 1075 7675 511 3517 153 8613 1793 447 2112 1094 6985 6309 1408 7176 231 2814
3352 6906 6169 1171 2791 1298 8159 1761 4197 6612 6565 253 8102 680
3353 580 439 1004 1631 2439
3354 360 1414 8614 8615 810 3897
3355 2429 8616 8617 3079 62
3356 2132 111 2715 6240 3059
3357 5003 5552 8337 6885 8460 7780
3358 371 8618 8619 4019 222 2668 561 2143 1048 4886 895 1082 7830 1759 4664
3359 3125 29 6424 2551 1384
3360 2886 3989 3990 4017 8620
3361 7332 1099 2807 3422 3427 8127 171 3516 4754
3362 8254 8621 7104 8084 5445 3467 6323 3109 7741
3363 8089 8622 3628 6366 1144 2165 3343
3364 4306 604 4043 7172 8623 1696 1923 136
3365 90 7691 1050 3742 4353 5060
3366 177 6593 7207 429 2376
3367 5982 3101 136 3486 4548 4863 2323
3368 2130 3262 8039 5848 3049 670 1317 1985 774
3369 3794 2470 910 6906 8624 2011 6712 6372 3959 3301
3370 3213 1307 8200 1891 4491
3371 8625 682 6299 652 5879
3372 3993 205 4797 6833 200 2869 182 679 6835 7060 3803
3373 7925 6236 3470 1642 7347 1464
3374 3111 874 6229 227 4230 7549 8626
3375 2018 4219 217 1608 409
3376 8627 6833 6835 6834 1325 4117 2429 2713 8320 3109 280 6563
3377 8628 3384 703 2323 766 460 6950 2388 5515 1500 2497 3662 2148 2575 3362 2059 2692 5232 6750 4904 2722 1028 7501 1588 3264 3564 6826 2886 3410 289 1950 1298 5387 1155 4585 731 476 4586 6411 8448 8629 7844 1261 1196 292 508 4338 4938 1549 2215 6202 2807 4726 3184 8630 8631 19 1502 4159 4954 2453 6636 1278 3426 3795 1431 5429 6096 7390
3378 1181 3111 7171 406 8179 7742
3379 7569 7605 148 8632 7246 2616
3380 1532 1533 4981 4982 2855
3381 2492 8633 7213 1745 6565
3382 6856 3111 8634 8635 7341
3383 8636 4321 1489 5716 4193 3143 35 3617
3384 5465 5307 2798 1430 293 1106
3385 8021 7012 678 2808 4542
3386 2842 2852 4343 879 3479
3387 3052 1627 2805 2022 1384 7240 1156
3388 3747 8637 8313 1238 601 4646 8638
3389 8639 1418 4548 1075 5993
3390 2399 2198 1171 2929 1395
3391 4542 6906 229 5478 6824 729 1404 6828 873 4759 390 392 2548 8061 6362 7906 1418
3392 7699 2830 3968 3967 218 4085
3393 5840 5127 2143 6263 8640 5420 2533 4555 3338 393 835 1264 2188
3394 2393 879 1331 2467 2939 1585 5681
3395 3189 2533 1766 262 720
3396 7189 133 5042 5449 1431 171 1106
3397 920 8641 7418 1400 6052
3398 4953 3630 2764 1512 641 6149 1373 318 6
3399 3010 8642 4307 3915 6263 8358 2383 6982
3400 3521 6162 8643 2890 8644 641 4680 1384
3401 808 1651 78 8645 5845 2215 8425 8646 3651 8647 2218
3402 8648 15 289 7583 2042 8021 381 521 588 241 8185 1457 5203
3403 6179 4626 4337 2982 3480 4123 8649 8650 581
3404 1242 5313 2089 7891 4808
3405 4494 7174 8651 8652 268 1560 1683
3406 6927 3096 6318 8653 1173 3029 8654 243 405 8288 8655
3407 6516 1274 8656 3773 902 49 904 2820
3408 5048 682 6704 225 5509
3409 8657 3503 1729 1950 3280 4446 7357 2262
3410 1913 4414 851 2716 1553
3411 8658 6446 3712 4010 2114 11 4197 909 5914
3412 4340 5706 6635 1759 5167
3413 7499 52 8659 1776 2554 2082 1953
3414 8660 7982 2543 7914 3285
3415 2335 8661 1 1463 1856
3416 5678 8662 1957 326 33 704 389 4010 5829 5857 3312 3364 8663 1253 613 4582
3417 2135 7209 5518 7527 3294 8559 3256 2608 4351 6642 7707
3418 1392 8664 3565 6808 5460
3419 8373 2681 4555 521 1808 1451
3420 6380 2864 924 1092 3082 6217 1225 5899 1724 854 1427 981 5310 4656
3421 637 1798 1116 3098 233 1006
3422 1333 7060 1521 8665 566 368
3423 942 2336 5729 4283 8666 3105 2896 3801 8667 3420 4703
3424 2643 581 8574 8191 8668 2702
3425 4503 6507 4951 2405 4809 1168 5933 3420 8316 133
3426 2720 1013 8669 8131 8670 5
3427 3583 8671 6571 8057 2653
3428 995 7036 2319 3205 4772
3429 3892 1455 8672 6634 999
3430 8673 2705 1298 8397 1308 7975 5508
3431 7908 1340 8674 8324 4034
3432 864 899 8675 5400 5158 8676 7370
3433 3398 2663 5848 3368 2643 1497 2330 6877
3434 3432 1569 598 1892 6942 4887
3435 1336 7182 2806 2285 987
3436 285 7527 6141 289 4386 1883 2105 1106
3437 1083 6118 476 4287 2150 103 1955 2383 4286 5038 2151 3045 4285 2640 8677 6012 7444
3438 1561 8678 1954 5292 8262 6424 1734 5640 8679 2972 862 8228
3439 4901 8360 527 2674 8680
3440 658 1669 5195 1554 866 8681
3441 8682 1693 3022 1008 1024 1675
3442 2503 4520 8683 6496 1862
3443 1291 715 272 8684 733 5577
3444 286 387 899 2633 8685 4169 1125 5444 944 3033
3445 3609 1990 5950 8686 5012 2280 5542 264 3104 6665 5468 2842 8687 7393 1074 8042 8688 2808 5152 851 5423 378 8283 4397
3446 1614 233 8689 1858 3974 4532 1331
3447 2090 7579 6518 846 5308 734 935 1098
3448 5614 3611 2749 1137 5484 8320
3449 3328 1892 439 6839 407
3450 1371 8690 2087 6061 1004
3451 5166 3341 8450 7454 3347 3346 2603 5317 3338
3452 5970 2550 6852 4796 5013 2704 1545
3453 7120 5297 1098 3109 8087 6666
3454 6605 1684 154 1931 5917 7251 8524 8691 1309 5337 4773
3455 7893 953 1441 8692 3951
3456 1354 2821 3316 4881 7389 8356 3064
3457 4155 6566 8693 134 3246 595
3458 668 1471 3563 1308 40 2044 6927 6289
3459 5679 7510 80 8448 1588
3460 7082 3584 2427 264 3283
3461 219 1653 927 8694 2597
3462 1478 1108 2960 7576 8695
3463 944 3205 3017 6565 3729
3464 268 1384 441 5662 1892
3465 8696 7867 6823 4516 2071 6675 8697 2914 8698 6487 2953 368 961 8210 2348 375 1713 8699 8700 312 1213
3466 7425 5418 7835 134 8260 6161 5308 2 5388 159
3467 4808 5298 2762 4204 4209 2160 4427
3468 2336 8178 2114 2762 2130 8701 498 511
3469 7112 8702 1971 7482 489 3729 7270 1958 6029 4555 3084 1836 4800
3470 8446 1111 6937 5396 6643 3165 8703 8704
3471 2481 4568 2322 98 4006
3472 7682 1269 2838 71 8705 5754 989 4655
3473 8706 3359 4569 8451 8707
3474 4225 923 7532 6435 1432
3475 5892 4545 2165 2621 192 1511 2608
3476 7886 8358 7327 8573 1751 1903
3477 4669 3812 4772 8708 3589 4897 1563 264 3223 7760 3711
3478 1587 3111 6832 7602 2096 8589 1490
3479 2958 1985 770 951 5773
3480 6621 8709 2268 849 791 8710 174
3481 3049 4596 1332 7009 5461
3482 8711 2368 8712 3596 6806 5892 2431 8713
3483 3338 6106 5176 6107 5925 8469 8714 1480
3484 7169 8715 6813 4601 7682 1736 3689
3485 8716 8717 2720 8718 2757
3486 2870 387 6573 1125 4531 832 5647 6298 2527 264 5724 4234
3487 3076 4354 4807 791 7128
3488 8600 4406 5460 5965 3623
3489 2313 446 171 3001 293 2938 4387
3490 1283 7018 393 7417 1456 2106 3706
3491 2191 540 4168 3030 914 2797 3109 1430
3492 2211 6224 456 3273 7456
3493 2106 5613 1173 3280 5909
3494 2673 3429 52 5204 4714 2515 895 1841 253 3756 264
3495 58 580 1663 134 265 8719
3496 6 1271 1191 1948 736
3497 5577 3141 8720 546 2268 8300
3498 1612 145 4797 5147 5404
3499 1112 4136 131 5993 1118 4617
3500 2054 373 2056 1646 8589 2107 2098 1655
3501 588 2458 3451 8721 1805
3502 4990 1679 1784 1196 4529
3503 3169 1885 7394 1888 1890 7846
3504 325 7785 6316 2200 2868
3505 4710 895 6373 134 1382 1463 1817
3506 8722 8723 4349 4282 5865 2666 4350
3507 2639 431 8270 8254 2832 325 5257 839 6164 5734 1157 581
3508 6965 8724 4112 2791 8725 1083
3509 3400 5221 3049 1132 84
3510 580 203 4535 109 2143
3511 2438 3185 2771 1034 1604 1869
3512 4441 4797 439 1271 414
3513 4985 1182 911 910 6107 1896 8228
3514 7556 3279 588 1457 2258 1851 6603
3515 2127 24 1886 1042 5127
3516 1473 851 642 253 63
3517 96 424 464 5338 2702 7006
3518 804 3103 49 2106 19
3519 330 6701 637 109 8624
3520 5048 1298 673 253 6793
3521 2107 5674 5961 581 1612 5521 975
3522 6985 1075 8042 5540 285 2537 2227 1958 686 1529 8283 4619
3523 689 6182 5297 972 856 296
3524 6823 8726 6270 1790 3477
3525 1868 6186 5287 6501 6370 215 7335 7356 254 276 2154 8112 1032 8298 1605
3526 5622 3883 8727 241 1888 4800 1186 4249
3527 1067 5035 8728 1954 3527
3528 673 477 2414 4520 2696
3529 527 4762 1356 429 3540 299 561 791 7663 4646
3530 8729 1589 110 105 109 262 4264
3531 4119 3614 5419 6735 5950 8283
3532 1186 801 8730 8731 8732
3533 234 5403 8733 920 3968 611 6484 1726 7646 6845 919 8734 3841 1942 5 7306 5687 5689 2591 5598 3071 5265 6063 4775 3183 8735 6042
3534 5992 174 1336 2325 681 8485 1474 3429 4655 4043 5930 5454 5720 8049 1218 8640 8736 2261 1269 4995 4996 3499 3650 1270 2252 1176 1356 1641 1027 4085 757 3618 758 595 5742 7015 3175
3535 1335 2532 2524 7731 6143 8199
3536 6833 8737 7235 2996 1374
3537 2740 3860 2571 2270 4094
3538 203 5898 4161 709 26
3539 741 1763 8738 1887 5867 2357 8739 811
3540 1308 1085 4141 5927 205 5327 235
3541 1987 8740 1988 7452 2624 7448 6703 3363 181 8741 1548 8061 2400 6569
3542 683 4486 2333 2503 2434 8027 1692
3543 3390 6730 869 1518 6994
3544 1801 8742 6196 1736 4005
3545 4105 3111 4886 8743 5533 2710 8666 8440 4176 1761 7215 1332
3546 6817 6207 2053 599 8152 6650 1956 3148 1128 8744 944 1543 8572 2956 1823
3547 1361 2071 6381 689 5448 1098 6324 8131 4172
3548 146 143 8132 7277 1698 2792 4481 3692 1144 3886 5798 8745
3549 144 6248 8746 3552 3550 4271 3883
3550 3233 1108 1791 5061 2001 5082 866
3551 2950 5043 879 7207 8747
3552 5373 2707 2825 4535 5492 89
3553 134 1572 376 312 1607
3554 1255 1254 2716 1698 5281 8607 1253 3863 494 2479 5381 2760
3555 8519 3550 2465 575 4298
3556 8748 2663 887 3049 488
3557 8749 479 4377 873 943 348 4217 6821 8750 4643
3558 6549 8751 2733 2446 3668
3559 8752 1493 6316 611 8753 2376
3560 2890 1075 132 3185 7937 1445
3561 1479 44 1833 7090 6268
3562 4248 1881 2922 2178 1899
3563 5752 2081 8754 3872 6316 8190
3564 231 3660 4494 4015 7770
3565 7954 895 4434 4639 3221
3566 1808 2248 2851 899 754
3567 4255 8755 1576 3942 8154 4672
3568 3389 8730 929 1699 805 1213 2297 5412 1833 2204
3569 8756 2985 8757 8758 6230 29
3570 5414 642 264 7371 3615 4679 2159 134 8759 593 1817 3668 2076 673 371 6641 1641 2010 1607 3857 2810
3571 3803 8538 7323 1858 8760
3572 3358 2568 384 8540 4097 6823 7818 2533 2527 2344 387 2345 380 1407 5536 1974 3230 381 4014 4537 393 280
3573 8761 4 97 5948 8570 5331 8430
3574 4298 5418 757 7978 5368 2053 4175
3575 3474 4414 4337 8456 2057
3576 2348 7134 6164 5829 4638 2893 2668
3577 3978 7191 517 4411 3337
3578 1210 2789 5514 231 2350
3579 264 262 1382 5649 384 1614 312
3580 3017 2125 2076 8762 1205 2896 7265
3581 8763 8764 439 2786 1631 8765
3582 426 2258 944 1462 1892 1598 1808 134 791 2810
3583 275 2135 413 1153 2493
3584 5097 3765 1667 6355 8766
3585 4150 1448 2354 2071 7591 4937
3586 4669 5167 5981 393 8291 5940 8334 6787 7677 8378 4145 253
3587 421 392 1404 7398 4659
3588 1822 109 4485 7986 655 280 522 429 4410 232
3589 1670 3878 8767 6 834 561
3590 8768 3119 4166 4001 2089
3591 5972 5240 4747 7452 7454 5827 745 8769 2473 5382 8564 5290 456 7448 6112 5383 1712
3592 5718 6355 966 1267 3764 3249
3593 3235 4183 2331 5118 4184 3408 8770 641 6168 1889 5668 4950 8771
3594 127 1848 416 642 1521
3595 2908 5561 8772 2527 520 2516
3596 4956 437 1144 307 1155 4280 109
3597 7077 1192 7290 3857 489 1218 8400
3598 232 8773 134 8469 109
3599 2823 2904 3393 5233 5516 8774
3600 6644 7018 1071 2157 861
3601 2564 1384 5630 1225 991 5279
3602 2925 3683 1868 4591 6981 1702 1021
3603 6803 461 4555 5631 8074
3604 8775 1342 3501 38 8759
3605 418 2953 3926 2527 4617
3606 1614 5943 4693 1892 4440 5674
3607 5533 7693 15 8776 1682 3819 7372
3608 8777 7154 4225 5516 460
3609 1484 8778 2662 4070 1845
3610 5299 3969 1384 1729 3584 6333 2709 6822
3611 2320 6999 3256 2321 4697 2614
3612 5301 2586 2980 6197 8779
3613 1455 7476 6993 8780 1811
3614 348 1770 2323 1210 8781 2134 229 2018 2049 2386 4022 8782
3615 8120 2145 171 4168 2 734 1625
3616 5271 3064 8783 5509 1374
3617 2922 2052 470 3160 1790 3197
3618 4042 1170 8784 6652 2782 3006
3619 1012 5490 3021 721 482 6099
3620 6457 1663 3005 757 8659
3621 7117 289 4737 137 536 3079 8785 3114
3622 8196 3675 1168 1339 1336 4242
3623 7487 3115 1308 1501 8786 1262 5569 5244 3949 2427 7355 3734
3624 2533 5464 217 1614 4779
3625 4402 6641 8787 5074 8788 566 1524 1439 3118 6811 174
3626 198 634 8789 2528 439 1929 1448
3627 7582 2090 8362 2805 7035 3030 7189 1096 1723 937 855
3628 8790 2807 4680 2670 312 8791 580 5367 1398 7879 4771 1427 2360
3629 7432 8792 7267 5268 1375
3630 924 4464 4836 1289 1096 1274 4385
3631 4521 213 384 3626 673
3632 1237 1371 8083 2939 508
3633 3196 4073 5768 4355 2267 8793 8718
3634 6927 2086 8794 8795 8021
3635 3932 596 1 4090 965 2795 2735 1156 1019 6321 2515 5143 8796 8223 755 5388 2388 1112 8797 5683 159 6028 3838 6759
3636 4767 373 2395 1369 1154
3637 1616 1608 7979 2599 4906 1974 5858 1342 2848 5673 2843
3638 805 2111 1144 5866 229 3010 997
3639 8798 8799 6892 6253 6167
3640 2802 8800 3895 607 1139
3641 7294 109 634 7350 7961 6338 6895 546
3642 3400 3793 632 8801 6754 215 2836 86 109 8317 200 4320 3466 2114 1992 3665 7967 2081 3639 8802 3541 6056 5232 789 6249 7539 7708 2130 1129 4945 8335 3392 8803 6013 2397 7031 4841 29 6199 1495 1254 4609 235 36 7057 1658 1352 2475 8000 6658 3045 4699 8455 3268 1905 2167 5046 8076 8804 2255
3643 3301 8805 5489 5580 6985 5574 7784 8806 2533 2193 247
3644 1653 348 409 4501 908 4031
3645 2986 4370 8807 1718 233
3646 3755 3228 6551 5027 1238 4646
3647 651 1298 4264 8808 602
3648 8518 1939 5045 1075 273 2049
3649 49 2585 1359 4562 3408
3650 3689 5170 404 5469 3092 6876
3651 298 5127 3335 5647 8809 2627 440 4787 1380 4233 8810 5765 4301
3652 6037 6856 1705 8811 6282 2254
3653 373 4369 404 1576 3370 6484 1258
3654 3512 1682 1687 333 4745 6533 1155 6718 6790 2099 1101
3655 5908 791 917 5214 592
3656 8812 737 289 1423 1637
3657 3359 1967 8813 2005 8207 2789 2749 3229 4152 4275 5324 8067 1157
3658 8062 3678 6456 8814 4375
3659 8815 1776 3615 264 6124 3184 3637
3660 1117 3754 603 8816 8817
3661 3338 7871 3154 648 2060
3662 3003 1287 62 1398 1889 2376 3246
3663 1391 1518 8818 560 5782 1225 8819 3039 8820
3664 2143 3604 5213 658 4887
3665 3711 3732 393 4155 6138 1752 7977 4552
3666 1580 8821 4472 6 1384 3584
3667 1276 687 262 1667 3329 6867 868
3668 8822 8789 8823 5147 4108
3669 8824 4545 2345 1974 1958 4716 368
3670 8825 1288 7361 2123 3438 1178 1512 2994 1455 8826 1470 1635 4298 133 1550 8161 1370
3671 1362 8021 4298 757 4745 4412 1238
3672 41 1344 1027 8827 1565
3673 6302 7671 3799 4280 354 1109 7456 5168 3343 6150 8308 2211 8828 5156 8175 3144 5290 3066 1486 4971 2171 2677 1662 728 6420 7190
3674 3160 1709 8829 3542 7032 565 110 1379 7622 8001 1609 833 127 7564 2708 1210 4720 611 8081 4031 8830 4606 4835 435 1726 2541
3675 3338 5514 2330 6847 2998
3676 270 2608 4643 8819 8831 604 836
3677 4328 1196 5726 7667 2073 514 2903 5631 4305 8152 508 3805 264
3678 8162 1165 3881 3093 4265 5257
3679 2794 1630 5368 4315 2806
3680 1241 5871 5437 8656 8832 6340 8833 5382 5555 8601 5290 7608 8228 3801 8126 472 4955 5383 8629 8834
3681 8835 1096 4386 6544 981
3682 7003 4186 2277 3686 8836 8837 2151 804 1201
3683 4797 3565 4901 2896 109 7654 1722 3135
3684 2281 2020 3803 2414 6943 720 4835 1745
3685 8838 8839 6837 3324 2185
3686 1079 6823 8840 5351 8841 6958 8443
3687 6713 8842 3568 3771 735 6844 3674
3688 5337 3586 2766 4476 30 2510 3727
3689 913 4757 1545 2010 5731
3690 1090 1146 7477 7807 360
3691 6600 8253 2667 1909 7787 3619 3484 2810
3692 1850 2503 1026 5047 439 376
3693 8843 3492 837 1447 5872
3694 5431 2136 3961 6390 8375
3695 388 4377 4900 2934 1077 7111 4369 441 383 7969
3696 7696 4859 3755 1700 2148 5037 1891 7240 7272 6850 967 126 5997 4585 4647 7937 4389 973 1098 2980 7134
3697 7332 5090 5812 8560 8844
3698 1696 314 1770 2668 4197 6391
3699 8845 2337 2088 1050 1396
3700 134 262 381 6138 2192
3701 1543 1815 8846 8847 5630
3702 1817 8848 590 3473 3025 1374
3703 7540 5061 1868 6288 8731 8356 3967 1633 3969 1270 1647 691 7619 1356 2126 836 975
3704 7055 1186 4152 8648 2042 1056 4456 5025 3668 6115
3705 8849 1381 4882 2553 6176 691
3706 3526 6463 262 720 2527 5263 4901 2345
3707 8850 2131 4319 3788 4064
3708 2139 5829 2906 5516 2789
3709 2766 6206 4008 6891 913 1 7875 5914 5505 241 4572 8150
3710 1833 6263 2264 5192 8851
3711 1735 6486 6087 4272 5781 6555 1848
3712 6186 2792 8343 7277 2838 5719
3713 3098 5551 3894 3895 8541 2112
3714 171 1424 2285 858 1106
3715 7003 8852 456 4010 5554 5475 3915 4321 2647
3716 2887 6141 1865 838 791
3717 8853 773 2756 4310 8094 1188 8775 3594 7632
3718 8472 4229 2445 1170 3128 4717 198 2071 4040 174 791 5345 8316 5863
3719 1606 3191 4075 441 4661 1803 1393 1228 8854 3323 513 2370 7635 1830 5057 8855 8856 7458
3720 29 2481 6910 7483 4148
3721 6350 7945 2920 6904 3990 8857 2186 1798 1332 1814 2689 3989 1515 6933
3722 2548 8858 8732 2001 5864 6531
3723 8036 3205 6286 1270 439 6100 1380
3724 3799 1303 8019 1478 4050 6302 1302 8675 2383 8859 3921 5620 1525
3725 1523 2736 707 8860 3101 8050
3726 2868 3889 3711 6929 4223 7278 3562 8861 4180 3296 4298
3727 4297 527 6100 5027 6944
3728 8258 2079 6737 3382 5246 5762
3729 1380 1434 15 5758 8862
3730 2142 1421 1196 1971 2733 1887 373 8856 4925 3064 2489
3731 4081 3751 441 1806 684 5993 4867 7622
3732 2752 704 3214 3329 3291 8863
3733 1511 7955 1797 174 2344 940
3734 1034 189 5792 1308 1674 8864
3735 1156 714 589 8865 1963 2106 716 573 1096 439 8866
3736 4921 7526 164 4168 1634 3032 4360 538
3737 3694 2338 1344 581 8867 3484 109
3738 2248 4054 6133 8868 4459 796
3739 7696 7937 1769 1604 5179 2395 2132 2419 4091
3740 7069 2960 7785 8869 7129
3741 1045 1413 648 1573 8870 8871 4547 52
3742 3661 2721 2637 3436 3343 2435 3269 5848 822 722 1303 7933
3743 6945 6825 4475 2987 8872 1953
3744 8873 3981 8874 3574 1196 3004 2587 1207
3745 5074 8806 4529 2853 8189
3746 1363 5898 291 1156 5997 293
3747 1825 6735 1862 2503 1155 1453 2022
3748 1791 1752 368 8546 5612 1893
3749 5004 3877 2452 8453 1075
3750 6208 8875 8876 4297 6474 1871 733
3751 7559 4524 4994 1385 2582
3752 4632 3156 2960 8701 2333 5340 6460 8728 2295 3261 936 325 8877 5187 4350 8201 6090 2085 2677 1543 1556 6993 3059 1563 2388 6753 1759 6164 7249 3676 6033 6240 3045 4610 6610 4611 8878 5938 2236 3420 2623 1560 1868 6500 8879 1562 5933 8621 3918 7534 7761 6902 6028 5934 3134 5626 1520 2404 2177 6658 3968 235 3554 2351 31 6933 8880 3150 7731 6281 3166 3061 8881 8882
3753 6326 1714 1033 6049 6966
3754 4796 5040 8883 5576 8338
3755 1071 4848 8108 1238 1601 950 3006
3756 1580 5815 2863 3257 1356 1620 7120 1096 6519 65 937 1904 979 4754 7310 8884 2100 8885 4752
3757 205 1231 3811 3308 5882 3975 669 4697 8886
3758 7308 8887 5288 2071 2794 3417
3759 4003 917 7733 2838 903
3760 6188 1045 4707 2142 134 4648 4460
3761 6009 2806 5999 2851 1369
3762 1767 3099 275 8888 8889
3763 605 8676 8890 6338 2218 3184 3059 7662 5172 6229 5772 5498
3764 533 3122 6543 7645 2806 472 1427 172 1106
3765 1962 548 1759 4587 526
3766 594 1801 3683 3942 1551 8820
3767 354 2383 4220 3739 1780 7131 2964 604 8891 404 5768 2124 3451 4707 1499 8892 450 2172 6567 7940 3167
3768 174 1552 1190 264 1238 2159
3769 6326 63 275 2701 723 1742 3729 6131 2053 4998
3770 134 2730 3104 944 264
3771 15 5916 1083 957 2509 7530
3772 6468 1081 367 8571 8893 444
3773 312 3479 1267 3229 311 5043 8894 4432 8895 8325 6211 3729 2654 7262
3774 7332 1621 2104 2093 3732 4763 1006
3775 8896 2608 4545 2241 5337 8833
3776 4533 262 2503 1380 2929 4043 6654 568 8515 7295 4427 2282
3777 1585 4562 2391 5177 1331 2748
3778 8897 1967 2836 5514 221
3779 924 171 65 855 538
3780 2933 7934 4610 6610 4308 6060 90 6401 3452 805 5038 2202 7339 582 2157
3781 5293 8678 748 7279 8898
3782 3338 5290 748 8899 7921
3783 4903 5580 1652 6822 7368
3784 127 917 8277 8027 834 3279
3785 4398 1176 356 1175 5156
3786 5060 2052 63 5135 6101
3787 8900 1882 3126 3127 4420
3788 4663 801 1069 4664 5990 1468
3789 1542 224 6839 792 8901
3790 1046 289 2354 1047 7865 7589 1427
3791 63 8026 4430 5814 8902
3792 1488 7998 7134 5429 8801 8630
3793 5667 5553 1561 7028 3049 2667 6039 357 909 29 777 404 4498 1067 6418 1505 1480 2174 5371 2182 460 1985 28 231 2647 1196 25 4347 2791
3794 388 833 6227 3080 241 7085
3795 3144 8175 3898 7300 5240
3796 756 2148 6985 2940 4370 8530
3797 8903 262 6168 4156 134
3798 4951 6826 805 587 2521 1870 7287 3108 935 939 2195 7545 2105 8216 8904 3005 172 1106
3799 1619 831 1095 5307 2099 1101 6591 159
3800 1335 8312 7003 5884 3784 8774 8093 2668
3801 7486 8468 8905 1759 42 1737 2317 917 5687 1250 3207 2686
3802 2357 755 6254 7286 1808
3803 1580 96 8027 2081 3432
3804 3593 5151 1274 8388 3637 5061 8906
3805 8907 8908 2759 2705 2343 3669 8640 5340 6276 2345 4902 1974 3413 2771 5671 1123 536 2 7349 5255 1098 1726 5403 866 611
3806 7172 2445 4097 221 656 5095
3807 7498 2048 3039 2250 4042 7326 2029 2421 714
3808 8906 1767 2359 289 1384
3809 690 1026 732 8909 3023 1236 1980
3810 3607 1614 2527 3021 8790 6672
3811 8910 1590 1359 2191 6126 5024 7269
3812 3326 6140 3629 4552 7173 2543 512
3813 643 1660 5551 7241 2385 3175 2010 4756 975
3814 8911 6249 2933 8912 8913 588
3815 1421 7351 8530 7616 8914 4131
3816 1125 8432 4132 8915 8916
3817 6837 8434 1850 8114 3616 4407
3818 4075 1336 3093 390 1330 908
3819 2302 628 8215 7722 8917 5457
3820 6592 1273 4116 3144 4191 2314 3958 4066
3821 8918 5360 4186 4436 2431
3822 8919 5082 2624 1490 5382 2960 5827 2383 5982 7339 8920 404 8459
3823 6 3975 5582 560 8921 4988
3824 8049 2024 5798 8922 7092
3825 5555 404 8923 2767 837 4545
3826 3151 8073 2051 6796 8811
3827 437 658 3057 2205 7925 793 156
3828 1490 1801 3818 1154 6075
3829 1901 6574 5937 1849 288 2192 914 5898 171 1634 5368 1366 5008 937 5248 4175
3830 1543 5723 1207 8028 3324 1556
3831 989 6842 684 2743 7358
3832 6585 1274 4521 1133 8924 2124 4427
3833 8666 3229 4665 2679 2057 2328
3834 1176 1146 604 3949 8485 3683
3835 4769 1647 851 189 151 8925 3459
3836 6741 8926 8927 3217 8928
3837 5647 3651 8289 3559 5335
3838 789 1916 8929 6462 1322
3839 1267 2527 2737 1300 8930
3840 1156 5511 1901 3797 965 1096 6276 6543
3841 944 171 5539 61 6732 1673
3842 8931 8932 1614 2740 1949 1950
3843 1399 8933 8294 5108 3412 8934 5899 3001 2798 1101 161
3844 3881 1511 6029 3004 6203
3845 8935 6811 7360 134 2545 8936
3846 5497 1850 2820 5964 1873 6574 8937 3222 1050 709 8676 3214 1935 4796 2851 2076 5484 7238 2385 8938 8939 4288 585 8683 4027 546 3750 6627 1043 3939 1332 426 289 2936 3854 4119 1720 8940 536 4745 6093 140 7988 6594 3079 6722 4381 940 7737 8941 4526 1641 5606 5643 157 4173 4510 2938 3426 981 5648 3427 8942 5715 7378 6637 4316
3847 4979 1144 6635 2196 7705 4396
3848 381 2246 658 7794 4545 2124
3849 1993 791 8387 2311 5501
3850 2267 3258 1817 2352 1548 3495
3851 3778 399 4216 3389 4629 2665 3398 2059 2643 8943 3270 1737
3852 5674 8944 7910 4517 1152 891 2417 8945 3113
3853 1335 3690 1196 4777 2668
3854 1865 2507 6813 2303 5933 5209 715 7291 7508
3855 3562 8085 1785 2178 8820
3856 2971 2446 644 5726 3534
3857 8946 8947 8948 3233 2059
3858 3307 673 4157 8767 3844
3859 5483 8949 6068 5665 460 8950
3860 97 1593 5321 4923 1619 926 527 5433 1972 4510 980 5131 3469
3861 3885 2506 801 8951 196 8952
3862 4310 8923 1084 2227 1646 3429 1745 2219 7256
3863 7144 1170 8953 1669 2632 4390 8159 2321 2322 8160
3864 7805 8750 479 2934 4377 3017 580 4419 561 8661
3865 6246 5255 6724 616 5040 3721
3866 4121 3506 95 189 8472 1751 4241
3867 3604 4884 637 6284 1954 5765 6098
3868 6979 3686 4287 4727 4985 8954 1914
3869 3276 1764 1524 134 6686 4829
3870 4797 7419 560 3025 8232 8672
3871 5769 7684 7874 8955 8373 4470
3872 5665 508 83 8956 1742
3873 8957 1050 8958 134 7347 4854
3874 886 1862 680 3465 4249 882 647 4937 1018 5600 1696 3053
3875 2941 5374 8959 5887 3357
3876 4532 5735 3115 8960 372 8961
3877 8289 1218 5182 7050 1764
3878 298 581 2129 5 1168 135 3773 4328 1225 6631
3879 4680 8962 4361 3010 8357 3881 6707
3880 4444 1063 3462 1054 134 6429 1668 435 793 156
3881 6803 3730 5852 1096 1723 7269 1104 161
3882 5566 8454 1282 7867 2829 8304 3568 5079 270 1171 6 4742 926 6503 6837 5308 594 2094 734 3109 5419 5884 8963 373 5570 254 7977 1429 7866 302 984
3883 6853 2543 6312 3215 2467 1329 1616 715 6037 7554 2527 8005
3884 8840 6768 2907 8964 2899
3885 2663 2178 2181 5055 2175 2242 2243 4618 1709 8965 5954
3886 16 2673 1421 2550 15 1249 2431 642
3887 4447 2808 882 1176 1015
3888 5975 7140 2822 1267 4057 3102 6112 709 203 5506 8084 140 8966 5859 3427 8127 3114 5796 8967
3889 2533 2539 559 409 4613 8950
3890 8968 3331 3083 8657 1046
3891 8969 3100 2280 1770 5160 8970 8504
3892 5364 1340 5768 2267 8137 4355
3893 3107 6479 3410 1089 171
3894 8594 1653 8971 7006 196 373 801 7727 5252 1521 8972 4664 1083
3895 4824 450 8973 743 8833
3896 7770 8974 502 8673 23 7579 8232 2354 2883 3073
3897 8038 4965 3381 8196 3357 3343 1912 1221 3660
3898 6351 6661 3067 1493 7373 2049
3899 7238 6304 4660 1164 3508
3900 5444 3141 1117 8975 863 7985
3901 3263 6948 7608 1511 1731 4843 8976 8977
3902 2429 5042 1030 2614 296
3903 714 6214 3116 573 507
3904 5668 2114 2993 5147 4662 3175 239 7337 1170
3905 1268 7114 1422 6061 3071 517
3906 8786 5465 8230 7422 7120 899 1634 2505 2980 6445 8603 3727 2614 2783 173
3907 3830 2815 3005 6358 1959 1330 3965
3908 1501 4206 15 264 253
3909 1840 2413 3502 247 7807 63 2328
3910 8978 2300 1290 1323 8846 8979 8606 8980 3542 2397 3483 2583 3451 3002 3171 1528 29 5300 2852 6412 7839 3184 3898 7785 5959 6202 7112 6212 8411 2218 2039 2244 4910 1994 3799 4127 569 1930 8610 8329 4722 1090 1812 581 8981
3911 2890 4761 2338 3813 3961 4762
3912 1587 3911 4183 109 7438
3913 2497 2727 3505 1253 3261 80 6507 8768 5907
3914 1075 189 97 6208 4241 1565 1882 5331 1393 8982 8050 7085
3915 3647 7956 4254 1219 1050
3916 1481 1189 8442 7646 7547 8983 8984 5886
3917 2572 6649 8985 7930 4459 2839 1929 3562 2527 4664
3918 524 924 99 6398 1847 8986 931 4960 6785 333 4745 6533 6790 6718 971 1851 1862 597 536 969 7349 1366 937 8987 5863 4748 4754 8403
3919 174 1250 8988 1176 1725
3920 3932 285 540 914 5131
3921 393 1382 8987 3523 4606
3922 357 5476 409 6063 701 6378 4099 866
3923 5774 2868 4764 1653 3989 8989
3924 4117 5289 6439 1817 5059
3925 524 93 1902 5432 6479 3669 6480 1884
3926 8990 1745 4555 837 1566
3927 8991 36 5356 6993 4568 8992 3580
3928 1614 2527 687 324 2256 111
3929 8993 2196 8994 8995 8538
3930 6487 847 1661 2348 1017 3151 3620 1787
3931 3628 3507 8658 2504 6647
3932 3475 8996 2457 2545 8995
3933 4886 6338 8997 634 1641 1628
3934 89 109 2226 1664 3454 8663
3935 6391 1727 581 1484 7515 5116
3936 4478 4207 574 6336 2612 5906 634 1874
3937 3184 6074 4177 4926 7506
3938 5118 2678 1596 5556 1923
3939 7145 4707 8930 8998 1282 262
3940 5616 2490 5060 2527 8428 4234 3244
3941 1530 1532 4981 4980 1537 1539 1536
3942 1446 4374 1715 6240 4492 4939
3943 323 6024 4768 7150 7812 1311 1826 2126 5266 134 691 3492 4040 4593 393
3944 3881 2815 2197 344 1669 8874 371 2672 2239 441 7357
3945 415 4988 834 6037 6254 7590
3946 5102 2870 8999 464 3931 9000
3947 2384 3358 7144 5465 5791 1630 2093 7263 856 296 4316
3948 9001 581 1369 791 4014 6526 757 2048
3949 8454 6551 575 9002 8283
3950 545 8779 569 6735 1143
3951 4759 4778 2394 352 6404
3952 9003 5241 8088 2880 2086 1042 554 3638 5762 1111 9004 6073 481 3390
3953 4183 3675 9005 6313 9006 6396
3954 1170 373 3151 511 7285 929 3429 1384 851 1380 8432 110 9007 9008
3955 944 1648 2906 8663 3748
3956 9009 3546 596 7147 8108 1644 5954
3957 5724 2382 3505 1967 2206
3958 5525 5782 6667 393 3205
3959 5691 1369 9005 6126 4554
3960 3974 2503 439 3970 9010
3961 1151 5198 3961 7042 4564
3962 2325 3932 577 7159 2049 4902
3963 1929 3228 4693 312 2533 3098
3964 454 9011 5122 4306 816 1560
3965 9012 3820 5555 3174 1519 4872 9013 7320
3966 1547 4437 5582 58 303
3967 1112 5652 1525 4303 407
3968 4522 3301 6720 8122 6469
3969 345 440 9014 5574 1356
3970 8902 7653 1862 6603 680
3971 9015 625 8705 1820 5091 4314 5261
3972 9016 153 7502 5364 176 8361
3973 7119 2613 1634 291 3671 293 4383 5823
3974 460 3265 3266 94 5513 9017
3975 6314 2503 8153 9018 3729
3976 4637 8938 9019 394 3464
3977 724 725 726 1153 9020
3978 384 5594 3249 7562 1789
3979 2116 2740 2065 720 9021 1615
3980 6401 2231 2139 5481 3911
3981 211 3151 1717 3510 696 2385 6171 1808 975
3982 3253 9022 384 5501 757
3983 4042 2896 3685 3729 7939
3984 4280 2209 2448 7662 3353
3985 545 2996 9023 7670 7850 5782 6927 5049 3116 1512 7065 1881 7553 7475 1393 3472 6893
3986 2324 9024 7217 1273 3171 3048 9025 8592
3987 3308 2140 648 7078 4521 4784 1455 8034
3988 4797 527 55 310 8616
3989 6802 5282 5360 3605 391
3990 1993 6030 3547 3211 4766 7632
3991 7896 2548 7358 9026 4883 2049
3992 1342 1050 9027 1238 5154
3993 2391 2085 119 560 682 2545
3994 9028 1960 863 437 1573 5744 407 9029
3995 3438 5662 5798 834 588
3996 5540 7895 2348 3101 5 4770 9030 309 581 7483 8027 1641
3997 575 4634 3845 2501 6054 5616 2820 1609 3675 8694
3998 8376 2469 811 9031 9032
3999 3230 6143 1614 1267 5787
4000 3608 1573 1238 5218 720 22
4001 1587 1604 213 2881 1455 2695 184
4002 5201 11 1133 2853 7477 3912
4003 7684 4122 5283 2458 2146 8005 6676 8593 866 7871 4908
4004 6086 660 7511 9033 728
4005 7704 1563 404 561 4822 1670 3878
4006 1308 3474 6348 1083 2846 6672 1246 9034 694
4007 97 672 4440 1136 8159 109 9022 1866 3434 3238 2449 2490 8338 9035
4008 9036 2906 2391 7131 5716
4009 3749 4436 8453 9037 642
4010 4779 3559 9038 2354 1283 4495 1614 2527
4011 2304 596 851 519 206 2030 3620
4012 2143 4517 384 580 5351 298
4013 119 5333 7100 7987 3913
4014 3544 7105 5853 407 890
4015 753 1017 5110 265 2159
4016 3805 2142 728 641 1857
4017 2939 3205 4582 4705 4116 18 6098 5061 7094 560 1455 9039 5681
4018 15 1444 1607 2286 1858
4019 3405 3415 3509 171 1903 2380 6239 1099 526 4590
4020 7583 9040 4923 282 6 9041 8294 1364 8194 165 1424 6844 7334 159
4021 8319 3429 336 1175 6476
4022 2693 5651 200 8007 9042 3087 8587
4023 8656 4545 5255 9043 6180 4938 3283 5665 7036 8936
4024 7395 2413 3539 1527 2053
4025 8109 4668 1172 7925 1892 9044 254 3643 3644 728 1927
4026 2312 3670 591 2658 7042 6 2124
4027 2530 7379 7794 6737 8925 7765 4896 601 1427
4028 2820 4401 1406 1153 1892
4029 944 9045 109 7039 660 4462 9046 9047
4030 2226 641 8045 5331 7318 2236
4031 2449 61 521 264 1851
4032 5003 2289 606 5191 961 9048 3869 7032 1595 4014 4710 2248 5651 7246 372 4682 5393 1413 184 6489 1082 5807 7865 1435 3193 7756 8203 2278 384 9049 9050 6134 1982 9051 8806 9052 865 5252 9053 5953 995 905 9054 65 971 975 7137 367 676
4033 3770 658 3057 4831 5464
4034 2074 2676 3985 1813 3868 932 719 1884
4035 7587 9055 6437 9056 9057 1354 5836 5631
4036 5582 836 276 4153 5782
4037 9058 2727 3265 2584 1916 2777 5171 6167 18 1245 507 5473 9059 2991 6151
4038 5702 3405 988 533 1399 97 5962 1092 1631 9060 735 4757 1637 8904 3422 856 2902 3427
4039 5171 2543 726 6026 1189 9061
4040 1630 3032 6458 4948 2094 2093
4041 3635 4223 3258 5120 3730 3728
4042 1325 2283 5289 4382 4119 1723 3033 9062 1427 7349 3079 937 7183 4173 981 7121 1106 4316
4043 8010 861 407 439 247
4044 5580 1923 134 566 4210
4045 2740 3680 7981 792 9063 27
4046 604 2184 2599 9064 2140 1574 824 4391 2842 7233 3861 948
4047 3896 367 3619 2987 15 8773
4048 5632 2776 2019 2690 7466
4049 3766 1925 3768 9065 4433
4050 181 2019 599 2221 1332
4051 134 3518 673 5237 352
4052 901 9066 4 7338 7643
4053 1857 7442 3896 2533 1298 1974
4054 1697 5281 4287 8231 1144 1698 4822 6261 8093 4342 1168 8744 2215 7029 189 4993 3819 4664 2494
4055 550 6953 16 1971 5411
4056 8660 689 6489 3474 1154
4057 3202 6061 4127 6734 4195 9067
4058 533 5128 959 2071 2828
4059 280 1751 1693 5036 5674
4060 4142 2602 9068 5170 5050 2716
4061 184 4682 8993 2114 5708 2458 976 2608 4545 5021 235 4561 4275 7775 1058 6150 6556 619 1568 9069 9070 4431 9071 9072
4062 3845 5486 1311 2596 5778 175
4063 182 9073 95 3794 2218
4064 6483 1542 720 1298 409
4065 7745 1492 7362 4823 3389 5890 51
4066 8398 3505 3355 9074 1274 2196
4067 336 5748 3509 6415 1357
4068 3449 1034 3648 9075 793 2251 156
4069 1881 4414 5947 5699 9076 5247 196 7901
4070 174 2812 541 2070 7838 736 791 1225
4071 3151 271 3749 5279 1207 2820 1
4072 7872 3565 7094 167 8710 3597 550 5405 673 373 5601
4073 560 643 1619 7850 5782
4074 5 2681 5658 2527 3115 2020 9077
4075 1671 264 9078 384 262 642 7115 9079 4644
4076 9080 6993 4698 109 1780
4077 1530 2856 2857 2854 1532
4078 9081 9017 7849 692 6003 3205
4079 1377 3842 1797 1393 1643
4080 4414 4940 9082 1656 7163 1179 1246 3167 4152 3118 2913 6452
4081 1554 1505 9083 9084 6591 1189 8442
4082 409 5 5426 1267 4715 8930 7507
4083 5 8891 5695 1817 9085
4084 934 4315 292 4144 2614 7121
4085 3237 8432 1608 6988 262 2661 7591
4086 5274 2261 254 6811 3118 6825 2489 977
4087 5367 5988 4772 7610 7319
4088 2983 6648 304 9086 8150 7023 1511
4089 4161 3678 5076 8155 8078
4090 9087 5315 8972 1793 1843 2933 4360
4091 9088 6216 6817 3234 6423 6066 8192 1627 4742 4011 978 168
4092 673 2286 253 6298 5808 2773 4681 4828 264 4934 2730 2843 5367 6793
4093 6202 4592 2714 6021 2222 2527 5857 2143 9089 237 432 4560 3967
4094 6090 6962 1594 6205 1991 5549 4686 5735
4095 6574 171 446 2194 2104 1098 3513 1101 9090 2100
4096 8354 4672 4131 6925 4105 2933 9091 2879 4410 9092 7753 1561 3862 8818 85 3696 7169 4931 2228 8349
4097 371 7593 7266 4862 6966 1018 3057 7114 6968 9016 1311
4098 3745 901 4032 3748 1596 5390 9093 2808
4099 6435 4679 3523 5425 7669
4100 576 1174 5357 4591 312 9094
4101 7876 3566 9095 320 1367 520 3306 8261 3303 2591
4102 1409 4536 518 7684 2848
4103 3445 9096 245 331 4472
4104 848 1421 2740 7282 652 409
4105 9034 4655 1308 5 5127 715
4106 572 276 421 302 834
4107 8690 264 8489 472 593 5575 1817 616
4108 733 4012 6734 6334 581 264
4109 3655 3619 142 73 2034 2537
4110 2075 8915 905 1599 2505
4111 1179 579 7943 5818 3987
4112 9097 2770 4447 9098 2311
4113 2955 1752 368 9099 477
4114 9100 796 5665 1050 9101
4115 2135 439 174 6906 393 1011 6561
4116 2960 4904 2275 7750 9013 9102 7320 3338 6494
4117 5986 2771 4061 7099 2807 8925
4118 49 4601 7107 1196 243
4119 1096 6543 4782 1178 2739 1393 312 3109 439 1430 2065
4120 577 1608 2343 5417 381
4121 4645 2587 9103 3175 3668 9104 9105 4140 2915 6079
4122 4827 4311 2970 2829 674
4123 355 3949 7288 4848 4438 8146
4124 2463 4218 5833 3966 3227 1548
4125 2870 9106 1026 4085 3457 1009 2597 9107 2518 7065 519 5793
4126 7420 7577 8640 5200 2895 1192
4127 4015 8215 2138 109 1657 9108
4128 841 6305 4682 5637 9109 6498 4568 5012 2906 1168 9110 5620 3533 6978 9111 3175 26 7619 1916 5170 5472
4129 5492 180 3053 3682 6
4130 9112 3367 3404 5969 3059 4699
4131 714 2308 9113 4568 3929
4132 3111 3816 274 2838 1168
4133 262 851 3540 2048 4735 2049 7360
4134 2281 6057 4321 3521 597 7277
4135 5531 4018 2329 6302 8485 3184 6754 6202 5198 6210
4136 996 398 6825 7512 1457 120 5983
4137 1868 796 6625 2251 156
4138 9114 7620 57 824 5944 6782
4139 560 1455 1837 575 2016
4140 1229 1410 4264 3066 1151 2939 164 5729 3579
4141 1913 4912 9115 9116 7932 708 1168 2291 9117 1916 6081 2056 5257 3823 3111 2762 9059 6352 189 7644 3942 1044 605 582
4142 4330 3075 1825 4310 2374
4143 393 460 145 1235 2010 1457
4144 6231 5074 4081 5558 8640 134 1670 4530
4145 4010 3009 437 3092 642 9118 1177 256 5719
4146 5055 1498 713 8349 7202 6676 4822
4147 4521 1184 5627 7689 5836
4148 6554 2548 4796 174 5184 1695 1881 3964 1083 6453
4149 576 186 555 665 8437 4278 9119
4150 2406 355 792 7850 6203 1511 6811 8779 9120 2063 8822 217 2062 6708 2427
4151 8408 5023 8857 6243 4094 5937
4152 1268 1421 5184 6045 3169 2830 2073
4153 4445 1683 995 7358 1769
4154 217 1298 4668 3766 5621 906 1145 502
4155 9121 4684 5395 5681 2087
4156 9122 8107 2475 9123 103 2431 5782 1739 5114 1992 9124 1353 31 1434
4157 3241 373 7602 507 6126 861
4158 2692 7101 2406 84 8212
4159 6299 1785 6590 6783 3314 391 4495 4177 8352 4659 8076
4160 52 7839 8356 193 5789
4161 7607 1652 2924 1607 1003 8476 3800
4162 8177 1271 1768 4796 6064
4163 1928 558 1745 5320 4575 9125 7722 3281
4164 6086 5074 9126 902 904 6214 1942
4165 2400 3403 4260 9084 1017 6467 3731 954 7219 7547 4624 5795 3382 8325 6230 3593 4408 4254 7615 6393 7521
4166 3823 4901 253 7373 5538
4167 3857 262 1974 4901 6759 2914
4168 7965 1390 6955 1085 801 9127 1468 9128 1083 4664 5782
4169 97 2852 5999 1054 5662 2447
4170 760 6560 1238 3463 2050 1281
4171 424 4447 6708 414 9129 5252
4172 3924 9130 2364 8153 7478 2700 593
4173 754 6339 1417 1457 9131 866 2783
4174 4707 5950 580 599 4305
4175 3993 5889 7125 6146 1594 6539 2647 2178 2179 5371 2180 2181 3144 1254 3390 7413 9132 2694 7688 2171 1954 4564
4176 18 513 5529 6954 2018
4177 7294 6989 6778 2114 4591 3059 774 5668 5889 8992 2218 8834
4178 3391 5260 2734 3633 1647 109 3791
4179 4389 3532 9133 3814 6032 1587 109 9064 1726 234 5275 2079 3933 1829 7415
4180 4184 9134 5298 663 2633
4181 5390 5128 4313 5659 2191 8436 1364 2193 5295 2525 1098
4182 642 5782 302 560 1455 382
4183 1798 630 4964 1179 8438 2413 1405 2751 3985 2331 4220 1676 6828 657 4666 3972 203 2958 2369 7822 5606 1112 833 3666
4184 373 5597 946 2702 1646 437
4185 7182 2797 2093 168 3114 538
4186 889 1090 6771 1151 2716 90
4187 1910 9135 8576 4007 7658 3710 1692 2886 644
4188 2076 3847 834 190 8739 671
4189 2270 839 1382 5734 4210 3524 9136 898 2731 9137
4190 1892 1531 8021 834 861 6215 2429 1218
4191 402 471 4043 2133 4130 134
4192 1920 9138 3003 3508 81 3751
4193 9050 2535 8182 521 3118 967 2089 1457 7500 1462 8185 309 5406 134 7358 3526 4707 7360 1637 1888 5763 3654 979 161
4194 3613 2853 437 9139 4133 7442 200 9140 7085 1457
4195 3202 9141 9142 6229 5507 2649 7612 7277 5232 1305
4196 8333 2213 8948 8263 35 362 3815 9143
4197 6805 7052 5858 1384 2737 5492 9144
4198 4844 5827 2472 3343 8566
4199 6934 1616 2145 891 6553 792 6351
4200 174 9145 6344 4777 1941
4201 4449 664 575 3706 9146 5815 4273 8074
4202 1210 8373 5298 52 282 1331 3706
4203 2503 6100 289 8260 1429 984
4204 7868 412 489 1396 6891
4205 1689 5330 2851 2049 1943 390 4
4206 5317 3931 4287 6539 6081 2109 5868
4207 9147 9148 1868 713 2649 1200
4208 7261 324 3726 4102 3944 5666 5347
4209 9149 9150 373 2828 9151 3322
4210 4951 6110 2132 5969 4515
4211 902 7065 781 443 373
4212 558 5815 802 2962 1323 2300 1619 2218 7743 2751 1196 4548 6202 3059 9152 2795 3055 2810 3001 939 5391 7741
4213 2750 4430 4475 3113 4644
4214 2666 1322 1297 7514 8485 2151 164 2302 6913
4215 2931 171 446 4128 1551 4918 5210
4216 3838 711 2460 9153 1113 7636
4217 2698 6536 1342 8344 9078 1026
4218 1107 2789 2179 5371 2180
4219 355 1013 6272 2312 5818
4220 3709 110 7892 1971 9154
4221 9155 5240 4494 8347 1563
4222 3283 8280 7424 7913 6171
4223 189 447 1555 6526 8799 596 1891 174 2050 4061 7223 6753 2359 1888
4224 2868 4305 3895 4637 7939
4225 4218 1776 989 3822 4355
4226 3066 899 81 7586 4935
4227 9156 6467 2550 9157 743
4228 9158 407 9159 5790 4763
4229 3404 8330 6761 804 3103 4361 384 4969 4649 373 7550
4230 5920 3880 8358 2055 3280 2443 6729 9160 9161
4231 1823 8599 4917 3111 98
4232 6005 7495 9162 3348 2663 6884 5436 2260
4233 9163 213 8431 3598 7102 9164
4234 7693 2527 8965 1331 3828 5712 5542 7797
4235 5893 7800 8253 6771 4910 1518 9165 494 262 4611 5961 8399 2579
4236 5253 1151 415 4796 3151 3105 113
4237 5730 6393 7458 4261 4682 1082 1394 5689 6419 4293 9166 6355
4238 9167 2494 4845 4152 7210
4239 9168 617 2307 8731 7550
4240 3666 8390 474 8851 8807
4241 5376 1845 3916 996 2816 9012 7350 9169 8245 5366 1805 5936
4242 834 991 6 193 5404 309 661 2784 174 6782 8276 248 4491 4797 640
4243 4473 1026 757 7358 7616 8756
4244 1901 4921 525 5659 2092 8213 3943 6844 5391 980 1104
4245 174 5149 728 6846 1003
4246 692 1645 1071 715 5570 1172 1858
4247 1951 3176 657 3647 2897 5471 110 4704
4248 1736 5139 7520 2041 2138
4249 6987 1421 109 1612 5060 1271 3539 4816 9170 3861
4250 1914 314 6394 4558 4535 2705 1616 1868 4104 6270 6635
4251 6 9171 4974 4028 393 4270 2905 1455
4252 8240 1982 6401 5527 6099 4852 9172 3078 6807 7156 2070 6160 4163 9173 940 2273
4253 704 109 1784 1311 6809
4254 3993 567 6641 851 4 8507
4255 1602 217 1529 5094 4902 577 5873 2399 4234 4866 28 6867
4256 1309 1653 1311 1408 9174 1212
4257 4932 559 580 8279 1716
4258 7022 2458 5022 1192 6243
4259 1151 831 9175 1993 5825
4260 2859 9176 9177 9084 8441 7027
4261 2984 8974 7925 6901 40
4262 4859 1884 264 309 1573 134
4263 303 8358 4312 9004 8564
4264 8058 4332 7867 4796 1662
4265 1043 6434 4388 1242 7437 1967 2206 2245 2244 4010 2475 2139 5829 5482 98 8093 8663 7257 8212 766 6017 2150 3505 3506 3969 1168 3742 1253 5886
4266 2550 727 2981 4043 171 540 9178 4960 6739 4542 442 4360 5272 149 7183 1037 981 338 5964 6637 6837
4267 3669 994 2897 1723 9062
4268 5723 8723 3792 5271 1690 1124
4269 5985 6665 8352 1828 2354
4270 1941 7098 5255 4046 2070 6770 5831
4271 3255 58 1363 1018 9179 8679
4272 458 3045 4287 33 8677
4273 917 1274 2838 903 3603
4274 9180 1034 6286 9181 8258 264 2438
4275 5154 8619 7945 4460 4461
4276 7480 6517 4505 9182 755 71 8087 4436 1103 1457 173
4277 3021 3228 4516 2932 9183 265 1382
4278 3661 1221 8461 2127 3389
4279 3028 1129 346 2966 3021
4280 4655 1238 3902 8099 442
4281 107 203 109 851 642 1569
4282 4292 1344 1550 793 156
4283 76 6602 3867 8170 6128
4284 9184 8002 285 3869 5692 7892 5221
4285 2965 673 4828 1382 1238
4286 3387 5176 6107 5160 8176 4014
4287 7852 8349 5382 1561 1562
4288 3498 9185 2140 9186 4023
4289 24 2528 5173 15 1356 3430 2553 1270
4290 5290 748 752 6371 3144
4291 1857 1604 4782 264 1074 9187 265
4292 3236 9188 217 2866 872
4293 6355 355 1083 6510 3039 4529
4294 3724 6824 3588 134 3091 9189
4295 7561 2191 540 6038 61
4296 304 3807 7519 8441 8079
4297 2673 4115 1726 2607 975 7085
4298 8185 918 4652 1344 527 1823 1369 114 1357 424 6089 1686 4423 39 1291 3003 581 7757
4299 6292 6371 6377 744 5300 8364
4300 3164 5072 5496 6317 9190 1793 1186 5025 6932 5470
4301 9191 8109 3221 9192 3841 8444 5261 1637
4302 9193 9194 391 1865 4621
4303 2950 2504 3607 7867 9195
4304 2705 4901 8263 1204 2742
4305 5736 5603 193 8898 792
4306 4 7348 3449 9196 25 3605
4307 4486 134 4644 1329 1238 1573 682 253 6666 9197
4308 2331 109 3602 4247 796
4309 6775 4150 3433 9017 5505
4310 3798 4363 3096 3815 7431 1124 7341 8655 1796 8009 8654 6018 6020 7096
4311 1447 5512 2766 6996 1112 345 6627 6395 931 5247 8014 2797 133 7645 1427 853 7183 855 1637 980 8611 859
4312 3713 3081 9198 1616 7709 441
4313 1958 4620 6506 2448 1639
4314 1307 1427 429 2660 1210 5849 5269
4315 2090 8110 1399 4384 525 1156 3419 4948 3033 852 6174 1427 1637 5425 4512
4316 424 5946 1822 3720 9199
4317 4472 8108 1083 2905 6825
4318 527 2493 8038 4103 561 1939
4319 9200 5319 4779 9201 272
4320 5173 6293 364 9202 9203
4321 687 8248 1017 1555 8688 5699 2950
4322 5822 5897 5898 6739 139 4387 981
4323 3881 3399 6847 6341 8037
4324 142 9204 110 174 601 6214 643 3460
4325 5249 7905 1888 1635 2320 2438 9205
4326 2280 134 682 6298 7347 9206 5806 2730
4327 3818 9207 6381 6850 290 2833 4958 1807 1634 9064 5745 5587 3033 7287 5447 3124 8966 1100 855 6525 3424 3426 9208
4328 9066 2106 6702 3862 3863 9209
4329 2617 1718 1609 2192 293
4330 9068 5153 9200 1143 429 8889 1824 1356
4331 2256 4059 8350 757 439 1546 1373 1461 8911 1621
4332 6906 262 463 9007 4575 4344
4333 8006 9210 1943 332 7475
4334 4682 3295 1509 9211 3620 9212 7843 80
4335 53 5483 6863 8018 9213 8904
4336 2130 3359 2663 8451 80
4337 8858 7557 2036 2483 7089
4338 2319 675 9214 6912 3838
4339 6803 5155 1250 4816 3006
4340 1674 1604 335 801 3118
4341 2343 577 1974 3607 2345 158 2527 387 381
4342 5093 262 8339 383 2532 2705 6178 642 477 1241 4788
4343 905 6485 9053 2674 5863 2503 2565
4344 4824 743 1555 791 4449
4345 5826 2400 1490 785 5692
4346 3059 1480 3056 1815 1816
4347 347 6208 2364 6281 6753 5155 9215
4348 3474 1246 6926 1034 6778 9094 1674 7434 3184 4591
4349 3081 5979 3012 990 3257
4350 799 7401 560 5695 9216
4351 4296 40 6847 84 2144
4352 4433 9193 2211 1561 2209 3089 231 3338 7759 8221 4151 1304 7021 9217 568 1484 1486 1648 1490 1649 4285 622 5551 8503 3050 2789 6017 7772 1497 8415 4630 8207 3134 6459 2001 4347 8777 2472 4105 9218 2150 5825 8224 4494 8377 7190 6925 7070 744 3529 9219 2177 6340
4353 8427 2864 2600 2191 1156 9220
4354 9221 2675 6 907 729
4355 367 1339 5076 8155 1061
4356 2718 8883 4923 4654 2866 7870 980
4357 2081 622 5356 5683 557
4358 1775 7600 8093 175 9222 7070
4359 4119 1359 2296 2950 285 846 371 5288 1634 291 5791 8014 937 3109 4383 7558
4360 5986 2027 7585 4223 685 8752 6415 2419 9007 103 134
4361 3499 9223 254 3961 2441 7619 2010
4362 9224 4009 1225 7883 9225 2527
4363 711 3373 9226 5642 7169
4364 8873 2167 5831 1941 4974
4365 9227 7091 6266 5582 9228 6621
4366 2742 9229 9230 962 4884 1869 6724
4367 2036 264 884 3256 575
4368 2874 1457 3097 1800 1904
4369 2209 9190 611 5809 438 7550
4370 7264 2191 2807 293 6445 3516 1106
4371 5616 3000 7211 1609 5867 49 9
4372 2944 4364 4095 6263 1551 5845
4373 1287 7570 7261 4069 5404 2022
4374 5801 8153 3974 3456 1034 9231 4655 1601 2804
4375 388 1125 134 7347 1238 4679
4376 1184 9232 4676 5496 2248
4377 9045 3726 3160 5702 1647 9233 946 2679 8400 2633 1356 3723 720 1019 3138 5108 1294 527 128 129 8220 934 9062 5899 937 1427 4173 5466 4305 980 858 5902 982
4378 4618 1647 8038 6993 7761 115 944
4379 545 3298 4803 544 4088 9200 5319
4380 5821 3667 5044 5275 8581
4381 1018 1614 7392 6086 440
4382 9234 6551 8949 903 2838 3726 310 1250 1925 9235 4675
4383 797 3621 683 3517 9236 5724
4384 7960 852 5449 979 3424
4385 9237 2667 9232 8235 2025
4386 8937 4736 1423 1277 5823
4387 6511 6532 150 1308 9016 5779 5244 9238
4388 5723 6054 3049 3050 8459
4389 1985 2227 1438 2324 829 105 7151 5254 5219 3834 1730
4390 3394 3395 1721 1722 1776 805
4391 885 5453 835 526 6533
4392 5341 5415 4043 5853 1713 1462 110
4393 6 9239 791 2991 1075
4394 2928 7714 6818 9240 4829 4740
4395 12 6957 5023 9241 6208
4396 2802 5668 6097 1350 1196 5751 1698 4299 5613 3991 1559
4397 3343 231 4598 2435 713 4707 4253
4398 8290 6450 8985 156 3162
4399 3295 3983 704 203 1669 652 1557 8662 5747 6765 6847
4400 122 7503 3180 8421 2597
4401 7867 2189 1424 7333 939 2798 968 8169 987
4402 5600 4306 145 5973 8708 4759 3240 77
4403 7957 6687 1529 6463 477
4404 7971 9242 816 7126 3477 9243 5029
4405 1971 666 229 875 9244 2390 3968 1404 388 3222 6618
4406 388 5616 4246 955 4520 390 3702 3703 872 392 457 7721 229
4407 5317 3068 3156 401 3342 5609 6619 5232 9245 8754 703 6985 1194 7673 5811 3350 4569 3372 3388 6917 2542 7435 3049 3371 7772 8369 9246 2079 3276 3954 4049 2829 144 4195 2722 6987 5514 1108 5106 5168 5917 1154 5555 9247 3916 951 1181 7903 5481 9248 5553 7154 2751 5363 4598 7498 7773 2243 8233 7206 7153 2602 5256 4701 7671 3355 357 1228 6736 2560 6703 2960 3339 8342 2002 3743 2644 9249 3378 6004 1823 5018 3982 6954 7495 574 5887 454 7071 6696 1303 8019 1988 88 7454 2624 2625 3347 3396 8450 6704 1987 6500 867 9250 4876 167 2795 973
4408 1644 9251 5985 1318 5105
4409 9252 6683 6856 2751 511
4410 4142 1411 6768 4006 9253
4411 1494 440 7094 4779 2250
4412 3357 6237 4632 4844 2130 5522 1740 1409 9254
4413 5873 6587 2193 1635 3253 384 6158
4414 1325 8910 2921 1367 6480 5065 2432 1096
4415 9255 4015 4100 8697 3611 7768 1436 688 9103 7710 3406 5629 8061 4508 211 2302 546 7245 1228 63 2052 111 4298 869 535 7859 6624 5666 2812 5970 9256 1367 4584 6295 4958 8672 4463 4960
4416 7841 6977 8092 715 1551 597 5221
4417 1418 4778 3066 9172 8989
4418 6307 320 1594 1449 4023
4419 8643 3629 9257 146 9258 4318
4420 2333 5119 4785 3985 4043 2760 109 1569 642 9259 9260 1781 949 3139 9261 508 4277 9066 203 7651 648 2651 1015 8200
4421 1355 219 4119 1294 1766 4259 3041 1428 2798 1103 3469
4422 791 1090 5181 3961 1994 7119 3449 1750 2827 3175
4423 4 2052 2050 7289 2955
4424 6944 875 63 1837 460 1793 4188 9137
4425 7386 2351 9262 4699 2477 3256 9263 844
4426 2056 3111 4139 98 4548 8720 9117 1813 1866
4427 1222 4507 7693 9264 1040 787 5343 8560 2591
4428 6437 3521 9161 1646 8429 3306 642 7033 9265
4429 6574 4921 8400 1619 6789 5822 5413 1634 291 1096 4948 5445 934 937 3423 4510
4430 1786 6167 1616 4652 1979 1342 880 3209 4887
4431 3571 1384 312 1448 2281 261 758
4432 2660 5611 3558 2205 6411 9266 2096 9267
4433 2422 2373 1798 2257 1329 3707
4434 8990 3083 929 5524 732
4435 580 402 5819 1833 4 732
4436 9268 4398 791 5160 15 1369
4437 1309 4453 8015 4548 6202 8105
4438 6788 4959 7120 3673 1429 4977 172
4439 1760 4009 1794 1511 6203 6354 6484 611 4898
4440 90 1915 3163 2999 9269 5015
4441 9270 541 9271 543 8105 1728 4766 9272 2686 129 1294 1098
4442 8405 1456 6258 5563 2654 6901 234 2023 90 3546 1154 1116 8632 31 1151 7440
4443 373 9273 757 2686 3598 4796
4444 7179 9274 3873 3058 861 6496
4445 2687 3804 560 1869 1833
4446 2550 166 8821 3117 1668
4447 5041 2793 953 560 1455
4448 9188 6740 63 851 2107 7958 827 2337 3003 660
4449 2812 134 384 253 4883
4450 6076 40 9275 793 156 129 3473
4451 8894 189 110 1116 9276 4312 3202 9277 4482 4557 3716 4290 919 9278 2411 9279 2373 503
4452 3301 267 134 406 380 7347
4453 8270 1843 1075 3168 1669
4454 1016 7975 392 3801 7038 3784 7662
4455 2373 1888 1027 6780 569 2073
4456 6822 6906 5720 5517 1606 2914 4520 1017 1271
4457 9280 4822 5766 393 847 5718 1940 810
4458 5231 8321 7687 8173 8600 1308
4459 2056 5232 4183 5668 8834 2181 6411 2215 6711 5057 6300
4460 9281 107 3217 5987 5275
4461 1210 806 1176 7859 535 4418 1393 6627 1612 9282 291 1634 5459 8358 6323
4462 1911 9113 1689 5729 3568 1658 3171 6873 3711 8426 728 4047 1448 6053 1 5034
4463 9283 1620 8131 2810 5691 3109 2611 2360 3423 981
4464 1117 1372 8157 6429 1552 5801 1752 3243
4465 2362 2883 3566 536 137 973 3928 6544 3965 9284
4466 255 7210 3998 834 134 2413 302 8365
4467 4680 439 9285 2110 3729
4468 1399 2071 4170 5308 2380 4360 1427 856 297 172 1001
4469 5378 373 2317 307 1837 6727
4470 1075 9286 9287 1308 9288 2518
4471 3163 9289 404 3390 3801
4472 3230 9290 580 1653 4693 3228 851 381 9291 1160
4473 442 3828 2049 2070 3296 2784 5162 8482 61 9292 8517 5569
4474 717 7230 9211 5570 575 5687
4475 4596 1256 9293 944 206 2457 5429 2397 6613 2110 6553
4476 5379 5054 8583 2228 7346 2616
4477 6526 787 5367 9294 997
4478 1484 8899 3872 224 8228
4479 861 1600 2988 1027 3542 373 306
4480 3369 4359 4357 3368 4466 6023 9295 6647 2114
4481 7587 657 320 8123 6197 8779 2370 355 3961
4482 3661 5609 9296 7803 9297
4483 3842 8826 713 409 384
4484 8063 7976 3818 2071 3675 5499
4485 4766 1817 5421 5027 5904 264
4486 3315 4464 6518 6485 5446 853
4487 311 2373 7248 1888 9029
4488 9298 3881 98 1916 9299 5762
4489 9300 2244 1663 7119 736
4490 720 1585 8911 11 892
4491 4842 2472 3343 2435 4876 3661 3397 9301
4492 3252 2102 3670 4167 1632 7579 4948 5345
4493 5037 951 1954 1477 5359 3801
4494 954 4524 3496 2538 351 1285
4495 5586 1708 7396 1703 109
4496 9302 115 235 6256 8327
4497 217 5339 9303 110 2527
4498 8319 2621 3993 367 1761 4771 7910 3229 2889 5645 5223
4499 8555 2287 2776 7252 874 1412 4122 7963 3010 6105 3288
4500 9304 174 7903 1247 6606 164
4501 7498 2890 4979 2541 3017 4067
4502 4283 3108 3720 733 3918
4503 6759 6985 367 5268 7238 9305
4504 330 2206 3505 2446 1168 2222
4505 5129 583 4557 9306 6635 3977
4506 302 5534 4451 2328 8598
4507 577 3763 262 1614 2527 1974 9307 3666 1787 409 8526 9225
4508 6403 4107 9308 9309 5321 2749
4509 4017 8434 1442 1659 5824 6210 8386 4644 4681 6563 868
4510 3517 3253 1159 1061 701 229 4796
4511 4150 6704 713 8061 7352
4512 6124 1974 8535 3729 2200
4513 5143 8274 691 7034 3905 1926
4514 1564 2906 1607 8994 7221
4515 7556 3651 4476 9310 5501
4516 4535 2281 3747 1006 8862 732
4517 1336 4976 6706 2018 634 55 3079 8616
4518 5103 417 8840 6701 3214
4519 3465 6496 1451 665 680 9311
4520 6259 7036 713 1350 643 2830 6486
4521 535 8531 6052 560 2570 2797 3537
4522 1946 1374 9312 4067 4864 7016 6117 8951 4529
4523 4685 2786 9313 4895 5407 2085 7717 103 725 704 4188 7414 8495
4524 282 2720 3066 787 5994 9200 1008
4525 5473 2672 7771 1159 7033
4526 834 6689 1118 5313 693
4527 2871 791 755 4437 1457
4528 694 3568 164 9314 4028
4529 4919 376 1382 1395 2653 2545
4530 4725 8061 1609 8485 604 3146 71
4531 9315 4001 502 847 9316
4532 6998 9317 8773 4801 4378
4533 6710 4710 9318 6507 2792 3689 3762 1479 109 373 1489 2338 2304
4534 7178 3304 272 3171 507 8479
4535 1023 5333 3550 5935 2258 1972 5064 9319 4738
4536 2687 2527 606 3276 4485 4099 5837
4537 1555 1843 2868 8215 262 1814
4538 4956 8448 6461 6211 9214
4539 234 4595 8927 4261 2830 5249 3967 1377 7065 7248 7467 9192 919 9320 1133 417 9029 3098 1417 1308
4540 1147 439 1738 8908 3180 3640
4541 6796 1369 3532 1923 4548
4542 5924 9309 2017 701 9321 8521
4543 8246 7245 5680 791 1457
4544 3343 5194 9322 939 8459
4545 381 2870 3071 3727 333
4546 4233 9023 477 2282 4694
4547 3781 3388 5373 5226 2266 1997
4548 5027 1238 5077 4934 265 170 9323 5430
4549 2573 5282 2999 2384 2413 820 3858 3288
4550 1283 3222 7342 1270 6210 3470 3968 839 673 5163 2803 1604 801 1285 6120 1674 9007 4459 7823 9288 1527 1158 457 2518 6419 475 8168 384 393 144 8851 5130 1756 1759 4664
4551 4901 3900 676 687 2343 577 3763 2952 378 2705 1776
4552 7102 6623 5665 713 8128 1743
4553 421 6384 2852 384 4587 9324 2545 885 9325
4554 5701 4427 373 3029 8064 7595
4555 902 6111 1323 6991 3265 624 5627
4556 6215 3493 418 2914 234 9016 6803
4557 9326 3936 6740 2999 3901 5186
4558 5644 2367 9327 414 7711 8571 8155 5074
4559 5882 7152 7368 6430 7505 4772 7795 2458 780 3352 8802 8659 7785 329
4560 6916 8847 4128 729 1477
4561 3123 2795 1156 2613 1427 937 1357 7390
4562 7141 4762 6749 4342 3813 3202 3929 5575
4563 3778 6302 6933 4705 3721 9328 1761 1656 6641 3431 9329 999 8568 4213 7755 9330 1999 3148 4009
4564 4229 601 2068 4479 5204 9331 9138
4565 5856 2620 9332 6870 6566 4276
4566 3550 8534 6038 1267 3606
4567 2029 1554 4414 1056 1050 7622 8310 5712 1866 4529 9333
4568 393 4613 682 253 1401
4569 1823 9334 9335 5640 4546 4559 2972 5909 2967 7317 3276 7270 6032
4570 2673 4186 2431 2432 9336 978
4571 5524 2533 1170 3595 1865 9337 1339 368 367 1404 388 3980 5091 229 1664 189 5205 3494 2982 402 1862
4572 7297 9338 7724 2740 651 312 1273 8396 6822 4835
4573 3656 9339 5505 8427 2871 6673
4574 304 3602 8441 1151 4124
4575 1890 189 1434 2200 658 6094
4576 1696 3476 2531 1565 8496 6150 2030
4577 3111 468 1726 7701 3004 6330
4578 8020 6989 4834 5726 404
4579 6346 2106 1573 1382 673
4580 384 6355 1652 1034 7309 3449 134 1673
4581 1399 8084 292 4172 6445
4582 727 331 2709 9244 7834
4583 8016 2618 2438 4872 8087 5491 5740 9340 1175 4302 606 264
4584 6997 2570 439 2493 407
4585 2483 8926 4010 869 7586 84
4586 7918 8707 2644 3489 4785 9341 261 3385 9342 4801 3192 6302 2497 1587 865
4587 4548 718 8941 8940 4104 5666 109
4588 757 196 8315 6150 9086 9343 4882 3914 7780 9344
4589 2749 9345 6350 9169 3666 2034 2384 1039
4590 2443 521 6773 1918 4145 4153 588 5866
4591 851 174 7162 4245 5855 2831
4592 1776 3066 9346 8457 1662
4593 4817 2789 7948 2762 6747 2813
4594 134 477 265 3895 6863 2169 8018 3858 264 2983 2088
4595 6775 1360 673 2503 439
4596 117 2373 3968 235 3967 3221
4597 2332 5383 1561 3368 5005 5169 4141 4421 5153 9347
4598 5097 3133 8746 6870 3605 1034 8957 1716 8766 1807
4599 1149 435 3231 1363 461 9348
4600 1751 2414 1032 3948 6510 4529 2226
4601 3442 9349 5665 3440 7826 6489 174 1434
4602 452 354 1166 8975 2132 5848
4603 6716 9350 2550 5181 728 5732 334 9351 3025 6773
4604 391 3690 4473 4430 377
4605 3712 5173 1250 5779 4741 2050 6246 9352 7306 3208 5339 8015 6063 2629 412 2126 5344 8558 546 1356 6825 1176 9353 5336 886 42 1271 2654 9354 1446 3449
4606 4022 421 1900 3748 5797
4607 3256 183 2078 6832 52
4608 111 1653 373 562 1308 2427 4664
4609 2540 4446 1434 1208 1600 4419
4610 8680 409 7201 5140 3625 380
4611 210 3319 3227 3296 7818 3297 7124 2057
4612 6597 2812 6815 4272 885
4613 649 4658 4094 1480 1322 5668 1971 4528
4614 2384 6062 4243 908 1886
4615 1367 5390 2867 5247 1424 1723 735 979
4616 4775 6491 4475 3000 6764 4021 6842
4617 7396 9319 1267 2740 8227
4618 917 5040 723 6487 1196 9355 4762 839 337 3867 1003
4619 1183 9356 312 7143 352 1746 4468 2702 1703 5570 1172 2369 6840
4620 2663 5193 5848 8954 1587 8355 1950 3620
4621 1677 1116 8660 1769 279 4620 7506 3173
4622 3921 2586 8525 1270 8254
4623 944 4337 6070 1329 6338 5219 3059 4556 1050 4023 8845
4624 8312 4697 8918 5982 8508 1369
4625 9357 2019 6114 4708 1334
4626 4520 1308 5255 2427 8096 1083 56 1842
4627 1869 3763 6 9358 1273 134
4628 6987 9359 4215 9247 9360 7465 3 4476
4629 4680 1573 5027 264 477 2730 6550 602 3286 1554 7446 4157 569 474 7443 6438
4630 8200 110 174 3630 3343
4631 1202 8487 5832 6124 2506 4854
4632 6 8982 1223 1096 1225 933
4633 6723 4469 6423 8080 9361
4634 6961 8490 2027 8503 3246 6586 9362 1292
4635 8124 2394 8753 1151 4369 3985 604 836
4636 516 7060 1298 1471 5782 7198 3650 383 2 1063 7084
4637 2143 5212 5539 2414 6641 368 4620
4638 7453 4769 3889 1765 9363 2889 9364 9365
4639 3615 3723 6381 8014 6485 4585 5042 4259 3001 973 149 152 1430
4640 4780 4042 1125 4374 5546 167
4641 1532 4981 1534 2856 1537 1538 4982 1539 1541 4983
4642 2503 757 1301 439 4451
4643 2951 8944 4374 6365 2344
4644 1396 2776 3771 2036 3175 4756
4645 1249 3101 9098 1366 480 1233 5047 3423
4646 7220 5153 1825 8409 8891 8695 535 5331 8029
4647 7187 2581 5866 3220 6845
4648 4129 3949 1339 1060 1249
4649 5271 4901 7778 2859 3096
4650 7242 8304 5426 1841 2949
4651 2388 9366 1596 3906 3551
4652 5871 1193 9367 5100 5593 8450 7155 6712
4653 6987 6364 3017 144 7712
4654 3718 7909 8807 2120 901
4655 1442 568 4042 7842 7550 611 373 110
4656 4297 4296 5865 4365 8850
4657 2444 373 1250 1249 264
4658 7895 373 1018 9331 9349 2279 2793 7980 5857 1514 7830 3838 57 5604 439 7107 1417 9047 7464 198 3977 9368 1777 1271 2978 1779 5343 1221 8465 4177 5908 8082 6540 1313 6037 581
4659 6573 7861 1878 2806 173
4660 2961 7974 5385 2135 6974 3151 6758
4661 6367 581 5252 8184 3079
4662 3169 3116 4304 367 3054
4663 564 312 1607 1272 9369 4375 2706
4664 1049 1387 1224 1082 397 398
4665 7553 6522 4769 3509 319 4300
4666 9324 2510 5534 1210 30
4667 6551 8582 134 2491 384
4668 9370 1290 9029 1576 1457 9099
4669 1881 643 8738 9371 834 9372 618 1138 9373 2661 9374 5081 601
4670 4668 4797 6210 6607 1225 2429 6650 604 1271 4398 4076 793 156 4575 3694 6946 66 1427 217 720 568 4143 220 1457 588 1356 1659
4671 5302 2340 3518 9375 754 462
4672 6029 7327 2668 7701 1238 5993 7061
4673 899 2606 3819 8154 3408
4674 1512 4468 2926 1937 3070 1045 1690 4686 6149 407 2489 8467
4675 2138 8452 5652 2599 94 82 1024 1914 8360
4676 7686 3358 1870 9376 8692 3951 757 5021
4677 7516 9016 8106 6367 1246 2915
4678 4722 622 9377 8804 9264
4679 1891 2026 2071 5080 5963 4590
4680 2561 836 972 1587 3668
4681 401 2323 3389 1500 2472 3385 399 6421
4682 1776 805 4956 8384 7732 1323 3959 3621 1516 1479 3529 4023
4683 6943 5473 2894 8970 4720 4719
4684 2851 1356 1225 9080 799 553 6591
4685 3121 833 4143 439 6906 601 1398
4686 2477 3374 3075 713 4521 508 1585 5143
4687 8473 713 3021 4891 1034 757 8278 4834
4688 289 5173 165 4167 4118 1106
4689 6949 180 299 757 439
4690 4209 3648 6086 142 8643
4691 2405 2540 8656 1270 5311 8163 2516
4692 524 1901 534 535 7527 2092 2866 2145 3413 6624 2937 9256 1356 4736 2015 2429 1095 1365 1156 4386 5587 3943 6629 4586 5445 1427 1430 294 979 4656 6637
4693 4395 21 562 439 3544
4694 4044 227 7002 2303 3929 7413 9378 5396 8337 2331 3541 4561 9196 25 899 4122 1795 2410 4669 8979 4403 4687 8000 7610 9312
4695 2334 8762 1823 941 4814
4696 6839 189 2762 4262 616 4492 1585 5058 4278 2114 4598 4560 234 9379 9380 2715 162 163 3717 7171 9252 1748 4277 9381 1057
4697 622 7759 5060 1776 8631 90 1112 1916 7131 4320 3742 19
4698 23 7199 2799 1308 110 6995
4699 388 390 9382 1159 3763
4700 60 1 9383 6342 899 2749
4701 8955 7284 8791 6003 3080 6343
4702 1332 72 217 8476 604
4703 1407 6151 6764 2546 1819 1758 6075 3530 4009 5654
4704 9384 593 5570 1680 5731
4705 4814 6417 758 1823 9385
4706 3896 2319 5606 3732 4707
4707 899 848 2931 439 5631 908
4708 4735 9123 4145 7596 671 1557
4709 1669 3728 8798 9386 1369 4639
4710 1875 3569 5988 8111 5760 6535
4711 3256 3594 6333 1028 2766 1240
4712 8396 132 4085 597 2882 2056 1589
4713 9387 4188 3148 642 407 673
4714 1269 6 262 1842 748
4715 1208 1216 5534 1096 1156 5390 7466 3406 533 6479 3080 3643 61 3789 1122 4905 962 2970 9053 1634 5898 128 4745 6533 333 1155 129 6790 291 1851 5443 8401 969 65 9388 2380 975 971 2593 3170 6524 6986 3514 4588 4753 5131 7015 9389 1638 6525 9090 7310 4754 4530 4751 9390 986
4716 1913 3111 2859 3870 3696 628 2114 5860 2165
4717 9009 8325 6989 5570 5761
4718 2124 5109 4431 8700 4195
4719 4446 5570 7138 995 4032 1857
4720 1298 9391 886 4260 2491 6746 2604 3324 6509 7904 3309 2532 9392 4670 1829 8097 4156 7775 8863 8734
4721 923 3240 2948 3658 991 18 742 7747 1057 8242 2259 9393 3967 7837 9394 5991 6547 1433 5614 6639 9395 964 5706 4434 6563
4722 3905 2816 3079 2385 411 8533
4723 757 6190 7360 3827 7083
4724 8448 7030 6613 7190 9396
4725 6004 1653 6019 8486 1273 4721
4726 5665 1228 3972 4479 9397
4727 754 1008 439 6257 8108
4728 1543 4951 2012 4862 7266 5578 8458
4729 7899 792 1463 5105 4581 7428 229 3227 7750 1384 134 1529
4730 9374 109 4817 3855 3907 3961
4731 7975 3749 894 3118 6811
4732 5434 262 2130 3786 1529
4733 3746 1331 6228 7048 7163 3967 8351 3747 30
4734 1648 4591 113 1954 2245 4363 3059 2218 5172
4735 7225 5761 5827 8601 4062 1916
4736 367 5989 3678 5 174 8571 8489 2815 2543 390
4737 262 899 217 720 4223 6188 4375 264
4738 2702 4250 5685 7238 1164
4739 9271 6937 109 3542 2333 815 5909 9277 1329
4740 6888 5334 9398 380 1297 8519
4741 179 5962 4742 1903 6263 9399 9126 2084 2191 1364 125 1632 6412 2525 937 976 5031 9400 3079 6722 855 1430 6636 1106
4742 5729 8224 3390 5339 4591 6083 7665 955 7395 90 3363 1180
4743 2703 5631 4300 1278 296 1106
4744 7235 254 7995 2267 969
4745 6474 2543 6892 254 5453 6205 1852 5402 5252
4746 2431 9401 900 838 471 2702
4747 9402 5556 785 7277 9403 9404 9405 1212
4748 84 8741 7855 4306 663 3547
4749 792 6687 9406 8978 3298 3243 5872
4750 3249 444 6641 4223 4516
4751 7258 46 6748 2388 2583
4752 2090 2189 8074 380 167 171 6485 730 254 1426 2 2341 979 987
4753 7742 2899 2645 3268 7493 5651 9407 804 4197 1329 1480 3872 3056 5601 5932 8743 2218
4754 851 7348 4236 7418 2499
4755 5511 6541 4306 1902 2333 2955 5289 7570 1096 1156 1095 3419 972 3079 1098 4589 1106
4756 2851 1392 5080 967 2795 5444
4757 384 5535 851 1825 7432 1826
4758 8478 1324 4583 3118 9097
4759 715 1434 441 6665 8117 1144 110 111 115 3698 1254 9408 2420
4760 4154 8456 640 7635 3978 1891 4149 2070 1610 6758
4761 23 8798 5840 2002 8357 7062 8564 6150 611 6079 5692 1367 9409 9186 7981 134
4762 6641 8477 9410 320 3852
4763 4418 8021 3770 527 1972 4133 1457 415 439
4764 30 7014 7913 1213 2551 641 6383
4765 2274 9056 1412 3870 3662 1293 4772 1271 9360 732 7377 6593 3311 1446 55 1872 3717 1352 7739 2126 3082 1878 1113 2269 1434 9351 2267 4545
4766 1586 3321 1018 439 1038 3057 9411 595 1344 5488
4767 8829 3068 90 6008 8548 3252 9412 8
4768 4090 6248 940 2300 6989 4591 3968 1308 7808 6315 684 5692 1312 2014
4769 1162 678 1529 30 2510 4476 901 2852
4770 525 1092 8029 291 689 5368 5008 1636 4855 2798
4771 312 2365 2200 1974 384
4772 63 3729 9333 6612 5226 2590 5379 7253
4773 4 2006 2516 8502 791 8404 5095 576 6 1646 8953 2545 2247 110 847 6171 7836 2241 5949 9272 6783 418 6667 7063 8204 1021 3003
4774 1328 5221 6275 8926 2762 5886 8039 5867 5691 3408 7959 5762 2133 472 7255 6584 489 1090 456 2474 3367 3653
4775 2319 8491 5143 1184 6847 2056
4776 60 863 3792 4685 9413
4777 3519 542 539 2844 2795 9414 7080 5057 3675
4778 8747 5146 1868 3160 3835 4486 1777
4779 1608 1923 1228 2899 2859 1585
4780 3338 1132 944 181 1785 6012 3312 2049 231
4781 1092 4732 689 133 4586 8966 3319
4782 4637 3685 6858 1618 6822
4783 6192 7901 7900 6054 7529 3882 9415 396
4784 4908 9416 11 9407 6993 7761 8222 8209
4785 3508 90 2199 9417 89 1658 1198 6370
4786 2049 373 642 461 439 1384 134 1028 2505
4787 2734 9418 707 1824 1641
4788 8851 7109 7659 8290 2017
4789 2561 373 3926 3283 2000 4800
4790 821 4163 4337 720 7834
4791 581 376 265 1224 6447
4792 4225 944 6081 1907 6019 2833 1691
4793 3257 7120 915 1429 2798
4794 5660 2112 4116 1923 6573
4795 2651 6641 683 1390 2398 312 682
4796 1607 7438 3807 3805 7319 4254
4797 1303 5829 8195 9419 9420 1809 8668 2540 2364 29 7824 7661
4798 2050 3770 2398 3831 588
4799 929 4811 1433 1612 1032 595
4800 4797 9421 7915 523 8075
4801 4770 4707 5415 6326 945 6655 474 1973 380 7831 2344 4901
4802 63 1012 4475 1250 6815 3246
4803 8729 6151 9167 4290 2113 5556 5681
4804 1168 5511 1096 2192 4512
4805 3367 2906 582 7920 3010
4806 6070 6143 8060 312 9231 9240 8313
4807 7439 9422 5867 3864 8947
4808 5285 6386 8518 9423 9424
4809 6645 1235 9425 5270 2830 2265
4810 262 9426 1635 899 723 7889 998 8808 5951 581 2255
4811 8601 3348 2853 4177 1502 1651
4812 9427 2336 144 5261 4849 1274 442 836 8410 7845 588
4813 1872 588 6193 8579 109 5237
4814 3901 9428 732 5812 547 691
4815 7117 853 2798 981 4385
4816 6380 4313 310 2192 2867 4119
4817 1494 4212 9429 5641 1875
4818 6551 134 261 477 8412 6105
4819 7148 443 5069 3886 2312 1686 1433 5331 6388
4820 4882 2081 4953 4705 155
4821 2528 7436 2022 1544 9430
4822 805 3542 822 5637 1123 9431 1309 3827 3838 7761 7567 1070 3541 357 3013
4823 5873 2345 1974 599 3967 1212 1823 1331 1116 369 6138 3965 4571 4077 6903 2931
4824 4769 2433 3489 9059 867
4825 1550 793 9432 156 8401
4826 5773 326 9217 2006 3005
4827 2668 3463 9433 11 9434
4828 6 2244 5252 5748 1683 9435 4079 2438 8234 3580
4829 1721 831 9436 1404 4211
4830 1681 4452 4882 3508 6304 2293
4831 9274 5184 8095 2022 5786 6145 9437 9438 4133
4832 9439 5582 2514 1882 5790
4833 404 2175 746 6576 749 6340
4834 1088 2431 393 4853 2114 9440 2983 2533 2388 6202 5237 2769 144 4305 9441 31 3061 9110 5114 2112 3301 722 9400
4835 640 3965 1684 3328 471 6664
4836 398 9388 1293 4160 1292
4837 98 8720 7951 815 3989
4838 2430 96 6246 138 5197 7838
4839 7909 2973 5545 262 9442 6918 6752 2975 1299
4840 1112 8993 2597 1829 26 9032 1451
4841 3778 4357 83 8518 9443 1193 811 6255 5222 1228 1868 4507 3404 6275
4842 2319 6304 2912 5160 2057
4843 5580 4456 8102 9128 4311 4417
4844 1326 4105 1490 3529 5579 144 7811 4545 5176 7796 1499 2431 811 7040 1034 4697 3115 1750 6037 4423
4845 7901 7900 885 5993 4177 2886 560 5782
4846 3125 5981 8623 8200 918
4847 4313 5079 2102 535 1364 6850 1621 5296 972 4383 4510
4848 370 1249 642 8217 1862 1190
4849 217 5297 1357 1106 3614
4850 1829 5959 9444 6498 1920 9379 1679 428 5986 5652 3031
4851 3682 4863 4162 1034 5768 496
4852 658 3969 3763 409 4671 8234
4853 285 1407 5501 9077 1715 5048
4854 514 2021 1322 3683 3091 231
4855 1355 402 7758 4009 352 8673 333 1851 971 969 8296 975 937 3614 5815 1101 6791 986
4856 3615 2071 731 8966 2806 4510 2614 979
4857 2645 9036 1198 804 7013 1562 304
4858 3508 896 1779 8133 3150 4426 32
4859 994 94 5253 373 3715 9056 6229
4860 5043 321 1718 9325 9445
4861 8418 7450 5253 2722 3866 7795 2076
4862 2060 4209 3085 678 1096
4863 2197 4397 8301 1074 5943
4864 1370 1551 3846 8933 360 3580
4865 8544 1801 1253 5697 1499 6090
4866 2623 8347 7277 4248 7721 6795 2012 7295
4867 4165 104 289 7035 6872 6458 934 970 2806 1106
4868 6196 9425 4793 3907 9353 1513 2579 1544 1899
4869 2191 5586 914 6161 3469
4870 1336 8910 771 2381 5260 6620 2945 8880 1359 3266 23 42 6352 913
4871 2917 4140 4139 7559 5671 1123
4872 6465 6074 492 4416 9028 9446
4873 8998 2787 7404 6089 4188 2786
4874 2740 2608 4545 2810 526
4875 5201 6465 510 3429 8492 4804 8184 3079
4876 218 2874 8462 2820 1996 1994
4877 1484 7028 7759 5968 3801 8327 9447 8992 7544
4878 9448 3428 3608 1695 6964 1945 2341 8597 8507 1457
4879 9449 5104 9401 736 5629 5818 6304 8701 3266 4601 9450 7032 805 660 5652 1075 616 1039 3781 2587 4069 3969 8221 7025 1865 4105 6500 1356 541 1176 537 289 6850 6309 1848 6753 9451 2246 1138 5443 1294 128 129 5587 2461 8616 133 933 4421 6634 6628 4259 3001 6172 939 8957 9452 1428 4174 3456 2938 1104 982 1106 159 4962 70 4385
4880 4203 3166 6974 4099 373 2085
4881 9453 5515 6224 3348 9280 3369 1359
4882 2883 5935 3073 6889 798 5386 3969
4883 554 5983 5981 9404 8819
4884 4780 1354 3151 3150 2971 714 3433 451 280 9454 3032 373 973 3079 6148 255 4230 3459 2285 159
4885 407 9195 1225 2156 1292 1374
4886 9117 450 6229 1914 6932
4887 7929 7354 9455 6419 7759
4888 3349 9218 8385 2789 5751 3355 2277 3049 2647 8813 3390 8132
4889 5009 368 1718 218 8108 641 1250 275 7015
4890 2705 1939 7296 6830 3974
4891 1644 7960 1882 1645 3756 4655 4468 3230 205 7185 134 8998 4344 888 2348 1572 5092 8313 3974 2851 1811
4892 4032 9456 2997 8161 3121 4913 5460
4893 8384 6480 5512 533 4165 171 852
4894 7656 5957 1483 2205 6776 9457 9431 9257 5292 3969 9458 404 9459 1646 4772 8172 134 4638
4895 58 2465 2827 1925 2781 8942 9460 9461 5191 7654 6158 8050 6439 665
4896 2338 9462 7658 1124 2165
4897 7935 3873 6724 415 4019 4766 790 66 4563
4898 1609 3075 6764 3171 2562 2503 3508 7253 3198 4650 4012 6355 6061 384
4899 9463 401 2904 8016 2182 5599 7319 699
4900 789 4949 1908 9464 1914 80 1308 5252 732 3753 2493 9465
4901 439 2997 5733 307 138 841 335 1122 6646 2388 1668
4902 798 9200 3873 6889 176
4903 393 3584 1384 1829 1444
4904 2194 7185 2160 6174 171 4301
4905 8918 2357 4821 3569 5037 3706
4906 3268 4198 6392 2777 1658
4907 1990 851 3151 728 6972 2168 1084 1583
4908 8236 3436 9466 9230 8020
4909 2056 834 4615 7959 4476 460 5764 29 109 1196 2114
4910 3399 9467 4008 2331 1302 174 4731
4911 6380 6479 2866 2071 1106
4912 9468 4894 3963 1269 6396
4913 4762 4601 9469 878 4873
4914 1868 3660 2904 3442 1587 3664 1588
4915 5472 4809 6020 6018 7922 9365 6234 9303 6385 5779 2165 2152
4916 2548 4119 1835 932 8187 1770
4917 944 851 9326 791 1735 6573
4918 6417 562 2331 5461 3080 1384 4468
4919 5173 4306 1684 9200 3601 6188
4920 1417 733 4032 901 8313
4921 4135 1760 9470 7848 879 9471 3217 5349 5831 5282 689 1769 7283
4922 929 663 3101 4069 5797
4923 6581 3713 2664 2056 8473 1446
4924 460 1733 2493 3282 6116 5664 2297
4925 3266 6906 1608 6641 6950 4475
4926 7164 6354 611 5938 1726 9472 817
4927 2554 1340 7195 2820 9428
4928 6695 5690 7769 6022 2692 1305 3532 2171 1776 6054
4929 9473 444 8296 1331 1329 580 446
4930 3932 7308 7957 323 5337 5047 2671 3981 1621 133 1427 3468 1682 294 1021 6525
4931 5757 9474 4418 8388 4745 470 4412 9438
4932 8105 1075 1092 4732 6517 2796 7645 934 65 1426 2380 853 1429 1030 2938 5131 9090 1106 296 4175
4933 5487 1456 581 7841 1855
4934 8946 1587 715 3025 174 8507
4935 8235 2184 8958 733 8659 716 573
4936 637 5611 9475 9476 8716 1480 3059 9321 8596 3262 4177 6925 8584
4937 439 1190 3478 2991 466
4938 5089 3870 1377 7549 2422
4939 2287 6669 9065 3134 5872 3175
4940 7745 1801 3349 722 1507 3526 8725
4941 8521 5101 895 3844 2545 4644
4942 2550 851 3227 187 7914
4943 3039 233 6394 6903 562 1382 4934
4944 7193 1775 5597 9477 2443
4945 211 8924 2648 2304 1271 3534 5486
4946 4544 2953 368 791 4742 3073 5386
4947 3228 384 7954 42 6143
4948 1235 2070 2369 1500 1321
4949 7466 61 289 217 1614
4950 7125 1656 5872 1454 109 4979 1523 4494 1583 2368 1818 5833
4951 3111 9478 2666 3163 1136 3049 2250 6768 3162 5005 1875
4952 2771 5534 1711 591 3242 8187
4953 8314 4001 1803 1208 1523 8949
4954 1725 5976 2726 4467 2148 3582 4666 5323 4718 1913 226 7947 9340 1741 3487 1923 948 5860 5920 5375 4075 902
4955 3006 1504 7080 2599 1363 870 1094
4956 5304 6030 3860 1344 7327
4957 8901 1170 5474 6344 1065
4958 3402 9479 2792 1490 6336 1999
4959 9449 2445 7874 1176 2155
4960 2960 2642 5166 5436 8038
4961 2251 5508 5706 8080 2566
4962 4371 7325 1951 6859 1404 9480 5188
4963 8525 1440 5389 588 241
4964 789 4950 4722 9481 3105
4965 1222 1220 9453 4278 226 8229 5839 8486 9482 948 1886 2638 4643
4966 5301 3895 6291 4775 709 8249 1891 4495
4967 9483 2230 3333 3466 9484 8562 1743 3432 9485
4968 7431 2398 4013 2687 7574
4969 5178 1071 4775 5687 4587
4970 1448 6282 4319 4759 3408 248 1352 5021 9486 1168 9094 2215 9487
4971 936 3435 7087 2114 2879 6092
4972 2567 1444 8353 658 3057
4973 1093 805 558 1208 581 8346
4974 666 1887 807 1054 280 8735 1050 8872 658 1669 4312 1279 6453 283
4975 1453 1155 1008 407 6839 439 757 1004 1206 2810
4976 7060 6240 8573 9488 9489 439 5143 407
4977 9490 1713 2060 8547 4837 904 2882 42 3565 2993 1909 2755
4978 7572 81 4128 1587 2307 103
4979 390 5696 2981 3763 409
4980 9491 2132 3435 4321 5716
4981 3094 1958 4658 2458 1759
4982 312 5077 1608 1614 720 1298 2200 377 2534
4983 3265 2886 508 4487 1923
4984 371 7868 3301 384 9492 1653
4985 2102 540 5099 849 3234 4418
4986 2533 1652 1618 7323 134 312
4987 5344 3276 1377 1829 8985 3283
4988 2154 730 728 8147 1374 3110 2010 796
4989 3397 5439 722 7155 3505
4990 2672 3559 5611 8662 9493 8209 9494 682 9495 4322 4670 6691 1159
4991 484 485 486 6862 487 2854 1530 2857 1532
4992 9496 4323 1085 1186 3048 9497 4139 7473
4993 7967 3365 1916 5887 4596 4876 4225 9498 5252 205 5770 6778 3382
4994 6078 6705 6536 4545 5249 2540
4995 81 3492 6352 5170 5
4996 4181 9096 1109 2183 2114 8071
4997 9499 3009 1068 6405 5155 1895 686 264
4998 6954 3810 3038 7498 2723 1112 3404 5168
4999 7520 3763 4535 1126 2527
5000 8756 4298 673 134 1238 2843
5001 371 4710 8485 2568 5855 9500 6946 7974 407 1406 6988 3480 4205
5002 5561 3569 1822 63 1003 1884 598 107
5003 8912 2617 9501 4813 9502 6082
5004 5205 3797 6141 2796 3423
5005 5323 902 2584 904 4213 6044 4606 675 5619
5006 4129 3538 2083 5390 3410 97 6192 2188 3722
5007 3881 944 1132 4951 5829 5384 628
5008 2643 6016 4362 1486 6040 1417
5009 7486 2368 434 134 2160 505 4636
5010 1232 3025 4821 1489 4766 4699 2397 8629 5461 3916 1258 3785 7258 9503 407 1561 1499 3338 9479 3039
5011 4183 262 3999 8001 3913 1938
5012 2130 2722 2942 2960 1303
5013 2245 4414 1082 801 98
5014 9504 1393 2778 728 429
5015 9023 651 5063 8030 2044
5016 7163 8319 831 954 3203
5017 8094 4542 2980 5991 6362
5018 2655 1842 1797 7642 441
5019 3438 5506 9239 373 581
5020 1653 109 2370 2716 4658 1435 3444 5747 3146 5978 3195 1254 254 7685 6474 563 657 1815 8150 792 5872 9351 8872 1457 5170
5021 6341 5656 6974 2906 3191 3358 451 811 808 6921 9398 1797 8037 1781 778 248 5271 423 5389 6761 3214 115 1048
5022 1315 1150 9084 766 7736
5023 4743 4794 5004 4654 2866 2535 5181 7078 901 1008 1787 3771
5024 2808 9505 2702 262 5616
5025 1253 867 7811 3021 872 1159
5026 9498 4986 5752 4364 2646 6617
5027 90 1151 4837 7050 9415
5028 9506 2143 6936 381 409 2540 1331 4341 2534 9507
5029 6788 3797 3412 5090 5997 852
5030 7543 6861 5410 9334 2028 1020 4996
5031 286 850 9256 4732 395 3033 852 6399 7394
5032 7295 2890 5050 5846 5511 373 4598 1679 3409 1861 7055 3129 3077 1225 682 3419 1457 731 5308 2810 128 2093 9508 1427 939 8087 157 5450 4589 8127 7378 4511
5033 1151 5928 2058 1422 929 2781 3991 4566 2387 7839 3205 6142 248 2741 967 2094 1098 2496 6704 2008 8025 4773 3322 2376
5034 1354 1711 1361 7558 2890 6124 161
5035 9509 634 1555 9239 7372 9510 171
5036 393 5981 5982 596 6870 3838 2065 1838 988
5037 3780 6434 9057 1736 6736
5038 9511 1908 593 5153 3946 9512 2249 1050 3148 5967
5039 5875 123 899 5603 273 965 5456 407 732
5040 6213 4743 3543 1450 9513 6125 198 5528 5227 2325 1340 3699
5041 1223 1387 38 1224 1292 1227
5042 9501 2391 1310 7804 504
5043 1356 5555 7369 748 5234
5044 2927 7531 3228 8548 1242 5463 134 371 1204 2611 3967 4852 52 8251
5045 642 1948 430 8530 2550 8529 1118 3729 4452 4797 1249 6 8108
5046 5629 9401 541 9514 9515 8868
5047 3491 2365 8177 689 9297
5048 6118 1629 998 2020 6337 3228
5049 9516 5092 1058 7377 1421 7048 865 2065 6250
5050 8297 3818 1079 9517 5859
5051 9394 4587 3971 7465 21
5052 4555 7392 757 1713 9518 2597 3970 9032 7734 6602 237 9490
5053 1738 366 4557 4930 196 1677 7719 3510 1709 9519 3969 9520 1273 6396 1352 4928 2901 8420 388 189 8996 7673 793
5054 5301 476 9521 3589 257 2742 134 4066 9522 7083
5055 954 344 438 2587 5033 561 3079
5056 1615 3729 975 441 8583
5057 9523 2845 66 4664 6355
5058 9524 2527 561 8810 898
5059 2491 261 134 6298 9137
5060 4525 2396 2766 755 9525 5336
5061 7151 6508 7969 6 4211
5062 1298 5012 9526 8488 1613 264
5063 9142 80 3626 8233 3404 37 4197 8846 7830
5064 174 1159 7330 6651 5782 6207 2784 697 1446 5595 9527 9528 2369 1239 2591 1238
5065 438 714 6925 9529 8693 3856 6102
5066 318 2090 2633 9530 6856 953 529 681 524 3406 93 850 7117 2102 846 97 198 63 6624 535 8909 9531 2598 6457 2592 52 3529 7293 5556 4386 1273 1565 3492 2041 1096 1083 291 333 4745 6533 1155 6596 8806 1308 5444 1851 969 2690 65 3472 9532 6520 971 6521 4757 6522 1432 975 937 939 2902 6524 3170 855 977 9533 5178 4752 8916 4753 978 3425 6525 3513 980 159 4755 7121 1431 5742 1105 2100 4758 986 4175 3515
5067 924 3670 2600 4168 914 6739 2867 159
5068 6642 107 4127 7881 5362
5069 6837 384 5857 7679 5014 5517 3486 2254 5343 8625
5070 1075 8257 409 8414 8337 6852
5071 5869 2851 2617 4768 2154 5247 1848
5072 3619 9534 8767 4990 1523 2503 757
5073 2940 9535 9483 2584 3592
5074 3066 4951 8164 4264 6856 182 2178 7415
5075 8175 4171 9536 6919 6779 8667 7611 4822
5076 514 1776 3075 1971 1394 8346 6845 5689
5077 4582 3205 1903 8028 3337 9452 2983 2088 1331 4447
5078 8404 2851 1529 4305 477 2709 3729 5738
5079 9537 4643 2413 605 6229 5508 9538
5080 1892 1857 8078 7223 8050
5081 435 7211 2393 2335 2070 264
5082 849 1835 7141 4742 9539 4014 2458
5083 2181 1564 4196 5197 9445
5084 2393 6146 6823 599 8682 6417
5085 7297 4517 3678 8416 8604
5086 234 3292 9540 6643 3037
5087 1387 1223 1224 397 2156
5088 3778 9443 4507 3440 1131
5089 5098 8211 6299 3300 9541 4516
5090 924 1964 2807 4119 8316 5901
5091 1009 1309 4743 1870 9542
5092 2330 5438 1916 9543 4785 8566
5093 5233 9544 5935 144 8983
5094 3025 6886 7419 847 8232 7883 6867
5095 135 3372 3439 5848 4220 5166 8038 9422 9545 3636 628 9546 9057 227 1997 9331 1130 2111 1725 4577 494 7951
5096 175 1269 5778 9547 5805 1270 9173 7733 2192 1875 9413 1075
5097 6543 6324 5823 295 3425
5098 5095 6107 7666 9219 5574 2041
5099 1090 8724 3013 6166 9548 4088 3531 5195 390 4915
5100 9467 2576 3937 2205 9319 3614 5924 3506 6898 2812 113
5101 1921 228 6364 2369 7301
5102 713 4116 2398 3184 327
5103 3534 1026 1574 32 2119
5104 2027 757 5512 6114 5399
5105 373 1764 1116 298 9549 3917
5106 3414 1619 2191 171 5449 1429 5131 1105
5107 1146 9268 3460 3343 1757 55
5108 1865 6566 2846 1971 383 6070
5109 3072 1331 4203 1071 1054
5110 5110 3185 1003 4047 1508 2028
5111 2920 3904 9550 1075 8704
5112 6641 2367 1872 8549 445
5113 6076 4568 6803 8924 9551
5114 924 3052 9527 287 4168 1622 4948 5308 2094 5445 5368 1637 856 4589 161
5115 2953 3486 1572 2270 7831
5116 1938 6098 5066 3205 1247 2925 4582
5117 702 1608 1892 7438 362 5617 4030
5118 3301 8712 9552 7092 9031 1609 2527 7477 5602
5119 7212 8891 2520 528 5134
5120 245 832 264 6822 3307 384 8842
5121 9553 9346 393 5939 6996 7526 3647 7046 2548 7558 1363 9554 1585 6661 2281 2429 733 1972 3420 5308 1427 1430 1431 3674 1106 985
5122 5600 6328 6772 1464 9555 6101 673 5573 334 5813 1875 1218 6201 5789 253 8146 9556
5123 8605 2114 7188 4556 189 8160 2163
5124 9557 3981 8730 1152 9397 3480 7318 8215 558 832 1264 2991 8717 6253 53 4496 1422 3101 2237 9558 5339 1843 9559 8142 6355 1228 7848 7314 9560 8883 1335 2165 7658 5343 6492 2926 1884 7151 8856 8179 7171 373 51 5835 3972 896 3952 4209 5860 4796 3867 5181 7615 3403 3508 6679 9561 4498
5125 2981 1589 4803 49 3969
5126 266 1332 3625 4716 9105 3289
5127 1522 9562 1053 1329 4529
5128 9178 5143 185 4768 218 2905 3147 2328 421 3044 9285 1003 4019
5129 4823 3443 9546 4339 8162 7136 2823 4571
5130 2890 9152 7870 1156 133 3001 8699 1104
5131 9563 9564 5170 2178 2175 2179 2180 2181
5132 6644 2503 6533 1868 189 863
5133 729 2169 1505 2370 1404 388 4520 229 2174 8993
5134 2371 1642 5719 1374 8509
5135 3002 8099 1116 1888 4555 2830 3968 3967 1759
5136 2527 1479 9565 4261 2255
5137 944 7101 9309 6741 629 272 505 1367 5362 128 2094 1357 1099
5138 604 4400 4789 1453 3204
5139 5750 695 4002 5181 4651
5140 848 1841 3111 9190 9387 3246 1726 9566
5141 4766 7711 4312 8261 5647 373 8781 5517 367 3996 5688
5142 5667 6775 7099 3021 5938
5143 1587 3953 948 3353 581
5144 2733 5506 175 1457 6357 3771 4 6379 4501
5145 1556 6844 3902 7622 449
5146 5414 8755 885 6435 884 6436 1672 407
5147 7198 6831 373 3959 9438 1350 1183 2057 9567
5148 2036 8549 7512 975 7085 5575 6591 6 593
5149 1354 4032 901 1696 7500
5150 5775 5469 4699 9067 1034 4686 2087
5151 5117 3343 2637 7795 453
5152 2148 5072 2648 7040 9165 479
5153 4908 791 1790 3675 426 3969 9568
5154 4823 2889 8826 3343 7179 2578 9314 5724 7364 1361 5917 735 1100 3114 1625
5155 5958 94 4148 7097 189
5156 1658 1263 2811 1705 6197 3601 1655 1587
5157 7215 253 8767 673 264
5158 3477 882 464 8006 668
5159 5333 2820 9055 8456 4894 1296
5160 8321 8743 460 1322 4568 500
5161 9569 8985 2911 5205 232 815 1346 7457 2812
5162 896 9473 4864 5589 2244 5275 6377 7965 581 7307 6342 8339 98 9570
5163 6619 6378 8140 3610 6094 8925 6263 1113 6750
5164 6948 7338 62 7569 1837 8351 4839 7100 4527
5165 4902 8868 4398 1884 5048
5166 5144 1274 2569 393 3230
5167 4901 5475 1653 4688 1608
5168 424 217 6191 642 4834
5169 3561 3072 4902 577 1368 2367
5170 3119 2674 1213 2373 757
5171 4311 6946 9571 4102 3256
5172 1653 374 5686 1609 833
5173 2158 2743 407 9455 7063 2250
5174 3448 253 421 1333 2756 5767 796 2758
5175 1309 1868 2373 8529 3064
5176 373 3601 1196 1529 1154
5177 628 8682 8693 5193 7838 7567 239
5178 596 546 134 5892 8100 7838 1897
5179 2871 185 3185 393 1609 344 7909
5180 178 6668 319 8986 758
5181 223 9354 2550 393 6537
5182 9076 2414 5614 6639 5207
5183 1711 3961 2887 3631 1396 96
5184 2637 9467 5434 2734 3326 6113 9082
5185 9572 3634 7232 5511 924 5494 159
5186 9245 1799 623 2789 8846
5187 9573 5165 320 8235 6324 9574 3801 2907 1842
5188 5679 5614 9469 9575 1330 3757 55
5189 1479 2820 8400 3961 9131 172 159
5190 9448 4475 7292 174 3200 8883 7408 1751 7273 2913 1787 715 1434 2838 8874 408 6241 3101 1186 601 8744 8405
5191 6023 2361 9115 221 1168
5192 2771 3283 5105 2000 3005
5193 1331 847 1614 6158 2429 715 8388
5194 5927 5687 2551 8429 4036 1085 848 6171 30 8564 2616 514 3148 3927 2067 7244 8683 303 8074 7321 2142 3926 1569 6983 1186 4575 3511 2673 6348 434 2375 9102 8102 957 5362 8373 2787 2425 9562 616 5353 1050 2370 641 7724 373 1769 8511 5025
5195 9108 1165 2483 2824 282
5196 3699 1613 373 3117 2600
5197 4384 1356 527 4586 3673 934 6666 2798 297 981
5198 8870 7971 9164 2708 3709 134 1950 903 3013
5199 6437 7164 1516 2964 8036 3184 4591 581
5200 7356 1195 7937 4998 9350 9576 8309 975 641 7619
5201 1825 1875 9577 2660 5160 1172 3241 6098 3101 957 689 937 5103 4635 3719 8807
5202 8433 9233 6920 364 8046
5203 9269 2002 8039 3361 4002 1673
5204 9409 8021 3098 6176 2084 443
5205 3661 4236 164 4064 4145
5206 6952 2370 791 9578 1578
5207 6547 9579 2395 43 7251 2783 1862
5208 143 114 6196 144 5205 110 234 9580 8217 7763 3439 3264
5209 941 6170 407 2080 3649
5210 8069 16 3006 1674 8239 1069
5211 2163 709 3542 3478 5838 282 902 5069 6353 2688 3201
5212 932 174 247 4447 1769 2029 2140 820 1470 7305 1609 2154 2489 3175 5597
5213 1669 2952 1213 651 5 1384 886
5214 2819 3263 2503 1607 6373
5215 2260 771 6918 1511 3698 1094 407
5216 3228 3148 3301 416 5093 7459 7375 262
5217 9581 6982 5514 6980 174
5218 9182 3042 413 6705 9078 2096 2608
5219 6920 371 1745 7410 8875 791 6
5220 3387 4285 2153 2691 329 6771 5370 2255 9183 5429 8000
5221 1827 6573 7270 5501 1875
5222 6482 9582 554 4395 2280 4223
5223 1291 3448 1223 7028 356 1961 5367
5224 1881 239 398 981 3087
5225 96 8021 60 1006 5309
5226 1721 3670 3259 2284 5248 4589 161
5227 1861 2459 1279 685 5730 645 4628 8583 864 1826
5228 9583 6479 851 6140 7118 2026 2937 9399 5776 3082 2283 836 3723 7364 8029 171 446 2194 7120 5307 1095 2796 2525 4586 5139 65 5447 4797 3079 939 5273 6324 855 3468 6009 292 6544 1030 980 3114 1106 3971 2498 4175 4316
5229 687 383 4901 1171 5492 4396
5230 9384 5538 3565 6929 7980 1372 1457 1591 8108 4800
5231 2248 9584 3088 9495 2005 228 90 5241
5232 956 1159 1963 1870 470 1686 7575 2312 1308 1312 2036
5233 2867 4959 4168 1637 1106
5234 186 3937 588 4508 7411
5235 2550 2143 7545 9246 1311
5236 7139 8555 4294 7717 7217 2843 368
5237 3266 436 822 6924 6811 1374 990 371
5238 3969 1435 5768 2328 4766 3975 2720
5239 2362 384 1780 262 9585
5240 1879 3024 4402 2895 9586
5241 5515 9318 3779 3982 80 5400 4964 1736 4486
5242 1773 1659 9587 1050 8916 3541 2690 4182 1726
5243 6704 4116 5665 373 1153 6874 3987 4852 5891 9459 8335 7264 8573
5244 1886 3626 3210 6048 5300 165 352
5245 78 6249 80 783 2723 8348 1018 9398 9588 2989
5246 9589 4799 8934 3079 157 294 980 1104 3114 537 4589 1431 6637 4316
5247 2017 2695 709 1587 5050 3004 5145 3237 164 1804 2139 2114 1865 4277 811 8282 2598 3289 8468 5339 9474 7174 2994 388 5 1609 1159 6147
5248 4119 4785 2886 581 4931 373
5249 7539 784 7028 9329 743 1905 4248 5142
5250 5239 6237 5925 5930 9590 1123 1977 6488
5251 4 1210 7192 4555 2596 7280 2820
5252 7665 1024 8703 4390 2041 1144 1954 29 624 3801 557 7225 7227
5253 373 2644 52 8307 1525 4576 5256 1330 7237 4699 1600 8958 4088 3647 4360 138
5254 4411 1321 4692 3148 9580 642 5917 6449 2956 741 8766
5255 314 369 2812 4587 6439
5256 1494 332 9591 4581 384
5257 1616 3331 5367 1307 7116
5258 2426 863 7622 3064 1971 1382 6382
5259 9436 1994 3023 5408 791 2558 543 1373 1545 2010
5260 8322 15 1632 1430 1021
5261 7328 364 9592 9593 9594 5338
5262 3983 709 3541 7166 203 318
5263 518 174 3288 9353 1720 1465 5708
5264 642 9595 2808 4028 3220 264
5265 2229 311 2725 7510 6378 5350
5266 1457 5269 2558 1456 1007 9596 7262
5267 9488 916 3292 4373 3098 1841 3071 2414 3060
5268 3608 7819 202 7395 6723
5269 913 5585 7402 2 4172 1103 2614 5902
5270 6331 5501 713 1565 4541 7344 407
5271 421 9597 4002 1768 658
5272 1918 675 1565 15 6054 4208 707 110 3037 1342 1020
5273 6384 9598 21 9599 1384 9600 1238 7831 1382 9023
5274 597 6354 7106 1865 5339
5275 6467 3094 704 7892 7587
5276 7648 2620 9451 4481 1996 6453 2812
5277 3022 443 353 597 5188 5948 1191 276 2820 1459 9601
5278 9602 9332 1748 9603 3572
5279 5284 388 1077 3313 2506
5280 9604 1025 2567 5604 275 6836 1172 4352 1274 4836 1359 5541 1034 2301 9605 41 9606 9265 9362 6488 8876 9154 5353 3034
5281 2319 5353 2912 4639 2851 1883 5993 2368
5282 5972 9607 5091 899 7282 4542 2540 58 1790 2000
5283 9608 3769 1669 7493 9577
5284 4455 5092 9609 5096 790 1683 2910 440 5082 2052 303 791 575 8977 477 385 110 9411 9610 1958 1083 9611 8066
5285 6328 7657 98 6197 2233
5286 3715 1177 7596 1143 2255 581 1796 5189
5287 3466 9082 635 2129 4189
5288 3039 4909 6493 5015 9612
5289 6734 6175 4437 2702 439
5290 9613 7882 3295 2830 4436 2047 2193 7864 3657 1427
5291 1170 658 8739 9184 7867
5292 8230 908 4172 6544 6445
5293 9021 174 312 1673 8357 5265
5294 4517 5855 2869 8035 3626 3929 1759
5295 109 2050 1331 6763 1888 4061 6412 3967 2533
5296 3389 80 8336 6883 8852 1166 4951 8452 4342 3265 4988 184
5297 2973 889 62 131 1646 9614 3175
5298 1336 4313 4464 836 2015
5299 5023 4484 4557 1052 4916
5300 6302 824 354 8190 5104 164 9615
5301 373 6124 3621 476 5853
5302 5149 9032 673 3637 1903 7210
5303 682 444 6541 811 2912 5160 3278 1172 2348 7556 4249 561 6659 8783 2536
5304 1325 6731 5598 1233 672 2818
5305 2338 7056 9616 494 3265 6223 5277
5306 4313 4165 8426 5288 6562 6785 171 4958 126 6093 3079 972 6338 2798 1430 2938 537 977
5307 3585 7093 6516 2596 2545 754
5308 8691 4406 681 3295 6173
5309 2217 612 5830 123 944 109 658 673 1346 1320 364 9218 9203
5310 2333 649 2612 5937 6895 7961 634 2146 9399 106 1807 2458
5311 388 7055 229 141 7702
5312 1985 3451 3089 1323 805
5313 439 2323 2675 4312 8074 6613 6614 9223 7065 7023
5314 3160 3517 9617 5644 352 8027
5315 6387 9469 9618 9317 4567 3212 2061
5316 5594 3458 9492 132 6975 4257 3618
5317 847 5493 5852 2795 5247 2066 735 2614
5318 2191 1620 4959 7120 5368 3110 4512
5319 9075 407 2354 427 1645
5320 8400 1619 3030 4948 1637
5321 9489 4759 3429 3838 6929
5322 2705 1892 409 4716 2065 8078
5323 5158 5439 3323 9619 9620 6588 5726 6168 8241 7462
5324 757 658 437 6329 1848 8552 5335 7160
5325 1881 1695 407 332 1004
5326 5271 3924 1815 3096 4242 5608 4821 4552
5327 637 6437 3134 4768 834
5328 1073 9053 1510 4042 1512 6198 8705 6079 1028
5329 720 4858 495 442 3678 895 673 2491 9621
5330 6923 7033 2668 4909 593
5331 8623 8483 388 7398 4015 1881 1695 4888 4487 6304 6651 8525 5143
5332 3006 110 390 111 393 9622 5219 15 6801 5973 917 6118 7354
5333 4397 6972 484 485 486 487
5334 2527 2036 1726 7701 1026 9582 4454
5335 1140 424 4333 824 6479 6788 7281 1423 967 1457 1096 5224 939 2806 3423 393 152 1104 980
5336 9622 1221 657 2617 7685
5337 7592 575 816 643 2879 5728
5338 2642 178 758 3618 4791 462
5339 4958 1634 934 937 3423 5450
5340 9623 2056 3687 3049 167 7754 2218 561 171 2192 723 2929 262 6501 3420 1956 5178 8735 7604 6809 6615 5899 508 1049 939 5319 1989
5341 4140 1519 6450 4139 8324 4494 134
5342 3505 3689 1168 9436 4498 2886 5116 7131
5343 138 899 863 6844 595
5344 1511 5027 8767 1672 1382 5995 673 134
5345 4371 1301 2012 9342 439 6355
5346 2245 2244 402 98 4599 1520 1270 6614 8337 494 2104
5347 2950 7690 569 723 5703 3704
5348 7714 6134 626 2425 1448 5710 9624 9625 3772 9626 1517 1323 4591 6932 688 618 1776 3184 3276 700 8143 4302 352 685
5349 93 7663 3755 1652 3931
5350 6343 2050 8015 6429 4136 3071 1971 7184
5351 52 8048 635 5108 2742 6454
5352 5377 4508 1736 9627 94 3223 4066 2446
5353 4222 5930 6119 2597 6211 1765 2086 57 1308 838 4861 805 6981 1323 3301
5354 6638 791 2429 3845 63 1438
5355 1170 3718 9628 1882 3206 371 5563 4241 851 1264 4617
5356 6972 61 733 3197 3116 5519 5630 8856 9432 6891 6908 7706
5357 2323 110 2708 4340 1809
5358 3715 4686 8015 5165 1664 5869 2993 1246 1805 2716 5612 1182 4093 9629 3810 7500 584 8645 1785 593 5170 5429 8981 9630 8267 3454 581
5359 5046 1024 1138 8964 6202 1658 7327
5360 2059 7580 5409 5327 7122
5361 9631 1767 1435 6178 3711
5362 4780 4009 359 3052 289 1457 1424 972 5368 979
5363 9632 4275 3627 512 3413
5364 7736 629 3139 404 5925 1736 5330
5365 7252 248 1090 5280 2410 3779
5366 5653 3204 9093 6260 3548 2657
5367 5881 232 4441 8940 6634
5368 3196 5768 2268 2734 9633 5012 683
5369 6785 6398 128 5823 1106 5250
5370 5426 4337 2414 1635 9099 3118 9440 720 3735 3323 1752 4038
5371 373 2742 4472 588 5459 9634
5372 6 1356 3672 1096 6503 6395 133 935 1098 4707 3109 2806 2938 2799 7017 980 981 1106
5373 3932 4669 2090 2143 3824 1457
5374 3369 2663 3384 3377 2957 8900
5375 2345 361 5873 5904 9635 9636 1298 9400 4396 8930 2533 3066
5376 4887 2533 5152 409 1274 1225
5377 3508 6304 899 570 1779 9558 2679
5378 376 6222 8900 1808 1397 4613
5379 2306 885 1 4023 3160
5380 5252 6649 1056 927 3895 8951 801 9127 9559
5381 2274 2643 7454 3270 5856 618 5401 5968 5388 939 3352 6666 2362
5382 2965 4001 3582 1049 2527 8817 6128
5383 7142 1055 5536 3419 5642 6656 1017 1578 9334 3151
5384 1249 439 7423 4497 1331 1573 4430 1239
5385 7882 3952 7956 667 9195
5386 2296 2416 7975 1822 5366 601 280 388 4188 2431 4354
5387 4220 8979 431 8720 1845
5388 7059 1488 8787 3881 6013
5389 3301 6830 650 651 384 4902 2952 4440 2302 904 7213 574 6651 1974 673
5390 1550 793 156 1224 1227 1294 3020 8192
5391 3547 6213 9637 4204 2158
5392 9113 6744 64 593 52
5393 7656 8728 3529 9219 5174 1785 109 6401 231 2435 2476 298 2143 1900 1307 4591 557 1144 9551 6338 8901 1016 6778
5394 6859 4867 5630 8235 3266 5683 1759 4409
5395 1197 9387 4082 958 3594
5396 9176 995 3983 8468 2113 4805 2112 9638 2222 2388 1920 4561 3003 31 8870 4677 4363 7369 1529 5136 5055 4641 1322 2175 2181 2418 3153 5903 8139 927 3321 6538 6406 781 6079 1776 3642 3184 805 8467 2218 5403 6242 1659 610 2977
5397 4325 4233 2891 1876 9136
5398 9639 3882 1125 3037 6495 1612 6968 3256 6673
5399 1075 569 3933 3855 3395 3635
5400 1050 3015 3749 49 1667
5401 6665 6603 9640 4906 7729 5078 1
5402 6913 3050 7948 9419 7779
5403 7137 367 3068 1325 846 4119 3556 8796 6718 6533 4757 7936
5404 5856 6727 4481 2198 9641
5405 7750 1270 9642 1385 185
5406 5284 724 725 726 693
5407 9238 1752 1298 561 6601 8352 3601 5228 143 7036 5200 9307 3901 3668 588 555 851
5408 7130 7575 284 523 6480 1365 1095 1096 128 129
5409 3881 815 7550 8279 1879
5410 2710 9643 439 442 134 373
5411 364 3160 9203 6825 6811 254
5412 9464 2081 785 6856 2616 5956 2376
5413 4416 9644 8108 4797 1027 3429 2499 5984 757 6753
5414 4077 2820 1950 908 929 110 6528 7977 273 6579
5415 5376 2769 7131 863 9645 1248
5416 2602 4632 5994 909 9646 6980 6391 4844 2130 6108 8846 6059 8051
5417 3595 9522 2250 1550 793 9647
5418 2747 7622 2168 2830 5712 6338 1379 1394
5419 3881 6029 3357 4845 373 109
5420 6507 2476 6736 9648 2472 4197 4951 1608 9510 7920
5421 6326 4787 5528 9240 381
5422 6560 1075 4248 3651 642 3219
5423 373 439 704 5568 2272
5424 3530 7711 6989 6991 3184
5425 5806 700 4439 1731 203 5508
5426 7365 129 2049 398 38 9348 3543
5427 5402 8693 9515 5182 115
5428 5471 590 4225 670 8037 2221 6316 264 2879 253 1238 2039 1554 1455 4865 898
5429 8962 1551 2369 7034 1040 1042 3383 360
5430 2633 663 492 3650 424 1197
5431 793 603 8816 143 1387 3949 1904 2156
5432 3105 925 6395 171 1430 2285
5433 1055 2413 955 873 877 9324 7985 2466
5434 8705 8927 1137 4245 8720 9253
5435 2668 6185 8287 6361 1829 321
5436 9649 3740 3964 3035 2730 424 720
5437 231 8341 3186 6876 97
5438 8595 2605 6440 1346 1692
5439 2162 52 1037 658 1446
5440 4433 2812 4431 7469 7836 502 217 5027 8402 8403 1208 7734 3539 4752
5441 3678 4738 4266 1957 1958
5442 3900 3475 8618 7836 5188 2053 3988
5443 8348 3785 1321 90 1 8642
5444 7140 3787 2944 6147 6446
5445 658 407 8258 527 1225
5446 484 486 487 2854 2857
5447 2398 4795 3969 2682 4697
5448 8452 5811 4727 1151 5022 2211
5449 1254 1063 2933 2928 1255
5450 1570 1228 4938 686 7958 9650 7421 8893 3850 9290 7939
5451 6516 2241 1848 2304 2594 1323
5452 2266 5840 595 2140 1086
5453 3609 3901 4446 7147 1218 833 4378 7113 4762 407 254
5454 2083 7890 2380 3421 4555 1647 65 5902 6636
5455 3828 2793 1580 7894 8974
5456 3493 218 4686 1666 9456 6644 7100 899 6329 1201 8282
5457 439 6122 109 582 2327 4675
5458 896 1783 3470 1667 170
5459 5001 9033 2232 5735 875 1118
5460 50 9271 7783 6032 3481
5461 7122 7458 9651 5955 1466
5462 8129 2155 7499 4699 9316
5463 9652 373 4555 8501 560 3552 5782 6687 5104 8404
5464 9114 6187 1031 4814 8168 1817 2022 2543 8951 9500 9186
5465 657 5933 2421 8957 7500 1063
5466 390 479 1077 392 348
5467 6213 2154 8864 9350 4331
5468 45 1354 1050 2027 9653 2548 3992
5469 5033 3080 6626 2914 7065 4487 7483 8408
5470 9654 6152 9063 8857 9655 1050 4562 1866 581 27 5023 5160
5471 4921 2864 3615 5822 8230 3672 292 1625
5472 4234 262 6655 267 264 4396
5473 336 9656 1350 6644 3391 5545 1744 5036 3239 5994
5474 4021 2023 8858 3841 4617 8542
5475 4835 846 7555 4669 1846
5476 3930 189 811 7503 3985 4302 4487 2899
5477 2883 373 5743 5033 5386 6664
5478 3160 2877 4195 7841 2313 3081 1941 3999 3832
5479 2690 9611 1238 8637 2545 9305 1672 1382 5919 4645
5480 302 5506 348 229 134 3620 2710 598 5517
5481 2527 1125 1713 7308 642 1356 1424 5368
5482 4861 9657 7014 2134 3117
5483 5336 7347 8649 7302 860
5484 2621 3602 1075 304 5509
5485 2695 3111 1652 2139 4508
5486 2535 6282 5219 1448 899
5487 8406 6409 1046 8597 2374
5488 3230 8999 2369 3214 4298
5489 687 9658 4266 1369 4501 2057 4801 2373 306 9659 6173 4644
5490 3542 5102 452 710 8724
5491 2885 2183 2765 9660 3702 2844 9100 1367
5492 7201 387 6189 1663 6143 2702
5493 1399 2313 926 5288 3082 8014 1723 373 972 2980 3109 526 2983 3110 1430 159
5494 364 4207 1902 5534 3406 4217 2911 2971 591 171 8012 6395 5090 247 5308 1097 292 3110 297 5451
5495 4261 1394 5 234 6416
5496 5509 6938 90 6355 8913 2584 8211 3237 7034 352 567 6038 302 9550 2915 5922 148 1584 1759 19 1000 532 3150
5497 5071 8552 1769 4075 5792
5498 393 2143 9661 3207 381 9662 894 2730 1833 9354 477
5499 6821 84 9228 3133 2018
5500 673 895 1406 1573 683 2076 1660 1671 1674 1250 7505 1840 5918 6616 4529
5501 1411 3390 9663 8037 1812
5502 384 656 2533 2527 2924
5503 9664 4119 9665 1308 9434 5278 1554
5504 4223 1759 711 2449 3434
5505 3980 6116 5093 2354 5534 3938 1667 1230 6051 540
5506 3374 2383 9666 3386 2333 174 4772 1754 2591 618
5507 352 6929 7290 9667 5954 476 1467 109 2760 4063 3171 214 9668 7141 505 461
5508 2158 2191 1834 165 6542 5308 1637 856 5248 1103
5509 7364 1620 7776 8474 6071 5450 159 5998
5510 3021 676 9602 9669 8069 1601 6410 2847 5634 3900 3307 7388 7819 5693 312 9554 950 8661 7954
5511 8799 1083 5406 5246 2307 611
5512 87 889 1386 7962 8078 4402
5513 3670 9670 6161 199 7545 5263 7741
5514 1274 7810 9671 1921 1674 801 254 2394 7640 115 5319 9089
5515 2249 7358 42 9621 2670 810 4817 5525 2787 9672 4437 6749 1 661 1862 5296 1426 1098 8220 2557
5516 5051 3907 4075 2715 581
5517 2527 3022 3755 9673 2886 1614
5518 3074 2868 5517 7617 380 384 8760
5519 2502 9674 4503 2192 1841 446 5313 1208 8966 2049 856 6171
5520 1679 2443 2366 4815 6861 6855 1893
5521 2300 618 1323 5504 1802
5522 8926 1658 5777 2587 4013 3508
5523 513 373 477 1751 1331 646 253 122 111 3219
5524 5836 2244 6705 3801 4545 2836 2397 3168 4119
5525 8380 2533 8932 1627 8301
5526 9502 2049 1972 5058 7757
5527 7589 1008 1340 3242 5308 9675
5528 2522 9676 266 261 5425
5529 42 3816 3474 2852 2690
5530 4197 4759 373 2865 1718 3968 1759 3730
5531 9677 8145 3116 4102 7944 5689 9320 6643
5532 9373 1186 3009 3973 1803 4673
5533 5687 3650 1085 8648 720 5845
5534 8727 666 999 280 3968 3967
5535 1755 7171 1662 1200 2388 2829 1952 31 5509 9678
5536 5928 658 1511 9679 9107
5537 4008 5891 2334 3842 4711
5538 1196 673 3902 1401 562
5539 3916 909 564 4194 4515
5540 275 1785 8254 4877 3771
5541 108 9071 1043 9295 9680 5189
5542 8144 904 4486 3730 1289 424 437 110 3894 3262 1868 1862 6242
5543 4901 3763 2345 312 1974
5544 3770 1425 2226 9030 1551 3580 1891 3917 6046
5545 4578 654 5700 4885 4324
5546 1647 373 272 591 2241 407
5547 7177 8942 7715 134 2810 560
5548 5981 367 1960 5788 581 4257 3902
5549 477 264 253 2280 1573
5550 6064 2158 2953 1339 1752 3623
5551 5679 3343 1581 1912 7674 4041
5552 2163 1331 1329 5011 4769 2467 4430
5553 1334 5349 315 242 2931 2421
5554 9654 4528 5989 6679 6079 127
5555 9681 579 5995 3013 7943 2714 5115 2176 4822 5969 4699 521 329 90 6956
5556 388 390 4542 833 2431 5219
5557 4129 2071 38 39 40 398
5558 1740 3508 2316 2315 1905 5606 2321 2982
5559 6574 7869 7262 348 6 527 9682 168 5248
5560 7824 6844 7138 462 9683
5561 4204 5230 5632 6427 1633
5562 1437 2158 2503 482 5457
5563 3940 111 1050 2327 7630 5785
5564 1043 9676 5698 8688 3048 2239 9104 4877
5565 6255 7048 1221 657 8769 8967 8484 5341 902
5566 38 1224 6447 5214 40
5567 5 502 736 851 521 1454
5568 7160 6259 167 7574 757 1462
5569 870 6537 4606 9405 1958 1957 1457 4627
5570 6626 7273 3116 2129 1445
5571 687 6822 219 7819 7053
5572 4881 4780 6420 5730 92 1858
5573 3475 4768 9186 4409 6314
5574 2639 3233 1776 5232 4910
5575 9088 2212 3184 832 4724
5576 7735 3745 5109 1242 1593 2502 3255 5571 9684 323 1026 2505 4 2503 6003 63 1903 8530 122 1270 2610 3080 2311 6790 5026
5577 5736 3466 9685 1343 1226 9686 1299 7179 831 1273 2354 2993 1422 1825 6466 4722 2898 791 40 636 9687
5578 2027 885 1993 658 3845
5579 824 91 6660 9688 1767 9204
5580 9638 3601 8499 3659 684 1815
5581 8144 5949 134 1407 5188 16 5718 2323 2733
5582 2921 5349 7464 1604 848 1565 9689
5583 5118 1013 805 5966 2689 3820 6202 7342 5203 9690
5584 3607 5610 1009 2756 755 275 15 757 6653 9506 791 1356 1075 1004 1669
5585 4059 2453 3338 2209 3376 5100 7319
5586 575 704 8741 3769 9691
5587 7062 1881 4787 7867 373 3207
5588 6786 6090 6500 2112 6293 7193
5589 6437 2820 2348 597 7474 3882 134
5590 5614 1669 1250 8824 4032 901 2241 439 4652
5591 790 9692 1190 1454 2913
5592 5727 651 2266 3321 1083
5593 1587 1328 5082 4964 9693 7231 5839 2822 2904 5977 3351
5594 2026 2794 4124 352 4170 1634 5278
5595 384 6331 9694 8061 601
5596 3689 5327 1050 1455 5281 8672
5597 7398 1757 4066 7124 2153 5394 9342 8097
5598 2815 4058 2398 4811 3111 8685 4054 899 4150 1529 6
5599 8399 7466 63 2052 1808 471
5600 6915 5690 5574 5219 7068 9695 9696 9338
5601 9378 6090 7736 8450 1304 5082 7456 5251 4968 7704 6925 3900 9697 9340 2111 6225 2287 3163 9545 9147 9470 3348 7275 605 6091 105 7001 7199 465 2411 9019 4294 298 244 5397 7956 1151 5159 8398
5602 2397 7114 3294 29 2403 1511 109 2020 1322 146
5603 2433 6462 458 6375 3715 7497 5057 2647
5604 9606 4930 9328 1170 4132 1857 4849
5605 5604 3709 111 9009 75
5606 4052 2550 1208 1434 2070
5607 9367 6204 3163 2218 6720
5608 174 421 1133 7217 1146
5609 3881 4335 2662 5783 651
5610 1912 4338 9498 4226 7815 221
5611 810 1311 2103 847 2136
5612 1797 5435 3529 6292 1409 4509 8624 4388 1027 1321 3950 5205 9698 1026
5613 5140 3820 4403 4155 1635 344 9069 651
5614 7752 6336 3797 928 1034 8316
5615 6672 2278 4535 5874 5518
5616 4009 6740 2462 9699 203
5617 7478 1501 7217 5076 575 4402 4697 2830
5618 9700 439 591 493 563 2853 3830 2023
5619 1881 9547 9617 1028 4655 1960 439
5620 1608 720 475 258 134 449
5621 684 323 4034 6566 384 5314
5622 805 5481 4970 6549 3490
5623 961 3614 3696 1210 7560 1082
5624 427 1330 2556 5081 8970
5625 6682 9701 3138 390 9382 2706
5626 8311 3701 9702 388 38 6595
5627 9280 5933 1551 6019 6122 6209
5628 5205 2143 901 4248 4032 180 439 3969 4707
5629 7150 8395 5576 791 5700 2267 2636 604 2027 7407
5630 1270 3729 302 8602 1285
5631 2112 1589 1375 3577 3712 9703 8827
5632 4066 4151 1083 3430 581
5633 9086 7007 9704 1495 1503 9688
5634 3986 2438 3191 4666 5323 7426 7163 797
5635 9083 8079 683 9084 7027 4697 1189
5636 2637 3102 5257 3742 8337
5637 4594 2427 1692 405 9185 6784
5638 3517 3756 7085 1641 3668
5639 3763 5426 1614 7053 3604
5640 5082 8107 6150 8573 144 8292
5641 437 9049 5505 9705 5504 374
5642 7086 5843 625 429 6724 5069
5643 4785 8995 6792 573 6840
5644 9423 1225 311 1597 1203 6759
5645 6702 3620 2696 6118 8262
5646 1058 8152 7526 9706 8903 9505
5647 50 3171 4436 9707 866 5275 2124 5617 5339
5648 9708 9194 527 4887 3770 1434 1006 5782 3099 6159 6486
5649 1527 390 119 1158 7642 4616
5650 9030 6940 7406 1054 18 279 9184 6702 1006
5651 96 1407 6522 3082 1006 402
5652 1647 899 9709 7503 7830 3748 7586 4796 2311
5653 376 1225 5426 5105 5428
5654 5217 1294 1223 396 1224 3500
5655 6706 5749 1869 2687 597
5656 384 4906 7972 4867 9710 1787 1858 6105 7324 1635 3207 312 373 344 656
5657 5631 2514 1767 697 5764 4877
5658 219 2365 642 3525 5313 2868 8397 6086 8199 3219
5659 707 2215 404 1305 9262
5660 8033 2597 9711 3136 6209
5661 3969 8396 373 52 6798
5662 4280 8191 85 2550 7521 1783
5663 90 1109 6674 94 1488 5495 8635
5664 651 642 2491 1283 299 2533 652 409 4529 4091 262 9712 312
5665 9713 996 2995 1833 9714
5666 3226 3614 8739 6332 9715 7865 847 4997 4423 8812 791 1374 5261 3254 938 2058 8855 9716
5667 304 4872 7944 2338 111
5668 3799 1574 3113 3325 5170 8589 6058
5669 1573 6470 2730 5918 3843 4157
5670 1417 388 1159 895 9717 4529 6907 6289
5671 9718 329 2693 3470 4956 107 1659
5672 4631 1107 9719 7370 5925
5673 3076 7235 9720 9183 1709
5674 5230 1674 475 8372 8660 2398 5600 2159
5675 5015 961 3199 9476 5880 4707 9369
5676 3107 7869 9721 7471 5345 439
5677 1079 899 4120 2871 57 7463 5118 3116
5678 1556 1692 1690 1816 1543 2859 5556 5679 8054
5679 171 126 2194 291 689 1099
5680 878 180 6702 658 6709
5681 1768 376 8192 1544 3338 2048
5682 1653 2345 1974 300 5781
5683 9722 1658 1076 197 3172 7174 1196
5684 2605 6941 9723 226 3821 7073 98 2056 6545 4227 7165 8703 6054
5685 110 2287 2411 597 1331 2163 6974 2788 237 7884 8320 3115 7094 5277
5686 6906 312 4601 6357 1369 4537 5918 1383
5687 1850 1508 1919 4654 5289
5688 6190 8775 6632 1657 3228 5367 8470 388 4478 2360 3006 1369 6446 8242
5689 4881 6947 1735 9040 9724 4165 6 3600 6781 967 1339 6204 3419 5631 728 1424 8213 821 2806 8775 5391 4510 6656 1521 1208 172 987
5690 2148 5375 714 7974 1499 6432 368
5691 4280 8852 181 1189 9725
5692 6948 8355 4475 9726 4375
5693 3538 517 439 4793 6973 1884 6453
5694 4768 1249 1196 2939 6178 4906
5695 2527 3763 5312 1616 373 262 312 1971 6158
5696 7472 1792 9170 7386 1204 57
5697 1741 9668 1787 960 2790 9648 2201 4053
5698 9727 1825 2675 6352 5170 1664 4183 6305
5699 3572 8687 8188 8382 3964
5700 1529 6792 1802 8674 7631 1573 2282 2730 4079 574 1857 4416 1888 4209 134 9494 3905 755 1618
5701 1867 3547 1379 8789 1377
5702 9723 3937 7806 6138 7207 2324 8731
5703 8372 2708 893 2899 7830
5704 3443 9259 3444 5400 7542
5705 384 8149 2088 9728 1950 8283 2784 1949
5706 7587 8312 3067 7498 90 3131 5952 371 6827 2751 4548 1948 237 9521 8396
5707 2518 5549 4759 3748 5066
5708 6626 5104 5524 5061 8635 407 6222 5742 4526 1421 4686 588
5709 52 2056 3917 882 673 9460 3650 1600 208 217 409 7357 1357
5710 3066 3615 2387 2079 897 787
5711 7572 5069 761 115 2049 1864
5712 8154 7548 1250 6561 7643 1769
5713 9729 1490 7028 1489 2060 1689 9730 8836 4309 4703
5714 682 554 7304 2961 1075
5715 3847 8556 7026 1406 5765
5716 3257 3418 1156 1723 7645 7349 5449 6544 1429 293
5717 262 4502 3526 4397 3900 917
5718 9505 5160 1505 6347 4667 9731
5719 3102 7431 5625 4381 5958 707 709 936 1218 8340 1718 837 1004
5720 390 3138 6308 1527 388 9124 9704 1674
5721 8347 7769 9732 2707 1560 1785 5357 805 3056 3039 2218 4528
5722 6133 1716 471 1704 757 6257 8032 8535
5723 6421 2641 7503 6017 5757 384 7317 9733 5161
5724 1387 396 1223 3563 9042
5725 500 1328 3401 9666 5400
5726 232 9734 9735 3121 1862 663
5727 2993 8044 5954 9736 7505 6063 8683 3147 340 4895
5728 193 1283 6225 599 597 641
5729 273 2953 9722 474 4446 8664 9737 5086 5779 2385 1118 193 4839 9208 6706 793 55 1427 600
5730 9100 3253 2449 2359 6713 6749 905 2355 4627 9738 596 9739 1046 2611
5731 1551 5626 2034 5456 9484
5732 8494 757 1055 575 1854
5733 479 2006 1025 3845 2369 2368 391 9574
5734 851 3099 9617 2080 122 6088 3676
5735 9238 347 7406 1457 4880
5736 5489 2502 2825 561 5181 7802 1010
5737 1075 217 5313 1 6281 471
5738 2189 3615 6457 3123 3469
5739 4 2373 1046 7088 237 3965 1056
5740 8523 3356 1911 8897 1912 2790 8748 8333 7795 3346 3264 3791 620 2601 7773 4197 9740 6262 8669
5741 2533 8649 4241 437 122 3064 4476 2830 3967 581 2505
5742 4902 429 2124 3082 384 1083
5743 9690 3004 4763 755 1667 2324 2654 4375 673 131 3726 7593 9049
5744 3723 9741 3468 8459 2798 1103
5745 40 1292 1745 1223 3989
5746 4999 6145 1308 728 2555
5747 6713 9048 2404 1083 5 6409
5748 1900 8200 9742 694 1084
5749 178 2820 6 9101 1369 969 641
5750 1970 2558 1785 704 7392
5751 1308 4643 461 5337 6287 1159 418 5365 6201 4241 6168 6718 1851 971 6717 969 3512
5752 3881 1254 7317 1868 685
5753 2266 8513 1251 2061 2230 2663 9666 3445
5754 2944 456 3791 8979 4197 4335 3386 4841 80 629 9537
5755 2071 3052 2794 2805 446 2192 2194 171 4360 4855
5756 803 5038 7827 2308 6338
5757 4688 2966 2527 577 1614
5758 2789 7976 2064 7299 4705
5759 4 5047 7664 1178 901 6639 3757 4539
5760 2135 1225 1387 38 2156
5761 5697 4954 40 3086 8848 4174
5762 4596 2637 1985 3661 2472 7916 2959 3390 5609 1181 2243 8536 3779 5117 3377 3273 456 7456 3156 622 326 2663 3382 2079 3067 2666 3008 5512 5909 1225
5763 1210 2551 3977 9068 8903 4713
5764 2896 3037 1262 7560 3150 3151
5765 2740 2737 2070 312 5954
5766 2656 4601 2029 685 407 899
5767 6326 1371 4412 6 2385 4826
5768 5527 6665 262 1026 3617 5188 8805 142 4790 2597 1680 3176 471 1565
5769 1223 109 4686 8258 560 1455
5770 2847 1086 2544 4182 407
5771 8069 1075 5278 3329 439 5078 4901 5597 1937 3116 247 5277 8323 2892 581 3465
5772 3043 1457 2894 437 275 2158 1891 1373 733 1878 7167 254 9263 8659 8348 5159 7206 1148 1332 476 78 7858 3256 3679 4294 7495 5977 174 4040 1707 262 2132 5620
5773 6914 4399 7243 1573 8997
5774 1075 323 2398 285 1125
5775 5943 9695 9743 7824 1833
5776 944 4480 5128 3257 3723 1529 2795 6485 9414 1156 8380 2812 8966
5777 8798 3429 2280 8687 134
5778 9066 7758 5822 8314 5388 65 735 1637 3423 8884 172
5779 944 384 2112 7000 2380
5780 8074 2155 156 4817 3168
5781 303 6984 4042 9744 2217 4789 7034 8938
5782 6429 9745 4929 66 6116 2088
5783 1108 4333 3488 9397 5170 9746
5784 580 599 384 4840 1991 2956
5785 4294 9064 6059 4971 6501 4498 5925 4366 5142 4821 9266 8188 8853
5786 2522 3996 387 379 6225 4393 7803 4455 7819 5421 1555 1614 4738 2527 5512 89 9747 1958 167 4246 171 4119 8698 5012
5787 3185 4317 4392 5063 8147 7385
5788 3505 3506 909 1168 6927
5789 866 8309 4012 1225 902
5790 9290 3725 9185 3678 4344
5791 3040 3881 6233 3942 692 8499 5955
5792 4433 2357 5134 71 3057
5793 2348 6751 9748 167 2126
5794 9749 3869 3816 1077 9210
5795 3941 5586 1622 7579 6395 5445 2107 3079 1030
5796 1253 1967 2206 393 8615
5797 5190 714 5043 2368 3477 8289
5798 9750 7906 441 1451 3175
5799 8663 3802 1320 8754 1507 951
5800 2112 1923 410 6704 3816 277 5143 1926 1186 6800 2716 2816 1308 318
5801 5827 4864 7126 597 6355
5802 1198 3191 9584 6806 4771 6924 9104
5803 19 8448 3116 1751 1050 4323 5679 7434 6420 4464 5277
5804 6964 1269 2061 3461 5411 4542
5805 312 3241 861 1253 234
5806 4861 4043 681 2069 5418
5807 6921 1909 2289 405 9244 8263
5808 424 1825 1752 821 2916
5809 4278 2178 2175 5371 2181 6932 4277
5810 2727 1075 7431 4675 4350 2837 2481
5811 2476 3528 3365 7395 2458 9751 1439 6137 8649
5812 2986 4066 322 9217 7048 4318 1511 439 2769 4065 4699 393 4475
5813 5016 2490 1409 6338 9071
5814 1150 3805 5348 4254 1972 1427
5815 7698 4043 5816 2027 7428
5816 9271 8432 9615 9547 3265 3053 8346
5817 246 8549 9752 2034 1113 6941 4457 786 386 8460
5818 623 8471 6800 105 1971
5819 3866 1881 6473 6856 2978 2989 5981
5820 3473 6476 5367 6522 9753 6355 6420 2868
5821 5148 679 6749 4664 984
5822 7795 59 2354 942 1621
5823 6005 4569 2663 2274 6884 3270 3347 4949 1652 213 1607 8217 2853 8318 5705 2527 384 165 9670 171 9244 1606 4042 970 1307 2812 5406 6595 3857 5096 2807 6530 7017 161
5824 5903 8139 3049 3050 327 4172
5825 3729 110 1279 863 6553
5826 2630 7858 131 6 373
5827 1990 2633 2568 2106 2947 2771 3041 371
5828 5277 870 1159 2030 5458
5829 5228 1374 3668 9238 3175
5830 3690 3710 3565 4187 5658 5261 4518
5831 6551 561 4680 673 6373
5832 5534 956 5045 4009 9662 7969 6542 1620 5007 3512 934 2308 937 5732 975 2798 3110 4750 1106 6525
5833 3900 298 6573 3607 5699 226 2710 1669 3492 1330 8710 4560 2746 130 1750 546 9200 4110 1686 3337 371 2250
5834 262 3230 5367 4486 7209
5835 9221 8043 2134 5333 2404 71 7864 3509
5836 135 2707 8038 3343 4010 5436 1409 3753
5837 7469 6749 1074 1884 2117 8328 232 5211 1153
5838 142 4449 4747 757 1028
5839 1580 219 6480 5491 373 1608 6 1096
5840 6827 1667 3755 4301 8878 1372 467 1734
5841 6294 1158 1829 9053 470 4327 6509
5842 9754 4766 1817 5234 3473 8509
5843 5668 3365 710 1228 8599 9462 5057 3989 3990 1515 288 6443
5844 5092 4 1870 9755 851 8961 3668
5845 7120 5459 2424 1723 7269
5846 8468 630 6477 7618 9510 7113 1662 8613
5847 5561 109 8036 88 3506 7003 3481 890 3059
5848 437 262 9756 1905 1090
5849 1159 5739 1870 8517 3465
5850 3134 616 9757 851 4237
5851 5233 2032 458 4459 9074 4425
5852 3505 3506 1168 1499 1490 9746
5853 2343 5770 5933 243 5417
5854 7785 2886 9758 6971 1745
5855 9301 2715 262 7754 6974 9431 650
5856 7088 318 2374 52 2511
5857 1221 944 8215 5520 2124
5858 391 1523 6825 275 1654 2247
5859 1887 7236 2027 1271 432 8104 3733 1784 5274 6098 9134 9620
5860 3626 7327 7317 5642 1842
5861 1461 5575 2154 9759 588 2591 1587
5862 384 2503 720 4234 2428
5863 6074 4960 1233 4119 1277 7301 297 1106 4590
5864 90 3742 282 373 1542 1591 4654 279 7808
5865 6826 87 110 1667 5784 2545 1397
5866 3361 3739 604 6888 8533 5870
5867 6386 5691 9035 2702 1645 7701 5500
5868 3802 5439 7853 5225 302 6933
5869 586 3098 264 1641 1545 8681
5870 2266 2433 8975 3267 80 9298 2434 1253
5871 524 523 5445 2980 3109 3423
5872 3389 2602 9760 1479 473 1186 3213 2458
5873 926 4412 6896 1003 1979 581
5874 4625 2674 788 6419 1732 673 5582 5534 2446 8489 134 1672 9391 2068
5875 1598 5760 9228 6168 9251 4476 7694 9761 373 466 1884
5876 9762 9001 9385 2302 1027 905 3969 4085 6457 364 6200 6727 383 7596 1283 6465 262 303 8378 409 3431 2856 4752 1101 4870 264 5673 2073 7015 4797 7905 2565 4530 9763 437 3514 2321 8017 2374 8765 7186 1432 9323
5877 965 7870 1634 291 4585 4948 2798
5878 6173 2019 1667 3889 1368
5879 2041 1825 906 3683 8851
5880 5067 5068 9637 5521 340 5726 6555 2503
5881 8655 7737 2308 3526 7543 9408
5882 388 1405 1152 873 7647
5883 2397 4810 2950 6906 724 71 1662 699 9126 7701
5884 6455 9169 2000 6229 714
5885 4130 2990 3017 2953 1958
5886 9764 3729 3458 4973 4127
5887 9717 3184 9765 7661 3505 3506 4310 8989 901
5888 4901 4375 2705 409 4535 2966 2773
5889 2071 1627 4305 3895 4118 384 5450
5890 3600 1632 533 1407 5308 2027 9766
5891 5926 3582 4666 6868 4110 1614
5892 28 35 620 2647 804 4597
5893 9767 6087 2766 927 7748 9768 2839 3129 5576 7419 8410
5894 1930 9594 8242 87 3596 1088 5683 3498 6246 4913
5895 1009 588 1930 9769 8453
5896 1087 8230 1723 1637 1021 171
5897 8688 8433 7215 4545 3644 3138 8929 6576 4915 5293 197
5898 393 8688 6805 1086 3683
5899 5925 1153 6592 3050 4506
5900 5176 5240 745 42 744 7340 9770 9766 1776 7369 264 8112
5901 3021 5806 265 1354 134 2812 2348 1905
5902 2129 6958 646 5927 1274
5903 8518 3326 2978 658 4910 2408
5904 2527 1298 1331 8854 720 1626 4375
5905 4504 2788 2022 2377 4834 2168 2119
5906 707 178 2124 1960 262 7317 5838 1703 6219 3099 9348
5907 3919 867 7405 9543 1588 9627 34 6870 5785 3205 2310
5908 5874 3314 6098 5089 3246 1225
5909 3021 6354 435 5932 3005 3105
5910 6263 5335 975 3135 5679
5911 191 2413 388 7130 9671
5912 6984 8578 218 9771 2537
5913 9349 1179 3374 2112 2081 9608 6248
5914 4987 6432 9517 6110 618 9772 1043 8384 808 7363 9295 4543 57 6476 494
5915 6142 8524 1686 8861 176 2368 3599
5916 303 1509 5928 3709 8579 4582
5917 1252 5862 6030 9773 6094 8343
5918 1302 3102 9269 3390 874
5919 3285 831 8102 1818 3877
5920 8514 6079 9153 5349 6802
5921 5205 2520 7912 2309 1554 1875 6504 671
5922 2391 4775 30 32 7880 2197
5923 6293 388 229 5347 1308 1677
5924 2743 4686 9510 1028 4245 1153 8864
5925 9189 6441 998 6337 9774 6865
5926 393 3064 383 4375 5
5927 4517 3021 2396 6573 3306
5928 4904 5909 1687 1573 8261 9775 3277 9124 1874 134
5929 8559 3202 606 90 1416 9776 2081 2290 3066 4971 2411 2001 9147 5857 3367 2645 1965 4340 897 5589 8179
5930 352 9040 9777 1015 2871
5931 634 2114 2762 4083 2687
5932 289 4167 1095 4170 2797 171 8013 6324 6544 979 296
5933 3369 6847 4332 3271 9088 3689 231
5934 8266 673 1463 1734 6957
5935 1573 1860 673 2545 1682
5936 7984 6902 7370 3050 596 7437 3049 4319 7394 404 197 4115 4720 1078 2203
5937 4449 1225 2429 6503 1427
5938 6797 476 4529 8806 886
5939 9424 1875 521 4344 2403 2442 757 2545
5940 2597 7270 1116 851 1848 2049 3040 1888
5941 1382 720 4715 652 895
5942 1083 6367 9034 801 2310 4529 8372
5943 9686 439 174 899 1875
5944 2090 689 6093 2798 6544 5403 985
5945 9778 7871 3264 5505 7424
5946 5574 542 539 6688 9270
5947 2587 4431 8869 5151 3932 605 5507 7001 2646 224 4068 4009 5825 7053 7622 4658
5948 2924 8823 342 384 2037 2270
5949 6197 1411 7177 9046 3142 3818 1079
5950 975 3206 260 6825 7707 7708
5951 7698 2205 7034 5083 6462 1561 3338 42 2596 2716 575 866
5952 2551 3464 32 9600 311
5953 1075 4859 2122 3494 581 2587 4725 105 9779 6968 1884 737 5333 8546 1683 3184 805 4591 558 5092 1517
5954 9780 2378 134 15 5804 550 576 57 4680 2056 736 1833
5955 2503 439 1155 8346 1631
5956 575 1152 2617 4873 6236 1026
5957 1377 2422 7215 393 312 1761 4537 5786 1673
5958 2921 1724 3747 581 1126
5959 7676 2737 1125 387 312 1448 1211 5205 5475
5960 1547 10 8081 9781 277 1208 667
5961 521 3118 4869 14 6438 5849
5962 3438 4894 4086 4390 718
5963 5821 660 692 6120 3432 841 3040 4257
5964 7854 2710 944 7305 5275 197 2608 4545
5965 2399 3480 1614 380 1247 1975 5648
5966 4363 373 6197 2233 5394
5967 5018 5019 1404 955 3847 390 9572 2324 1730 8763 1831 4779
5968 9479 1561 7747 7159 669 1829
5969 8085 2777 802 8280 2037 9782 3465 9457
5970 2538 811 4010 5122 9783
5971 3689 3163 3881 91 3408
5972 6003 4732 4489 1430 3424 296
5973 7629 3505 1168 1556 1845 2011 5206
5974 437 1463 306 5869 2098
5975 2373 8583 304 3160 9007 3329 4555
5976 9667 2851 5877 2505 3766 1925
5977 1818 8133 9224 5362 3494
5978 6253 4890 5461 5280 1008 2212
5979 673 7715 3246 587 3163
5980 7238 7319 6468 4260 1189 2540 2345 1974
5981 3025 6348 5875 1882 375 3175
5982 5834 5442 426 2926 5498
5983 262 312 5917 7867 5045 6589 5361 264 2527
5984 3487 1914 1868 3881 3369 7974 3018 6359 367 4203 6974 312 7342
5985 6286 3605 513 2376 8396
5986 8068 9338 687 337 439
5987 860 9310 1285 4076 9690 1890 3965 4153 1770 4023 5252
5988 4727 9499 508 909 843 5762 2215 9784 3343 404 5608 2181 4591 7013 2139 9732 944 8663 5370 842 9438 2172
5989 384 2830 2800 416 1889 3151 2647
5990 1125 8309 393 4536 8313
5991 134 5541 253 1212 6515 371
5992 9785 3872 5668 2460 9267
5993 2134 64 7162 304 4421 9215 1020
5994 3659 6526 578 3747 791
5995 9664 5577 6811 2268 912
5996 3938 535 7859 9786 1098 979 297 983
5997 3773 5358 1369 8759 134
5998 9155 1913 2074 9051 7311 3383 3241 2871 6446 8246 8282 3318 482 4977
5999 3678 222 3206 8572 8997 5000 1642 1462
6000 1154 4556 1886 9638 9462 3286
6001 549 7235 412 1825 437
6002 9787 4241 4999 97 7090 8010 4767 5137 4521 4615 1384 7493 145 674 9788 1195 3205 318 7282 3913 8444 3744 6718 2439 9054 65
6003 5616 3805 9084 2886 1585 8441 2140 38 1294
6004 2488 1698 6209 5281 1859 2414 6261 2528
6005 1660 5806 673 1238 4644
6006 1973 648 8026 9241 4789
6007 302 848 1170 3494 715 4042
6008 8897 4967 2859 4966 5431
6009 4424 2060 9552 1550 9432 9460
6010 6872 1797 465 8733 9789 234
6011 1903 702 4457 6951 732
6012 1370 7173 908 190 3767 6210 4245 3618
6013 2653 2803 6094 5628 2438 1515 6218 9303 393 92 3191 6241 9790
6014 167 171 4959 7365 6739 133
6015 1881 1850 97 1447 9439 9791 2307 3099
6016 7126 2899 5994 5197 7562 722 1257 6462 7190
6017 7481 2468 4209 8827 4834
6018 5586 7579 1669 4119 851 2614 4387 171
6019 2493 4 262 861 6 9352 429
6020 3778 3663 4222 4342 3432 9749 1367 373 1952 1709
6021 1518 8715 3855 5335 2409
6022 3776 1224 1223 1291 3591 396 7327
6023 5654 1647 7861 5836 1980 636 8173 5664 8512
6024 3155 7948 581 1499 3801 90 3742
6025 7284 3221 7718 1 9792
6026 4862 2333 3105 9752 6755 7765
6027 9793 6587 2868 2731 9794
6028 5658 6663 1034 2687 2506 4796
6029 5123 110 5661 5681 8368 3003 7961 6243 2300 4951 811 1992 5857
6030 289 6395 931 1426 4172
6031 4680 134 3072 117 5537 2573 9704
6032 6541 5173 1235 901 1726
6033 1575 8954 5848 1322 9081
6034 4357 9207 1245 6363 1916
6035 2766 4313 4009 5898 1096 931
6036 4298 1872 1225 1943 8185 1266 239 2380 5308
6037 2775 1647 80 7541 2178
6038 4409 1589 191 2391 470
6039 8532 8598 1610 2732 9795 2607
6040 4401 164 9796 9384 66 393
6041 2503 5366 1004 6522 2308
6042 9511 9797 6692 3039 1205 847
6043 2704 1853 1606 3329 2929 6551
6044 6229 373 1842 1051 1973 2715 2115 5639 7423 6338 8815 973 3169 4078 2390 3797 4620 4938 515 4703
6045 7192 1250 7970 202 9283 6723 757
6046 5155 4234 1267 6354 611 5247
6047 899 1349 576 3203 4198 9015
6048 5612 2295 4102 3711 6922 127 1312
6049 1089 965 3600 1019 1634 291 65 157 2614 1638 6791 5742 8765
6050 2040 782 865 2405 6843 1359 848 917
6051 3907 4824 3529 3851 3485 5176 5240 8899 778 3144 4494 2868 7684 2511 5828 1916 1813 4835 1122 1995 745 8678 9562 9102 6611 9772 6107 8833
6052 8392 2527 2065 7897 312
6053 4344 3230 4779 3974 5475 2810
6054 849 5104 7376 3828 134
6055 4026 8210 8538 776 6062 5210 4371 6501 4973 235 1761 4156 7646 6802 2882 4260 9328 6592 3968 7282 1759 9550 8289 9798
6056 9068 2124 1096 6633 5160 54 940
6057 1332 8764 6831 5653 9799
6058 2302 5693 9153 110 6956 4394
6059 727 3294 171 7866 165 908 967 1723 5308 2380 1637 856 1103 7833
6060 1090 7771 2263 6944 1317
6061 6956 1609 9446 8682 28 1705 6864 3808 4105 6617 569 2032
6062 4010 5123 4102 2886 6871
6063 3505 3506 1253 1844 5714 5020
6064 9235 4675 2608 8831 4238
6065 4478 3494 4043 6124 373 2018 1233 9221 5456
6066 5302 1944 368 4796 1875 262 507 4420 2217
6067 632 9800 5218 373 5658
6068 6906 1410 897 2618 4485
6069 3561 1725 1471 2324 1196
6070 1646 4996 1621 439 134 4646
6071 5942 861 9356 318 2076
6072 4869 4583 6811 4663 196 875 2489
6073 1868 189 1568 2301 864
6074 9050 8512 2770 69 4474 32
6075 9801 1791 2991 726 9776
6076 2560 8268 1885 2615 9652 5075 833
6077 2710 7321 683 1115 4913
6078 851 5604 1711 134 4887 2395
6079 42 4063 4456 4061 7257 8239 196
6080 3266 1354 9802 262 1447 4384 2864 1652 3755 5112 2103 289 1096 2702 5901 7741 6666 171
6081 3072 6641 134 895 2730
6082 2229 787 777 2647 8667
6083 9781 6 3981 2512 6425 9325 5501 3556 9731 7530 641 8350
6084 6557 254 7143 5929 5759
6085 2665 2131 1499 326 4017 4347 3390
6086 1013 7820 256 2319 5877 301 7618 7914 521 1457
6087 5334 429 8519 1922 4764 527
6088 211 4298 5875 8517 127 4075 6921 2788 9034
6089 4280 4577 8962 2645 4390 7317 2483 2589 7854
6090 6645 4414 4450 6989 277 6991 2255
6091 424 9803 3038 7397 4035 5201 7627 4036 9565 3994 8733 8564 1075 6901 3084 134 833 1832 2422
6092 1081 6600 4552 9099 2007 3985 4862 7266 5578 388 2340 3847 1118 9804
6093 1589 3256 1923 5040 4874 678
6094 5860 9805 8671 7707 2931
6095 7080 576 9352 40 9315 1223 981 9806 7619
6096 3163 3429 111 174 9696
6097 3482 1439 276 3204 6891 4804 3494
6098 3049 2168 8181 7984 6780 9807
6099 3406 5432 540 2795 1106
6100 6373 673 87 2506 2734 2660 4236 196 1400
6101 2189 6 1745 1096 1723 7127 167 4387 1278 987
6102 2171 2182 909 4638 7611 6164 1875 4181 5829 4985 9403 2992 5211 3968 8614 9808
6103 4665 8473 368 8767 8950
6104 3202 7086 8292 3133 9
6105 7842 2788 8951 4414 247
6106 9809 8787 9756 232 3249 8977
6107 123 575 3560 2065 7658 6593 8655 371
6108 5523 6750 3787 1914 3026 8947
6109 6381 4959 5307 6544 983
6110 1308 2604 476 2660 3180 1356 6504
6111 8519 2801 3202 7002 1685 7055 5952 8531
6112 8435 3253 2071 164 2157 3418 2795 2809 65
6113 4312 2812 6764 5707 2088
6114 1779 4525 9424 9739 1529 3198 7424 260 9810
6115 301 1808 5950 5570 2808
6116 262 5326 368 5254 6143 264 1615
6117 264 4059 2049 2993 7668
6118 2600 2192 7120 4118 914 171 5388 1430 5823
6119 757 4644 581 4961 7098
6120 990 8130 1350 1796 2786
6121 7743 558 5857 8258 113
6122 4601 6665 2503 2 882
6123 9194 5054 8105 3590 429
6124 1098 3079 1030 981 3424
6125 2484 7577 8893 446 5647
6126 599 4109 2419 1932 2925 616 1759 2490 1709 1139
6127 1825 1392 4941 4032 2271 134 4425 3024
6128 944 1926 1341 9811 6173 6088 9703 2866
6129 1616 3136 8912 1448 864 6846 1765 1017 2659 3006 6685 4019 1609 3287 245 1663 2538 1602 8703 875 1433 9812 9606 4330 1787 9272 2888 2437 19 7841 1060 4124 1177 7436 8170
6130 1788 9728 32 1308 8066 9813
6131 4310 9643 8067 9814 312
6132 2851 1438 2041 8938 3951 2813 691
6133 1801 8124 1408 6415 9815 87
6134 2550 6953 3544 4398 9500
6135 1911 4466 3344 4596 5168 9816 454 7809 2209
6136 9817 7988 441 5906 9818
6137 2740 1382 4223 1573 22 6345
6138 1371 1825 899 3601 1971 868 2667 2653
6139 8380 9582 3294 4355 1340 1865 597 8848 5984
6140 8325 9177 8758 5358 3239 1798 4558 3277 9312 3740
6141 2085 5214 5320 4421 791 7332 1884 90 429 7767
6142 694 1947 1231 3969 2568
6143 4605 4869 7836 3971 5269
6144 8825 8706 2410 2663 314 2836 8712 226 5491
6145 6230 7847 3808 2756 8441
6146 439 5097 4720 253 409
6147 4209 4720 2742 1686 1745
6148 5568 4524 1767 6672 5163 3969
6149 661 547 6086 1647 6807 496
6150 6881 7493 2726 2663 4993 1740
6151 3250 5436 9819 2247 2422 7786 8415
6152 3295 9008 352 9817 4417
6153 2071 2524 2194 2362 1634 291 2810 2806 2807
6154 1479 2484 601 393 3756 8875
6155 3160 50 52 1808 6207 4797 6212 2398
6156 268 1207 200 9820 510 6177 340
6157 375 7908 851 3432 3118 1557 5534 7251 2563 8520 176 4837 4331 991 282 853 3110 6267 7938 8251 9493 7389
6158 6759 1136 3075 439 8924 407 1340 595
6159 8839 6835 9821 6834 7045 5476
6160 9822 846 4810 298 1794 2192 1630 3722 1424 3110
6161 7582 5534 1991 6478 7821 3657
6162 373 4972 9759 1225 437 1846
6163 2106 7000 4449 3195 8427 134 2758 2720 9823 1204 740
6164 3979 1326 9553 76 8535 7413 1566 2808 1662
6165 4786 5770 8027 1521 3196 4078 2814 5249 2049 175 25 8035 7461 7554 9824 1669 7817
6166 1798 7909 5149 2527 598
6167 7370 2834 5279 2440 2503 219 5155 5754 9775
6168 8988 1196 1225 2994 736
6169 4877 8263 2861 7204 2289 9758 2288 4422 7887 388 7758 6355 4923 1619 6 1745 2795 1225
6170 4459 1527 5807 4067 5074 4327 2070 9413
6171 3828 1635 8822 1683 791
6172 905 3585 1213 2052 2014 4250 8726 71 5010
6173 720 1298 7718 5141 253 5423
6174 5534 1959 2914 5275 264
6175 2960 2131 4632 1112 3190 2971 6500 4955 8879 1952 49
6176 1912 5400 2206 2961 7604
6177 4548 1371 6747 5857 3913
6178 249 8696 5155 4468 5758 8784
6179 5431 666 2573 2426 1151 9814 3642 7719 420 9609 4680
6180 9825 1921 1807 4760 919 2202
6181 5506 477 134 3998 8994
6182 9826 9827 6905 4958 6359 1759 1308 916 6956
6183 9828 839 2589 6464 4486 832 8316 161
6184 2687 96 3474 601 9829
6185 497 7313 2215 2205 5115
6186 80 2734 1412 1616 1964 7887 2143 5772 962 4009 3903 3870 4867 651 3989 1332 8051 580 312 1866 5677 5592 5652
6187 1111 3231 6833 6835 5337 5200 6168 6834 203 848 5867 5725
6188 6828 9701 955 2434 227 3163 5727
6189 4340 7317 476 9632 4633 9515
6190 8315 3106 1561 3653 4062
6191 373 7384 7899 1225 129
6192 6724 4501 3429 5799 6765
6193 1208 654 1612 3004 4107 1306 9124 5103
6194 2398 174 117 6271 5040 8925 4363 7074 1331 6999
6195 9200 1686 932 5319 9726 5682 9828 5860 1416 197 8705 1820 1826 866 5584 110 5275 2516 5040 234 1819 999 4334 2818 6970 7791 5552 8563 5261 1352 2947
6196 460 683 1339 358 2994
6197 347 3230 1125 6378 8998
6198 8828 7920 2624 4910 7492 7816 1051 8973 3452 9342 2171
6199 5685 7595 6535 5508 4800 4798 1374
6200 475 5502 4375 1126 4818
6201 6372 352 9644 6175 9184
6202 1039 6355 66 5031 617 1914 866
6203 9056 3937 6 2017 9830 2810
6204 227 3202 5555 2789 6336 3980 1700 1416
6205 1195 539 4402 8761 4495 2503 2049 2851 1369 882 3098
6206 6890 5305 1440 5747 506 4571 6394 6316 3887 5870 9831 6075 3446 111 7901 7900 9135 110 3656 7889 384 9722 2377 3905 733 9832 6871 4805 563 3579 3211 282 2363 4938 6426 6647 9192 4686 646 1019 8242 602
6207 574 567 9833 4300 9053
6208 1045 142 2039 2025 1270 3120 21 679 1342 415 917 5015 2431 1791 1409 9342
6209 3480 9557 4924 5207 5085 8640
6210 3024 4147 4855 4383 2614
6211 198 96 521 3637 5594 969 3464 6124 5064
6212 575 3256 384 380 2527
6213 174 410 2764 9196 5304 5358
6214 6732 2052 1384 6333 2709 318
6215 1717 4833 3891 9834 185
6216 1780 1351 4591 2218 805 356 9245 803 6202
6217 2327 8291 7717 2773 4854
6218 1647 1325 3704 1527 388 955 390 833 2451 5916 8373 4023 6973 500 1060 2328 3602 8052 4675 9235 7398
6219 2579 2689 7150 2766 905 4999 3831
6220 4791 2259 150 145 255 8363 5563 9279 6929
6221 4685 1889 3949 2427 6960
6222 134 3296 1050 3838 2939 1763 4518
6223 531 82 3827 200 84 4321 7944 1593 6140 3823
6224 5563 5723 5054 2668 7208
6225 9772 697 3624 621 6354
6226 9835 8427 4606 4306 5143 8886
6227 312 9635 2872 5644 2227 9636
6228 9473 4453 6943 1075 5361
6229 8421 3569 1299 5267 959
6230 7585 6605 7150 5780 4014 1290
6231 4278 1193 1985 4277 3338 3626 2718 3060 3961 8219
6232 5851 4665 9184 572 1325
6233 4418 7767 3905 2866 1356
6234 5941 8426 2620 376 1670
6235 996 1527 388 390 4620 2008 3757
6236 3856 6755 5300 9092 1477
6237 9803 8214 1609 1957 388 600 665
6238 1421 9836 9630 7095 282 813 449 6192
6239 94 7634 2762 1371 8772 9342
6240 4188 7867 1075 8529 3279 704
6241 6875 2752 1742 8591 1054 8282
6242 2338 1736 789 2109 7932 1142 4008 80 7497 8215 9749
6243 2298 7036 5665 7761 1923 113 7962 3904 8080 2047 96 1585
6244 2812 4536 5027 4208 4430 8888
6245 83 2871 8034 4580 5344 2993 1891 1599
6246 3239 1510 3497 391 4929 2085 1074 6935 371 4933
6247 8396 384 3247 1612 1848 9644
6248 4 901 2036 8686 4782 9837 2742
6249 3297 663 7898 4941 2045 6477 846 414 1342
6250 6674 7918 9371 6359 241
6251 9730 5189 3062 588 2469 3485
6252 1858 327 3786 9218 2096 4729
6253 1554 1543 8263 1652 229 143 7716 4248 4565 2861 1593 1614 2398 1816 233 955 205 872 1607 7940 312 5837 5206 472
6254 912 4032 71 9183 1565
6255 1761 1652 4132 2414 5789
6256 6079 1394 919 234 7898 3074 5676
6257 8312 6018 5237 514 5591 1595 6714 1583 3983 6197 4796
6258 4337 5059 6623 859 6962 2742
6259 2357 1384 3584 9705 8037
6260 3239 9351 2719 8718 2758
6261 4955 1965 7423 2131 6094 1952 6349
6262 3383 4127 8900 4851 7135 1439 3293 6741 3413 8083 6263
6263 4012 7177 3773 1646 2184 1776 4658 581 1522 5009 805 90 2740
6264 7681 9838 3753 618 8566 9434 8257 7625 3651 66 5534 1083 326
6265 9839 902 7861 735 1100 2807 537
6266 2171 1145 5020 1490 2477 2939 7873
6267 4088 6455 761 174 9485
6268 1818 6079 3174 6264 465 1820 1452 9039 8733 9840
6269 2756 6708 414 560 7850 7143 5346 5772 8314
6270 475 1555 6063 805 9612 747
6271 1368 5547 124 2079 2260 2516 4768 3013
6272 178 9439 1923 3547 6839
6273 5225 4225 2692 2906 3400 1109 7967
6274 3307 2026 370 442 7041 4835 3072 1071
6275 3230 9609 1125 1457 2684
6276 9841 4170 5445 3421 5368 9842 3467 5248 1106 5474
6277 5367 673 5027 6436 8788 6580 1614 1573 2773
6278 4844 7489 2992 3355 9330
6279 5208 2166 673 217 576 4560 1150 5047 1055
6280 6950 4024 904 3920 7888 7165 4394 2308
6281 6737 1464 414 1342 9097 6795
6282 2032 8333 1960 8575 7602
6283 2260 1944 2132 7472 6701 8187 6923
6284 2602 3389 3715 463 3456 3354 783 2812 393 2729 6452 7635
6285 4159 1886 4475 9086 457 5764 1527 2413 388 700 7132 4193 5685 4478 31 1118 8330
6286 4183 4207 1948 414 1587 2020
6287 2503 7832 8084 7907 40
6288 9686 9843 1862 2258 4028
6289 1211 4132 4328 2348 5765 9844 8313
6290 6546 182 1882 1155 691 3298 4745 2734 420 4836 8022 1466 2489 7299 6738
6291 5265 7925 4830 5563 6116 8504
6292 2846 1075 2065 384 2533
6293 1210 3630 8627 2993 384 6941 5361 9324 338 2182
6294 388 6266 1657 109 3301 8988 262
6295 5082 2056 6610 6020 1842 4066
6296 6252 4735 2999 1939 4439 1028 8396
6297 1196 368 9844 9497 347
6298 4550 3128 886 1406 8923
6299 254 7151 8261 9644 8549 303 2010
6300 7686 5436 7495 3164 3347 6278
6301 8747 7552 7536 6822 1290
6302 3387 4216 5317 9162 8225 5618 7205 3353 2663 4359 9845 7495 622 7068 1484 3340 2130 3392 7455 5516 2992 4631 770 8639 2960 8778 8009
6303 691 1081 2543 4418 8506 3373 9846 9075
6304 2296 3959 9159 3979 1621
6305 6005 2961 4287 2640 1520 3056 31
6306 9847 7730 6919 5332 2835 8191 3392 6747 9491 9848 1283 8195
6307 2071 6141 5289 5308 3108 1904
6308 5 4780 1769 5275 7064
6309 5336 8444 7656 2189 5659 7265 9233 6311 6785 171 4168 3447 5569 2071 642 7343 3308 2916 4549 8588 296 3735 30 9641 7619 173 1624
6310 414 3025 1233 3971 3135 232 5931
6311 6395 5345 6563 295 1104 1106
6312 6177 1647 461 9849 1870 694
6313 2669 1438 418 4651 60
6314 213 6887 6 4804 2429 1225
6315 5439 3371 9499 6237 2667 3349
6316 8285 1330 8759 3857 5104
6317 424 4839 581 835 1884 437
6318 8284 55 581 304 107 8133
6319 4352 2135 5033 2896 3081 1384 5691 439 2049 3549 2342 9633
6320 1159 880 7315 388 8075 3499
6321 2601 2130 4985 1492 2213
6322 5392 6946 192 1529 695 5557 1770
6323 3389 5239 5221 712 5083 9646 3779
6324 153 4675 1684 7106 5330
6325 1427 9850 4655 5632 1439
6326 4409 733 7356 4521 2268
6327 2333 6683 1265 801 5741 2248 393 851 642
6328 4997 7309 2020 134 5130 673 1071 8477
6329 2527 6368 1356 9414 128 6387 5914 295 983
6330 4905 9230 2635 642 6731
6331 8770 9851 698 8610 5442 6998
6332 2036 8518 3999 1696 9679 9002 2843
6333 1213 2345 4804 3763 1974
6334 599 3967 5205 110 6079 384 109 285 4818
6335 2345 2628 4902 2343 2446
6336 4126 9698 755 4249 1647 991 5086
6337 3658 252 1208 2810 3645
6338 4176 5707 5529 8844 5265 2466 4664
6339 7631 8344 8603 5129 7474 2124 19
6340 452 1478 6826 2414 2056
6341 8121 2785 378 8794 5961
6342 5225 1700 8144 1090 4584 4733 5791 9486 8014 140 5447 6563 6544 7745 2777 5286 1030
6343 1272 9541 331 1652 134
6344 9852 3973 6535 8203 5136
6345 5570 1242 9427 640 7162 258
6346 3601 1866 649 2816 3323 4094 8495 396 7294 4702 84 2458 2146
6347 4225 5625 164 5626 2178 2175 4545 2759 9853 151 9408
6348 3786 9349 9854 3838 499 8484 9 3639 9542
6349 1806 7605 302 5586 2070 8487
6350 4783 1308 1683 363 7097 4868
6351 3238 5896 3969 1984 1776 5738
6352 3532 3217 8394 711 2961 9258 1843 8644
6353 7803 2599 4234 6916 6464 1011 1973 8998
6354 3641 4245 6832 2909 581 312 9625
6355 8712 7727 65 5085 8402
6356 5610 9855 384 393 9856 134 2730 3878 7975
6357 8604 8374 545 3834 581
6358 3539 9588 4626 3556 371
6359 3614 1354 1012 4540 7400
6360 3207 3517 6361 1460 1271 9601
6361 6437 3240 6574 924 5659 9175 6124 2083 2795 2049 9857 4812 9858 979
6362 6262 7524 5827 2602 363 439
6363 847 3894 4814 5548 3572 2503
6364 704 9859 3525 4772 4792 1669 7814 4545
6365 2491 2227 2868 2840 1071
6366 6655 4460 4681 8987 4854
6367 3702 2446 825 1705 2096
6368 4142 1997 242 3039 442
6369 673 5519 1270 2818 1633 8657 7793
6370 3068 90 5867 2935 6413
6371 9860 2170 515 4562 6388 4561 6895 4094 6152 713 2309 1203 1923
6372 6348 9861 1332 1848 2953 134
6373 3338 8728 2643 2205 5716
6374 3072 1573 2545 5774 2414
6375 2642 7769 2130 1911 929
6376 3066 2079 3068 582 4305 3895
6377 6641 2573 9027 134 264 1238 1171
6378 601 134 1001 5999 1616
6379 2707 7974 1696 4658 8808 641
6380 961 3900 2522 4771 380 4396
6381 9862 7111 5934 6940 9824 4242
6382 1208 1421 2500 6425 1151 373 3689 174 1406 3390 4641 4507 109 1784 1776 7493
6383 5890 8962 9863 1142 5612
6384 863 956 9864 3079 737
6385 217 9127 7599 3044 55 6580 7253
6386 728 370 2370 8262 1770
6387 9674 6038 1018 3057 8756
6388 1868 1210 9865 5633 6863 4538
6389 6277 9866 7267 3820 2167
6390 4860 9411 2446 7014 3556
6391 384 1050 805 1196 2647 1971
6392 3265 373 4523 233 4850
6393 217 3222 384 1418 8864
6394 9867 810 3453 9403 8176 8714
6395 9126 4032 901 9809 917
6396 1283 2533 409 5094 1752
6397 7338 5857 33 3071 8589 3742
6398 5838 3662 2883 6660 2833 581
6399 3102 8800 4707 7201 9658 5146
6400 5840 2231 5257 1482 5995
6401 9119 4188 3574 7717 1920 1060 7149 4484 1759 1862
6402 5118 3898 1863 1123 2338
6403 1071 5689 103 1955 4531 2702
6404 6 3205 421 408 1385 818 2573 866 2397 9691
6405 312 2036 1822 4797 757
6406 3021 1752 7129 9868 4193
6407 252 8708 237 9463 3098
6408 3355 9869 4900 1331 1614
6409 465 8608 9870 232 5821 3667 9008 920 9446 2815 1817 4896
6410 1646 9107 1703 7699 5561
6411 5880 7468 851 5691 6118
6412 5024 1646 846 439 2022
6413 1075 901 7526 3030 2614 5131
6414 517 8268 4520 943 392 1797 7979 1359 280 382 6788 3703 955 7113 4555 5104 5027 9871 2708 5331
6415 2533 870 8200 8015 1890 3968 3967 5688 237 1885 8931 9729 2830 2635 2829 463 6572 5164 4502 2084 409 6985 8000 3678 6080 3263 8380 886 4707
6416 9723 2434 1593 5846 6326 6352 7546
6417 2705 174 506 7977 4328 3675 9872 1267
6418 479 1138 5958 5389 9517 8630
6419 6090 4932 508 27 5637 5360 2830 8443 4557 2255 2395 6863 7238 863 3003 5633 3846 5756 9213 4608
6420 4125 5610 4716 8776 946 641 2536
6421 4132 1726 5403 4245 2716
6422 3418 1723 1277 293 856 4387
6423 3163 3265 530 2267 6556
6424 7903 1926 7256 7420 1959 500 4086 710 1117 9038 3007 9
6425 367 1867 3017 1656 1528 3224
6426 1124 6015 2816 3747 1650 6761
6427 4779 3207 405 5295 9430
6428 4201 5936 560 8672 5782 45 5930 5025 4337 4270
6429 1633 1684 9366 6683 7977
6430 2820 8021 4384 1902 534 1620 3695
6431 8956 8468 1775 1777 2351 6906 2939 6459 8804 6913 1742
6432 4601 2883 626 2493 3073 4814
6433 390 6803 18 380 8581
6434 1556 234 920 7719 134
6435 6856 3116 5708 5277 3382 2387 2079 6925 5729
6436 8294 2795 1621 8827 1357 976 939
6437 108 1336 1170 1669 1927 134
6438 6113 2423 9802 6568 2740 1604 1769 4029 1607 9506 7969 1103
6439 332 21 3720 2028 9445
6440 2025 4287 4964 4144 9064 5591
6441 3725 4255 376 1010 1472 4961
6442 2682 833 5833 5543 9483 6702 4472 6086 7976 5165 8085 144 9873 380 4597 3740 6123 4486 134
6443 8839 7232 3406 3670 2071 2026 1620 2795
6444 9270 9202 583 9350 2154 9874 4583 1667 4012 8137 1330 3473
6445 2548 134 3337 6815 19 2545
6446 1054 1888 4411 581 373 4078 864 2049 3926 1579 6442 1462 4620 8972 6117
6447 384 1614 2527 720 1298 8789 9471
6448 1168 3013 1269 6462 7535 9548 4699 3738 8840 1985 1986 7681 6874 4597 163 3558 4802 3747 7646
6449 2407 1543 8130 5402 698
6450 2158 1870 9065 2851 9211 4521 8096 3826 3773 1427
6451 119 8379 894 617 7100 2783 133
6452 2641 9322 5514 8139 1491 4336 785 2214 1900 2906 8190 234
6453 1916 3564 326 5968 2171 1562 3916 6083 8213 2260 4194 6108 8319 6458 2047 2702 968 4252 4910 159 8009 5496 1563 2452 4156
6454 4662 4840 9596 4 6245
6455 2071 2867 4168 4959 133 5368 1427 737
6456 7532 226 3669 3410 171 731 970 973 855 4589
6457 9875 4591 9876 3692 2218 802 2300 8981 2338
6458 3111 3119 1057 9257 373
6459 34 9877 5829 5779 4638
6460 5665 3778 2060 6261 6090 7795 5884 5200 1741 4950 5491
6461 3985 189 922 1221 5234 1745
6462 2934 4377 3138 229 517 4655 4397 2069
6463 926 6519 65 1021 9390
6464 1507 1090 7852 8349 276 396 1291 1705 7569 9736 4676
6465 5221 5578 5521 6916 900 1847 794 4580 1525 475 6259 4938 1196 2886 315 6049 3720 9127 5189
6466 5326 6729 3969 1270 8824 8556 7149
6467 437 5386 4317 4392 5063 5064 8030 4927
6468 6721 2256 7696 5173 6737
6469 1677 3431 8075 5768 4475 4425
6470 1622 5092 7576 5528 9458 9534 8588
6471 775 2275 454 3338 7067 3933 3454
6472 3414 1364 1620 7120 1634 291 7365
6473 4267 1573 376 477 3878
6474 3539 413 2312 6 1356
6475 9308 4846 3262 134 6355 9514 1669
6476 1985 7943 5170 2702 7821
6477 6472 3585 6465 6176 2065 5314 1593 3 1555 8733 5954
6478 1667 8109 304 109 3039 1765 3708 3169 3064
6479 3474 1246 5558 2350 1842 3968 9087 4664
6480 5301 1228 505 393 549 6735 1427
6481 5183 115 1647 2338 633 3328
6482 2608 4545 3478 1323 109 805 9517
6483 2348 4693 1635 5452 3803
6484 5665 4649 7206 4469 6575 3011 4638
6485 3954 2368 863 4471 5528
6486 5556 8495 976 393 9878
6487 2890 1046 7159 590 502
6488 376 9187 2459 1529 265 2545 1238 6681
6489 5523 7110 6255 8163 5890 4598 2663 1228 2734 6880 5871 3355 3391 3111 6275 4116 6335 9103 6934 4109 262 5818 1418 8661 5691
6490 32 6566 6986 9659 262
6491 4207 2863 525 2071 6850 1104 1106
6492 6997 1193 529 9879 1589 2002 373 8148 4133 2673
6493 6422 7329 282 8291 2802 757 7211 9880
6494 3342 8333 5082 3802 624 9881 8197
6495 312 1652 384 6537 262 4132 7394
6496 4431 3207 9681 814 4484 4487 47 6527 1371
6497 4642 6326 2586 8809 3432 2097
6498 299 437 109 9521 4486
6499 1088 9882 4913 7041 834
6500 3413 7761 228 117 8890 7317 5499 2621 5477 8140 3628 8653 162 7788 1113 5934 6938 2079 3262 234 4557
6501 9883 1083 4587 1941 1036 1884
6502 3726 393 1786 2506 7517 3191 9729 838 875 5652 144 2850 4343 409 1569 4901 9884 2705 2703 996 2042
6503 8142 9814 7652 7648 6671 5853 6174
6504 4710 2617 8061 1179 3160 9885
6505 1143 593 241 9257 8467 653 2899
6506 380 228 1301 6938 7317 517
6507 851 9780 9818 4273 3730 4219 4402
6508 6804 2745 6516 7119 1775 5597 1271 598
6509 508 5221 5177 3266 9035 1904
6510 6934 6199 5579 5261 6535 311 2226
6511 3300 8851 9369 7091 1843 7857 1646 4865 3666 174 9251 9671 7843 3863 457
6512 1652 312 2697 2696 4868
6513 3276 1060 109 8143 2290
6514 384 5367 673 2369 728
6515 8511 735 8542 3561 2037
6516 2231 750 5521 1967 2838 8028
6517 658 2408 3057 4439 2984 6047 4655 5200 1971 5363 5307 4033 130 9871 298 996 2198 133 4264 9886 7212 6131 1646 462 886 4022 2431 9887 7007
6518 3193 1172 2871 3185 8015
6519 781 9520 4967 5723 1796
6520 1887 504 545 6593 4544 6352
6521 6846 6681 2912 1170 4762 7290 147 180
6522 3338 2640 6106 6107 2834 5294 4065 8601 1563
6523 1171 8500 3650 4375 134 4427 4516 9888 8382
6524 4810 436 848 5066 6122 868 391 115
6525 470 7878 9175 5085 8299
6526 7561 9716 418 6311 282
6527 6985 5 4899 8277 3293
6528 8869 2056 561 4150 6382 438
6529 9609 2341 4815 3332 8157
6530 3069 2841 4869 2154 1188 2008 7212 1545 6897 1374 1898 7802 8681
6531 51 1997 8434 6073 3748
6532 3405 1225 1018 1028 190 393
6533 9652 1289 8389 3256 5060 5605 3657 643 3274
6534 6086 1667 4118 1900 442
6535 1154 684 311 4017 1981 275 153 4312 1368 131 1888 5249 5993 7335 2426 2357 1890 3278 658 1017 2830 2302 4009 5712 1639 8988 1331 1270 4501 964 262 371 2074 6355
6536 9143 2222 2869 5035 1587 2663 868 5773 1320
6537 4060 1563 2530 3798 9889 9302 9890 8668 404 9020 2130 3353 6040 5055 2096 4985 724 910 7917 3049 29 4598 3045 911 725 7225 4287 787 7164 2383 48 5038 5390 6676 5828 1561 7773 9496 2150 8601 2608 2175 1503 3103 3059 326 7759 804 5023 3786 2623 6035 508 940 3047 458 2218 3553 6700 6243 2224 1560 153 1259 4349 7424 4221 5081 4822 8667
6538 4990 5570 134 4037 4234 170 9458
6539 5416 2864 4464 5822 1883 1634 5388 1098 3423 5131 159 1106
6540 3049 3969 3845 5031 3127 975
6541 4176 3312 3857 390 8652 9501 481
6542 4279 9349 5856 7427 5339 225 5964 5279
6543 483 485 6862 2855 2857 1532
6544 2792 3898 7538 2647 3740 5588
6545 5437 3445 4610 4611 1574 3156 2821 3638
6546 9199 757 3227 9161 438 9891 1006 7598 1833 132
6547 5068 4092 6552 127 2324 7271
6548 3891 4209 821 1238 3256 109 4542 792 680 264
6549 7453 7584 5375 7441 4769 7621
6550 9736 6501 6973 601 384
6551 1843 2685 2333 637 6390 861 9434 439 353 1972 2204 9043 2016 2679 927
6552 8239 3861 1752 2543 1069
6553 9892 851 410 7424 1869 971
6554 1012 1946 384 9578 4815 4902 2818 5649 906 26
6555 1273 1061 732 1869 5869
6556 994 5028 944 4507 4804 2968
6557 1858 1404 2413 5420 3138 833 2804
6558 9171 9080 3162 601 8001 9456
6559 2317 482 1081 5037 7028 6695 4067 5940
6560 3150 3151 1140 3434 9086
6561 352 439 3770 1027 4027 1621 415 8796 373 437 1008 3835 3476
6562 4193 7030 3872 2694 9868 4726 1489 6798
6563 171 1542 893 1300 652 650 4430 134
6564 5927 384 1050 5492 97 4223 3116 9893
6565 96 3987 437 9894 575
6566 262 652 1397 1670 1283 1614
6567 1045 5615 380 4707 1888 1890 7375 5663
6568 1336 4678 9566 1479 4991
6569 46 2408 1077 1803 3732 273 5985 691 2053 2454 3087 1008 3040 7392 2929 477 3210 5059 38 1369 2617 1654 3500 6316 6 9895 5236 527 2730 1224 2044 3086 5964 757 41 1223 6064 3205 253
6570 110 818 2221 111 1758 819 5987 9608 9896 5353 642 6094 1241 5917 3542 1070 3541 6407 3458 4020 3220 9192 3221 2811 4801 7568 9857 1565 573 3006 3793 6406 9248 2373 463 879 1885 1116 7392 7394 3957 6566 7156 3629 9762 5215 3450 3965 2323 8212 5795 17
6571 6245 9187 134 1238 313
6572 7297 3850 1752 367 3017 3678 1242 9788 4664 9847
6573 8518 6276 3615 5484 1096 689 4259 3001 935 973 3109 939 149 5901 2798 7741
6574 1776 1490 7613 5369 2816 8877 2218
6575 2274 3347 9897 5773 944 2744 811 3810
6576 4921 171 2194 1424 2614 1625
6577 5489 3999 3824 241 1006
6578 5487 3678 2491 2532 5076 4475 3725 3186 7476
6579 4780 3608 3017 783 2847 52 4743 658 1018 6864
6580 3691 1916 1727 5618 5129
6581 6480 7308 2612 4958 171 8904 4590 1106
6582 1822 6879 4246 4188 819 5114
6583 3115 1970 2671 4043 584
6584 5208 9516 8483 2060 2056 1690 5340 2860
6585 7417 1225 9616 4356 4446 6155 264
6586 1359 8287 418 4436 8696 5570
6587 1316 7445 2841 9032 87 8240 9849 3990 2133 7358 5605 3590 3657 665
6588 298 1342 4997 6 1817 5698 9696 960 1972 2793
6589 3574 174 16 9307 8876 264 7522
6590 3766 1233 1289 1383 4247
6591 9283 1096 1118 5047 9864 9734
6592 4982 2856 1537 1538 1541 4983 1535
6593 714 1267 9430 2851 9454 1669 2198 4620 1071
6594 3959 4772 479 955 7585
6595 8290 5798 1779 9898 604 9199
6596 7238 540 7263 970 735 3109 2285 159
6597 9030 1756 1593 641 1884
6598 3979 4389 9516 7072 4889 3610 381
6599 9337 5662 5247 6069 2702 6667 5569 9899 2486 7037
6600 8009 2734 8706 4891 1267 613 9892 8206
6601 9005 9520 2820 4342 7687 8147
6602 9822 7867 5614 4090 3600
6603 2178 450 9767 6462 4015 314
6604 7932 5552 2875 2475 823
6605 4008 5651 2882 2689 5671 3896 3171 4021 7315 6747 1053
6606 2594 8600 7925 5061 4926 4830 462 5217 2269 8913
6607 2002 87 3160 3093 2764
6608 490 2503 5607 8550 2633 253 2995 134
6609 1004 2686 6522 2447 9119
6610 5752 804 8975 558 5346
6611 3982 7497 2647 3408 7550 3352 3865 3190 9302 5495 8440 1320 5857 6540 5092 5785 6032
6612 90 9633 2354 177 1271 3083 677 1312 7608 3747
6613 9372 8737 65 2967 9468 1056 1432
6614 3279 3198 7343 291 1178 2595 4920 3253
6615 7278 5062 5440 321 881 5188 5798
6616 2906 2001 5608 5257 3689
6617 8437 1460 2089 8784 87 9849
6618 2958 8518 9423 6417 1210
6619 8220 1745 1683 4218 791 407 239 3860 7861 8251
6620 1088 3669 2529 3942 8084 3079 9131 4510
6621 932 7503 3980 2123 7859 5895 535 3597 4959 7570 120 933 7861 734 2807 2798 537 1106 4511 7390
6622 7569 5985 2592 991 1357 2503 1188 886 8784
6623 6476 4179 395 2883 2493 791 7950 793 9647
6624 6010 114 4918 7629 143
6625 1308 3857 264 1857 1619 1607 2740 312 5539 22
6626 2114 1556 254 4481 5420 402 2049 241 1839 18 9633 6138
6627 5516 3871 7264 9180 2441
6628 4368 2477 3827 1288 5122 6847 1511 2184 7667 7112
6629 1660 376 477 682 1397 4644
6630 110 310 373 5470 2810
6631 3230 6143 9900 9185 347
6632 9901 9902 1113 6649 1829
6633 7581 2574 6887 1380 3860 954
6634 1647 5077 4800 884 2533
6635 1609 3500 9903 7556 4446 6189 9904 2541 4475
6636 5857 2348 659 8341 8663
6637 4842 2183 2663 6199 4957 7943 3958 9629 314
6638 6782 154 2559 2121 3006
6639 663 7570 3447 1018 4813 407
6640 2351 1677 5219 109 4839 7437 6877 617 9377 2817 3184 2964 1726 2879 9880
6641 2619 302 3185 2070 8462
6642 3111 5680 8871 3749 728
6643 9214 9591 1547 3621 1667 7487 5505 8105 581 519 5478 489 2429 1 6724 6 1225 3980 8497 2993 4356
6644 8224 8614 8833 3144 743
6645 1767 736 990 213 6171
6646 1798 7943 4565 134 1238 1672
6647 9684 3676 1823 1594 4853 3205
6648 2698 2117 4583 6 2022
6649 471 5906 3670 2071 4234 4959 9508 935 5273 6722 3110 6445 5131
6650 5 9665 2999 4496 877
6651 3992 4468 1645 1374 8459 9905
6652 4569 3705 4902 2576 1985 452 3106 2944 1901 167 6850 171 1862 2807
6653 713 6595 9776 3991 5671
6654 4393 266 4900 9635 245
6655 7945 4104 9303 8732 9103
6656 217 720 4440 2 4223 1529 6672 1283
6657 9702 4070 1845 7913 3217 7848 3195 417 9111 4666
6658 4150 1090 368 8811 1024 7814
6659 2579 927 1969 5458 4600 5653
6660 116 789 6112 3626 2861
6661 6551 2929 266 6976 2852 3006
6662 9906 5969 6507 1916 1965 3801 2204 2455 5842
6663 4598 3391 2642 6845 8734
6664 124 3249 2309 1381 2536 1345
6665 1875 6582 134 4776 1664 9125
6666 685 8357 4685 8352 2368 6049
6667 3799 2666 2476 8908 7053 7139 728 7817 262
6668 3406 3414 8887 7273 7332 4386 967 1294 5446 6563 146 5902
6669 8038 9290 4342 733 3666 3526
6670 2345 1974 1267 7697 2740 4617 5617
6671 1174 5205 218 7430 2516 727 1034 6133 5277 863 794 6183 2256 1052 4933 4636 3214 7830 3172 1135 32 8822
6672 5027 4291 5666 4938 3729 9101
6673 8448 9286 6279 2878 2033 9847 7519 9157 9834
6674 9723 3765 283 9893 4304 1289
6675 3739 3184 2112 4094 7795 2338 8576 4591 8975
6676 3372 5834 9530 2400 1250
6677 5625 9907 8003 7879 1726 8422
6678 4596 7681 1320 9908 1507 3050 4703
6679 4734 1726 2148 2149 7573
6680 308 5490 5582 4437 333
6681 2681 648 1273 3240 9909 1862 241 1462
6682 134 851 4019 673 5146
6683 1585 7582 2228 1082 6453 9413 4425
6684 134 262 380 384 3230 4328 992
6685 492 2953 4233 1367 9554 4298 393 1376 9333 2368 9910 9911 1050 1074 171 264 5423
6686 561 5581 1250 2376 6644
6687 373 9912 174 1950 836 9837 5034
6688 2741 1991 6529 9790 8805
6689 4009 3670 2380 1357 9858
6690 3008 2642 9250 8956 473
6691 5426 2612 6720 9913 1679
6692 248 2586 578 1756 1018 1446 3057 1832
6693 715 2256 393 3150 9263 3151
6694 9592 6653 588 4407 791 1015 7085 3805
6695 1385 3931 850 3052 3030 8079 5296 2133 1430
6696 7451 7205 7762 776 8715 2861 8130 2923 7500 1645 2833
6697 1667 4917 6397 9914 8241 5067 55 396 593
6698 2091 2757 1008 888 3471
6699 4991 3116 3444 910 9908 9417 8847 7227
6700 1842 2300 839 5734 5252
6701 4932 1794 2460 4544 9796 827
6702 2623 5338 7796 6405 1067 2647 5577 2383 1817 610 2339 8337
6703 6870 839 5855 9317 9680 733
6704 1626 4486 1282 8487 9915 15 2348 5765
6705 7082 6896 4211 1422 384 6894 2687 7030 9583 642 3582 7467 7985 4556 2877
6706 3393 7874 3972 4988 113
6707 1253 8870 9147 5507 6852 2615
6708 7577 111 832 2668 3287 9844 2348 8637
6709 9916 5374 822 4346 1142 4968 9917 2444 7165
6710 1018 5798 3640 6053 9216
6711 6574 3671 395 8084 5997 536 854 7269 5793 9220
6712 6953 652 2323 371 7222 2315 68 4075 6490
6713 7872 2896 5972 4815 2327
6714 6574 2191 4959 1632 5308 133 2071 970 3079 4819
6715 3743 1311 7034 8831 7968 1884 796 3825
6716 661 2325 1808 2010 7085 8118 548 3043 1006
6717 1359 6480 5492 1355 2092 649 288 4732 4395 4584 4733 8260 5413 9275 4170 398 1292 930 1904 5450 1104 1105 857 3427 161
6718 6773 4767 578 5060 8807 489
6719 2663 1616 7537 4390 4689
6720 6998 7630 2901 7036 4017 2098
6721 5679 8117 9918 5834 7405 8725 5655 5921
6722 5160 267 1013 9098 9919 6444 9040 8949
6723 3823 2147 94 610 2096
6724 470 63 9184 6184 4234
6725 5523 1992 4569 499 7232 5432 6479 6369 165 446 5307 5898 291 1457 3419 5899 171
6726 8448 7852 2171 1480 3063
6727 3266 383 380 7676 8412
6728 1650 8955 1859 7775 10 2808 2494 2140 7610 6215 3142 5242 9156 5690 1757 9735 434 3808 611 8908 232 6450 3004 3511 28 2462 8441 5532 1587 4094 8581 6770 4238 281 1247
6729 2090 4797 524 5128 525 4947 534 535 7119 4736 8577 8213 5247 4737 6395 6543 1723 5445 3079 2980 3468
6730 2177 5516 5294 1077 3144 1896 5290 197 6371
6731 4698 5085 1962 4327 1061
6732 1124 1173 6088 189 8458 2165 9459
6733 2765 373 6532 738 3081 7196 8150
6734 505 736 2318 8289 1365 8260 1095 9720 8133 537
6735 5512 5314 4476 3259 5295
6736 1210 2248 1313 1075 231 671 3527 932 2879
6737 1602 6037 1696 1231 3198 1022 7373 3017 6797 13 7016
6738 2592 3756 5061 996 3210
6739 3517 674 2874 9641 1926
6740 692 905 666 8763 3023 7588 8475 611 3004 3169 5548 391 4254 1189
6741 330 4840 4622 6355 8465 3680 813 7707 4835 582 1369 1635
6742 6 4581 8623 4732 5368
6743 3919 9726 7855 8179 6016 7660 8655
6744 383 134 2280 2929 5570 373 265 4898 21 8391
6745 865 5694 407 4495 2961 6541 1451 2843
6746 2191 2808 1753 1373 5738 2028 6522 9920
6747 1775 1448 9799 56 113 7272
6748 8656 591 714 9547 5404 175
6749 681 7552 1587 4106 884
6750 5354 3851 4802 1679 3288
6751 2866 4654 1848 7605 5758
6752 3193 9448 9351 257 5539 1383
6753 2332 4467 2775 4598 9921
6754 6972 5016 1394 919 9328
6755 9450 5485 3730 7054 948
6756 9717 2300 3969 5930 4697 373
6757 2863 2672 7281 9451 8542 1313 6395 4737 1156 3964 2380 3673 8013 297 1403
6758 174 383 1964 7158 2376 8526 3104 7617
6759 387 2527 851 2830 2160 1075 651
6760 8294 3419 5997 536 1357
6761 9609 87 1125 8170 6080 2620 603 9067
6762 5975 6 2256 1163 7570 5387 6717 3729 6809 1616
6763 2456 8032 1526 4192 7411 3056
6764 581 1866 4081 5597 1783
6765 4119 8887 2047 1235 3109 1430 9225
6766 1075 607 5610 1489 9922 2980 8643 1587 2290
6767 1956 6706 123 1 4298 55 690
6768 5104 439 1190 2685 7868 7312 6938 7422 8903 384 7949 9923 9418 5815 4745 3502
6769 5 383 6817 9924 1075 368 374 1673
6770 7582 7580 5082 6417 9925 6480 7232 5511 3495 1686 440 3228 2516 3714 4903 3064 2430 5440 373 2369 3225 7546 2733 4766 6272 5289 1745 171 1156 133 413 2591 2573 8685 4061 2414
6771 681 572 8278 2556 7034
6772 7710 5012 9137 262 5648
6773 6309 8763 234 522 2417
6774 5182 1756 6929 5280 2571 6893
6775 3164 2130 4189 9421 1235 7558
6776 2426 3183 121 4155 2467 7444
6777 1783 9271 6060 7300 5145
6778 5402 2383 2602 1960 3008 3387 4597 2707 5280 1478 8172 5828 4638 7449 9036 2623
6779 4225 8336 8846 1490 1516 1736
6780 893 9926 2951 3929 3035
6781 8390 7400 2029 7566 2826
6782 1785 1832 660 299 6493 7893
6783 2136 8378 3081 5570 1356
6784 393 3680 649 8204 110 105
6785 9921 3564 6275 7497 5860
6786 391 5332 9600 7198 5685 5782 6094
6787 3705 4125 3517 7825 1555 2065 1045 2013 1113
6788 4669 733 1707 9927 5143 6260
6789 8462 8008 9053 5550 6176
6790 1168 2338 3639 899 6570
6791 3441 1587 1109 4159 4728 4945 1488 4320
6792 1798 1331 2983 1332 3562 5298
6793 1075 3996 6134 5609 3730
6794 2065 4548 866 3182 1743 9928
6795 9774 515 1923 6153 2939 7791
6796 2962 8559 7067 5508 6617
6797 8347 8394 713 8178 8077 1561 2183 1484
6798 8554 7262 580 2046 3996 9102
6799 7558 5268 1050 1063 8660 885 4419 9671 5875
6800 97 8937 846 5895 535 1096 2093
6801 4479 4017 3680 1219 3064 1568
6802 2842 3613 1460 2200 8760 2848 2513 8932 1045 7551
6803 6310 439 8510 205 7834
6804 1677 337 499 1489 5679 3677 1417 247 1635 9494 3284 7955 6612 1238 6845 8617 5525 9914
6805 1225 1125 371 1238 595
6806 9867 7270 4119 3568 5534 1840 1218 101
6807 2812 1376 9929 8873 9720 174
6808 2369 5151 6857 4808 6 5529 5475 1384 1225
6809 1075 2354 4520 641 254
6810 5155 3336 1886 3125 5691 641 6943
6811 5256 9267 8337 1561 6372
6812 3938 4464 5459 536 1430
6813 8699 2058 3900 5540 367 298 6130 8202 368 3094 1958 262
6814 6225 4114 2142 5950 642 2971
6815 1798 2745 174 6480 1716 6903 8684 9930 129 689
6816 405 130 1570 3253 9931 9041 6217 3941 9062 7263 1357 2285
6817 2950 9932 9924 382 9352
6818 371 6316 9552 7092 6497
6819 9933 9361 4777 5939 1267 1335
6820 9693 2832 4183 1409 1727 1168 9249 2291 5514 8576 605
6821 1050 373 5073 4270 7799
6822 4521 277 3949 1143 1559
6823 6019 5840 5170 80 2222 56 2129 8376 899 6097 1404 5995 8212 5316 7684 9254 6146 1415 1968 7794 1184 225 6190 2919 1168 190 5050 9934 2366 8038 2238 2308 4731 8875 3656 1969 7151 8979 7143 2489 1683 791 9557 1014 933 9833 2398 5484 9263 5975 3717 5861 9935 2427 4406
6824 715 9191 4826 5185 4669
6825 9489 2818 5574 4 2633
6826 8820 1843 2935 7341 8645 3985 4566 7317 9808 2203
6827 6545 9723 2751 3018 2202
6828 940 593 8567 5672 1471 4153 658
6829 9936 6211 4869 998 1614
6830 5247 178 1025 4044 5636
6831 6204 7529 553 2493 8873 3874 6256 4994 87 7193 5870
6832 9102 1561 1801 4729 9937
6833 1791 866 6214 3860 5226 2591
6834 5181 8776 5738 1015 8509
6835 3348 4728 3164 3391 2789 7139 8813 9666 9876 2837 4351 3541 6556 7157 51 1805 1165 5612 2331 2137 4350 2418 902 638
6836 7036 3369 4116 9096 2221 9470 3578 5578 1661 1177 5047 2308 3048 4238 598
6837 343 2091 8242 232 9735 3883 4177
6838 601 337 3721 2048 463 470 3151 6976 1890 1764 715 2296 2377 6787 6750
6839 3388 8518 4965 2578 5400 8757 1868 2724 3265
6840 2208 8491 4509 6225 3111
6841 1228 3492 2041 1444 2385
6842 9666 404 456 9719 622 2545
6843 2135 2343 577 18 1307 3245 8021
6844 1075 1749 2019 3590 736 7729 4405 422 2022 4617
6845 2663 2294 4692 2406 5479
6846 6232 193 6649 6167 24
6847 9575 4661 647 5460 147 5782
6848 2918 8479 3246 5406 5460 5331
6849 6741 8302 2503 5853 7218 9599 9938 4401 7217 8282 7283 7357 3613 680
6850 1238 5146 1573 3606 4854 7702
6851 90 6997 704 5729 2022 2387
6852 51 6352 4507 726 1966 2180 7535 2175 725 2132 6676
6853 2245 217 3474 475 6367 5268 9590 196 5464
6854 1614 2710 1282 1083 1618 4552
6855 5935 2999 5281 327 7918
6856 8659 6258 9119 5085 1271 5147
6857 23 5255 8664 2108 8099
6858 5232 722 9747 9939 581
6859 2757 4886 2380 3304 6183 4356 8669 5040
6860 872 289 1991 5973 2809 4948 2380 5388 5297 1637 856
6861 3773 5364 940 1093 3205
6862 924 6714 1361 1294 1427
6863 3494 1034 9461 8931 217
6864 5665 3530 1332 2042 8688 1529 5179 4932 7279
6865 1332 4021 6457 1550 4958 4510 5131
6866 456 9249 9349 8841 8840 110 9262
6867 278 8364 1641 1943 1270 1621 2465 1074
6868 9722 3625 1037 667 5137
6869 473 8098 6097 6856 7011 3492 2036
6870 110 6416 434 2786 9017 5782 5276 5327 3726 2431 1308 1554 4113 3293
6871 3288 5281 4 4941 3649 3034 818 1609 4032
6872 189 7884 863 1478 1646 1759
6873 1311 9767 1713 5757 7396 1419 5722 59 6256 8824 861 9714
6874 9805 8566 4591 3056 7786
6875 2388 3167 2920 5323 7804 2983 4152 2264 4917 8800 1054 4940 2523 6908 673
6876 3006 3891 5268 5784 2747
6877 437 8586 3024 3935 8807 1151 6236
6878 2144 5 7477 643 1668 134 1888 3650 1155
6879 1661 388 4643 1024 479 2934 1077
6880 1965 1843 5629 541 7497 7099 2436
6881 262 7201 1045 687 7606 5 7894 2894
6882 1659 109 7817 6242 5022 602 9072
6883 371 1808 3171 944 598 8133 393
6884 1867 8671 8135 2953 233
6885 1745 593 1225 9806 551
6886 1350 1804 7648 8544 3989 3990
6887 6091 1906 6360 7695 8841 4692 7341 6025
6888 5401 1108 5827 8828 4225 4675
6889 9681 7679 2351 9909 7053 7547 685
6890 956 4958 9786 1427 3424
6891 4375 51 3080 5820 6714 6765 4078 3249 1887 1146
6892 1050 3821 9750 4431 9169 7241
6893 1687 1688 7065 2493 7062 4767 4234 1027 3673
6894 463 1612 4572 8432 4058 7559 3462
6895 580 388 3859 5419 7718 2534 7805 4866 4155 3522 3525 3803 720 5012 7201 2983 9670 8283 1075 4326
6896 8507 302 955 896 1308 392 1205 877 1705 7764
6897 342 720 5873 384 2345
6898 1652 4715 409 134 264
6899 414 2051 7194 9000 1398 5726
6900 1121 7053 5654 2376 9865 5927 3283 4378 3841
6901 4827 7353 671 1612 1888 2313 7218
6902 391 4929 757 9940 8104 3465 5135
6903 2506 1780 7045 989 7119 4761 254 196 1153 3054
6904 3611 6479 6624 535 7119 3722 287 8213 2194 3671 6398 1424 526
6905 5653 5917 5986 234 373 4797 3288 4617 5563
6906 2775 4950 5840 106 7246 1266 134
6907 3132 2047 1235 8095 7289 342 2447 9415
6908 3742 461 2388 5039 9905 5688 5229 1006
6909 5754 6825 7209 241 4292 3080 1683
6910 1148 6348 9471 90 6150 1973 5705 1421 2204
6911 7795 4610 6610 4611 4727 5893 9165 9941 6034
6912 604 9263 109 1866 7591
6913 1170 179 8198 2491 1075 22
6914 9855 1678 279 4529 6439 6086 1771
6915 437 4433 6638 2107 6929
6916 3053 5600 781 439 4598
6917 6759 1479 2198 20 682
6918 6167 1150 111 5143 4679 2159 1382
6919 134 9915 4223 599 1612 255
6920 262 9942 384 4787 4900
6921 8384 944 3686 8433 314 976
6922 28 5300 388 1609 8452
6923 2939 2715 6078 4557 9565 262 380 2428
6924 657 110 3659 6960 469
6925 2261 9014 9644 167 8589 1664 7548 3463
6926 6061 7707 7708 1335 8599 4568 7175
6927 156 1550 1448 417 6282 652
6928 1750 4804 9935 1684 3947 5153 9200 546 4658
6929 2422 5539 902 2868 2222 429 4399
6930 4535 1606 75 1662 656 1024 2703
6931 899 1993 2971 9138 373 1003
6932 248 6449 3097 1070 8752 9943 2096 3953
6933 2865 5709 3847 1667 7440 2894 7770 2091
6934 1902 93 6 9399 937 4383 1430 980 296 161
6935 1479 6493 103 1083 3017 111
6936 5546 4051 1542 347 2527 5127 2192 8932 5419 9743
6937 8516 1131 3224 9797 9496 4306 1881 4493 666 8352 9944 6046 541 660 9580 367 6951 5775 4874 9500 8640 1056 7982 7513 9097 5259 82 905 4568 611 9945 144 6148 1336 5440 4266 3242 9164 3983 4126 9946 3070 9921 1596 5353 6938 1069 9413 3004 9177 6891 4263 9049 2341 3725 1953 4083 581 8524 604 3729 8108 129 8133 1856 715 8591
6938 9947 9875 9709 4841 9948 7234 3958 2431 3692 9949 6990 5441 1574 8336 86 7611 4012 2908 8592 8918 1246 1069 2690 9287 9950 908 7249 7159
6939 1554 1797 4390 9951 9840 6566
6940 8663 3848 501 388 7612 19 2081 8455 4643
6941 6993 2135 8644 6311 5357 1305 757 1930 260
6942 5279 7231 2008 2370 4490
6943 1392 4736 165 171 5915 3109 856
6944 8887 8322 931 1426 5368 8966 855 2806 1429 3114 172 987 983 985
6945 4448 8648 247 4115 5574 6612 9952 4865
6946 117 9953 4669 4668 6150 531 2388 7900 2475 1253 2647 7701 3798 5170
6947 2144 6092 238 2924 384 3561 1298 331
6948 2189 2102 9559 2071 967 6458 65 939 4589
6949 6560 5610 6687 5188 418 1407 9840
6950 3870 1182 3408 542 539
6951 5481 8980 2096 6495 1490 8741 6549 1507 861
6952 4579 4643 418 174 8261 7417 4867
6953 2466 103 1955 6554 5538 6316
6954 5521 6680 1342 6815 262 5948 1026
6955 3499 3775 1291 8311 1223 4272 9388
6956 9168 5190 6702 2049 6250
6957 3222 5201 1683 8240 3720 1364 7755
6958 5155 8542 7907 2809 9294 1857
6959 1103 5563 6900 9896 6644
6960 2192 687 1614 4679 9954
6961 9521 2993 599 5277 4403
6962 6989 9955 4591 3256 966
6963 440 6216 2687 8800 4859 1743 7036 4016 9242 3217 4275 2939
6964 2649 2740 2466 793 7224
6965 1686 2014 1175 6355 2247
6966 1308 2937 3418 8934 6124
6967 9511 5745 291 3126 2071 3446
6968 2508 1800 5333 1070 4052 7977 4747
6969 1736 452 2275 9581 9956 3365 1989 5848 7795 3342 2667 3348 8954 2666 1516 7509 4908 7732 3056 2300 4591 557 3050 4009 2402
6970 4762 371 7290 272 591 2129 9282 407
6971 1639 3146 471 2301 7506
6972 709 2059 9096 4539 122
6973 6354 9574 5 311 2966 7842
6974 1308 4996 5915 9764 5796
6975 8555 2493 6253 3873 8616
6976 3051 851 2596 648 1696 477
6977 182 785 1380 9260 1008
6978 9448 1271 2551 9068 2061 8021
6979 6103 1325 9957 6116 9310
6980 4811 6943 1301 3329 217 1995
6981 1399 2071 1096 1427 981
6982 5508 5960 588 8138 1993 9817 3196 3231 1440 9085 2820 2720 590 4766 8148 7212 2783 6439 2010 5563 7432 8568 365 548
6983 8865 1294 1224 3591 3563
6984 578 3198 6767 5327 9173
6985 1561 1495 6754 3898 4639
6986 9181 1427 6618 588 728 593 2154 1457 9428 6488 1899 7480 5965
6987 2071 6 2429 2867 4168 1972 1075 3109
6988 3585 791 6024 9236 2994 9903
6989 6202 618 5762 4956 1495 3365 785 8 1635 7914 329 3015 5060 86 291 2220 8055
6990 493 8387 6353 9854 4063 193 2816 2890 521 1422 1565 9870 9007 111 5913
6991 9424 4033 2393 819 4593 8995 384
6992 643 3460 1869 21 1466
6993 8330 1943 3510 3917 8012 6268
6994 9683 8456 1846 7148 6522 8444 1
6995 134 1759 2970 642 7481
6996 2998 6195 1674 9958 6
6997 8395 1440 4233 550 8313 858
6998 9346 5973 5547 7845 1525 908 805 1186 7127 9959
6999 9036 95 230 3785 6111 3102 9563
7000 7436 961 8739 1046 1047 3185 4549 9716
7001 2331 3570 368 7630 1958 134 9215 5509 8783
7002 460 6392 304 8490 9714 7920 6677 118 3497 5040 203 136 3577 6910 5487 3328
7003 899 757 1196 1751 1397 1382 6469 9461
7004 641 5611 90 6150 9960
7005 2305 6396 3966 3766 2810
7006 1916 851 604 1521 3281
7007 1797 3234 4503 1348 439 6234 6202 2385
7008 7226 812 9535 134 5058
7009 3081 2429 3839 9087 8972 4529
7010 1332 116 2622 4116 6872 2302 2163 1923 9632 6516 3969 3432 1096 4939 168
7011 5827 2364 3082 2103 7272 7579
7012 5752 7745 7858 3445 9258 1511 3724 4545 4213 3838 1559
7013 5181 9698 5040 1664 7724 66 5650 4470
7014 9397 2618 3151 371 708
7015 3823 6856 1587 2663 7742
7016 1225 2853 8468 3085 5692
7017 3987 9961 9561 976 109
7018 3389 1912 3338 6505 3690 4912 5196
7019 2864 9314 4737 1019 6445 3017
7020 50 543 2075 2851 1369 6688 340 7337 7689 5803
7021 1131 181 5317 3500 4009 5915 766 9962 1238
7022 4675 7317 2096 8147 1427
7023 4742 2191 6381 1723 133 7263 6844 292 295
7024 9560 3200 9940 2993 3137 9456 2910
7025 1985 6224 8218 4214 2726 3787 8422 403 1912 1228 4986
7026 8947 4466 9963 7140 5222 4459
7027 448 851 7392 4375 4989
7028 1024 5174 4951 2081 5381 8225 5618 6010 1966 2178 49 3189
7029 2929 265 2133 4714 3248 4613 2545 9380
7030 1662 8984 9809 736 380
7031 6054 5984 9007 4328 3675 9151 4788 16
7032 6790 6718 1342 8049 986
7033 2135 3733 5564 642 8830 307 7522
7034 3228 6759 4834 6190 2169 9213
7035 9532 2702 7839 6625 660
7036 373 1298 791 1457 3429 4398 9639
7037 1707 164 8690 55 8214 9796 1999 6391
7038 5974 3731 1111 8064 2002 7707 8634
7039 1660 673 134 895 393
7040 9322 4841 2214 4013 4860 9065
7041 2049 1848 2609 414 4298 5061 5275 2325 581 6456 8814 1462 8187 1332 8519 7032 5738 7380 1225
7042 7969 6778 575 2315 8860
7043 1463 4009 233 7395 673 2380 4948 2415 7162 9123
7044 2535 9121 6044 4487 6212 2385 4249 482
7045 171 1630 4948 689 3109 3110 3423 1430 297
7046 3393 1843 203 136 6701
7047 5995 6362 153 7966 8768
7048 9745 371 3492 9739 814
7049 7869 289 5080 4586 3033 2009 5310 981
7050 8044 5230 671 1891 45
7051 9427 9696 2086 331 7356 2681 4502 6957
7052 460 769 9820 9964 8596 2246 4821 1895 3689 6328
7053 1587 2962 5156 5770 3872 763 6358
7054 8153 8746 9608 9896 7254 6900 899
7055 651 217 5700 6665 334 4657 6558 9965
7056 7236 208 7500 304 3747 3999 6689 3706 4412
7057 2728 3365 3864 2139 1153 3605 2812
7058 2746 1332 3111 100 3075
7059 23 2751 4594 5003 2026 7302 1825 5249 6803
7060 90 4 393 1196 371 678 7050 1529 642 1703 2810 6358 2510 2395 476 1669
7061 407 7480 1795 8651 6044 9810 7691 7387
7062 5957 1134 3634 738 3964
7063 1249 651 6641 8477 1607 2491
7064 2051 8426 5930 359 9895 4089 1769 1834 1034 1427 1972 1425
7065 1608 2388 1776 2056 3321 3905 264 9544 415
7066 4059 2740 9197 1860 1330
7067 7127 8651 728 2793 7512
7068 3494 541 5582 9966 665 7391
7069 632 303 658 5362 8492
7070 922 540 5585 6785 3110
7071 954 415 409 6317 4583 6825
7072 7249 2632 6811 3118 9826
7073 2112 6847 1665 9192 9528 6912 863 382 4433 3991 5706
7074 409 3763 5057 1517 805 1783 2113
7075 720 4707 7585 5127 8042
7076 9822 174 961 6328 2030 1457 2010
7077 2127 3102 683 6067 3125 1250 2708
7078 4665 5697 8570 7591 6280
7079 9467 3777 3156 3366 632
7080 2709 3584 588 2783 9284
7081 2370 660 3999 4669 102 3800 9967 5526
7082 3007 658 1446 2388 6358 9968 500 367 1075 1797 1378 4803
7083 4641 5969 1616 2528 976 5666 8292
7084 6325 1584 1387 5205 4491 3241 3526 7049 3763 5943
7085 6480 5511 2795 1096 6458
7086 2702 8556 8866 9562 5572
7087 3164 944 3633 3345 3445 2130 404 5175 2081
7088 1316 7899 2766 518 53 6756 851 6596
7089 7575 1519 1614 5338 5244
7090 1573 6435 895 2545 6436 4644
7091 3107 4496 928 2650 1670 4948 538
7092 5316 1216 4028 145 7392
7093 1075 2491 4947 7242 5097 7675 9662 1249 6672
7094 2152 3006 107 7010 2807 502
7095 8413 2188 271 1448 4721 6653
7096 5477 1630 3109 2284 7378
7097 8212 7053 2162 2913 4715 4707 617 110 2020 3693
7098 9969 8463 174 3118 2980
7099 2403 9394 1238 1300 5076 6644 7461 1339 8632 2501 4112 9970
7100 7493 1843 9917 2149 896 2483
7101 1152 4545 3973 4660 8653 1178 7438
7102 7516 7499 9971 4637 3731 7633 2489 1003 1458
7103 424 851 519 6041 2820 1667 2593
7104 1013 6978 712 4898 108 8624
7105 2202 4299 390 1158 348
7106 7588 8390 176 3031 2851
7107 7571 4210 7376 1573 1521
7108 8684 7818 4075 1745 1330 1769
7109 941 2503 9864 2395 4639
7110 9669 2200 2345 1974 409 3763 9856
7111 3228 7799 1175 791 4486 9843 2912 3477 2434 1996 2630 9554 4765
7112 9098 5454 134 950 6823
7113 1171 1376 714 6985 134 1339
7114 3870 9972 110 641 7338 1848 5708
7115 9686 9068 1788 4002 1270 439 9927 4042 2503 1380 791
7116 3080 9158 439 1270 791 1176 1862 562 6227 728 757 2810 4472 2454 261 9973 1642 1374
7117 941 2373 437 9974 30
7118 717 2943 6500 2241 2170 3887 388 9704 1868 3601 2499 1759 9124 9034 189 9975 6151 1071 7149 2262 5764 1369 134 5556 1208 4925 7253
7119 4117 6 4 52 4948 1723 70 2380 1682 4387 5131 1105 173 4385
7120 174 1421 1787 3039 4827
7121 714 4078 812 5814 3909 5081
7122 5437 9767 4335 9976 8789 4150 3492 9654 4991 7657
7123 5350 7639 5831 1818 7164 8210 3917
7124 7292 18 4621 1759 6486 3493 1003
7125 7735 8968 371 851 5922
7126 1217 9510 2160 1074 8798 4149
7127 424 4282 4348 7276 9977 6014 6982 1484 456
7128 737 105 6092 1009 1161 5681 6439
7129 4395 6663 8762 7729 2414
7130 4286 3045 2178 4189 2179 2181 329 9396
7131 4015 3393 9058 3612 3337
7132 9068 3635 9978 9882 9101 5817
7133 3389 2637 3343 8433 1511 2836 6742 8459 3203
7134 5735 1049 373 5318 4459 1971 5206
7135 3879 3880 1556 3060 8520 6364 869 1335
7136 6907 2990 2784 1920 1609
7137 7561 8485 7862 99 3227 547 5173 4782 1429 7269
7138 3156 3327 9634 3917 3927 7941 670 667 3230
7139 3338 2666 2667 7514 9979
7140 3278 1196 833 666 2573 5756 3218 9066 5268 2548 1696 1403 1377 7559 3995
7141 7943 4164 61 3433 8867 1308 3638 2426 4529 3098 2913 1769 5280 3587
7142 2026 171 446 2194 7119 152 5248 1106
7143 3900 284 3031 6369 861 3275 8692 5398 4762 5276 1427
7144 5736 1025 9708 7358 9188 2279 7434 8488 6821 5991 4437 264 9119 1862 1382 4645 134 1457 7802 8681
7145 1221 8471 5848 623 2992 7809 8813 8920 1320
7146 1490 2960 5995 2079 2906 867
7147 5657 1616 1441 660 1881 6355 5103 561 9431 3823 1417 791 8169 1545
7148 3649 4867 941 21 3650
7149 9322 7505 3111 1253 3961 1784 1638
7150 9578 4001 7358 2257 2258
7151 6949 1012 4693 264 4232
7152 866 4769 3265 8979 1225 5630 3742 9761
7153 709 9259 713 203 9013 1189
7154 2939 1585 9980 5533 3217 6416 9312
7155 2676 7236 673 134 1238 3577 4646
7156 1026 9788 476 3479 2047
7157 8380 2503 5604 965 7860 1019 1424 6555
7158 8129 801 6812 4363 5604 3248
7159 2851 1347 16 4815 1155
7160 8586 9981 5720 2600 5227 2515 9366 489 7020
7161 6299 2634 5028 1071 2414 7603
7162 8285 7867 8963 8699 5414 1017 361 580 6928 8416 8062 1324 5980 5419 5604 2069 1713 1443 6335 8604 7748 7204 6810 3747 2503 8640 3755 111 851 7729 8217 2191 9982 4905 642 1075 165 6794 5384 9513 2808 4770 134 870 1971 7244 2136 264 5104
7163 1087 846 97 5465 2354 6543 1098 3109 9633
7164 4942 106 2656 3220 5622 819 7023
7165 2671 1153 5767 438 1891
7166 6346 870 6345 391 4929 7060 4937
7167 2983 4302 1752 2791 1578 4561 4718 4769 6496 384 1329 5563 6309 4657 174 2422
7168 4438 6227 1460 2030 1862 1451 2783
7169 1196 3003 1268 9910 6348
7170 9691 2767 8691 1146 5031 1566 262 9530 373
7171 4893 9923 289 1096 934 7691
7172 7677 1017 1631 3851 7161
7173 1561 9419 5061 581 5654 2387 8922 908 7774 8754 757
7174 5436 3269 3389 5238 456 5523 6906
7175 601 262 8304 673 134 2280 1660
7176 9135 604 5906 1415 3362
7177 439 2668 3053 2124 917
7178 9549 2446 2118 4673 1090
7179 9284 4209 6839 8426 634 6225 9965
7180 2831 234 6079 3217 6764
7181 3711 1250 4306 18 6171
7182 2310 3448 560 707 7850 1006
7183 6784 3181 5937 8979 6404 3214 670 3362 4349 6617
7184 3569 393 7257 4922 107
7185 1409 1490 2205 785 9983 6991 9984 9936 369
7186 1687 1012 6947 8640 851 6357 882 3194
7187 3539 9652 381 6664 4901 3763
7188 2027 8138 7474 1025 6773
7189 6768 6039 8959 4178 2235 1808
7190 9537 8177 4709 2348 9458 5405 3752
7191 5045 1436 6460 183 3352 1966 3276 322 6630 5552
7192 2788 2293 4929 7285 7076
7193 1884 2448 890 4237 2364
7194 1433 2503 1840 908 8213 1408 882 1434 1271 2069 6812
7195 4901 311 9534 2373 1050
7196 2245 8300 1122 7647 5600 5910 9938 482
7197 6434 5773 6600 5006 57
7198 8008 2027 3295 107 2764
7199 6808 1500 593 6420 1314
7200 9985 4499 8212 7610 2928 3383 2096 4452 2786 1298 5 431
7201 9986 842 843 3527 6462 1254 8607 1255
7202 896 5917 5672 6194 5458
7203 1798 6018 1308 1085 6325
7204 8626 415 2135 384 4745
7205 9482 3954 9710 1700 4168 1092 1363
7206 3494 7727 8116 2496 2503 757 8008 761 3282 510
7207 8074 2815 3133 2695 2511 4943 1157 6811 3923
7208 1609 6851 7309 4375 6135 2705 9514
7209 7993 9987 5436 2478 4985 5856 404 722 6275 1985 3689
7210 7386 2446 1274 1267 5 691 314
7211 3404 9434 7963 6462 8813 1308
7212 5757 373 9759 2993 5460 758
7213 5438 1775 4415 3825 9141
7214 3053 5600 6257 5892 5430 6554 5711 349 1940 1030
7215 5810 456 6352 2130 7967 7704 1911
7216 3151 1901 89 5809 93 4697 7572 9041 6715 6173 5866 9988 7578 127 55 1357 939 2806 1330 537 171 581 985
7217 7236 864 4932 3659 2687 5637
7218 9254 9639 5237 7440 7307 348 2086 9133 2493 6333 7982 3990 5153
7219 4346 9463 1267 6031 7856
7220 8636 1693 6771 2218 760
7221 3050 456 3312 5883 5996 3062 1785 9838 4822 9092
7222 591 8113 3788 1579 9286 1862 1308
7223 2119 896 7221 2164 9201
7224 1825 3479 3337 1641 1208 4601 4655 1064 61
7225 7026 3999 4 604 2257 1015 5764 7230
7226 4466 105 1914 3392 9709 2621 7340
7227 746 4371 2504 903 6565
7228 2676 1964 7061 9232 556 6959 2414 6242 1585 1228 4116 1088 167 8128 7078
7229 500 3100 2667 7733 5713
7230 1404 388 955 6906 390 229 1527 392 1077
7231 6692 7022 4786 9924 8217
7232 7211 1176 993 1833 1356 1123 865 919
7233 1887 7565 432 4584 7272
7234 5479 5827 393 3528 2178 2175 2179 2181 5371
7235 4204 4899 7250 1382 4644 9797
7236 4902 577 5663 2345 1974
7237 3541 3261 1116 6364 646 6123
7238 7305 232 9531 4961 3101
7239 5930 186 4735 4081 1642 4438 6227 2030 2319 6167 9827 9980 728 3729 4664
7240 3585 5031 3296 49 2659 3967 685 5917 2616
7241 5959 3050 7165 6281 2584 3628
7242 4777 71 1722 1125 6520 790 2326 1872 9989
7243 57 8000 3192 117 7161 1667 6486
7244 3009 3233 949 5932 8251
7245 4580 6074 7335 5015 716
7246 30 2510 4305 3895 5551
7247 5749 1865 7359 5710 9625 8445
7248 1646 4462 6424 4328 3890 3675 992 9339 4409 7480 4930 9971 1862 1096 5573 2304 5331 3757 660 7602 3729 9990
7249 1024 75 1180 7759 909 9877 8448 8836
7250 9991 6434 1967 6199 1767
7251 3791 3343 1776 1911 9838 3626 2382 4984 620 5441 1917 2039 5994 2171 6053
7252 9856 9327 383 6414 3037 4132 1757 4300 4459 174 1246 7720 8023 63 5574 744 820 6 2053 3789 7571 4804 8736 3839 3207 4867 9992 3474 5569 222 4067 1082 4223 388 2238 3566 4973 673 2545 1238 7130 3476 6955 1083 1382 4664 196 9813 194 9850 2812 279 563 6174
7253 5376 7656 5655 4759 15 14
7254 5254 105 2788 241 3294
7255 383 2278 9993 9994 5492 4902 5510 4688 387 577 1607 1974 2730 4645 1171
7256 7913 7438 9995 5184 320 597
7257 5720 6124 6 1677 3950 2016 4749 4870 2856 1638 3516 4754 4758 5742 9390 373
7258 1868 3982 310 1031 2816 3909
7259 957 3437 9240 4919 8313 2527 7185
7260 559 673 4680 3006 6735 9542 2545 5027 6435 1573 895 2342 6357 1250 8637 4981 5676 1239 8638 3457
7261 3506 7003 7604 1905 4263 228
7262 5570 757 6 7416 407
7263 9898 7807 575 3775 3907
7264 1075 1249 2042 4700 7975 5558 6231 8239
7265 955 138 7395 1529 7023
7266 1587 8823 1818 5255 6061 3978
7267 6693 2803 5299 171 577 6567
7268 8297 8057 9756 3115 953 611 2027 5835 949 6734 7713 7595
7269 2198 4264 1075 393 9690 9967
7270 932 9290 5010 6389 3476 279 8187 384 8806 2091 5532 1059 1991 6205 2781 2591
7271 7354 6411 834 1274 415
7272 97 7750 1620 4959 540 4463 1634 1631 3033 2009 2614 4590
7273 2992 7604 9953 5829 944 9628 8859 4156
7274 591 3874 4807 7868 418 1669 7107 302 905 371
7275 376 8767 673 6435 1382
7276 1156 5060 9779 3030 134
7277 212 2303 709 203 5934
7278 442 588 437 1462 2267
7279 153 5698 284 2090 5492 97 1355 2191 6739 2380
7280 8855 4 4759 9737 5868 8739 4873
7281 6880 110 3937 1667 4722 4597
7282 7466 815 4239 3573 8430 261 3214 7808
7283 1692 2281 1644 4468 883
7284 4908 9956 5401 5753 634 105 6895 4187 330 8566 7948
7285 2373 5045 1888 4034 5726
7286 7485 4653 171 446 4901 1862 1829 5654 1190
7287 575 1901 6788 167 3259 5247 1361
7288 4882 1994 3553 9434 9270 542 539 972 7230 5915 4431 4890 38 4510 979 980 5754 1457 173
7289 9969 7513 5562 7145 7895 8416 1957 1339 1862 3850 5520
7290 6745 7285 280 236 2519 433 969 971 1863 1432 977 9533 4749 4752 4753 978 6525 4870 1638 8017 4755 3711 4530 9763 8403 4748 8884 4758 5742 986 8765 8885 3515
7291 3901 359 3975 7332 3227 2702 3127 1699 3624 6198 5
7292 1721 8057 4195 6540 4918 4850 3950 7784
7293 4819 1418 8816 4545 3175
7294 5601 820 2082 9289 6751
7295 2540 5045 1722 254 1342
7296 4303 5629 6989 5357 1312 3990 4651 6828 5559 541 5870 9996 3647 197 8872 4628 7547 2215 9247 510 1256 8630 3065
7297 6325 8747 5089 519 5542
7298 8286 2532 4337 1680 2588
7299 5604 2290 2503 189 1 3022 2649
7300 282 544 545 7032 3730
7301 6823 2327 7616 2056 8400
7302 1695 6964 1692 5402 3168 5165 1182 1124 8130
7303 3662 5372 6750 7974 1298
7304 1075 3746 4780 441 8200 880
7305 2893 5055 4287 454 2383 8424 2963 613 8191 3794 2056 7681 8176 6053 8222 49
7306 1075 6291 6835 4697 1890
7307 7055 378 3048 616 4690
7308 5298 1815 8770 243 1124 1892 5517 312 384 4144 373 3958 2652 720
7309 3517 1547 3773 6972 5779
7310 1649 761 1648 4745 6876
7311 174 3574 5366 3519 1067
7312 4799 289 1265 7240 6485 7387 2380
7313 6493 3952 3075 1034 5792 1026
7314 4337 6420 4323 4577 2961 2693 5118 5122 8959 153 2716 9234 867
7315 6375 3554 445 7013 9431 3801 5359 622 1650 574 9986 6056 8663 5716 1380 36
7316 8320 3704 8973 3059 7608 1561 1308 704 7284 1580 1744 5104 2771 2543 5611 8682 3968 5366 4063 454 9936 7058 3357 3955
7317 2977 2047 2587 5 1587 9923 91 9294 1589 8649 1235 5884 7213 5247
7318 2971 373 384 847 1662
7319 142 4356 129 5768 793
7320 2130 3353 3387 9267 4228 8336 4985 9997 4649 3997 5021 9977 1572 8206 5381 9730
7321 8699 2991 2809 371 5456
7322 1283 3301 380 1608 9640
7323 5787 5434 4234 8446 9489 2949 9998 3881 755
7324 460 2605 3369 3102 3779 1492 5975 80 5260 5061 1614
7325 7082 4042 439 1886 3895 1382 262
7326 5048 9993 699 3066 2132 3978 4680
7327 7707 8149 7807 6909 2114
7328 3262 4952 1332 2871 2532 3629 3838 4938 3601 8755 7423 6498 7317 1583 8084 1327 713 4116 1882 7460 6664 9135 2221 4807 6100 9271 7053 371 2025 2886 4487 8845 4902 4557 4155 2036 6972 113 8589 2567 776
7329 601 127 3287 5259 3118
7330 7288 895 1402 3902 6345
7331 6160 6975 109 704 5825
7332 8188 9526 7476 4531 4816
7333 110 9109 7457 8111 866
7334 1683 314 1985 5773 8779
7335 5743 1681 6574 2863 5079 4020 5138 2359 166 3830 7570 6161 934 2262 2798
7336 1308 1674 323 1085 1604 7434 5104 1696
7337 9116 6472 5298 1819 7732 9875 803 4591 3056 8253
7338 1916 3203 4272 1006 3512
7339 1490 6294 6462 1785 3855 2643
7340 1811 7307 407 680 593
7341 3125 9634 9095 254 4133
7342 5358 107 3647 4254 1032 4204 2668 6679
7343 4596 865 9276 304 3933 4496 4450 29 8859 2838
7344 8793 1173 1175 4492 8958
7345 1117 2725 866 2695 9405
7346 5669 3225 57 373 3789 820 2516 5247
7347 3171 5081 1356 2598 4206 683 4769 7189 9950 7196
7348 4280 6216 1783 6768 8258 9962
7349 2527 5262 2279 266 5048 2454 261 2419 9007 2925 5683 7031 2331 1665 1971 798
7350 1683 8766 40 5234 2025 4160
7351 129 879 1751 6891 3256 1387
7352 4869 8684 6737 5719 588 5303 9350
7353 6 61 596 1556 3769
7354 1773 5208 373 8259 8166
7355 8606 4260 7319 7607 1189 3192 6080 4655 6802 8422 7971 9157 6467
7356 2734 181 3388 8720 4709 7251 9999 3102 5613 1072
7357 6786 3479 3956 15 1332 437 145 2501
7358 9869 4466 4224 7612 2689
7359 439 8129 2955 5521 1384 4540 2028
7360 3847 8144 2071 3600 852
7361 1888 3253 6167 3967 247 8562
7362 264 1885 7302 5249 4639 762
7363 4599 6687 3128 5205 476
7364 2710 4742 8618 5654 8858 2676 4772 920 5584 7089
7365 4625 6803 1887 7839 640 7530 4883 8156
7366 1032 6029 7327 8764 7701 1645 1848 1669 1638 9390
7367 456 8327 1016 8119 4350 2816 2164
7368 4043 7182 171 1423 1630 1631 4171 757 934 594 3673 127 1357 1529 1607 2614 6666
7369 6502 8732 228 9260 2421 4140 1548 7320 4903 234
7370 9158 3964 4264 1942 562 96
7371 3338 6108 8056 10000 5690
7372 9768 7733 5230 5257 1352 3805 3867 3261 10001 7959 1742 3264 3784 8725 637 282 7787
7373 960 642 851 3759 580 4707 4902 2952 2398 380 4396 2065
7374 713 9248 3760 8393 7156
7375 2331 3848 3662 2860 1543
7376 3789 3985 3406 6574 846 2313 6141 4732 3747 1156
7377 6584 9375 905 3508 899 6347 7196
7378 5943 1939 5298 1125 3559 6490 7420 134
7379 944 1914 4023 4711 5412 2144 2493 837
7380 7475 1670 5949 373 3552 562
7381 337 3721 1087 286 629 3470 3646
7382 8462 3088 757 2658 702 1174 2494
7383 896 6550 560 9600 6927 6 4269 8682 4703
7384 2497 189 1594 373 2434 7041 4682 3924
7385 2495 1412 4195 605 2184
7386 3985 109 5017 2977 4410
7387 6472 7974 6974 6378 4099
7388 4050 2960 46 275 7075 2219 1788 1251 3811 9135 10002 10003 1704 1384 6007 1960 9395 2806 8108
7389 465 5061 2493 1034 3912
7390 264 6596 1888 8781 9400 5783
7391 9423 4710 944 174 5531 1399 193 9818 45 5026 6495 2675 9180 9682 1964 5605 2015 3749 446 10004 5080 2194 171 967 8925 1156 1424 1427 972 5342 5273 4697 2806 1100 3262 61 362 6688 2798 157 981 979 1624
7392 4545 2056 7934 4362 8408 2218
7393 7068 5317 7451 1497 1985
7394 1027 4488 7396 674 4492 2068 111 2348
7395 3861 1046 393 1782 7023 1176 4409
7396 9366 2073 396 4581 6 1010
7397 2474 7456 2130 5066 2707
7398 10005 8048 4009 2026 309 4501 2355 4867 476
7399 2619 242 2717 104 4304
7400 1233 6363 5249 5550 330
7401 3240 9621 2482 8696 3294
7402 2504 71 3607 5700 421 5632
7403 9289 5017 5903 200 6761
7404 2796 5224 3108 937 976 8904
7405 7410 6890 5708 9515 4938
7406 7983 671 2542 7206 769 1312 3989 8081 4792
7407 8063 1087 9372 1983 5610 2057 5237 8496 5138 2765 1348 3579 583 371 2104
7408 3818 356 84 1024 8091 310 5051 581 713
7409 3579 3198 3593 259 2067 9425 3854 9095 2313 5623
7410 6051 8578 2851 642 407 9227
7411 434 2049 642 7818 3607 110 2423 262 261 5419
7412 9293 6712 151 5844 8890
7413 6716 9575 4815 7076 4779
7414 264 3730 1397 673 4644
7415 6961 7262 5336 73 134
7416 2676 500 10003 9276 675
7417 7032 5659 4947 2805 4119 2 4589
7418 3753 8465 3023 3029 155 6742 1563 6599 5934 1561 6940 183 3968
7419 2400 7532 2708 144 9377
7420 2182 110 7684 6900 6163 9399 6245
7421 5511 4313 1968 4732 2936 1385 1156
7422 9695 4776 3307 8773 344
7423 1476 8744 6952 2917 4957
7424 3360 1594 2065 5926 1309
7425 3881 6997 10006 4282 2728 8254
7426 9940 50 275 3234 2503 738 3508 2353 1645 9968
7427 5165 134 3625 1809 7416 1018 3805 3505 1168 6059 9457
7428 8190 429 796 6386 3082 929 1822 791 733
7429 7264 7974 10007 1614 1542
7430 4479 4596 4556 2367 5189
7431 1653 5033 6086 8200 5024
7432 2059 2002 4596 3391 3565 1912 7745 2266
7433 2202 7023 6834 1567 8219
7434 302 9590 131 384 1616 2345 1974
7435 9635 4112 10008 4099 1308
7436 9099 2690 58 7343 1848
7437 5750 8892 2365 7422 5591
7438 6963 6962 46 5933 1551 1690
7439 4334 6345 1667 477 1672
7440 8679 8691 6972 8891 352 6171 1559 429 4421 8817 7141 1611 1641
7441 105 4938 2886 1797 4312 4620 3968 8083 6078 1643
7442 9802 7288 109 4950 2081 3741 3755
7443 9146 6792 489 1060 111 2510 2108
7444 291 934 1426 937 2798
7445 383 7954 2846 384 3283
7446 1508 5054 5795 10009 2758
7447 1616 7319 9607 3408 3798
7448 4364 5667 5580 5668 3049 1588
7449 367 218 134 673 1529 5567 2924
7450 9543 5926 9618 6501 3304
7451 2493 9286 4767 2853 3875 5155 9821
7452 4017 2672 5557 5702 1246 2690 1472 1605 2799 4664
7453 1262 1501 1284 1644 604
7454 5807 1051 388 7601 6537 873 3472 4378
7455 2293 318 7033 105 715 2999 3689
7456 3517 10010 2930 8606 2217 4890 8459
7457 8620 7515 1920 1075 5697 2715 515 7562 7791 9610
7458 9064 4 8354 6290 3498
7459 4226 648 6634 1046 1047 7865
7460 2491 1075 153 384 439 1170 367 757 1298 134 3438 1888 5044 1054 2428 4470 6797
7461 2069 5191 4234 1660 3177 8432 2890 680 6198 8682 7207 8232 6894 6397
7462 117 280 1847 606 412
7463 1008 2503 4555 32 3974
7464 2368 2673 4768 1848 2049 3832 6358
7465 3938 4959 6322 3109 937 5737 7891 2070
7466 1427 3649 7749 3989 3990 3179 1096 2661
7467 5600 8922 439 9642 9864
7468 8280 5827 1901 1483 7604 2191
7469 521 4869 5732 4686 1745 1884 9350
7470 720 134 3000 1676 1853 3805 9996 5348 1529 642 1150
7471 9702 396 1226 733 5517 588 1292 398 5246 9524
7472 5137 9175 1407 5536 6753
7473 1870 694 309 475 7726 5683 5563
7474 438 1619 5400 4591 2812 6563
7475 6701 98 8249 1088 9882 4864 457 541
7476 5797 4405 384 7987 1462 8339
7477 8838 8798 927 8854 2668 407 5027
7478 4010 2114 1954 1863 8076
7479 9315 641 1506 1 388 5205 3702 3703 872 3704 6796 9312 4477
7480 3968 3223 781 5668 2114 4155 5155 1298 1204 1282 2326 3210 4403 3893 7419
7481 384 7729 4502 406 2740
7482 3265 5565 1308 4663 801 7502 2879 8239 4529 3148
7483 5702 2533 2608 4721 1225
7484 3023 1089 851 1990 430 6 3032 5387 6458 8474
7485 2334 1299 4394 2365 2764
7486 2462 5532 9909 9139 9943 1060 646
7487 1328 2961 5018 10011 6094 2207 1241 5082 6352 9449 6660
7488 6906 3313 2006 9949 8086 3482
7489 3842 8335 10012 5061 5945 1448 3022 4298 2327
7490 4584 4620 3572 5027 6596 2545 4268
7491 3773 3901 9846 4762 4917 7789 4242 1968
7492 3068 341 3324 9638 9455 685
7493 1967 8658 2789 1594 870 1421
7494 7811 5659 3338 813 5289 4120
7495 2407 604 8485 4081 988
7496 1948 1848 4795 9821 6349
7497 772 7282 1652 651 312
7498 1407 4418 5034 9108 8870 1457
7499 2139 7251 6516 489 6583
7500 8492 7156 4777 462 4107 3004 8126 684 5933
7501 2622 7584 3739 4077 9148 9449 6899 347 2460 2303
7502 5521 6815 1027 4959 1026 3055
7503 1868 9709 3936 9349 8049 7025 6278
7504 210 8444 205 2962 5356
7505 951 7815 2663 5905 4048 811 6471 5252
7506 5948 439 2653 3451 2164
7507 393 6306 1553 2000 9759 1472
7508 5102 4079 9180 5025 3166 7238 7151 9362 174 810
7509 298 8537 1752 4707 2143
7510 3263 1308 3020 3474 8888 7630 6085
7511 715 2114 3917 8015 349 581
7512 1026 901 5098 2885 2820 2354 4352
7513 10013 384 3039 262 1614 7185
7514 624 5035 454 3490 1165 7206 3802
7515 298 255 4384 380 368 10014 4205 9790 4345 4797
7516 8433 6286 6574 4165 8421 1950 4590
7517 6165 4545 9917 1555 1793
7518 561 895 1841 477 1670 5783
7519 7582 4891 5769 1297 5668 8334
7520 2981 757 2881 2884 1 8529 4856 9130 3906 1704 8068 6708 4033
7521 3376 410 4212 337 5065 8120 1254 1092 3413 5090 1663 4737 7596 1156 4996 133 3079 1032 2798 6637 4316
7522 2073 3965 3830 2753 5246
7523 9489 3126 640 1930 3127
7524 10015 722 10016 746 9770 5175
7525 1170 471 239 2044 4180
7526 1868 452 3342 4844 5291 3348 4951 1559 6222 3777
7527 6213 2511 1508 6720 3150 846 3255 2600 7859 535 694 6069 9766 4627 5527 1364 6834 7480 2392 2867 166 155 4170 1980 4001 585 7240 4585 1612 3587 5047 6967 6184
7528 4839 9982 886 5463 7757
7529 6546 942 2985 3393 5932
7530 367 2829 122 5355 6817 2918
7531 8491 5050 5170 6701 2376
7532 7915 1380 6557 3651 9526
7533 1776 805 387 1618 2376 9888
7534 2354 393 4591 373 3453
7535 2847 393 8397 2143 5422 2159 5428
7536 5926 7358 3593 10017 6222 8871 1884
7537 5045 1616 5416 285 2296
7538 571 681 6130 6396 2810 6174
7539 9702 5665 5666 38 1483 9073 7550 398
7540 8178 7687 4598 9134 997 2700
7541 174 3608 851 134 895 1633 6138 3526 1529 4707 2929 1573 4223 9187
7542 5942 1543 4888 107 109 651 2165
7543 9988 7090 9737 2881 3073
7544 309 8640 2169 2168 2119
7545 262 720 4059 597 6470
7546 2064 2522 262 2618 3950
7547 1484 6575 7180 948 1914 8377 5290 749 4909 4005 3715
7548 7454 2944 3338 3250 121
7549 2319 6076 5333 1114 3230 261 5914
7550 1642 670 2490 6079 1379 8965
7551 3651 7586 5577 1603 1601 616 417 3294 1529 7877 851 6330 5755
7552 3225 5065 2018 899 171 2485 2284 297
7553 9254 4050 8574 8919 3790
7554 899 373 5134 1983 6478
7555 9980 5091 9193 2431 2807 6309 9538 2503
7556 1274 1957 847 8915 1265
7557 1868 6006 4032 912 5088 470
7558 4229 4707 3986 1515 6565 2653 4492
7559 1690 4283 2247 5149 6204 6 2879 1025
7560 3655 1075 2689 1271 6446 10018 3771 3412 4857 2808
7561 4097 368 7218 2953 7502 298 7173 1082
7562 1888 283 2050 6535 8792 1604
7563 3591 437 597 1219 279
7564 4119 3204 3001 6131 5296
7565 4596 5609 910 869 3451 5864
7566 8709 1587 892 1817 9896
7567 6833 373 3081 411 6749 128 5045 7033
7568 1556 1124 1635 2658 5343 7282 5679
7569 5436 1736 4728 1915 10019 98
7570 1168 4102 1967 1498 1491 2027 7788 8221
7571 5390 6124 715 9929 2296 4736 5295 8242 1847 1 149
7572 621 6460 388 231 5233 9074 1078 9889 5175
7573 8451 3786 4361 1253 9854 4335 1420 6021
7574 2240 5329 5983 1233 5981
7575 505 6210 849 1935 545
7576 2865 5051 3542 7211 17
7577 4810 2114 4907 4521 1881 8499
7578 3276 5917 1509 7159 6842
7579 288 4728 9091 4591 7789 6059 3045 4699 329 5620 3533 2457 1648 765 7095 3050 5826 5857 4672 3919 3047
7580 384 4431 2110 8467 929
7581 3472 6665 2535 1529 1360 1573
7582 2971 581 407 2792 1198 3050 1648 8575 2383 1320 4822 1780
7583 1797 514 233 2913 4110 1515
7584 8689 4066 3183 7428 4525 5257 8589 1741 3607 4178 1971 3820 2312 1375
7585 5630 9469 2357 7925 5504
7586 788 7116 4666 7694 599
7587 1727 5215 5389 6635 4557
7588 3202 1332 7024 373 5126 629 4932 494 8645 5845 6377 2182 3717 9752 7565
7589 1404 3071 6243 9849 6651 2886
7590 924 7144 3797 7552 4654 1632 3672 2797 5445 934
7591 8476 346 4531 7550 7701
7592 544 545 1608 720 1801 3478 8315 9649 144 574 1323 85 77 6098 5061 805 3056 9984 7565 4305 3059 1759
7593 1283 6540 10020 209 9355 9386 6487 5103 3301
7594 9170 601 605 4575 7928 10
7595 9298 3102 2361 7745 2130 2333 3049 2497 6303 4966 1594 4863 5271
7596 134 253 1003 6641 5517
7597 6252 3620 2810 6797 2503
7598 4430 3329 1331 1672 7184 732 3607 409 7601 968
7599 2443 6 2846 4439 5651 1711 7835 6200 6070 757 4446 9761
7600 4990 4732 99 2429 3727 527
7601 3564 4710 849 3931 3961
7602 9320 3584 6555 4434 1604 1677
7603 1698 9255 2744 2361 3799 6352
7604 7040 1478 5925 450 6401 2623
7605 2961 9991 4768 6535 5632
7606 383 720 9197 6285 2527 7676 960 7146 1614 312 884 5615 3113
7607 1949 5025 6228 8674 9206
7608 2592 797 9438 6223 5296
7609 4409 7316 4713 373 9366 1225 757 393 2395 591 2866
7610 2102 3714 8436 2192 731 3423 8611
7611 4902 5534 5814 7597 9717
7612 5275 7170 9149 2654 8269
7613 384 4714 3228 6958 2345 1974 5904
7614 10021 1607 8672 4453 1408 758 3618
7615 7043 3598 681 8901 9751
7616 9765 1967 4498 9457 4287 9491 9119 4792
7617 7642 1329 6540 1514 1952 4775 2377 3138 8188 5315 1332 2653
7618 3489 2114 2762 4877 9516
7619 1587 9126 3138 264 5359
7620 3677 337 1635 2931 9836 1616 1247 4518
7621 8624 5381 6994 1274 2218
7622 135 5660 109 2684 2156 8657 8745
7623 5626 2238 1971 3332 2991
7624 4560 1376 6802 1189 8557 1826
7625 6772 8490 8679 3003 3620
7626 6167 1716 3228 1692 1157
7627 1344 1607 9806 2156 239
7628 3632 5119 6620 902 5977 2287 6091 7783 9096 6067 8425 7168 4102 2904 9148 2221 5511 6595 6996 2071 152
7629 6551 642 2929 6865 7371 5024
7630 1339 9454 1384 6889 5633 1140 2553 9017 129 7440 368 8359 6897
7631 10022 7738 7074 6015 5182 2338 8200 335 439 720 686 1300 4716
7632 1455 8023 9600 757 2720
7633 10023 5679 9085 3825 6925
7634 1346 8320 8383 3206 5192
7635 1850 5524 4207 925 8966 2806 482 2938 5450 8470 1358 6637
7636 9686 2187 3760 1721 2810 1046 3999
7637 8669 3292 808 5021 9961 5023
7638 98 6780 8464 4164 6242
7639 2596 4760 1171 8597 5404
7640 402 861 6517 4134 42 715 7034 4133
7641 5060 4441 5541 1217 1153
7642 7985 496 658 6732 1185
7643 1083 4258 4865 8951 1308 196
7644 1339 2771 5127 477 6222 1196 134 2730
7645 10024 2791 2313 8213 291 1357 5737 159 296
7646 2904 2253 3390 7129 500 174 6836
7647 484 486 2855 7924 6862 485 487 2854 2856 1530 2857 4982 4981 1539 1540 1536
7648 1607 384 1652 7630 4715
7649 1529 2703 4 22 2345
7650 8129 448 2413 9643 373 1404
7651 9995 1722 9734 3779 304
7652 3474 2506 6892 1208 479 4377
7653 390 643 1609 4643 9382 481
7654 10015 8002 2435 10007 3768 9979
7655 6751 7099 1796 2886 3096 4005 7919
7656 1875 9622 2429 3671 7601
7657 5237 7384 1225 5137 2098
7658 4405 2527 9664 2241 6720 1614
7659 3755 368 5674 3118 1851 10025
7660 1083 110 6764 4021 439 1128
7661 720 10026 6256 2482 576
7662 8492 1017 232 3428 1225 6533 10027
7663 2863 4921 846 4960 3294 6603 594 1891 7734 7349 937 294 3425 1104 159 1105 1432
7664 780 9639 684 105 602 84 1726
7665 4717 3718 8791 1657 1060 234
7666 5061 2114 373 581 5190
7667 2762 450 459 622 1322 2530 5038 4822 2150 803
7668 2868 374 2365 3710 7233 714 3075 134 3113 7669 9136
7669 1249 5744 548 704 5162
7670 373 434 834 692 1356
7671 262 10008 3300 3245 8526
7672 6835 10028 13 3185 12
7673 9435 9241 6811 1851 213
7674 7997 7865 1046 922 6038 2301 2359 4243
7675 4216 9986 3348 2775 9749 9031 4988 2338 4817
7676 5492 8626 7254 3693 3450 8766 442 2006 651 134 170
7677 5088 3432 4772 4706 1769 4126
7678 1422 1027 3118 1876 8118 4871 591 3073
7679 8541 4215 6425 4075 7389 3550 2993 3551 5460
7680 4395 9847 4112 6282 262 2849
7681 440 1223 1293 1344 40 6 2683 3086 8462
7682 1573 5027 134 895 6436 2159
7683 5064 1341 2267 3892 6 5303 588 796 981 4766
7684 2222 9132 1585 113 1741
7685 3697 2429 239 407 2493
7686 3824 3099 757 371 2134 309 1862
7687 1342 42 21 414 9241
7688 8016 8371 9884 2336 5221 4678 10029 9757 7770
7689 9349 5977 8036 4641 1647 2150 7991 7612 3038
7690 7491 5394 9089 6253 4176 5179
7691 2691 2929 7610 5077 4653
7692 1920 4504 3601 6242 7975 521
7693 1798 3116 9400 8279 8553 3962 6904 5326 1395 3963 254 9710 6513
7694 2971 611 8464 6246 3458 3541 6186 105 820 1653
7695 4026 5252 1049 2803 1308
7696 6923 4993 1173 7324 1146
7697 4361 3742 6963 2218 3382 10030
7698 280 8395 5452 9154 26 2088 5313 464 5537 2580 3072 1607 3805 1071 15 5539 9097 598 9440 2520 2742
7699 6287 6906 5539 8711 2447 9811
7700 4542 6976 2820 7755 4503 6837 1311
7701 9142 3365 7795 3187 1727 5185
7702 1392 3227 415 1270 8510
7703 9166 1742 8845 365 4938 2939 2998
7704 9851 2338 2110 9561 403
7705 1 9992 7022 1309 2058 5205 2355 8800 4781 1593 3004
7706 7377 3734 2985 7828 6306 264 8891 134 4459
7707 4 174 393 2599 1075
7708 381 134 393 757 5600
7709 3253 700 337 1060 1808 646
7710 818 3702 1052 5756 2335
7711 607 2244 1228 1731 2114 5750 2987 602 5668 9619 1726
7712 6674 6444 4917 958 402 5954 1457 3668 6531 8633
7713 5868 909 8154 4494 810 3268 7257 2182 4822
7714 7752 3115 2929 2313 680 9231
7715 259 2573 6044 9810 4255 6839 908 4677 1308 134 3017 8078 5961 4497
7716 383 8419 5610 390 1769 7133 1950 5140 1448 5805 4940
7717 4540 4927 1669 1384 8103 755 9579 5054
7718 1435 1526 3118 9288 4627 8222 6595 875 6404 1407 1578 6702 6145
7719 1013 1875 2017 7753 2556
7720 5600 4046 563 2307 3987 4756
7721 8492 411 7742 1267 761 5790
7722 2368 9607 1593 2141 3387 7773
7723 1026 1027 4473 476 3836
7724 3953 7981 758 991 4453
7725 3489 6464 754 6373 1407 3974 2672
7726 85 7813 110 1046 569 5869 815 393 2122 10025 8987 238 1284
7727 6847 727 446 171 1075 1424 7034 8316 970 347 1429 9356 1616
7728 83 8091 4357 8926 6273
7729 2612 6338 2648 5867 568 4707
7730 5972 9938 1086 1448 6282 8708 6 7520 1046
7731 253 7279 746 748 2730
7732 2953 3376 715 6157 9571
7733 2090 846 97 1619 1027 4085 5863 4387
7734 8145 4999 8261 4542 1235 8739 418
7735 1018 1446 2408 6709 3160 2595 3770
7736 7800 3363 6010 6011 4591
7737 3257 924 1363 3052 7182 6850 1620 3672 7579 9414
7738 3405 1367 2090 523 7232 2102 3943 2194 856 294 1106
7739 9056 2532 75 109 1616 1379 2591
7740 9248 2135 3760 7156 810
7741 429 3303 5802 6762 2493 7712 6476
7742 1354 7992 5205 1490 272 7094 415 456 505 3974 6649 5937 4352 2308 6336 3797 5906
7743 6921 2248 9789 6616 899 8064 1069 2484
7744 5557 1028 9636 9570 7360
7745 4886 7245 2535 1657 822 1084 1063 1308 8238
7746 1151 7918 5251 899 174 7932 802 804 3103 9876 3436 5842 1080
7747 721 2983 1354 410 6373 7592 441 650 4587
7748 1250 1152 2160 9821 4439
7749 3004 6158 578 3180 4691 2139 6925 3205 618 1323 3184
7750 5805 4455 7434 2049 2051 3899 654 9055 7531 566 7622 7587 2569 1695 1370
7751 460 9476 2304 6626 1155 153 10027
7752 4129 2112 1939 1210 4897 4862 4309
7753 4229 2812 3408 232 9726
7754 493 5409 6833 461 3550
7755 846 97 7526 5247 1621 291 852 937 2980 847 3423
7756 94 944 6940 3762 9970 7440 2338 5893
7757 3529 4309 6371 8833 7604
7758 4346 4236 8254 1254 5855 4940 638
7759 5972 5511 1933 6061 681 6566 6257
7760 2323 4155 460 77 6974 6070 6822 10031
7761 687 2842 262 3604 4854 5617
7762 9260 2123 242 558 146 6256
7763 7181 4004 960 9726 5095
7764 9701 5980 57 6929 5185
7765 8388 388 2370 1527 2413 5406 833 6288 1404
7766 5377 3163 4381 2649 2081 9776 5589 7781 3796
7767 3881 4116 9869 2001 6020 622 8178
7768 4796 670 5061 7476 192 9327
7769 6266 4456 2431 4426 2070 2164
7770 2789 8846 8271 107 2275 109 197 2383
7771 2771 503 7426 5985 7374 110 8060 1403
7772 10032 6772 1803 4494 8021 1726 851 6644 1542
7773 648 5683 8826 1797 8271 3967 237 580 2143
7774 2676 7472 8324 2889 3842 9308 3926
7775 1267 1060 991 477 437
7776 523 1087 1363 5789 1092 4960 5034 2071 1634 291 3108 852 937 857
7777 3602 4675 7357 715 6171
7778 393 1914 1874 919 3641 3689 3049 1954 327 1180 3575 1562 8513
7779 5060 5045 3601 1196 1971
7780 6333 143 2261 3832 7595 2763
7781 1075 885 1050 10033 6702 2503
7782 6805 3301 7676 384 4374 267
7783 109 1579 413 791 581 1250 3838 576 3232
7784 7809 867 1257 5462 747 5620 2453
7785 1698 3961 8593 8329 360
7786 110 591 1128 1156 6320
7787 1652 892 1298 2846 6672 3074 7833
7788 304 109 3547 685 1866 25 27 6582
7789 9081 7130 284 2090 9923 3936 658 2370 3409 5962 7570 1634 291 3672 362 71 3124 2105 5863 5131 4387 9220
7790 2493 310 9274 8095 2634
7791 2814 1052 9707 5631 5801 5320 5069 3975 7983 418 3185 1050
7792 373 6417 6516 433 791
7793 6205 4254 1826 944 1669 1331
7794 1209 7902 714 367 5 2565
7795 3936 944 7625 3318 3863
7796 2966 8988 1567 9273 4273
7797 4340 2645 10034 606 315 671 2768 5525 1621 3827
7798 899 8719 831 2507 2687 2653 4852
7799 9853 8538 3711 6051 892
7800 3111 5602 1357 2477 3991
7801 5363 9097 1421 5636 7090
7802 7649 6189 5142 6655 9972 4369 115
7803 3486 818 7228 19 1657
7804 1616 6655 7654 6645 2345 3301
7805 506 7178 1767 581 7474
7806 2225 7266 3470 6202 7549 3232
7807 2637 9779 103 2763 6129
7808 651 2872 5312 1974 577 5420 174 2868 720 4301 37 245 3763 3472 2773 4854 1238
7809 2399 2188 393 4750 171
7810 9175 8043 1025 6976 15
7811 3972 6280 8829 4241 1195 1208 8043
7812 4208 1891 5063 8063 7410
7813 3364 421 1916 7258 10035 4718
7814 2812 1548 262 4706 757
7815 4893 10036 5200 7751 7503 5056 8417
7816 5143 944 1573 2395 3545 9278
7817 6687 2812 4534 2398 7114 3614 5574 463 673 264 9325
7818 3678 368 6925 4516 2545
7819 3961 3241 9239 8780 146
7820 174 832 7765 1673 3896
7821 9480 1461 7338 4762 6358
7822 4840 4414 6840 8102 4795
7823 1490 1985 8009 6493 2114 29 3790 109 2224 3738
7824 390 5930 7623 2462 5664 1063
7825 4390 512 6635 9454 8077 6291 3724 4597 144
7826 6372 1652 5038 8677 3045 4715
7827 15 8640 7053 720 2758
7828 5752 1913 1914 2832 8723 6019 4008 2139 4911 1141
7829 6206 6649 5703 2548 2018
7830 1696 1210 6359 1454 5854
7831 6112 1692 3682 9597 4797 6355
7832 3669 2432 6 1092 4732 3082 2429 3259 165 1424 2093 7287 973 939 972 4315 979 7017 1021 1106
7833 7724 109 7731 4254 4545 4210
7834 899 5125 271 2323 4951 3266 2188 9867 8119 8675 10037 5280 2971 867 3332
7835 3931 7868 1850 5604 3980 9448 6187 434
7836 6179 3122 1630 536 5248 171
7837 9822 9760 4643 2430 262 1045 284 99 4217 959 926 9041 931 3835 4737 5173 3729 7263 5501 5255 7183 3470
7838 3511 1208 5066 880 5585 6156
7839 3267 4786 8281 7774 3993
7840 1857 3561 3652 7060 5394 6641
7841 3131 4423 1364 1745 45 861 3246
7842 1408 4083 8366 1825 6296
7843 9674 2912 6357 1406 2888 1720 1136 4786 8549 894 8911 3337 1641
7844 7940 2438 9465 2803 6899 2653 233
7845 330 8890 4390 7830 4933 7317 4545 567
7846 651 650 3763 2345 1974 5873
7847 7493 7638 4950 5072 311 839 648 6048 5574 2503 660 3160 2506 384 912 8831 6448 8674 5 138 9215 9208 682 9915 8902
7848 368 367 1542 8963 7617
7849 3561 3825 2503 6394 1056 2925 1380 7906 2506 5532 8865 1196
7850 182 181 9749 121 909 2178
7851 9512 5319 4686 1745 8539 8938 134
7852 218 5867 2503 771 8223 1311 10038 439 6589
7853 1070 6407 4935 755 5336 5706
7854 5258 5373 9875 4649 7688 10039 8601 7701 1738
7855 2348 8062 5475 2737 1300 262 8079
7856 6171 4034 4131 1287 2066 1162 2228 1225 5338
7857 9048 2085 2734 2158 10040
7858 3230 8650 6584 599 4177
7859 754 9300 3675 1008 439
7860 311 2071 153 5244 4510
7861 10041 6385 4624 801 7219
7862 673 134 5027 376 5706
7863 4643 2654 1933 2047 3039 2536 4925
7864 2221 6867 6416 7848 2717
7865 8362 2573 2309 1089 174
7866 3230 1848 2851 312 8932 5267
7867 174 2543 6 8849 3697 1273 217 3207 101 2853
7868 387 8793 3517 7637 5867
7869 3702 9382 9873 3102 109 4907
7870 523 1901 846 3259 6739 1724 5030 2195 5494 1429
7871 6028 7080 761 7530 6935
7872 6001 8407 3447 7625 3207
7873 4220 1916 3700 5908 3819 1868 6015 5086
7874 7803 8689 1074 134 4132 1761
7875 6396 8666 3993 5242 6607 3229
7876 4475 9895 5926 4666 174 2416 866 944
7877 7946 6465 6 8086 8396 2953
7878 4778 9668 3734 5181 3175 4291
7879 1439 3617 6680 4893 4167 2193 1424 8108 171
7880 8637 265 10014 261 264 1615 7185 262
7881 634 6895 6865 3797 1401 313
7882 5317 6987 8979 80 7180
7883 5867 847 6 7466 3048 10026 2513 8922 439 174 6210 9521 9604 811 71 6825 5501 3901 1462 3729 3603 3833 884
7884 3809 9235 3602 4084 3494
7885 944 9724 3984 3569 520 1783 1934 328 9999
7886 2941 708 4285 6341 7807
7887 8532 9744 4272 739 601
7888 3763 2754 2306 409 3472
7889 7893 1526 318 2309 882
7890 2333 581 5706 6531 1739
7891 2710 2506 1308 6853 1246 1374
7892 947 924 6581 45 5288 2937 10004 4169 1095 5587 291 289 7645 8966 294
7893 5774 461 4040 2057 8556 2049 180 1369 6667 5337 5570 1686
7894 8555 494 4277 2820 10037 2687 5932 5470 2010 3516 3915
7895 2741 9279 7575 6124 252
7896 6874 4879 3228 10042 10043 4638 9226 973 7070 5588 6981 9742 4198 842 7741 9416 4491
7897 1333 4721 2065 2953 387 5408 134 659 732 1851 3555 9942 7574
7898 5065 2600 2071 3122 7120 5345 972 6009 983
7899 7422 3974 1342 2028 1374
7900 2934 1077 3857 580 8932 1448 6282
7901 2924 4902 409 264 5873 2703 1614 720
7902 1399 6172 924 661 3449
7903 642 3825 9285 174 8115 7746 681
7904 5645 1274 58 3456 2229
7905 5195 3144 2909 5170 4901 2716
7906 1018 1450 7556 1446 581 9981 2829 2050 8074 834
7907 1959 7422 2334 424 1339 489
7908 6143 580 3607 960 651 264 1282 5880 5698 1618 898 2428
7909 446 4580 929 4819 4499 8143 71 1971 2458
7910 1801 8742 5888 6112 1256
7911 3118 134 5700 472 6976
7912 6391 747 317 663 5175 8582 7007
7913 1598 658 1696 1 4249 2685 755 8015
7914 3854 90 2185 1826 707
7915 3630 5548 7561 7863 1610
7916 6997 9574 9629 8800 8190 1954
7917 652 1914 2815 610 5580 1908 5366 1587
7918 900 5939 2890 3327 7212
7919 811 2206 5594 3076 6188
7920 2090 2071 3052 2794 1627 2191 291 7579 3672 5042 735 2105 6666
7921 851 264 6138 5617 8730
7922 3992 955 9701 1404 392 479 2413 1368 877 3967 237 7648
7923 8748 1404 479 1712 1527 388 2006 943 2934
7924 2912 756 811 1992 8613
7925 4032 7065 1598 7599 9716
7926 7620 1320 8173 7169 8672
7927 4701 6696 3781 8802 3352
7928 7155 3398 722 7068 7456
7929 8709 9149 1713 1329 4998 591 260 2702 1884
7930 3494 3256 6171 2810 757 310
7931 8328 8685 3498 1675 5723 1039 7239 3567 629 1346 5200 6664 8752 4558 5353 10044 1374 5312 2651 8193
7932 673 5033 134 1683 3834
7933 1075 2691 642 262 8320 3258 1384 3845 371 4873 1101 5088 1882
7934 1225 3083 1972 10023 6354
7935 5320 8823 568 1729 1805 8584 5261 2768 2171 7613 3928 3264 5142 7003 3784 9682 8414
7936 9997 6993 9627 3872 6919 5932 34 8174 6617 10045 6083 601
7937 9835 4010 9154 836 8072 2248 77
7938 421 1891 1862 2395 407
7939 3900 4234 22 7832 264
7940 1776 8476 1017 9857 720 8790 9887
7941 2329 5089 5126 1496 5883 9815 6476 6633 9874 796
7942 2645 454 8327 3528 842 466 10046
7943 3257 7281 3474 2026 4722 965 7035 3329 171 4168 967 731 5388 976 854 7334 856 980 4589 6096
7944 3099 2373 2247 8022 879 4403
7945 8946 5158 4017 3561 4263
7946 3969 3282 5557 4889 1056 1273 327 4852 4306 1892 1971 1177 852 2071 291 8867 2026 2311
7947 483 484 485 486 2855 6893 371 1983 6862 3960 487 2854 2856 1530 2857 1532 4982 1535 1540 1536
7948 2065 3228 2279 6936 9972 6551 380 3098 8050
7949 3973 4412 2820 1060 2057 5085 6184 7054 1778 2700 3867
7950 4344 5698 3329 7652 5423
7951 4334 10047 2803 264 6969
7952 1448 6282 2586 581 4369
7953 4099 5222 2068 5229 3587 1178
7954 5683 9292 9382 4043 3000 2506 1716 9082 7094 187 1 3100 3064 5725 2172 499 6419 4863
7955 8686 1635 2365 134 6355 233 6974 5788 2185 1126 2394 1050 218 4872 5621 7944 6899 998 2533
7956 8737 155 2121 7770 6821 6863
7957 1026 6188 8526 8267 1403
7958 386 6893 9111 792 6522 8849
7959 1674 9287 7764 2205 2206 8774 3505 1253 840 1489 3528 3190 4772 6316
7960 4333 4277 3432 2222 5668 3692 5667 6905 475 4642 7387 2994 9286 5991 3168
7961 6925 3455 7778 2647 3310 831 2237 1323 5831 10048
7962 387 1125 3228 6192 7358 3680 3748 1856
7963 4483 7210 706 262 720
7964 6585 3014 1683 4892 4055 8553 8004 2847
7965 658 1612 9480 1543 421 3118 4428
7966 7025 1890 4456 5993 3204
7967 1267 9653 312 304 4264 2037 134
7968 6651 3584 2089 7588 9361 831
7969 5004 2256 4731 2325 2049 2782 5679 6762 7085 176 4387
7970 20 4102 798 1143 8289
7971 3607 8534 6578 6713 1047 851
7972 3560 312 134 262 6942
7973 1555 3807 9084 7519 7547 8442 9494 7354 2065 7678 3842 7847
7974 7217 9794 3795 5880 561 673 6373 264 170
7975 7425 1143 7697 3118 1462 1255
7976 144 1050 1743 1452 3221
7977 1776 3029 2763 5888 9804 2460
7978 2661 5727 6302 2716 5170 77 6891
7979 4369 2238 8605 4256 3897
7980 4055 4192 9623 1698 2716
7981 3227 6435 1238 280 1572
7982 4476 7272 3419 129 4584 4387 4510 4589 1106
7983 2863 8887 5413 5946 987
7984 113 642 1364 4292 3680
7985 174 4446 1146 10049 1553
7986 1769 1052 4620 8556 3479
7987 6147 5143 7307 441 5703 2458 5282 4562
7988 490 901 4204 757 10050
7989 2158 7473 9872 741 2519 4664 1451
7990 2004 6549 4197 7370 7780 7984 4177 7760 90 3742
7991 6843 899 1210 1740 6304 3764 9464 7634 3335 8478
7992 2553 7979 4784 510 109
7993 9261 8423 6516 521 9730 5602
7994 2248 443 7461 8682 102 7262
7995 2940 1868 2263 7751 4099 4298 1434 8906 3362 9677 2529 2148 7441 1773 514 695 4009 1529 676 846 3283 6657 4700 1369 314 1677 9565 10043
7996 1478 3700 1981 2338 1270
7997 4078 5457 8957 1483 1239
7998 6742 580 6551 4707 2000 8296 3850 4472 10051 3526
7999 1780 805 5538 885 3729 90 6150 5602 791 883 261 380 6946 2799 6142 7346
8000 384 4003 4715 8034 6770 1472 1811 7675
8001 316 7698 8346 2323 5668 5280 641 5170 4127
8002 2266 3505 3506 1965 512 4720
8003 134 1154 4582 110 1710 666 3626 5 1957 1958
8004 9208 2574 213 2021 1683
8005 1121 7201 1607 262 7553 110 3693 3613 1395
8006 1868 4891 1228 4557 3968 4679 1401 1573 580
8007 5492 384 1075 4901 383 577
8008 3949 6167 8099 2442 2659 3895
8009 9986 3111 4467 3399 8335 1124 10052 8655 2165 3815
8010 678 1667 6814 4061 9547
8011 897 6843 1914 3474 6768 3729
8012 401 3100 3342 5055 5721
8013 9917 6750 7339 715 1592
8014 10053 5283 9209 7641 4557 5509
8015 9114 3343 1409 4979 2368 6989 1323
8016 5975 36 9855 7098 3321 7764
8017 4237 3492 9654 8096 4069
8018 8254 8577 8084 6161 734 859
8019 2328 16 7502 1082 1083 4664
8020 1801 10054 8209 6549 2039
8021 5529 10040 8986 5616 1287 7223
8022 9573 602 5626 2303 8872
8023 2503 2325 9158 647 8437 5854
8024 4796 5930 109 9682 3493 1659 3039 6242 231
8025 8254 3252 3101 895 2193
8026 1607 7485 8538 3615 4375
8027 4 3099 6 3834 678
8028 6871 2383 2694 5156 1228 4609 3023 2714 4348 8448 404 5627 4591 6982 2886 867 5785 803 4221 7769 6456 8631 5690 9374 5857 5082 2602 3686 9281 753 7226 4638 6371 909 746 7609 1748 9923 1185 10055 3144
8029 4406 4028 9199 2446 8974
8030 6891 10017 4424 2050 8781
8031 5561 109 2812 2939 3651 8326 9284
8032 6855 2535 8082 5275 1369
8033 7599 9068 1335 9291 8805 676 3295
8034 4389 944 1773 3670 1619 6458 6161 5297 65 937 2009 1637 856
8035 3440 2478 3488 2319 1932 5144 3972 9902 5499 233 8398 5912 1498 1499 9859 8743 28 7519 3189 9084 4777 7188 1521 2338 8092 1514 57 2122 8561 1332 5698 6505 9289 9699 9548 2096 7047 3390 4063 955 6705 10056 8057 6570 4842 5261 3174 6110 108 6275 9829 2962 3153 5323 5100 1323 3724 1043 3985 9892 8293 2419 2925 607 1587 1823 470 2413 8643 4558 4952 1921 781 713 8993 7109 8644 1985 2901 8288 6415 1060 9171 6189
8036 7635 599 1865 2879 10057
8037 1409 5974 2027 4995 892 6773
8038 9664 5001 2304 316 64 5571 861
8039 713 5564 9174 4796 9728
8040 3237 10058 2549 8582 2018
8041 1293 6447 9702 396 9138
8042 5526 8605 4808 6213 9406 5364 9010
8043 5809 704 359 1274 991 480 2820 4620
8044 310 5950 4827 1926 4895
8045 3490 3581 2146 6244 3689 5627 392 10059 4529 3006 4809 8718
8046 2388 3642 2680 7437 3748 6925 4249 7608 6916 2630
8047 2664 1167 2081 1025 2132 31 713 2364 2096 2126 109 6705
8048 4015 2716 6768 7169 1698 2409 3444 9585 3761
8049 5912 3898 7481 5107 2217 4444 5088
8050 192 7055 2323 4615 384 369 377 7184 1298 5077 2983
8051 6286 2385 9430 8220 791 4421 5033 9485 1197 6749
8052 2319 2459 7926 5189 110 3037 5154 5464
8053 2646 10060 3454 9603 117 1916 1954 2476 3050 5104 1855 9560 8883
8054 611 1573 242 2165 8655 2438 715 4495 6210 1122
8055 2338 1561 1954 5828 6712 7370 6123
8056 8703 2886 3920 3962 7943 5179 1238 9104 4557
8057 3539 5060 4652 6968 6409 575 6791
8058 5849 9368 2988 9190 3497
8059 3943 928 133 7349 5248
8060 5305 539 7384 1936 2451 10009
8061 6466 8409 7344 6601 407 1644 1203 1660
8062 2916 7891 2341 7425 1006
8063 312 5787 442 2774 6454 6823 264
8064 7308 6624 8577 5997 5447 3805 386 2883 2884 3031 859 1951 159
8065 1406 1848 9460 1446 5408 3830 1384
8066 1346 384 1155 1911 2906 569 4309 134 1064
8067 10061 1194 3360 7822 8039 9784 3152 7363 5976 6710 5436 3371 887 3663 5439 5117 3368 5221 7825 6304 8229 948 789 3445
8068 6508 2543 6511 6892 1082 3535 6905
8069 632 8658 2191 1357 5450
8070 1336 1875 1718 2341 8274
8071 376 5910 9973 7299 7982 4 1565 1026 1118 66 358 1976 4996 5265 8395 9067 4471
8072 4705 1271 1191 9832 2052 5582
8073 615 1384 6437 92 6621 3410 4217 3253 6813 5822 289 10004 2867 1808 4948 1449 972 149 2806 1719 4620 5327 172 1270 1311 9067 173
8074 8831 989 7351 5279 7619 1003 975
8075 2404 795 2071 289 2795 1357
8076 78 9995 474 4305 1837 4904 6 8134
8077 2644 3111 9567 5813 1136 1587 8075
8078 687 5880 1543 596 8705
8079 1686 733 248 322 105 9576
8080 9399 171 4119 9152 5388 972 2806 4173 134 5248 7378 987
8081 2291 9970 2411 605 7001 2225 5728
8082 9026 5979 2626 2627 1443
8083 1939 4606 6573 8378 9180
8084 2812 677 4779 8496 4579
8085 1083 2056 8589 1196 8914
8086 6644 7952 277 8705 1820 2654
8087 7559 8917 2074 218 4020 8950
8088 601 7325 312 6971 9893 2633 9595
8089 8895 8098 159 2273 6307 3492 3510 6426 556 352 5108 2331 5738
8090 1799 454 5329 6391 8652
8091 5531 424 460 3072 5263
8092 5563 1635 2953 4309 3801
8093 1145 1644 4468 1525 373 581
8094 6991 7608 6932 781 3386 704 3429 7591 927 4472
8095 219 2950 2868 5060 7270 1950 3040 1769 7192 681 3112 576 2770 1886 7172 1356 241
8096 3607 1298 384 402 262 378 9492 5956 2
8097 3708 8511 618 8400 1600
8098 5323 2656 8001 5089 2913
8099 5980 7358 2030 8149 792 4468 3550 3552 3729
8100 2442 30 5551 6388 274 885 6348 6821
8101 2637 784 3356 2665 3388 2605 3360 4228 3156 9545 5977 3355 456 712 3660
8102 3854 5642 372 2244 569
8103 926 8230 4119 167 5388 4315 171
8104 2717 5343 1090 7294 2147 1812 10062 2458 5170 494 3758 1123 9166
8105 289 171 2380 9062 5388 1098 4387
8106 6183 6974 2788 5460 720 9737
8107 771 262 1568 2306 3109
8108 621 8205 780 1561 2694 2456 1861 5164 6265 2164 4163 10063 7321
8109 1246 3509 10064 5457 9372
8110 4817 3299 4439 4901 7909 3189 8790 4330 2345 1974 5076 1298 7552 5663 2917
8111 174 3296 4300 470 8708 5570
8112 6283 895 6976 1384 7347
8113 684 470 63 5066 2661
8114 9942 1282 384 7133 9695 262 15
8115 5437 2961 7826 5482 3982 9064 2132 4907 7612 10006 713
8116 456 4322 6917 10065 3690
8117 5873 134 8494 2309 7861 1693 6809
8118 2812 3887 3148 5570 2268 9061 8881 7806 2032
8119 8136 713 2257 10066 1153
8120 4620 4076 4078 3838 4925 1888
8121 3405 284 1367 8120 8400 7331 6503 930 5494 2806 1106
8122 1300 788 801 2323 71 6046 4236 2122 761 1157 541 280 1225 3565 6510 4529 1704 4664 9958
8123 2596 2948 1178 2521 5632 1283
8124 4401 7702 1404 390 9612 2368
8125 203 136 3577 4676 6197 8235 1247 2307 611 7429 1702 8906
8126 3913 3568 2025 5942 8130 5271 808 5385 110 2860 1543 1771 5578 1202 7217 6814 575 7630 4879 6914 6286 757 2354 661 2157 1645 8915 7022 8145 1621 1083 3966 939 2610 5529 3547 1637 9504 1238 2089 4081 856 4510 8421 1103 6477 2653 171
8127 8688 8747 217 3879 2847 1788 1616 1733 5700 9066 2973 5604 153 219 694 4 1308 3759 5546 5950 720
8128 8234 549 683 7345 6974 550 5009 417
8129 4229 5511 7232 93 97 6368 6276 1363 1096 4797 5031 3942 2613 129 7861 1427 856 134 3469
8130 9119 2388 1769 4437 8105 321 9960 4571 5280 3521 1952 1196 4493 4452
8131 4686 8672 7198 368 9131
8132 2964 4591 3056 3830 2215 8980 200 6706 758
8133 9443 8218 8962 2726 5860 3440 4967 8897 9740 2775 4976 405 1129 2412 9516
8134 877 470 2311 2413 3569 8097
8135 120 4382 5080 6629 1634 291 6485 3185 5446 8018 3858 8904 2284 2324 1278
8136 2890 1290 7281 7878 5308 7372 3033
8137 10067 1354 1359 5104 1086
8138 3399 5871 5667 7990 8748 3056
8139 9694 9155 1018 7678 5624 728 6776
8140 2835 4105 57 4565 4099
8141 10068 3025 1223 176 581 373 1683 960 2010
8142 2352 6476 9199 505 796
8143 3762 5978 754 8750 9622 362 1543 758
8144 409 561 134 3625 1653 577 2932 9887
8145 1471 5782 9600 10033 467
8146 4786 8478 262 1674 949 2178
8147 4201 5914 2898 6664 105
8148 3228 1647 7889 5379 260
8149 1555 1089 7869 6 6336 1026 2035 1621 395 4463 3033 1429 6666 7121 161
8150 1261 753 6124 9747 2188 5529 4246 2509
8151 8269 850 926 3600 4085 6145 3771 2593 2596
8152 1527 388 390 2953 1958
8153 2573 9677 5472 4211 1439 3773 1175 1613 1371
8154 3980 3769 2521 291 2429 1636 983
8155 109 1228 4964 4183 6154 1829 2961 3733
8156 8623 2057 9199 5738 1003 4996
8157 6375 115 1253 2054 3261 5592 3381 4680
8158 8484 337 4098 5140 9295 1710 5402
8159 4581 1325 7088 2516 9294
8160 2812 4437 1862 463 2702
8161 1271 6381 9957 8525 3322 2018 1336 110 5506 1548 7026 9
8162 87 312 3479 2064 1249 2522 642 1842 7512 6646 4402 1641 1339 547 5577
8163 1554 3253 7320 2477 6492 9622 1247 9037
8164 1422 521 1342 4869 3118 5732 2008 1851 971 969 975
8165 3981 591 56 9334 9462 3975 6070
8166 2333 2677 1124 1786 8305 6097 7873 7011 417
8167 1345 1551 610 9232 7231 4574 5216 677 4096
8168 6582 49 7359 919 7227 9648 6499 9087
8169 5640 3214 2972 5602 5459 1309 8139 1487 1480
8170 1881 439 2778 4867 4209
8171 5113 1213 4261 138 1639 96 3283
8172 9529 932 5843 4449 1745 5696 545 1669
8173 501 6037 7132 1195 1090
8174 1385 2510 4639 5203 583 5379 9375 1225 2970 5485 10069 1152 1034 373
8175 4223 1752 5 678 134 3843 4854 1946
8176 1409 9776 431 1663 9032
8177 5088 8805 1531 8158 5937 71
8178 9689 5585 4958 3969 9721 5186
8179 80 601 753 1125 2159
8180 1045 5 1373 2671 5286 2530 262 971 7180 905
8181 6124 3564 2160 7475 6579 1393 912 5774
8182 4117 3670 4042 4905 1170 7031 1619 944 6381 291 9741 373 2095 5899 934 9858 5451
8183 6959 2398 4122 2292 5639 4564
8184 9251 6400 5299 3985 1281 2587
8185 3349 9112 1875 3354 9142 2643 4747 1480 5197 9118 5581
8186 635 682 9279 5458 6554 1669 1891 3205 3017 5951
8187 1141 5994 5714 56 5020 625
8188 6574 690 1346 311 3509 5307 526
8189 660 4494 3922 10016 7438
8190 9666 2853 6108 6392 7967
8191 7206 6246 4278 1868 3451 2678 1499
8192 714 5517 6677 3725 1673
8193 1088 8914 277 5570 761 6533
8194 621 1811 1398 3934 7750
8195 2474 3102 1986 7406 751 1024 2215 393
8196 1825 4926 474 6391 7875 8232 5501
8197 2743 3974 4974 9708 9156 6468 5690 4352 6829 3686 10055 8631 1809 4705 2076 658 1446 7837 2096 3936 4468 5352 2313 2643 1486 1312
8198 7469 8679 8429 7033 2052 7159 279
8199 2114 828 203 3715 1865 3407
8200 2771 4283 3019 3758 2668
8201 5251 1912 1985 5126 5376 6187
8202 7797 1120 2931 3590 9839 9665 9469
8203 3561 2534 720 312 262 2058
8204 584 643 174 7994 1311 5237 2545 393 2124 1454 6951 7008 134
8205 393 1892 241 1778 6563
8206 448 1607 8854 8419 6971
8207 6710 107 3493 9352 1951
8208 2791 8424 8499 6837 7174 8097
8209 1249 6916 477 9695 1958 42 8487 1841 9050 8650
8210 502 997 8635 407 5565 1228 2114 1050 6000 1495 1942 3722
8211 2820 5373 3264 3784 6705 1504 8665 6679
8212 4031 1073 4784 7631 9098 3928 6159 757 6419
8213 8722 439 7111 757 5237 4706 8564 1308 6071 1083 52
8214 4043 262 9077 3949 3877 2812 134
8215 2056 192 1333 389 666
8216 3408 1914 1551 1129 2923 7660 9442 7583 6108
8217 3783 153 5127 9497 762
8218 4523 7547 1673 4402 6066
8219 5702 5254 1336 5440 2799
8220 6976 4 3598 5085 641 2296
8221 6853 4571 3935 3590 3736 8307
8222 8487 2319 9391 3502 439 2580
8223 8448 1776 1488 5357 6392 2647 9092
8224 818 110 465 793 156
8225 167 731 65 1357 1636
8226 3176 3549 373 1384 3584
8227 1154 7031 5561 1301 7712
8228 1384 9705 9275 2461 4292
8229 2387 1587 2969 611 8072
8230 5275 7089 2023 1818 1932
8231 3819 520 5275 51 4658 9276 7789 3925
8232 6167 1609 5 1250 158 1552
8233 8688 5256 1707 4834 735 6600 1165 7181
8234 5211 1457 4941 2568 391 5631
8235 2740 3561 5702 2868 1608 2565 1282 2278
8236 1993 3492 6437 1024 75
8237 7057 715 2226 8057 7679
8238 2101 2191 1619 8294 4168 1723 3124 7334 5998
8239 6489 1246 1083 4444 8951 2504 6486
8240 6516 393 8856 253 134 254
8241 3585 3959 9578 3698 5184 52 2553
8242 1298 1607 1272 3922 305
8243 4986 628 2338 1024 9939
8244 384 2264 2098 298 6732
8245 511 3736 7666 9537 6488
8246 4205 7297 3491 3522 3648 4707
8247 2090 5906 5822 6542 167
8248 1050 1594 3202 6842 657 605 6075 8967 1332 4864 5916 7173 2584
8249 3659 1833 1178 3073 667 15 1817 5812
8250 746 5156 5290 8264 2791 748 5293
8251 5402 4775 4822 7415 2073
8252 1826 757 4077 5894 3965
8253 7607 7372 6969 5917 4089 4069 5574 3541 2900
8254 6091 2759 9483 3439 7379 7821 2991 10065 7923 5951 9073 1145 5714 1698 8231 46 494 5889 2435 10055 3408 2181
8255 1692 8244 3520 373 5271 7653
8256 1646 5135 8389 1566 3650 6844 3833
8257 9638 5954 9327 7421 3222
8258 2585 691 1439 5341 1384 1374
8259 8597 359 6669 6272 3876 1857
8260 4655 4043 6839 9846 6328 691 901
8261 1616 1125 5736 3409 4923 3294 6 7607 165 446 1424 4948 1427 856 8170 6218 1637 1430 4529 8127 3469 7378 172 987
8262 2090 5659 5065 683 2794 1092 2797 5101 2439 3673 5899 6323 8401 4315 4589 538 4512 7617
8263 7180 1309 710 711 3367
8264 5511 3938 6333 5442 2809 5830 9876 2218 1204 1156 2215 4171 804 3103 4286 4591 3056 7268 133 2025 4259 3079 146 2807 1030 173
8265 2573 8158 2384 1182 1445 311
8266 5127 4780 1354 2868 6822 9313 8875
8267 7296 4486 827 1842 1141 2533
8268 5104 6087 5 4535 3039 4398 1171 1137 2966 8439 1448 4254 5632
8269 8958 2026 7528 1890 109 1726 8213 599 7545 1677 9160 152 6228
8270 373 3412 2747 758 525
8271 798 336 10070 742 1869 1034 9872
8272 1087 3105 926 853 1098 292 2284 5248 6637
8273 7232 9708 3568 540 9152 6381 2429 2 976 2807
8274 300 895 1614 6138 7407
8275 3713 681 5534 1752 1958 6138 4901
8276 7585 3169 6667 7846 1118
8277 7056 2692 6806 8980 1500 1594 9803 6346 2859 770 7069 7851 8717 4607 3364 3352 4103 1110 7772 4010 7029 7030 2229 2893 4578 2921 10011 774 7704 393 7089 9867
8278 282 326 3816 2633 1321 4459 1212 2107
8279 6 1872 2756 4997 3493 8068 3429 2684 5555
8280 3694 2551 1439 5812 733
8281 808 578 1891 7664 1470 174 2297 671 2164 6581 413 1448
8282 608 7745 899 7143 8115
8283 5906 3590 6701 6563 4238
8284 5776 5184 2565 5815 7343
8285 6743 1203 167 110 54 40 129
8286 2130 944 2602 9863 5827 3038 3404 9250 5969 1647 10071 879 2207 601 3678
8287 3299 9541 217 4207 384 9635
8288 7989 456 1988 7795 2469
8289 9394 9652 6339 8602 8113
8290 2685 7443 5000 1374 9371 9018 6811 3517 1547
8291 6878 3264 7069 5170 6658 3050 7134 4638
8292 4876 944 1813 2388 5370
8293 1423 6543 5459 3033 7334 2874
8294 519 5567 9007 6412 3546 4708 6652 9460
8295 1517 614 1320 805 3056 3059 2215 4916 4599 2816
8296 1914 8582 7588 4200 7045 6495 7696 8129
8297 7068 2476 3782 5317 3049 5847
8298 1176 1884 8533 932 7616
8299 783 8590 3789 4125 202 2025 1222 370 5525 4647 4476 134 6441 4639 1743 4267 7511 3036 3493 7503 6930
8300 4629 2789 3818 1562 1350 529 9691
8301 5517 5539 384 2373 193
8302 3845 229 9328 5916 6397 8903
8303 8115 3494 3883 8539 6583 7365
8304 1588 1954 6531 3478 9719
8305 380 1075 5679 158 109
8306 10072 6322 8338 879 4518 3220 7432 9753
8307 4901 9558 1739 3343 2435
8308 2343 226 1359 2162 8831 6628 9631 93 7511 3411 4742 2071 2771 527 289 6503 933 6544 2806 3114 159
8309 1829 4376 8157 7149 1665 1759 7898 1512 1178 1396 1643
8310 1308 6508 2506 1752 7622 1083 4023
8311 1836 349 1287 4069 6480 5247 1274 1940
8312 4248 3019 3328 4133 4134 9216
8313 7479 5108 7598 1847 358
8314 3023 5980 5127 4043 323 5619 1569 134 5092 8724 393
8315 3561 2681 264 134 4854
8316 4184 10073 2941 1588 1411 3105
8317 1482 4935 5968 2081 9563 1499 5829 4508 3855 5811
8318 1816 4269 3337 3146 264 196
8319 393 5644 6167 7222 1708 277 6478
8320 2074 1265 9099 2955 340 1213
8321 4794 6077 6932 5984 1597 7985 9111 2528
8322 6922 4488 174 2993 8651 1892 2226 1664 6541 6811 2550 9557 1448 2818 9428 597 8319 715 1857 280 6737 588 835 1630 757
8323 5871 3340 1985 6224 3338 3389
8324 451 3834 134 4334 1401
8325 7571 544 6796 7818 1726
8326 6171 1471 940 21 4496
8327 4204 2868 1299 1172 3494
8328 72 5930 2503 134 757
8329 1212 8750 1779 7290 2505
8330 3160 1359 2531 2401 5188 5501 7912 9098 681
8331 2006 378 5644 1964 1061
8332 373 2388 4747 755 6008 6689
8333 134 3246 96 2096 6705 4555
8334 5662 4766 2550 7469 7996 1003 2086
8335 2474 6005 400 2472 766 1587 5596 5037 7840 3396
8336 1908 98 4225 7039 4740
8337 3949 373 1668 3240 1679 665
8338 8214 3932 560 7957 634 3256 7055 2074
8339 9128 7167 4456 1674 3207
8340 1883 1269 1342 527 4272
8341 5898 5444 8186 7203 853 293
8342 9877 1971 8367 4901 2343 4013 4528
8343 8028 5806 720 3975 5894
8344 7141 736 8243 4555 196 8806 7720
8345 5343 6678 3700 581 2049 791 7185 6396 9585 1548 8889
8346 7580 2354 179 5766 2820 123
8347 3340 2130 9453 5890 8707
8348 165 3055 6518 6458 5388 3469
8349 9124 517 4217 3981 97 262 1529 1270
8350 1307 49 568 1614 312
8351 174 9793 8501 1600 5700 8637 5781
8352 3017 1604 4451 1820 1394 9046 10030 2394 8753 9435 2236 1892
8353 3680 113 8774 8695 205
8354 4699 1090 8975 9486 1323 2964 3056 3601 7845
8355 5090 333 6718 2439 65 6523 2593 6986 4751
8356 2026 9196 5521 8551 2356
8357 7067 1911 4724 5402 1258 5257 4389 2165
8358 5866 1645 4375 9434 714 3982 8343 4204
8359 9496 8303 7511 8197 3790 6894
8360 10041 7295 575 2464 4874
8361 8601 8201 4302 6240 609 312 2178 6443 973 1490 1006
8362 1222 6906 2488 1367 8727 2542 404 6214 4770 1267 1077 5241 861 540 8213 1080 8724 7288 6150 2795 7570 393 9294 6458 3673 4264 50 3079 2773 2039 3110 1587 856 1657 3048 6566 878 3288 3852
8363 7487 2388 6150 569 1776 6992 1382 7591
8364 4772 3111 3228 5027 9311 1427
8365 5912 4368 1023 4545 2608 109 8264 7141 9188 5456 3593 7148 7380 6625 6388
8366 2685 5505 7868 7459 4678
8367 2688 368 8027 5728 7006
8368 4340 8140 1726 8072 7458
8369 9513 9150 3241 2057 1683 1668
8370 4017 1196 2302 1585 6875 5189
8371 2331 7634 5651 6110 5320 7139 2584 6206 2692 529 1589 7509 2112 6417 5200 10007 8385 636 4819 5652 23 2766 3265 1594 1494 5061 3315 9957 3260 4778 9366 1274
8372 5683 7772 10052 3783 8652 7258
8373 1025 2090 5606 4080 5876 2194 1634 6629 1019 1424
8374 2631 6184 5781 3834 10058 52 658
8375 7222 7388 3053 5600 7585
8376 2765 5939 3783 9493 2707 1635 807 3171
8377 4766 96 790 1341 2756
8378 8943 7523 2296 2890 937 1637
8379 1828 4861 7460 9048 3685 4403 8313
8380 4357 3369 3915 1913 2409 5257
8381 683 2820 3128 927 5390 7763 1271 6131
8382 4886 8561 5143 6795 9123 566
8383 944 4379 7311 2449 4426 2799
8384 2257 604 1884 3240 7445
8385 7270 3051 98 2744 1699 7673 2633 9919
8386 714 4976 6500 8879 4582 4571 2148 1823 826 8829 174 9628 2296 7498 3985 10074 4020 284 1367 2090 5492 524 7869 9101 6722 2806
8387 6372 5870 8729 10059 9454 6109 7417 3905 4665 8381 3239 1529 1299 848 10075
8388 3409 6624 535 289 7936 3423 159
8389 5401 2383 7612 7672 8349 622 9217 6700 3045
8390 7909 8747 1264 5787 3228 4374
8391 6410 8043 5815 1075 439 1451
8392 2348 1238 5 393 134 2773 6493 4375
8393 2319 1574 3494 318 610
8394 8927 1707 7994 9568 6490 6348 5275 477 313 134 573 2843
8395 3778 2302 899 9133 7789 2708 1669 1398 7614
8396 203 8619 10076 4312 10077 7319 1189 9061 10078
8397 4234 9028 387 5646 3480 652 4343
8398 8737 7116 7483 2241 1891
8399 2090 5492 1087 3509 540 1096 5997 1098 4383
8400 6007 7152 6290 4600 837
8401 8105 9978 8646 8475 6205
8402 3890 2304 5512 6621 851 642 1263 965 6217 3429 5586 7260 7593 1883 4737 4209 8918 6161 4948 2057 1637 9315 5131 1153
8403 3338 8024 3076 5725 5185
8404 2910 1075 1822 1364 6542
8405 9260 7686 5343 7260 5208
8406 3304 1344 256 1871 581 5212 2528
8407 6344 537 1745 65 2806 1427 6646 7390 8017
8408 9843 3130 7585 7372 793
8409 7624 4159 4146 2499 9934 1647
8410 5512 4009 704 8005 2606 5884 384
8411 6452 8893 8279 3202 10034 9333
8412 2163 1888 2993 5641 2818 1178
8413 1762 384 8643 607 1698 7918 1332 1312 2716 5283 5306 2816 1186 766 2693 7736 2173 768 8348 2246 5762 8801 5716 3591 8630
8414 6710 1911 2663 944 2472 401 9572 7612
8415 2551 1384 9019 394 3584 4542 8938 9721 1156 7616
8416 1154 9836 7908 3064 3908
8417 2824 6112 3267 575 7004
8418 1865 1018 5604 1380 1003
8419 2553 1005 1914 8109 3980
8420 212 878 1982 8479 540 2388 90 2201 200 3458 3004 3006 7446 2526 8870 5387 5308 973 9782 8653 8087 6666 9907 1103
8421 2446 1036 2323 7630 8766
8422 2851 4698 7034 1623 7472 3818 493
8423 5534 9444 6 7907 3701 5976 6906 8278 3745 1817 7512 1945 1898 5872 9806
8424 1601 4802 4896 4898 8282 7329 8731 1570 2572
8425 98 9004 1111 7447 9433 5564 1158 1159 142 7892 2869
8426 6644 7622 1667 1606 134 2270
8427 6289 334 3448 837 2688 1457 5643 3175 3618
8428 8427 1359 2527 2902 2489
8429 2373 1888 2073 5733 5915
8430 8774 6515 8016 3607 4742 9095
8431 3328 658 15 9503 591 938 2712 8125 3081 220
8432 7501 5750 951 942 4985
8433 10079 2664 632 4951 1179 1791 766 1843 2477 2056 1792 3393 10080 1881 803 3056 3184 4988 6779 508 4338 8569 3786 5868 1739
8434 3066 2507 1151 6008 1162 4882 4239 9077 1983 9230
8435 2458 143 3654 1619 3039
8436 2940 9867 8947 2148 2112 5372 2331 7498 1798
8437 6515 4779 5 2066 8265
8438 4262 4471 1072 147 4
8439 7346 553 6179 9421 269
8440 5829 2906 3802 1321 500 6108 2603 4728 1183 7340 9599
8441 1935 5000 798 9434 9353 7883 691 5611 796 1897
8442 4225 7745 3343 560 522
8443 2348 2890 4325 134 673 1382 2983 3620 1026 5749 9440 3307 376 3054 5570 1083 5949 7808 7443 167 617 6029 9064 117 1349 7788 1587 1050 127 9787 2658 6792 417 697 736 2169 6400 8018 2846 1172 4150 9642 9505 3496 2071 8974
8444 8302 900 5402 674 1776 3184 3478 1517 6377 4591 761
8445 243 5167 602 417 1072 9060
8446 3953 2158 810 6729 5188 3447
8447 2655 1665 1965 8674 114 1196
8448 2205 3390 9785 869 5290 748 3092 8206 4612 9663 404 9403
8449 1607 6641 3997 2113 1008 7630 757 7060
8450 2259 6837 8762 5764 2829
8451 6516 9967 2593 4705 1242 3118
8452 2188 219 4905 6618 1856 4655 3006 4439 1071 3205 1927 1103 1250
8453 9716 3315 5991 4094 1231 5307 8391
8454 5704 5976 3049 5839 5860 6951 2013 8054 7393 2185 8360 384
8455 9517 3985 9019 394 8938
8456 924 3253 1619 4658 2193 2797 3123 853 6544 855 7269
8457 3517 38 1291 1223 1344
8458 6837 4766 1704 8275 1270
8459 367 5544 4586 1075 2950 3114
8460 6956 2092 1364 167 7035 171 1250 5104
8461 6008 8762 4635 7135 7700
8462 1817 7861 464 2459 6702 63
8463 4655 3036 9044 2608 546 3205
8464 961 533 2812 9885 5568 5308 4948 2380 1637 856 5551
8465 4405 4522 5150 2886 6745
8466 1479 7505 363 8148 1151 9395 424 4472 2515
8467 9985 6263 404 4152 1083 7255
8468 21 2358 4443 2810 2580
8469 1799 3262 1829 6391 9264
8470 1230 5733 1372 7836 4779
8471 1652 2985 961 3988 7862 8155 6668 626 1856 2955 5521 5497 8554 8016 10081 10 332 9591 1857 878 8532 8933 134 4852 7036 1101 8884 5269 1432
8472 3075 4298 2314 10082 5779 5768 9090 4754
8473 7137 2082 90 446 3900 371 1916 2333 171
8474 7755 262 1614 3307 384 2533 881 9458 5361
8475 9867 2050 4987 9421 3429 7925 736 8679 2702 6208 8378 5143 5521
8476 181 7908 8 1782 861 781
8477 1350 1730 996 792 6611 6040 637 6056 404 3092 391 622 7759 744 6098 1819 8378 6288 763 8000 1500 7277 2783 7085
8478 2585 1727 2475 4699 8629 44 4307 7657 488 2081 6322 3562 90 1655 2268
8479 7196 2302 1380 8713 3112 6810
8480 2912 882 257 4441 782 5287 1271
8481 9567 6937 8726 5777 2256
8482 4777 193 5300 2554 6553 3704 5499 912 9077 904
8483 110 6306 1756 7531 7712
8484 8824 3927 5543 4924 7619
8485 3474 5683 4817 7099 1126 998 609 2368 9752 2077 4971 1162 9936 7487 6255 841 1409 2388 2766 2830 7988 5139 581 325 1920 9376 2715 5667 5903 5189 4264 367 8403
8486 8506 9216 7573 1876 1545
8487 414 5577 6260 593 6983 812
8488 4669 6946 8690 4902 4264
8489 5325 8698 2668 2689 2643
8490 202 8482 10083 6769 192
8491 870 6378 7326 6304 1775 570 1783 4865 5981
8492 810 512 7317 8890 5215
8493 1075 4931 10060 1512 3637 241 971 3668
8494 866 5205 6309 5993 49 6999 4932
8495 7661 3348 6039 1478 1499 3063 8834
8496 1721 831 6465 6 8129 1621 7189 2810 3079
8497 7170 502 1124 3088 9972 235 237 7324 4446 7252 3968 4889 8655 3005
8498 9554 2630 6178 3207 2799
8499 7094 4851 7925 6822 8804 312
8500 1980 2501 3429 6667 5237 7280 2702 383 340 254 2512 5569 3180 845 6738 4660 2706 1784 7438 2097 8868
8501 8362 9584 390 5261 3847 6935 5308 3878
8502 312 264 477 2894 2851 1587 3911
8503 4643 4759 4722 1545 1752
8504 5181 3668 2746 1395 5967
8505 4500 4055 2519 5031 4249
8506 6741 8757 9867 404 5499 4545 5232 91 1543 2333 2165
8507 568 9839 1868 4048 320 6364 904 8772 5725 7504 2395 4558 6475 9169
8508 2663 5441 8859 242 6711
8509 6815 7583 2940 9952 7731
8510 3853 3223 2784 1439 5073 7710 2697
8511 4358 5515 9986 6312 7369 5161 8572 1350 4872 6394 247 1056 7401 801 6926 1186 1705 4491 1370 8441 2030 9259 4255
8512 1146 1377 2167 9654 9122 8974
8513 117 2710 7888 2931 10084
8514 6711 1158 1690 7341 5271 1077
8515 2088 8409 3433 1308 6511
8516 3405 23 2090 1881 4386 9657 6785 4463 8260 6395 7365
8517 8713 8953 10085 550 5577
8518 1705 824 1176 4363 1417
8519 666 4295 6167 1307 1059
8520 3789 4353 7164 2671 1763
8521 2766 546 371 5691 913 1695 1881 9079 7189 7484 5793
8522 6954 2065 3285 4212 7638
8523 375 6927 1768 6384 1468 9657
8524 10049 392 2069 5500 2255
8525 5252 3474 7063 4219 10086
8526 134 6435 384 5078 5726 117 3695 1984
8527 5013 1572 8747 8360 2037
8528 3406 171 446 5791 2796 7268 1030 9858 1106
8529 5836 1417 3133 1726 7291 1213 4580 2049 134
8530 7125 6492 7134 2331 1635 9072
8531 7180 2762 5579 7084 109
8532 5546 2148 3974 8958 3915
8533 4923 5878 962 171 6850 2194 2807 6533 1357 8915
8534 6 418 1116 3526 275 6781 5361 8994 1952 4034 6534 918 2373 1233 3734
8535 1820 1769 8702 1394 4938
8536 2376 7270 146 9562 2319 5501
8537 3015 3507 8448 4008 1500 6056 8174 5429 373 7151 2205 2694 558 7544 2218
8538 8021 2898 8594 1 1143 9329
8539 5408 810 9122 4478 3556
8540 1369 7986 9215 2373 9848
8541 174 5275 3605 8135 1144
8542 2263 1604 3329 5281 393 2961 1587 9527 3201 53 4071 7807 5189 8005 6462 3989 5677
8543 418 8603 7937 1848 1696 5822 126 6 1723 2380 9690 970 734 5368 4797 3584 1429
8544 1146 2316 8136 9689 10087
8545 1156 129 933 2094 3424 159
8546 262 7865 7866 1614 7712 2160 171
8547 7566 3931 2135 647 2267 1340 7632
8548 9524 5 447 1779 192 584
8549 2677 2759 9574 7742 3742 6801 3343 4993 8088 4171
8550 2351 1868 1017 8700 1776
8551 3072 4261 234 9509 2591
8552 3947 8795 7303 3861 5347 1683
8553 900 106 4017 599 3217 5666 2886 1923 1585 1742 7961 9071 367 9160 3558 2715 9463
8554 6956 1938 2674 8680 134 1891 6701
8555 10040 5825 5313 153 4601 1545
8556 7493 7674 1910 3335 2663 5547 8163
8557 3896 8650 9913 1884 9268 5331 2809
8558 1580 439 7598 2571 6213 3971
8559 1947 3187 380 7956 1075
8560 2365 3300 4394 960 245 7049 3523 6283
8561 3878 9954 6791 5918 4854
8562 3306 5542 756 2049 10088
8563 5490 82 10089 2002 8491 5492 3251 325 8983 1137 1745 8533 1426 5388 3058 939 1427 8087 856
8564 577 605 3202 2291 606
8565 8702 217 6641 8477 1196
8566 5757 846 6398 4960 1634 5445 934 9121 1426 474 937 377 6525 52
8567 1875 4856 8008 1721 575
8568 4132 1916 1491 9315 3370 8341 3470 7357
8569 2078 2114 7742 3158 5999 3234
8570 4457 3558 5126 3228 9291 2086
8571 2111 1974 6154 1662 4335 5252 5170
8572 6535 234 223 5806 3895 205 5188 1406 3472 6188
8573 2160 7824 7801 992 6628 8116
8574 2885 1367 1872 2758 588
8575 15 6194 901 1848 407
8576 6764 2929 134 4882 4177
8577 524 3406 93 4732 1171 6739
8578 5855 2779 3330 6281 5673
8579 7238 5075 8635 4988 6032
8580 5301 1368 2611 4620 2830 728 368 409 3901 109 5345 3968 4430 9007 8373
8581 1296 396 1387 1686 2579 6572 9131
8582 929 372 805 6925 289 1679 5992 1352 2688 2812
8583 7710 8096 4069 7561 8538 5265 972
8584 4902 7904 1974 118 2197
8585 1381 5488 6374 1018 4476 1281 384
8586 2663 7774 3067 8233 1493
8587 2325 7735 2580 5125 7362 576
8588 1156 1634 7763 6629 8454 934 6844
8589 373 323 4797 3476 5569 8747 19
8590 1418 6427 8561 6286 2004 7125 3851 949 1579
8591 2576 3952 7555 4878 110 2374 5982 3556 4390 5969 9881 4699 162 5456 3629 6002
8592 5394 1371 8824 8569 3057
8593 384 1261 2347 310 6462 1075 2327 5686 3294 637
8594 7686 1822 3648 5367 1937
8595 596 63 3023 7694 5164 7970
8596 200 2987 9024 1120 8145
8597 2666 713 5257 4520 2267 4264 8641 4301 9769
8598 6796 1238 6211 1179 3446
8599 1365 8260 3079 295 5998
8600 4998 1881 944 10090 10091 7408 1145 10027
8601 5439 5971 2577 3338 3389
8602 2647 1111 2886 7161 9692
8603 866 9442 2429 714 1018 2408
8604 7992 3371 10046 3662 5514 459 703
8605 9421 9334 1798 5524 2122 2689 318 5160
8606 8542 9975 68 4587 8565 1797 4341 10092 9670
8607 4486 527 189 9484 9004 9169 4722 736 3771
8608 3081 174 5855 6326 8639 10079 5166 9930 3118 971
8609 1850 2262 899 846 7118 1156
8610 1213 213 6644 604 2847 2088 2278
8611 2484 2572 8880 7526 1657
8612 1114 9664 8961 875 2076 6281
8613 2018 4796 1250 6573 2820
8614 5428 7880 262 5361 2873
8615 6985 3678 8699 5076 1339 368
8616 1711 8786 9350 393 3666
8617 9011 6234 2465 996 1208 4356 4515
8618 5363 7251 4208 2563 9
8619 3049 3662 5193 8919 5038
8620 217 2527 5097 1614 3817
8621 174 3553 1943 1550 3860 10009
8622 2101 2 1357 3467 4387 858
8623 8306 2178 9252 5692 109
8624 185 2077 3478 3276 5200 110 111 3173 2427 4138 2701 2546 2547 7077 8758 1709 7319 7519 2422 4495
8625 4577 5482 8390 7921 9068 9004 1935 995
8626 959 3615 167 446 4169 171 2807 1096 2796 2797 7365 5899 1097 854 5823 2284 737
8627 1282 8781 9696 8169 4767 4119 3614
8628 8969 6943 944 2065 373 1634
8629 9668 4817 791 7332 5467
8630 4740 656 368 4371 134
8631 9795 1656 6404 468 1050
8632 2039 2110 1912 3799 3505 6697 9255 1741
8633 3393 4215 31 2812 1829 5142
8634 1237 476 384 110 1677 9188 1971 2535 5894
8635 1574 2716 4703 8076 6082 53 7259 6012 5828 2277 4822 4704
8636 4726 604 707 7588 2351
8637 2476 9933 1322 9868 4545 3343 8132 6539 2608 5245 2865 6767 9447 368 2369
8638 9055 3095 4446 7616 972
8639 217 4459 9286 9169 8844 5805 5252 247 1051 6955
8640 4105 1574 2945 7163 6918 4414 3969 1587 1914 7075 98 660
8641 6672 6822 4374 1789 312
8642 8547 3017 3080 9450 1367
8643 851 2253 5122 3676 2763 218
8644 1698 109 5170 1784 4299 2716 5283 5306 4658 9063 27 6244 2203 5023
8645 3789 8191 7537 2708 4551 8892 6200 1994 1708
8646 5223 2362 2695 6026 2691 4834 493 3818 5118 9978 3677 8000 2446 1542 5888 5060 1752 384 694 1448 6282 4854
8647 4 912 9749 7026 736 5961 6168 8502 4927
8648 304 435 4236 5463 3905
8649 3951 7480 4140 6450 3509
8650 4260 7319 7519 9157 8442 2060 648 9834
8651 3787 2775 9349 5905 2132 6545 7139
8652 1095 1724 1427 1429 293 2614 1021 1106
8653 2899 3374 561 1573 7700 4480
8654 5871 4825 5006 4684 5591
8655 4182 9093 3338 4088 7436
8656 602 2749 10093 5315 7311 5831
8657 272 2720 6018 2338 5221 3835 4660
8658 4300 81 3751 9222 134
8659 2398 3589 829 9667 611
8660 1648 5286 3018 4063 4369 5683 3677 1741 4776
8661 5204 1008 6758 189 5909
8662 658 1046 471 1926 4493
8663 1241 5917 779 2991 10094
8664 9907 4198 7621 1309 4718 2477
8665 6469 1642 9562 9336 588 6514 2010
8666 2971 1112 8128 4548 115
8667 2074 363 5320 303 391
8668 3835 8924 6038 1669 1557 4780 2595 8512 9010 4042 8145 9849 1208
8669 2086 5386 591 2540 4043 601 3431
8670 5989 5555 7809 231 6577 778 8303 5516 8226 8415 3851
8671 2020 5367 8511 3650 134 7060 9037 7817
8672 4521 1825 2853 8462 2342 1451
8673 2890 1508 6368 4947 288 167 4733 290 5131 7269
8674 641 4601 6818 6185 4529 3323
8675 1868 418 1808 3160 253
8676 3955 5243 8392 5412 1183
8677 2191 7342 8466 7741 1021
8678 3739 9224 5164 5861 5245 9382 1083
8679 6120 1589 2345 5015 685 8353 2376 2734 9980 1824 2843 5200 902 153 1686 1745 437 5867
8680 6352 7961 9751 4739 189 282
8681 4003 8099 8272 3245 2842
8682 5571 3209 1244 1380 7483
8683 7901 7900 5679 6726 55
8684 5225 2575 456 326 6017 7672 454 3102 2405 2274 9322 2130 4197 8385 452 3111 1716 5292 3789 3702 5686 724 3869 899 674 540 1074 1103 5902
8685 4238 3818 6061 1916 9143 3265 8715 5271 8126
8686 1 3314 9236 702 2618 8746
8687 3723 5822 291 4948 934 6844 2194 3467 8013 5998
8688 5437 3779 2331 703 1616 2868 2971 8038
8689 4338 4358 4569 7765 5020
8690 5492 720 21 22 134
8691 846 7997 7409 4296 41
8692 2784 8643 607 708 1083 2799 1555 8838
8693 2793 9268 625 9 842
8694 1034 4830 148 8827 5024
8695 439 1238 1380 265 1382
8696 7456 7155 5400 3779 10095 3273 6710 3338 1894 3157 2960 450 9115 7168 50 4569 8518 2957 5118 6006 8039 5840 3164
8697 2082 830 7660 2725 3742 2708 5215 8642 9808 612 1796
8698 5776 2565 1806 2069 6810
8699 4506 899 9751 9072 6243
8700 7827 491 6886 480 3547 9616 3482
8701 262 6207 3838 9175 4472
8702 6473 110 999 1062 1094 5255 5881 9510
8703 393 2985 2929 2730 9761 3479 1862
8704 5981 1906 2832 606 3809 823 10096 237
8705 1907 4465 4466 5019 4950 5082 325 8373
8706 555 954 1776 805 4699
8707 1658 479 2246 2114 7030 1954 8804
8708 1253 1168 8684 2860 1815
8709 5721 9298 5087 2006 5977 2622 7011
8710 3358 4901 1112 6799 2572 6221 6956 9402 9662
8711 3357 1912 4598 7177 3487 5194 2777 3102 5169 2114 1801 5223 9058 2775 4220 8975 6937 1793 5994 414 1767 1662 3710 6959 3419 5387 5885 4202 4510
8712 2177 1920 404 31 9092 3365 1112 3143 35 8607 6017 1489 1528
8713 3526 8757 732 671 4088 341
8714 270 2812 1074 134 7347 2955
8715 939 6202 353 9808 9170 7532 6160
8716 1588 560 2477 3707 4729 4674
8717 1995 4768 938 1162 7864 1598
8718 8136 560 2661 9832 5914 6540
8719 8516 21 3054 1865 1391
8720 5055 6998 6747 3203 219 632 4350 826 6571 866 26 373 7651
8721 2627 5455 1734 5 8147 798 9055
8722 3103 1480 6059 3915 6012 7611
8723 2256 9122 6327 5339 3078 1551 7761
8724 4371 1705 5453 2924 3276 110 187 391 3217 1394 7841 1667 9022 9363 2654 9789 9911 7433
8725 575 3617 1930 791 3082
8726 5041 7435 1881 10097 9677 3755 3127 2255
8727 7467 3542 3447 439 4398 2312 9826 8596 7225 7487 7699 757 19
8728 3872 6246 2688 2296 7125 1770
8729 4313 834 3438 2283 5337 7531 642 1547 2525 1098 7183 854 3110 5131 4175
8730 1210 320 2879 1515 657 4111
8731 1970 2058 2894 1607 312
8732 7620 2197 6072 4845 7922 2550
8733 219 262 1614 1652 312
8734 2674 4796 8538 5563 2037
8735 1652 1673 564 8617 6132
8736 97 2083 4 5583 5445 2 7366 149 5450 1106
8737 5567 2532 4061 1882 3559
8738 3049 3343 7013 2648 2139 8663
8739 7179 626 600 110 3595 6114 6874 8564 1589 2337 3783 7792 4542 7719
8740 2939 4598 2302 5232 9649 110 1923
8741 2838 4665 5339 5143 3039
8742 5240 261 5361 4428 9675
8743 392 388 390 2673 434 229
8744 6721 4003 7468 7328 7201 8295 6691 2535 2459 2953
8745 5670 2868 49 685 7724 2020
8746 3287 694 6128 107 2376
8747 1973 3713 6001 5475 1706 501 2653
8748 4517 10031 2348 5880 3228
8749 9453 3743 1868 9349 1228
8750 8938 4550 3675 7035 8255 4208
8751 3506 1168 6187 4591 2322
8752 648 1879 4228 3343 8566 1636
8753 439 3112 9566 643 4697 644
8754 316 4442 507 6383 8242 2122 6314
8755 1823 1731 3829 6352 9200 8785 10098 8144 4031
8756 2622 4986 4389 3228 1875 2762 4714
8757 1780 9431 9796 6751 2023 6122 3602
8758 435 9938 2771 2164 1332 7325
8759 2820 3675 1871 7630 7428 1565 667
8760 6134 6410 117 5867 6348 1471
8761 7398 955 2139 8123 5730 9622
8762 6431 942 8853 4388 5319
8763 8163 7541 2929 6 3941
8764 1359 2890 5492 1713 285 6788 6125 1399 7909 2596 6280 8029 1396 5853
8765 3870 110 3225 1710 667 5614
8766 9778 6585 591 4761 683
8767 8255 9339 4278 10099 2112 6847 4839 8016 3283
8768 3040 675 2630 235 4688
8769 3191 2033 5993 118 4022 7369
8770 7295 9005 742 944 197
8771 4902 4658 1216 3265 872 3671
8772 2333 5942 735 2437 2276 1690 6660 78 2165 8263 1783
8773 7711 8893 5518 8806 899 373 4088 4203 1060 6661 714 2590 8040
8774 5759 1929 9643 5684 5985 1950 4682
8775 8789 4940 8901 4933 6338 6895
8776 6463 5298 5235 1017 5854
8777 3390 789 1258 3029 5765
8778 2210 1911 2077 5200 2395 4075
8779 5856 7101 6331 7809 1483 5456 439
8780 3037 8097 9827 5603 6925
8781 8827 3546 9596 4185 581 4573 1421 1116
8782 728 521 6825 733 241 1897 7085 7619 2783
8783 8842 4578 9384 898 10092 1469
8784 673 3650 9743 1607 1238 5422
8785 30 5551 7986 7063 7530 7836
8786 7508 1551 109 7252 5626 1542 3287 7301 3506 2019 3171 8093 3105
8787 2939 9055 6078 2124 5667
8788 6 8861 6638 2026 3974
8789 476 2467 4516 9994 6653 8810 6285 4866 134 7728
8790 78 4891 579 6364 7258 9141 3601 1196 3741
8791 4371 2323 9820 1705 7371
8792 950 899 1421 591 697 992 8389 660 2565 281 821 5519 3501 3098
8793 2384 3634 2572 3933 5489 2132 2056 4105 5256 7226 5082 89 7232 4256 9167 2647 93 7869 9366 8254 8349 2319 9501 7273 3412 287 6789 1092 594 935 939 9700 9561 8797 3528
8794 634 2806 4383 2284 6666 5248 8773 7017
8795 6557 5739 9519 1035 6773 1152
8796 9867 1045 2497 3689 7275 447 1555 5512 6479 7959
8797 6605 1003 1753 560 4269
8798 289 5586 536 1101 6525 8402
8799 5911 10030 262 7188 4006 5848
8800 3218 7016 4404 304 704 4113 4917 5986 223 109 3214 2747 7507
8801 1384 641 1619 6562 5090 2506 1634 6844 9842 6323 2806 1624
8802 2602 373 7405 5727 3715 3190 1659 5602 9937
8803 320 7671 8272 7439 226 1050
8804 7456 7155 628 517 539 3547 6555
8805 899 6 171 1225 6503 5368
8806 8427 8374 1381 604 3308 9263 3092
8807 713 6309 1585 9988 1339 3301 2122
8808 5777 6726 4671 8382 2353
8809 5841 452 774 869 5887 944 4046 281 3958 468
8810 9518 5143 218 673 5604 1548 4639
8811 2468 489 7996 908 626
8812 5309 7505 3544 8531 1454 2528
8813 531 6277 7947 2438 6453 5206
8814 9935 8426 9283 2520 971
8815 232 3910 59 604 1683 581
8816 5200 3305 885 1307 4678
8817 926 2443 4784 57 4044 552
8818 4736 4737 3673 7737 1277
8819 1622 439 2658 1250 5570 2313 6420
8820 3751 4192 637 87 9849 4557 1030
8821 4228 2756 2708 2715 9953
8822 8900 8968 3675 3517 1547
8823 2679 368 10010 46 4042
8824 1377 5502 5074 6384 5487 8113
8825 9959 8538 3258 847 9193 9368
8826 9501 790 8300 4014 995
8827 7941 3986 9317 6912 8166 8773 4680 167
8828 6655 4396 4375 1529 3603 167 3739 1608 2345 1974 2
8829 165 3867 1340 458 3047 903
8830 9658 3857 1267 2037 7238
8831 922 5511 2191 3108 1427 6544
8832 9573 8780 7984 900 109 927 7053
8833 9281 10100 5122 9493 3149 4018 1807 875 251 439 3569 6248 632 8766 146 5469
8834 9781 6171 1 3064 1971 9998 6859 642
8835 649 8106 4057 1821 4177 1054
8836 2323 6589 6077 4489 1928
8837 1945 5778 134 5330 1600 2028 8199 1753 3975 3750 9123 1470 384 5404
8838 9169 9932 9624 5710 581
8839 5109 641 3017 6054 1156 10066 849 2249 3947 5605 97 6087
8840 4693 5880 264 312 4651
8841 3832 5280 108 9680 5343 1192 46 7009 5533 3265 2062 7701 1875 6890 4297 7931 1685 4425 3160 848 6462
8842 97 2395 510 8073 1421 3922 975
8843 2139 3896 2382 60 4301
8844 924 6624 535 925 4654 1627 171 933 1387 1223 1357 129
8845 3324 571 1355 4581 9589 416 7118 4207 4537 856 4589
8846 2320 6999 2337 2317 2632 2322 1331
8847 629 2697 1658 7776 9392
8848 1350 2939 2972 134 6481
8849 5534 7915 5335 8418 4493 5816 7394 8031 4836 8782
8850 2744 994 684 1985 6031
8851 2040 899 1024 5104 9632 3681 5502 4210 1382 3290
8852 7546 3538 6732 2144 3673 1926 2568 1374
8853 8057 4655 8871 3494 7578
8854 709 1920 6195 3474 1085 6618 203 1759
8855 80 380 3607 384 5873
8856 2446 1330 1438 643 4745 6522
8857 7479 3071 6648 3895 2168 3858 2169 1225
8858 2475 6548 1113 6644 164
8859 7073 1923 113 1705 7809 6692 1985 6540 4974 5807 6761 776 5323 8972
8860 6641 2414 1272 245 3944 5268
8861 6104 5539 2628 9352 21 1466
8862 8114 3052 2071 1096 3108 915 2105 9858
8863 1729 1168 394 6422 112
8864 527 5878 2144 2139 6352 2458 5170 4796 55
8865 1500 1183 200 85 3460
8866 8729 781 2551 4002 6972 3629 1842 8353 3492 2588 4935 6773
8867 3492 7687 4069 1751 4072
8868 1309 323 2019 5764 7355
8869 9229 439 7801 1380 1204
8870 903 5145 8806 7400 15
8871 2472 85 164 1218 1153
8872 5604 8135 3729 4852 6 418 264 92 5569 666 1235 7422 4890 4458 280 599 9757 7346 6635 3293 553 1971 134 6355 8428 3040 127 3962 8489 2564 10101 2049 905 9306 274 2050 2337
8873 2020 7879 8680 8050 134
8874 9475 8791 4066 819 9084 8441 7547 19 5766
8875 847 493 2946 899 2017 2757 3775 1094 644 5376 393 2991
8876 3432 5770 2446 2289 1677 7721 8276
8877 87 373 4476 1225 6 7466 7265 1356 5653 2661
8878 1171 262 5155 3230 264
8879 1196 23 8476 463 1249
8880 6703 3689 9908 1411 452 1985 7206 8675 3269 2666 3049 4507 5886 3344 8415 2667 7667 8892 1511 7795 3184 5697 6238 7773 5055 4699 1919
8881 1652 4715 9975 68 2849
8882 8603 1263 8167 642 6935
8883 1973 4375 8254 6366 409
8884 1797 3416 9392 4681 1239 895 5832
8885 1299 153 3857 362 892 2270
8886 3975 4298 7147 1646 9369 6120 1863 3094 7417 755 6381 6563 5597 7394 5454 7357 6349 4078 1888 2905 237 3572 9827 4834 2010 6765 2565 4789
8887 200 4603 2334 7786 7643 2830 4375 2114 8869
8888 2108 2791 103 1955 111
8889 7798 4299 3950 6806 1760
8890 16 7230 3510 7322 2848
8891 5055 8991 7795 6995 4862 280 2175 2179 2180 2181 1192 2215 8735 1868 4891 3997 5669 7695 4504 5986 7908 1054 1238 2113 189 10101 2272 508 1122 478 4938
8892 8559 6229 3578 134 4157 673
8893 1210 1939 1112 2260 3266 280 262 4
8894 3220 5987 234 3296 7432 4061 9109 1054 9006 6449 1759
8895 5917 109 4938 1456 6563
8896 5534 3568 9120 839 7729
8897 1040 5377 7341 3799 7947 4697 312
8898 2343 1616 8526 4033 9240 384 1114 8633 2579 1635 7905 5428
8899 2189 7118 540 133 1426 8180 159
8900 2732 8177 4370 5282 8097
8901 8266 1071 1340 1035 6618 1208 4644
8902 5048 5222 4557 4487 104 5552 2543 6892 285 2830 1971
8903 4401 3905 9120 7050 1994
8904 2333 5402 1448 1340 2267
8905 6258 4312 3253 3896 950 7374 6124 7966 1769 376
8906 2958 174 7607 97 3358 1221 9349 944 9197 1061 1075 3626 6788 331 384 727 1208 171 165 1286 1156 5549 8261 8316 4849 8145 159
8907 2319 1330 1862 2049 4812 1318
8908 10032 1870 434 6859 237
8909 561 1176 1308 1085 4523 8786 1719 8623 4311 1034 2949 5851 3138 1364 8533 6123 1745 5467 1427
8910 3581 275 10102 2667 652 1520 2996 6784 9773
8911 393 8025 8147 2818 5695
8912 3146 4695 658 4789 1589 3972 3287
8913 4466 8038 2605 2054 4225 6165 657 498 3444 3102 4226 3027 4702 2333 74 508 9059 6098
8914 6190 4713 7466 716 1384 10103 61
8915 5856 2413 388 3160 1274 4015 3569 1726 42
8916 368 5646 265 2636 9323
8917 10104 8724 90 2338 9462
8918 9504 2107 661 9437 5953 2597 791 1235
8919 2258 588 1457 1225 1641
8920 944 3985 8612 6091 5840 227 10105 9258 3445 3111 715 9108 2130 1221 7168 2676 9309 3870 8165 722 6516 3265 1813 280 4568
8921 617 9406 407 3970 647 3290 5854
8922 6644 7377 2414 6744 2037
8923 1777 8618 6764 2422 6355 5725 5955
8924 1328 9499 724 4603 1911
8925 3359 2059 5400 2745 7362 1492 9115 7110 9482 5848 5436 8418 6806 2601 3632 8777 1985 2210 2663 1237 2638 3439 2497 948 1653 5532 2287 5040 348
8926 8114 6212 3080 1309 8041
8927 1494 4710 5456 2778 3044 3944 8970 2248 52 3168 2820 440 8560
8928 3171 7640 4451 863 10106 2886 7639 713 7548
8929 7650 1250 134 834 8719
8930 575 9401 2482 7564 8101 2543 1960 7265 1512 1240 8824 680 6533 1155 4904
8931 1474 923 2090 850 2092
8932 2382 3093 77 7025 7608 1090 8411 8881 9230 8584 9719
8933 7874 9951 7752 2933 6249 5995 647 9304 1692 170 3821 4009 9070 149 573
8934 7605 279 1271 9927 3262 5575
8935 9932 7242 9651 3857 847
8936 71 3080 1677 2259 1848
8937 3091 8024 4867 159 437
8938 1885 9175 3719 1745 4127
8939 51 5834 368 8974 3508 3860 852 8507 339 2165
8940 2946 6752 8756 1130 5934
8941 5382 3349 2623 1560 1485 7492 7225 7452 2624 3396 7448 2625 3270 3347 10071 5383
8942 83 2941 7826 3140 5331
8943 2333 3783 1144 117 9971 3023 3620 9297
8944 2924 4896 384 9319 9214
8945 1024 2527 8281 4275 4772 1529 3059 4645
8946 1455 5695 3884 3473 5575 6558
8947 1474 7847 5233 9103 5996 6230 8863 1475 9902
8948 7225 9951 6021 3985 2928 482
8949 425 1780 3485 1225 1088 1943 6681 2684
8950 4789 1122 3602 304 1369 599 1659 645 4255 8133 4264
8951 7638 5680 1083 5884 6120 3188 2438 1298 1554 281 233 1769 9620
8952 3734 4376 2704 7130 2057 7905 3040
8953 2130 2003 2368 197 6053
8954 1146 2528 298 728 2852 972 1034 3120 7619 979 173
8955 8344 2052 6329 4713 5408 9490 2076
8956 2027 2870 2980 7619 1003 3965
8957 8687 6760 3756 8283 6928 4770 4301 1549
8958 1238 7002 5808 1382 4497 5250 5649 9793
8959 1340 4766 492 3498 1993 3161 5353 3471
8960 1492 4570 2835 3338 2295 4466 2665 3269 1895 1322 4596 4951 620 2336 3784 2522 2904 2324 384 6645 1653 2345 1974 409 1889 9277 1802 1767
8961 4465 4093 3885 2307 9038
8962 944 5981 1892 3696 5160 4129
8963 5525 6317 976 1736 2106
8964 7868 8503 439 755 1034 6118 2496 1699
8965 3082 5153 268 1669 5066
8966 7332 8322 1423 2867 6785 4168 395 2525 1294 137 937 3079 855 6544 294 729
8967 1705 9825 1028 8034 799 2439 1472
8968 9474 3626 2679 9922 5215 8883 4584 5104 3684 7958 1369 3079 3049 3092
8969 4008 713 4120 4144 273 42 6989 803 4591 761 3050 2300 322 5561 2964 9630 9771 2962 787 7514 9876 1353
8970 5578 8083 8766 2171 4703 4010 9984 4592 7877
8971 1929 1652 8217 309 1384 1003
8972 1253 1168 1563 9267 6614 3730 5100 114 2564 2073
8973 3228 2348 1828 5674 8419 9793 1805 6570 4528 8551 8289
8974 2389 4004 7169 4729 3056 5862 4349 4350 1487 1916 1070
8975 1225 1778 9310 7178 3042
8976 1646 1629 3253 2091 274 3324 4501
8977 6847 4912 4873 49 3768
8978 2319 598 790 2235 8400 6 1163 6456 9566 6263 646
8979 3599 1677 2998 1769 1085 6841 8851
8980 5170 231 378 8046 575
8981 3491 2908 1752 8392 176
8982 1985 4467 1109 9267 8724 713 253 414 134 668
8983 15 6486 1266 2551 2124
8984 3489 7888 2230 3652 2370
8985 8304 1282 4028 7728 4902
8986 3216 5016 374 312 5040 2239
8987 9825 8282 8773 367 7575 4898 8477 7427 4207 902 5395 1354 72 7895 1039 1186 2527 4892 7168 1179 2020 5061 9753 448 2138 3312 5397 7232 9619 6240 5289 9420 9951 10043 2798
8988 8418 5909 1732 1961 9376 5132 4065 392
8989 384 437 3730 402 4064
8990 1376 8705 2527 7746 6
8991 5875 10093 2052 5954 4664
8992 3612 2083 417 3126 3861
8993 2737 4891 9341 2422 2190
8994 4704 156 1006 793 9432
8995 5840 110 1741 2886 105 4671
8996 3228 409 6316 3211 3127
8997 1775 6747 5597 75 7644 9373 478 1777 4745 56 2280 2222 113
8998 1684 3051 2961 9707 707 975
8999 3343 6083 1705 1776 558 4498
9000 9555 905 6251 1674 1604 9287 7516
9001 4225 1914 1711 4207 6200 8122 1300 1916 611 5133
9002 3934 2720 1963 3053 4355
9003 2582 3867 298 2702 6825
9004 6779 10107 1180 773 7604
9005 622 7003 5679 4609 4177 9960 1664 6364
9006 1580 9708 7097 3734 1817
9007 333 6519 6523 6524 3170 2902 4870 4748 4758 671
9008 1993 8839 9239 277 2890 1448 8621 8659
9009 264 599 312 998 7423
9010 155 6631 8276 9375 4409
9011 654 1836 1695 1881 1034
9012 9762 9632 1645 314 9678
9013 4784 439 847 1875 5361 1314 4903
9014 1387 1223 40 1294 7557
9015 112 6670 3337 9726 1472 9348
9016 641 5 7467 1885 1280 369 688 7372 2164
9017 2987 3818 6920 720 9687
9018 648 2467 6423 189 393 6486 5996 384 1331 2085 7210 4483 706 5870 4330 8412 6050 5407 2060 134 1059 477 6298 65 8325 8310
9019 2130 8139 1988 2275 9944 5158 8162
9020 1888 4542 2071 3493 150 3208 2785 1467
9021 7644 2527 1775 2887 2886
9022 9450 5835 2542 2124 5795 1641 8672 6266 604
9023 9772 517 1056 3901 3668
9024 8512 4909 4460 9974 6759
9025 143 8617 9917 6015 4225
9026 4636 1630 727 9215 5415 2192
9027 2320 5678 6275 4574 6450 9879 8993 7238 1812 10062 6895 868 594
9028 3049 9142 1502 8630 2178 7998
9029 822 1647 1967 839 9931
9030 8880 1683 7615 1511 1152
9031 10012 2795 1621 137 4172 2806 6544 7741 5450
9032 1769 390 9493 4141 7738 3138 643 3274
9033 9298 2944 10006 3370 5701 1208 5861 6209
9034 3561 6282 4102 5275 471 4681
9035 3236 8287 7797 7747 704 96 3234 2135 3572 2385 8429 1172 640 71 2793 1139 7064 249 1669 5010 8753 66 2688 3288 9645 9332 4484 110 5255 6251 1050 3805 1891 578 6729 9140 9965 2060 3210 5548 882 4560
9036 3052 2794 5822 4386 4959 5368
9037 7145 2256 3901 176 9931
9038 8452 5668 1044 6025 4094
9039 439 6584 4767 4833 8600
9040 1222 10005 5511 3918 1308 2401 2656 5611 2647 8914 2583 3933 6819
9041 135 789 948 3662 4264 2427
9042 4580 9795 242 1511 243 628
9043 3982 3947 5153 235 4055 298 6232 312 3330 4243 472 1677 5185 5354 3522 1885 9490 8779 7638 9864
9044 900 3503 4290 971 588
9045 298 9280 3119 9797 4476 407
9046 1736 2789 3397 2603 497 2112 520 2919 2036 868
9047 5706 9202 2168 9789 5831
9048 2985 2237 8705 6079 865
9049 63 818 1932 6643 3283 472
9050 2348 5765 368 2628 1952 9929
9051 899 2245 4601 8661 7898 1408
9052 97 2851 4 8275 576 6525
9053 8136 2089 3897 1356 5000 2633
9054 6574 5895 535 166 5737 297
9055 9031 8841 4242 2335 3321 315 5469 715 8015 3917
9056 4153 5782 276 7820 9598
9057 789 5994 1142 7765 7423 6774
9058 6302 789 4825 2330 8056
9059 5457 1083 1364 8488 2429 1601 7969 5444 5388 1382 9136 5310
9060 5773 28 90 1520 494 7660 2079 2899 8847 5247
9061 4244 2274 3157 1254 1255 28 3391 7003 5036
9062 1759 3040 2493 8187 661 7107 7512 4491 5228
9063 1359 1355 7527 2102 1632 1429 2807 1103
9064 1866 2829 56 109 2250 3905
9065 4614 7174 7611 6355 2521 2070 2306 10055
9066 1736 437 2056 4340 2215 1480
9067 4369 9031 4468 4658 6095 2902
9068 9303 599 9014 5628 2668 2178 2175 5371 2181 4826
9069 3230 2096 944 6713 3825 256 1614 791 2764 412
9070 10108 6168 1332 2122 9138 4529
9071 6070 7209 921 1125 5676
9072 393 6171 1529 384 1609 646
9073 4591 9697 6778 8253 1739 6989 2218 5172
9074 1657 3301 9710 9525 1633
9075 8098 6202 3059 9204 4242 5940
9076 2409 7918 5223 2333 1252 9377 2275 7871 7984 5925
9077 3868 5333 9995 2712 7593 145 2321
9078 174 1822 1419 3081 944 10109 796 813 4920
9079 2348 2674 6283 687 1473 262
9080 2090 8294 6161 4576 1430 5902
9081 1505 5418 6160 682 9559 6968 6976
9082 414 643 9010 1225 5155
9083 7631 6872 193 2527 2830
9084 3767 2073 7285 8512 439 409 8067 4470 167
9085 9781 8830 7292 3151 5797 4145
9086 3430 8604 8021 8392 2380 15
9087 393 1115 692 4380 7138 3980 713 5487 57 2886 7417 7619 2528 2010
9088 9637 6361 3160 2503 1319 2509
9089 2056 3125 2124 9512 6281
9090 6751 1775 9222 478 1777 2335 1453 1621
9091 1385 831 917 250 4289
9092 5149 5474 8688 3518 1331 1314 2049
9093 1912 6402 2641 6837 6591 352 6534 3965
9094 1439 961 7585 8553 2549 3683 3965
9095 1384 3643 59 8211 2049 1235 1829 1001 470 8123 8953 1406 9389
9096 6540 1504 6361 6581 1751 1225 176 2449
9097 1369 6315 3180 788 3175
9098 2026 2816 171 4958 6543 4119 4855
9099 262 3408 1752 796 170
9100 2266 8370 5384 2950 1460 9360 1271 189 2766 7909 732 127 3320 1614 7705 5546 2748 2431 6258 2192 1312
9101 1454 7418 5738 3298 1458 2159
9102 1802 9787 7536 1074 2486
9103 3429 5853 6796 6894 7228
9104 5516 8778 1987 5810 5129
9105 2135 2896 1380 4669 8380 275 5604
9106 5859 5280 7821 3184 162 163
9107 3257 5898 5459 65 1101
9108 6142 3477 7974 2324 2656 9029 8252
9109 886 6720 1529 2088 4516 4529
9110 6109 1299 3561 2532 2491
9111 2711 3903 3286 6998 5639 236 2186 7026
9112 2337 1808 1668 861 223
9113 437 371 4762 8463 5009
9114 15 4396 2345 4223 1615 5264
9115 502 2229 6823 8351 234 2023
9116 5587 3030 7365 4855 1431 297 8611
9117 1659 3138 8445 6132 4475 6240 9211 7551
9118 4618 3570 1267 3188 6350 3849 8845 2162 87 9104
9119 9453 2079 3066 3067 1801 2602 181
9120 2027 4920 641 1612 6332 6145
9121 5082 715 2056 4976 805 7892 10110
9122 7760 3865 5472 9564 7550
9123 1769 8788 5252 4152 5366 6231 8101 1842 10111 2427 8305 1081
9124 380 7655 8963 4396 2428 5255
9125 335 6810 684 8977 2897 5471 1523 208 1033 8387
9126 8830 6598 2154 7063 2486
9127 6505 4212 2776 1329 1683 1196
9128 9149 8234 5574 3579 704 5931
9129 3339 2663 7992 3389 7967 7704 2132 944 2231 1498 569 1968 6516 1308 1246 622 247 5074 6907 4298 4382 1364 844 7830 4340 5389 7759 1160 2971 3742 4498 6525
9130 1254 1255 2165 5655 3611 3469 5050
9131 8564 5102 2113 9679 1646 2886 3049 508 6352
9132 703 460 2602 8920 6233 2335 5887
9133 439 3202 1270 2579 3826 5577 2810 2783
9134 4949 107 2426 3857 7008
9135 3582 1146 1332 373 1891 9154 1090
9136 8397 1858 384 559 7396
9137 3142 6538 1759 5517 2548 8985 616
9138 10006 4652 1892 2334 6929
9139 3160 8968 4820 2702 6905 5333 7964 8137
9140 323 4504 3678 3491 3111 1587 83 3689 6146 4320 4280 9441
9141 6121 8477 1964 135 290 136 1744
9142 3045 8630 843 1664 5761 2146 2601 5829 2222 803 8078 1821 726 5593 1497 2056
9143 2371 2020 8751 9600 7902 1955 368 9738 6043 275 6876
9144 3985 10112 5846 2991 8147
9145 4902 1974 8931 5712 2533
9146 9703 2812 1075 3614 2143 6100 661 1308 97 10008 5607 5054 6206 3706 8319 9265 6867
9147 2602 456 95 1303 4985 4611 1323 1132 4591 2130 6197 2368 9962
9148 717 4938 2302 5057 3003
9149 2049 3197 492 593 1848 4053 4852 9216
9150 4786 5496 1041 1042 4610 4487 9627 8343 9877 5673
9151 8317 200 1024 8737 9373 1417 843 3527 3338 4054 2388 1308 1054 9126 2690 1349 8589 8957
9152 7149 4298 393 1026 7896 2423 5569
9153 5155 1220 6853 6312 1291 512
9154 6069 2740 7614 740 337 1527
9155 944 4811 896 3017 3725 1548 1752 9181 253 7079 8059
9156 901 6749 4475 8396 8512
9157 832 8511 1652 312 4587
9158 3666 8106 194 6116 2166
9159 9653 373 4797 1069 134
9160 4846 1322 1916 4395 1678
9161 2941 4545 4010 182 1199 1320 4597 9765 6919 2694 4945
9162 174 1045 3982 6019 2894 4104 5373
9163 2886 3059 5803 2139 867 2114 2762 29 113 10035
9164 8451 8518 4965 2002 8091 4843 4358 2726 9545 8229 8038 1302 712 3343 1894 2059 4964
9165 6985 4121 80 7736 402 4606
9166 6573 2483 1416 2996 8642 9428
9167 4494 2044 9672 1238 1769 4237
9168 8822 1083 5543 4685 2546 5542 9911 1842 8583
9169 924 6943 289 5445 3110
9170 174 6429 2444 7925 8731 7725 371 6493
9171 6212 521 7159 757 2569
9172 2114 5782 2998 1179 1067 8834
9173 3731 1152 2326 1385 2073
9174 3327 1087 2867 4168 4172
9175 171 580 7323 1135 1929 5093 9061 5550 4776 444 3605 8072
9176 4952 1075 8073 9005 408 4241 386 3978
9177 9218 5225 404 4198 954 8769
9178 3796 3529 868 1071 2414
9179 899 684 6328 2504 3915 1422 289 3447 9578 18 5094
9180 1587 8200 4625 5394 4682
9181 9854 2114 2832 2331 6235 5827 9773 4050 6352 1123 8386 4508 1999 6698 8115
9182 368 2027 2573 5622 4655
9183 4809 4029 7218 6117 1083 4425 3474 9746
9184 656 559 5806 895 673 54 3649
9185 4979 2368 9544 3752 53 2042 2918 2068 7229
9186 1555 262 678 2503 7209 5567 2318 3897
9187 348 660 2668 848 6690 7151 3974
9188 634 4106 1090 1648 4641
9189 3062 713 2302 3601 3294
9190 3647 7678 7528 1083 6953 3338 1521 205 6580 600
9191 5958 94 4041 1587 9006 418
9192 10113 9492 231 3506 3505 1168 2255
9193 3669 1362 3417 914 5308 5852
9194 2820 463 3512 1289 2293 6521 6522 4757 2902 65
9195 3239 6508 63 1377 1730 3218
9196 99 959 2508 962 1096 937 294
9197 1457 588 373 581 2168 272 1156 5793
9198 8628 7916 5285 2548 955 8438 8141 3661 3351 9247 3854 703 7058 3439 4904 3371 789 8532
9199 4972 8657 1508 5757 8868 3755 7715 5688 9181 8598
9200 673 477 1573 3104 1238 1337 393 6436 264
9201 924 654 6093 1427 1218 3426
9202 4028 234 1769 5616 8797
9203 3608 961 4003 298 1354 9924 3900 5 8697 6568 278 7137 9932 6794 8011 4372 6464 2953 7606 9802
9204 3864 5376 4100 5221 3255 9421 1361 9133 939 5901 4403
9205 1723 8966 856 1358 6637
9206 944 4630 724 726 5174
9207 1587 1866 1677 109 4245
9208 2775 10095 5434 1868 2726 4965 2622 1616 1409
9209 8540 3492 837 1311 449
9210 1238 265 3457 4613 8637
9211 9140 387 642 2428 1769 262 4430 439
9212 8706 499 1916 761 4821 9898 1952 2331 5714 3214 426 1141 2126
9213 2584 1024 75 1138 2302 8062 5665
9214 9481 1490 280 3046 8357 2307 1083 2702 9459
9215 94 9979 401 2667 10007 3980 7503 720
9216 3253 527 3672 6322 1427 6445 1429 1102
9217 6047 874 4606 9672 3293
9218 6017 454 2707 450 1201 611
9219 3969 1557 1559 8873 8816
9220 2066 5504 1634 2796 133 1097
9221 2095 47 700 4484 5152
9222 2835 6761 1324 7546 3711 3600
9223 6856 5180 3067 90 843
9224 2595 5475 4664 4234 2024 975
9225 5841 3610 8964 3799 5257
9226 4989 4234 6 3650 1156 1357 5450
9227 1543 2859 1815 5210 2803 2440 2812 435
9228 4517 8644 5201 9540 2860
9229 2287 1963 500 2471 2778 792 3364
9230 6630 1328 4342 8940 2241
9231 6215 174 9944 153 3023 3215 876 5675 2309 7493 701 2047 8849 576 8867 2398 7590 9744 761 6679 1237 15 3702 109 4595 4435 5987 7548 2185 2046 8146 2798 1669
9232 7828 4766 521 4583 4869 836 1403
9233 371 7033 5363 7251 8030 2521 1669
9234 4654 4489 5388 1098 5248
9235 164 3751 6819 8857 9071
9236 7558 1075 5353 8031 2830 1308 4529 680 5697 5188 2493 2426 6207 5410
9237 3033 1277 2284 296 6096
9238 7353 601 1414 7790 588 7742 5501
9239 655 2512 3927 2528 588 3041 1641 1462
9240 5821 3667 8125 4898 2914 616
9241 673 8637 1382 1529 720 2849
9242 8870 9108 8496 6397 3033
9243 2897 201 777 3914 5714 3828 4006
9244 4682 6491 1959 6465 4112 991 1270 1622 9894
9245 38 594 1223 1404 5631
9246 867 2151 1722 2150 2691
9247 5104 2163 4419 6689 2552 9995 1273
9248 326 7030 10057 1815 1483
9249 1669 2319 371 7591 1446 1808 658
9250 876 3222 651 5358 8932 7652 2807
9251 3343 10114 2578 4876 1336
9252 3441 8141 8201 3799 4280 2859 7990 3881 3133
9253 7479 584 8462 5786 4812
9254 384 264 6640 262 5950 1074 7031 720 380 5783 5428
9255 4328 710 9431 3611 5100 2943 1068 1587 2748 3190 2002
9256 9575 130 5278 9929 1960
9257 9464 1916 7612 5436 2243 2665 6842 1090 1323 8981 4591
9258 9371 899 10086 8367 3739 8662 6973 1489 4448 4616 3223 3172 7237 111
9259 9055 2953 1741 7201 4469
9260 6348 7867 6171 1249 134
9261 6076 2922 1384 1356 8266
9262 9576 5480 2258 2755 1427 6551
9263 7738 3017 2288 885 5339 5362
9264 7489 767 774 2163 3365 7999 8268 5640 337 5126 280 4568
9265 5708 921 2980 2392 2953 368
9266 2002 2959 4514 9422 6402
9267 8268 7139 2434 1279 6974
9268 1716 3136 8871 2368 1308 3209 8189 2808 4664 2533
9269 262 1075 193 2890 2343 6695 373 4337 4406 6173 576 1022
9270 995 7288 2511 6411 7156
9271 3255 1976 1447 737 6381 9786 914 4708 9950 934 4447 3689 1101 8017 4530 4748 9390 3971 1384 4752
9272 4056 5010 219 7748 1952 6043 6649 2160 446 1542 6445 6666 384 2284 656 564 1103 6483 171 1072
9273 8550 6788 2816 3517 9314 967 1634 4948 65 3423 4756 2284 4510 7310 1431 8884 2100 4656 8885 5742
9274 5773 5407 7692 3851 4137
9275 454 10107 1698 2383 1499 2005 9377 2716 2816 1201
9276 8640 8452 8150 5702 1156 1111 8340 7602
9277 7498 6604 714 451 2191 2 9429
9278 367 1460 6823 1125 575 1850 1975 5475 6707
9279 9433 3056 1323 2300 5857 3454 2789
9280 94 1913 1511 5499 98 3408
9281 7745 5727 5147 7546 5604 5627 2083 895 9930 104 2806
9282 5287 2816 636 8173 829 7379 2223 4567 2226 17 1868 9214 5859 9586 27
9283 4 901 4926 885 1085
9284 8105 2395 7262 389 733 641
9285 1291 281 2528 4461 6348
9286 1189 8845 2527 9932 6181
9287 402 3969 4144 2338 544 2431
9288 1434 4298 264 253 7371 9731 2730 2485 7292
9289 8548 521 1461 967 4438 7832
9290 1056 3161 2685 1364 733 1745 133 156 9131
9291 3221 1050 7279 5927 218 6960
9292 418 4235 4079 1393 641 409 1960 1776 663 1238
9293 439 5720 2450 2679 477
9294 10115 4036 1051 8318 1070 3652 4067 4254 8209
9295 8845 1763 298 3601 1971 7270 1085 7905 2198 5 1196 3289 1268 2172 885 4036 9655 6088
9296 8855 8648 1403 3196 262 2843 4594
9297 1242 2681 8041 402 1729 406 8880 9840
9298 3517 3621 7715 7148 2849 4940 6163
9299 566 4223 9965 715 3917 1787 4529 4 384 1614 1770 134
9300 2313 9127 8239 1695 757
9301 1490 3914 2021 3118 658 5261 2987
9302 5200 113 7186 4759 2114 5604 901 3689 5917 2113 905 713 3458 2503 8247 508 8743
9303 3391 5593 373 7887 4009 1124
9304 2192 1430 6666 171 1106
9305 378 2852 8242 1298 7461
9306 5287 243 7729 4615 2459
9307 3561 6756 1394 3265 3736 5402 3188 7280 8583
9308 2076 2896 5959 4557 5154
9309 7155 5810 2663 7795 4825 2130 1146 2530
9310 4281 9396 3111 867 4369 1490 1495 9359 2246 4321 1561 637 1303 8618 773 404 5827 456 3790 3039 2130 6611 1485 4347 5921 1076 4366 10027 4349 8992 6157 2060 4652
9311 3101 2064 5414 9369 1249 5012 4373 2730 9352
9312 9415 1024 9071 1175 2345 9017 1974
9313 673 1512 2818 2994 8331 1455
9314 1669 1891 4301 563 3730 1172
9315 8748 2244 9949 6857 1610 170 2550 2543
9316 367 6943 3094 5414 1263 8626 2537 3118 2371 728
9317 4464 8194 6627 4958 1301 1723 1621 3673 3033 3110 5863 159
9318 8454 5491 181 5191 5104 9331 2966
9319 9088 6380 850 1399 3615 6085 7678 926 8556 3014 4768 2359 2936 1531 1393 99 8407 2071 855 4383 6167 4962
9320 1075 76 30 6735 2395 1569
9321 806 1367 3257 7332 7471 289 1156
9322 6179 9360 9190 2307 5662
9323 156 3605 736 2810 757 7443
9324 10052 724 1480 4592 3063
9325 9677 9341 990 1862 680
9326 2946 9537 8742 2919 7631
9327 1993 3095 6390 4218 8886 1435 5767 9894 5768
9328 8697 2135 2527 1786 1653 1974
9329 9844 1050 3072 1059 9665 7115 5355 3596 10116 1974
9330 4784 2091 1336 2503 6929
9331 8749 831 1587 755 4579 4107 6800
9332 684 6566 9093 5229 6348
9333 5 1681 899 821 6584
9334 5943 3480 6045 347 2516 9895 848 1235 5274 1437 667 1950
9335 439 3072 1071 1848 9886 658 2841 1621
9336 2209 6017 6057 5716 2725 2645 765 1489 5 7059
9337 1696 5927 7977 76 9644 4305 4045 4979 5603 5476 388 1609 1159 1308 757 420 6381 390 698
9338 686 376 8767 109 4141 6240 1866 3702 4865 9002
9339 5195 10090 1650 7704 4638 9112
9340 2789 424 4321 2647 1403
9341 96 3241 5473 8814 8982 2120 7950 3079
9342 1335 1689 1482 8929 7604 751 8119
9343 2503 1842 174 6566 3241
9344 2586 578 1205 5759 3884 1667
9345 6087 5534 524 1026 7392 1632 1634 934 9062 3079
9346 2635 3949 2709 6551 7712
9347 2212 4862 2617 1829 6219
9348 9395 5915 1392 3905 3296 1759 6634 1604 8158 6905 9675 5922 7633 264
9349 4641 3689 7099 864 2716 6981 2217
9350 2643 3049 1303 1488 2530 1499 5038 3050 6060
9351 48 8615 6013 4609 6493 2667 862 5115 5761
9352 1003 6890 791 796 758
9353 5187 167 1196 3974 6687 2182 7377 171 9032 4161
9354 5962 3077 540 2809 4583 928 967 3033 2806 4383 6544 6445 1430 1021 1638 859
9355 8657 3594 7556 757 6258
9356 1998 2583 1181 3023 2542 2908 2474 6434 6996 89 424 9212 7232 174 3406 93 2102 4384 6263 7238 754 1745 171 3942 7860 125 7765 967 1634 291 729 4386 3673 934 937 939 673 6893 1429 856 3422 1427 2284 5310 4510 5715 161 1358 172 1625
9357 272 7603 2719 2757 3196
9358 1652 1607 3479 134 1374 6811
9359 2911 2372 8657 2818 1178
9360 1554 3312 6170 3592 6876 3579 6908 2027
9361 2123 429 2124 560 5782
9362 9574 9828 1916 1499 6022 2716
9363 9676 1011 6143 4716 4786 839 1721 9900
9364 7858 2071 2245 2647 4701 6008 3079 2582 2036 7793 538
9365 1359 4901 3539 7025 2746 3190 5392
9366 4236 9370 8317 1489 3785 4775 1321 384 6630 7558 3373 1462 8448 6648 3021 2197
9367 1827 660 8337 521 175
9368 2192 2194 171 2900 3110 6530
9369 9883 8063 2613 3771 581 1457
9370 7423 4886 1413 109 6355 134 4643 7641 2345 4067 877
9371 7666 6600 4328 9300 3675 7478 9130 792 4016
9372 1709 678 384 6686 6055
9373 3191 7974 5693 5347 1489 1034 1265 7434 1499 5853 1308
9374 8805 8364 8949 264 134 2756 3168
9375 2549 9993 9886 5702 138
9376 262 2345 720 7829 1974
9377 7044 9096 243 310 4007 757 451 2600
9378 3045 3063 164 8740 1260 7853 3451 4498
9379 10084 1547 2280 134 5806 9171 4395 4023 1382 561 2524 673 264
9380 3978 1380 1235 442 2052
9381 2291 9779 6476 7943 7469 9364 7767
9382 9439 388 1531 9469 736 3590 8434 382 6626 9379 464 3253 9050 178 7591 252 6837 5060 1703 882 218
9383 4223 1640 4460 5264 2159
9384 9587 8276 8010 997 2591
9385 5249 642 2524 2830 851 3967 7846 5259 267 2783
9386 1026 1424 7263 1426 972 8611
9387 2881 3838 3138 8100 6874 146 274 7447 4324 4000 1159
9388 97 2071 2191 165 3727
9389 1172 8041 9728 2324 3905 1730
9390 3146 5320 2839 5266 1520 494
9391 4477 4557 1759 4312 508
9392 4152 1052 9253 4604 3500 6173 2550 218 279 2633 2935
9393 231 749 8065 8465 3037 8615 7174 746 314 9209 9583 3817
9394 8454 5489 8494 521 2154
9395 458 4287 2150 2383 5038 8677
9396 5317 3366 8039 3662 5239 5158 3075 8654 1796 2338 1245 3675 4198 37 1784
9397 6163 1807 110 10080 2611 6061 6784 1268
9398 9790 3770 373 4353 9456
9399 2071 8711 1096 5445 1426 3079 937
9400 7514 4692 7206 6291 6700 3280 2202 1807
9401 4183 435 1182 61 3408 471
9402 791 1686 5165 5840 1835
9403 913 8230 4360 8216 1277
9404 9578 2810 5687 2653 168 4011 6097
9405 1172 5483 3531 3143 2462 1954 766 9336 256 6115
9406 80 186 457 1939 1973 6823 2446 7103 2506 3574 1320 1246 5433 8033 9091 6317 4956 1650 2769 2236 3481 9198
9407 2361 6471 5255 670 3191 3283 2232 5016 2892 8383 2033
9408 174 8919 2398 3565 3249
9409 2188 3301 383 1608 9191 415 2143
9410 3294 3549 618 57 6618
9411 6911 8880 846 8812 3493 7332 3714 535 534 4923 1254 3723 1365 171 1637
9412 1556 679 3761 3185 8569
9413 6884 4569 6540 9541 7145 2668
9414 3335 1125 851 2325 9107 832
9415 4159 4805 6073 3690 464 1153 9405
9416 1270 5580 2812 1204 8078 7321 7719 1119 3761 2098 3830 9177 1785 109 5682 5200 581 471
9417 3539 2890 5004 899 3508 286 5432 1089 7869 846 6137 534 535 8912 8400 164 7364 4382 1156 395 2194 171 931 4737 7287 6838 1357 937 7017 4751 3114 4511
9418 7902 1009 6356 7717 5539
9419 695 4420 90 6442 1151 9365
9420 10117 4526 1559 3294 2593 1008
9421 3076 8119 2475 1563 90
9422 7221 2581 4292 1387 40 4537
9423 10041 6147 1417 1751 1196 1994 4768 3185 4406 4642
9424 3388 2130 2433 3102 5563 5727
9425 193 476 10111 8064 847 134
9426 2472 1513 8181 634 7043
9427 3678 7655 4655 8133 1974 3763
9428 4707 2143 5943 1614 6641 262
9429 9629 5200 8635 5017 736 5570
9430 5399 8998 4264 891 9312
9431 3779 3441 5438 2726 1194
9432 3166 1669 5913 291 882 1357 172
9433 1274 2051 2876 3987 4424 7824 3675
9434 5434 2825 9424 2736 4605 6996 6143 1606 4344 5863 7269
9435 4881 4043 5102 9829 4797 5316 3120 6598 1234 2549 1012 1075 6794 2069 6808 8319 9885 2918 3052 5497 1627 2805 1933 165 446 2194 4474 2227 6533 8987
9436 1817 373 5782 1769 4599 1050 5036 2716 9268 228 1015 3676
9437 5221 3235 8416 5281 1504 371 3888 6240
9438 2780 8739 1230 4767 8812 7820 9557
9439 6620 2296 1778 8700 7281 959 2782
9440 7271 522 4375 2391 2954 226 2523
9441 6479 3289 4958 2807 5308
9442 6035 6010 2277 1483 8667 4822 4638 3387 5472 9508 7247 3490 5842 3346 3045 3404
9443 1687 1688 2049 2536 7824
9444 2865 9706 2142 5708 545 4741 3493 64
9445 2542 2644 2637 4049 2662 8662
9446 1271 1822 2674 1404 388 390
9447 6167 384 9972 5687 1665
9448 3613 5213 253 1238 5179
9449 4770 213 5630 4835 3832
9450 320 5281 9868 1144 2236 5574 9434 3452 1198 2383 1757
9451 2090 1901 533 6 634 2866 1294 129 5899 1428 4656
9452 6764 5275 194 2914 2654
9453 2812 9922 521 4583 4869
9454 410 5907 629 9015 158 1250 52 1369 2249 350 7633
9455 4243 1435 5768 9645 8082 4399 1924 482 3196 3159 240
9456 627 3802 1491 3163 2139 2440 2011 2329 4018 3149 6784 10054 494 8663 2475 581 9264 4356 5593
9457 4295 8574 6559 8865 9681
9458 4957 543 1204 423 4762 5616 5685 2193 2126 6167 4664 1065 9502 273
9459 4653 6936 5077 262 376 2650 2503 9915 160 393
9460 7216 2730 1083 2545 2926 3074 7224
9461 866 8282 3289 2414 203 1971
9462 7166 576 508 6913 4698 5668
9463 642 832 641 187 929
9464 384 7368 6387 8838 8028
9465 7995 1619 371 4745 3003
9466 1074 5650 4236 3561 1083 801
9467 3982 1976 9794 2234 642 6392 193 6592 1153 6635 106 8717 7622 6902 1803 6838 3825 5366 645 8622 2928 9111 8104 791 47
9468 6043 6267 3593 232 4859 5243 8875 9832 3496 5319 6829 7054 2015
9469 2081 198 1788 1170 1339 5431 1135 1074 1454
9470 1762 1818 2052 5533 6538 3115 9384 4545 3289 1078
9471 57 7608 3313 7588 9342 4797 1439 5532 4230 393 209 1059
9472 1989 4216 4339 3340 9845 4823 9467 2721 7136 2663 3156 7435 9162 3343 9132 811 2475 1085
9473 3561 355 1267 6672 1939 5517
9474 1054 234 7928 422 4617 1071
9475 7577 3929 1448 724 3264 6998 3914
9476 5632 4839 4284 4999 1075
9477 1136 7197 6590 1202 1959
9478 7784 7785 4952 5708 10042 4557 7477 9202
9479 1075 2812 2969 9171 6063 1719
9480 9481 164 6351 3809 8171 4518 576
9481 7687 3961 2025 8105 9561
9482 2385 7216 6344 153 6540 1974 2345 134 267 304 6557 3763 1210 8143 2528
9483 3198 7424 5189 6962 1218
9484 1399 3257 6941 3967 540 2503 3329 318 476 2193 439 171 1096 2048 1848 1074 1101
9485 2827 437 4247 1386 8462
9486 1250 4501 690 1274 3032 9085 2357
9487 1121 312 1607 5266 826 390 7444
9488 10107 5842 865 876 6056
9489 5037 2331 2334 8702 2027 5937 1612 8621 3944
9490 6206 5056 583 5379 5138 7644 3601 946 1196
9491 8299 9144 6893 1905 3293 7487
9492 9349 9402 5556 9860 1373 9596
9493 9345 4020 581 507 1663 5914 553 4544 6823 807 1726 6617 1519 4261
9494 5993 3185 4495 5744 4127 1439
9495 4652 2499 6976 1421 497
9496 9477 2811 6288 1352 808 4075 4034 8187
9497 5259 1240 6155 2370 3138 7181 6954
9498 415 4439 2503 5604 2829 247 7958
9499 1210 9324 4581 4797 7726
9500 4975 1075 3142 373 2844 1225
9501 9792 3832 593 1641 52 1136 7391
9502 5159 7423 1823 2700 1113
9503 49 226 2894 9276 2516
9504 7708 899 596 3533 2173 2476 1489 843 6609 828
9505 1580 2047 6680 7281 3077 9542 4658
9506 5895 6 4732 167 6503 2867 1630 1301 730 133 6093 972 2614 983
9507 5325 2904 3662 2497 2692 8056 4689 1915 2695 3057 3553 8306 3344 373 1018 3010 8975
9508 7494 4260 8393 4669 3662 944 6290 1656 5240 3812 481 424 4454 683
9509 9163 1096 1156 3033 852
9510 1811 1436 1489 4532 1078
9511 683 5982 359 6272 220
9512 2083 3477 3764 6969 407
9513 533 6 8400 6503 65 6520 373 975 977 1101 6132 4752 978 4588 1250 6129 7730 4664 295 8017 1104 4529 1105 9390
9514 174 4419 3836 734 3109 4234 979
9515 5525 71 7083 5261 1612
9516 2143 4233 1075 8810 4266 8313
9517 1571 4223 9140 6822 9912 378 682
9518 3574 6573 6597 3185 8546
9519 8236 6608 3055 178 7529 3834 4412 439
9520 2556 9405 4773 3295 8691
9521 9589 1634 291 6485 129 934 5447
9522 7472 8851 9958 4425 10116 9002
9523 1653 2345 1974 2932 7973 6560 7776
9524 8920 761 3045 2803 3390 8873 7985 2218
9525 4881 851 4905 2459 376 8313 6564
9526 2072 373 131 1196 3003 5776
9527 4414 6476 5033 4773 3295
9528 1740 8457 2132 3451 5840 5006 1594 4342 2025 1409 7680 5605 7531 9431 4555 4988 404 1881 8335
9529 9496 8160 3995 9312 3851 6829 6694
9530 5275 2278 2880 8365 2347
9531 3009 9626 909 9819 1478 4190 8566 5968 4612 1916
9532 2527 4693 2534 3300 6849 5150 900
9533 8551 6566 6974 5654 786 9070 4673 8605
9534 5873 2345 1974 3763 4475 1629
9535 2368 390 873 373 2918 8883 6288 4009
9536 2463 4132 4152 1071 7407 6530
9537 5868 3338 7472 1490 32 439
9538 134 4344 384 580 673
9539 5609 9984 713 2114 508 461
9540 6649 4154 1979 7691 6553
9541 5274 4624 8806 3133 8906 2307
9542 626 1822 2788 3905 3282 4278
9543 9685 3775 1224 6447 128
9544 1085 4149 2543 5074 6859
9545 5877 3847 6621 5098 5100 4996 4418 5622 2552
9546 3191 558 8959 83 203
9547 899 848 634 8977 7060
9548 10118 5000 3685 1369 642 2503 470 2441 241
9549 9644 1181 1769 6626 8952
9550 3269 4596 1988 4841 2497 6273 2824 3634
9551 3650 10005 2852 4077 1331 6167 6312 3449 6415 201 1751 7906 4023 1268 4057 1056 18 6412 1034 2687 7642 5491 4219
9552 1494 7659 7894 1720 3287 780 7036 8957 5189
9553 795 1405 4643 3602 2608 3067 3068 1769 1554 3607 885 1604 193 1050 7416 1074 8267 6551 6930 2387 6590 2424
9554 1556 8877 7401 4305 3895
9555 2918 9861 373 3939 581 4461 1225 5059
9556 5753 3343 2792 2132 4951 8663 2718 1589
9557 5942 4374 331 3559 7551
9558 3391 5972 9651 531 2388
9559 3228 604 6260 3891 733
9560 1271 848 6803 4298 5595 6681 8490 658 9886 5254
9561 8601 246 8631 6981 7205 7762 4335
9562 660 9613 3718 1746 8331
9563 7199 610 8418 9867 2110
9564 6660 2382 1556 310 360
9565 275 10111 3006 8200 8640
9566 5499 597 110 4116 9886 234 9047 8356 2886 1585
9567 8716 5317 10095 6036 232 9262
9568 6586 7414 2490 2185 9320
9569 7633 6709 2363 9532 4255
9570 9713 660 2027 658 2846
9571 3230 1017 885 517 481 1308 281 7330
9572 8808 1583 494 1576 6072 1409 228 8720
9573 5045 2493 3961 9097 3006 2811 6201
9574 7744 3785 3382 1109 7800
9575 121 6787 96 3251 7641
9576 617 574 585 98 10018
9577 1262 9904 3186 6 7978
9578 5458 6222 6383 5334 541 9707
9579 184 3199 48 3395 5122
9580 4901 6118 867 7358 2345 1974 1973 460 2323 6344 6097 4068 10051 1925 5886 2539 4663 8351
9581 2886 624 1726 5925 5830
9582 586 899 2771 3544 4417
9583 6074 4555 6448 7023 3169 8915
9584 2771 1448 6282 4267 407
9585 1911 3444 5051 5375 955
9586 9720 757 791 2044 5429 133
9587 1653 3301 6338 1866 4537
9588 1580 3900 7404 6206 9999 9851 418 7869 1122 1619 7238 6457 6789 540 4382 1356 395 1634 291 129 2796 133 7605 937 1429 2285 5902 982
9589 5027 3429 663 6355 21
9590 4119 944 5513 1201 150 5755 5684 686 4042 2533 5367 8368 1170 439 1271 2810 3112 10119 421 2058 7389 8267
9591 3392 6736 6492 5383 8720 404 10065 2662 2809
9592 4479 4116 2478 7036 713 687 3803 2251
9593 5052 1909 1669 10120 7776
9594 4735 1546 10121 5 6555 2135 21 2396
9595 1008 4796 30 5725 2510
9596 9748 1123 3093 8227 5170 5050 5472
9597 6368 8935 2700 5612 3662 625
9598 1308 3536 2803 4236 1085 2036
9599 1196 508 7503 109 927 1923 3386 1323 7963 1585
9600 1399 8807 3077 899 2026 5442 7239 4119 2796 3033 5449 2806 152 3469 172
9601 1933 7142 9025 2185 122 7710
9602 2205 5825 1318 1669 9245 3503 9737 2962 2217 8834
9603 3120 6542 4463 3109 2614 6637
9604 3711 6124 9474 5814 3329
9605 642 1339 5385 1558 8283
9606 2130 2109 2079 8754 197 6355 4791 8978 10122
9607 318 1240 3243 940 441 4306 32 2373 2852 575
9608 2766 7556 757 1270 9884
9609 4576 7839 8099 1602 274 517 7191 1679 392 6591 2089 348 833 1802
9610 8330 8247 9771 5651 5039
9611 5925 8321 1971 8743 9118
9612 1241 7503 3980 3296 1714 3601 1196 9620 1950 1971 9912 1451
9613 9554 2929 6551 6865 1841 5806 895 2280 134 477 682 5027
9614 2663 3343 10123 2823 4876 6917 1912 9416 4844 2992 5514 7095 7779 1649 4727
9615 2637 949 6882 9925 8794 5942 2544 1777
9616 7096 5506 7059 6894 1483 3454 3711
9617 9889 4728 5887 4197 8055 4507 703 7787 8153 5259 4813 2990 7838 851 908 6764 465 8608 1830 1831
9618 7713 409 5873 3228 6470
9619 2548 8304 2427 1083 6786 809 6682 9688 3677 9965
9620 6832 4009 2764 8633 109 597
9621 5807 404 6615 7755 2180
9622 7644 1775 8827 886 5362 1777 5631 198 8008 1208 1856 6787
9623 2090 524 89 533 846 634 2805 4314 6629 1424 1636 3109 526 1427 1429 294 5131 172
9624 959 6239 10124 2869 4692 6636
9625 791 7104 5027 1473 1298 4675
9626 439 1927 262 6482 7970 9241 2159
9627 2348 3747 134 895 1238
9628 4271 7012 4273 1190 9591
9629 367 1615 2740 6551 3763 409 4155 5880 7728 8585 8476 8078 384 695 3034 1071 444 1298 1652 5943 7823 4864 7863 1400 10025
9630 1556 439 1830 2533 2859
9631 5003 8713 3159 6728 3511 685
9632 2148 714 7450 648 3978
9633 9412 4271 4516 3446 8589 1196
9634 1775 1948 3551 7469 5595
9635 5121 2667 6403 460 805 439 6282 8232 276 9625 8445 6839 5227 2096 3011 1471 5782 2995 1004 9253 5091 9998 9171 7724 4762 4206
9636 2289 1412 7655 6859 4655 3928 4223
9637 7725 7924 1356 8470 1646 2914
9638 3406 18 4486 8048 1723 5368
9639 736 691 4839 373 6221
9640 713 437 384 264 9133 4938
9641 872 3649 2188 5566 642 1903 6527 2380 687 2284 1103
9642 6108 1988 2835 7704 5827 7412 8828 1303 1843 7853 4238 1117 787 5602 5382 1575 9302 7781 6166 754 8455 9861 4432 3529 9847 8929 9946 1232 909 1748 6377
9643 2446 1639 7653 1900 3711
9644 3429 437 413 5100 642 8161 5914
9645 4129 2317 6089 7899 4134 10085
9646 3779 2205 7449 9693 2820
9647 944 3686 7815 6787 5261
9648 6304 1573 3521 1244 4053 7592 2545 1427 2185 1233 7023 7574
9649 9175 2516 1842 7624 57 4838 3601 1084 4447 6489 7076 4754
9650 8097 3842 8826 1797 4496 7197
9651 264 895 7968 393 1127
9652 8418 178 1096 5030 3424
9653 2050 8585 262 2527 9440 3034
9654 5810 1493 6298 1179 4138 6462
9655 4888 7705 1543 7944 7946 6994 4879 4240 3281 171 5645 6270 6635
9656 1929 6415 1932 222 2925 5093 178 577 6188 8957 8024 7550 4272
9657 6479 6785 4119 731 1427
9658 9711 1816 6662 4877 1124
9659 477 5501 253 1382 4646 6298 8146
9660 3116 3535 9976 1034 310
9661 9442 4099 2163 1329 7473 4150
9662 6621 282 6045 10108 1208 5337 5950 1769 9995 6689 8189 9460
9663 4796 4976 7528 527 1225
9664 2417 9300 1283 4328 6054
9665 1703 8378 661 471 592 757 439 3845
9666 7503 3980 2047 4089 658
9667 8396 1677 5954 282 4572 4575
9668 8304 6464 3805 934 189 735 3585 2938
9669 5458 2610 1003 2022 5781
9670 2795 1156 7366 5823 980
9671 9483 893 2300 3542 3040
9672 3186 8357 1275 3094 1196 264
9673 4116 1994 1361 7859 535 2071 287 2795 137 3109 972
9674 7937 5173 338 7238 2612
9675 1721 352 3549 5031 642 134 6331 2053
9676 2831 1266 262 312 5337
9677 658 7500 2114 2762 5692 1764
9678 8979 1421 625 3408 581
9679 1988 5174 197 404 457 1833 1663 862 5486 6797
9680 9655 8801 8212 2750 1807 2173
9681 899 2059 2622 1168 8334 10125 8850 5608 4347 8869 7662 5967 772
9682 1268 1127 9725 827 5676 1208 5859
9683 8857 8139 8411 5058 5154
9684 8077 4204 1407 3116 8418
9685 1662 2904 8566 6462 8740 2253 1320 6033 6023 6352 3046 4228 5889 4342 7490
9686 111 3924 2920 8671 7942
9687 2493 2671 3946 2653 7890
9688 5079 2863 4169 5791 3033 641
9689 4775 4099 4140 1889 4440 407 2668
9690 10113 4513 3919 2171 9447 6059 4257
9691 9641 4735 1774 2785 3534 4601 1703 9891 9885 8252
9692 217 384 2500 1308 208 32
9693 2348 5765 1786 7296 1282 3230 8625 4430 4517 5 7297 261 8537
9694 5102 1479 4913 2467 2890
9695 3980 1335 1233 7397 6252 7120 6395 1637 1431 757
9696 5689 6976 1726 2124 16 4804
9697 4680 682 134 6331 2812 477 3756
9698 7822 2041 3403 713 5082 2602 1736 6439 5695
9699 3692 9774 4565 2680 9882
9700 1529 384 2533 5644 575 9283
9701 5418 4161 1233 3329 3021 4707 757 134 2868 3975 175 4928 6373 1695 1617 553
9702 404 1247 3050 3157 623
9703 4413 2725 3143 6764 2239
9704 4281 8628 8852 3350 8907
9705 6725 5884 2987 602 2178 1070
9706 9236 4043 9198 6649 6361 3185 41 9154 8876 8482 6573 3623 1369 1598 3744 3214 1549 5181 3432 1417
9707 7751 1735 8750 443 6540 3322 5949
9708 1911 3202 4363 4206 7143
9709 99 9741 5308 1723 3001 3110
9710 2708 4390 6017 2150 944 4514 8667 3348
9711 2817 5551 9648 9688 8815
9712 3977 2855 6862 487 2854 2857 1532 4981
9713 254 5790 1706 917 3901 6802 9156
9714 5125 3217 1726 848 2000
9715 8461 8643 7918 183 184 2198 2702
9716 9326 1154 6589 7483 5706
9717 1336 806 1547 7148 174 5313 7839 3023
9718 5077 377 652 4430 2740 3113
9719 1675 98 1520 6644 380 10014 6657
9720 6736 574 1442 719 352 5247 3040 7044 7913 5362
9721 8840 5271 35 5588 4315
9722 1728 9745 654 4722 1427
9723 787 8161 6122 544 5488 439
9724 8835 2429 6850 1225 6739 7334 1427
9725 393 9706 5181 442 8681
9726 8001 691 3179 4712 7632 6811 3265
9727 5770 6508 6167 3817 3985 9204 2772 117 6635 7423
9728 10060 5563 8554 7091 6003 384 2890 1330 7985
9729 1213 6626 8341 8191 9783
9730 9510 3429 3898 3856 8258 472
9731 7827 7832 2868 387 5399 6252 2772
9732 8044 1214 1205 7344 5885 581
9733 3729 8145 373 671 1240
9734 6817 5698 312 385 8998 7123 1618 891 1614 3900 262 960
9735 8843 2708 7831 3526 8670
9736 7523 9318 322 7139 5977 3250 8852 4332 142 7972 8500 4819
9737 312 7729 1670 376 1607 9864 2912 5160 2533 3307 134 2088 8487 8109 4337 5600 1669 1397 5236 2491 187 313 6345 895 253 2346 5132
9738 1916 618 4336 2333 2433
9739 1291 40 1225 9698 1292
9740 4306 1598 3978 96 7799 684 1033
9741 5193 9845 5976 9816 4358 46 2002 3441 961 2148 4389
9742 5528 6550 9981 4744 262
9743 6801 6954 4833 1937 1238
9744 4466 4570 8518 3399 7412 2724 6431 3389 9569
9745 6207 5570 3295 258 6929 9395
9746 1501 3576 544 184 1610 2983 9400
9747 9637 5003 508 5369 821
9748 5970 6006 190 3151 3051
9749 9845 6425 171 8400 1156 1723 3033 1878 1061 4510 979
9750 1910 5125 7918 8376 6608
9751 4890 2551 2533 8938 264
9752 1965 592 6369 8503 9857 2190 227 4009 440 9426 1848 2807 892 6887 9668 5234 6755 1429 1223 3989 398 2044 3086 8744
9753 6507 2435 8678 1110 2040 1024 2452 7934 4638
9754 110 2839 2770 1769 6367 2442 594
9755 7697 1652 2023 3017 3072 2414 9124 103 5880
9756 372 1223 1292 5708 545 39 2044 9388 128 4560 7277
9757 500 2710 2815 1511 8448 174 144 9413
9758 1683 5717 7277 9413 3049 203 8513 4944 4970 373 494 948 108
9759 4411 1242 5692 1309 373
9760 899 2427 8880 7830 8802 6014
9761 8157 4487 104 1427 7083
9762 1168 1945 1875 4776 5694 1551
9763 9846 1511 4310 4817 151 4550 6538 1769
9764 3583 4101 7469 1116 3458 7969
9765 651 2868 720 4234 4430 4112 5093 4081 652 8123
9766 2812 2106 4353 4014 981
9767 1587 2107 851 4075 2550 1892
9768 10070 2376 6553 4289 15 10126 3635 5472 9961
9769 38 7027 40 398 8587
9770 2192 6517 536 2093 172
9771 8777 6273 2578 3662 4560 6235 9986 5924 8398 6996 5975 2720 687 9892 8120 3690 111 3375 272 7564 634 193 8417 2215 4958 1745 10127 3123 125 2218 494 3627 5307 7765 787 291 7959 5762 767 200 3984 129 9321 5256 976 9561 939 9773 5060 1100 3404 2181 4173 3422 8955 4197 8837 5715 7568 1105 982 7390
9772 1336 733 1745 15 590 1170
9773 4443 2358 1225 588 2887
9774 8692 2766 601 2505 3561 899 3759
9775 1253 7520 109 9373 581
9776 1176 2052 1384 2986 1356
9777 4912 51 10126 3972 2497 5221 5507 4104 6263 6366 203 10078
9778 1587 8466 2196 2071 8416 4948 7050 4057 2022 1669 856 1103
9779 2894 5561 5202 446 1587 7701 48 2302 10050 3974 8441
9780 1603 5943 3431 9926 7725
9781 3787 9867 5222 2331 5251
9782 1004 757 7271 3603 6186
9783 1986 7066 3799 2213 775
9784 9535 1616 8069 4957 6823 2438 10128 4560
9785 892 2541 3763 1974 2345
9786 6924 6641 3712 2160 550 1559 1877
9787 5583 3534 298 1074 134 7283
9788 373 1732 407 1155 434 6 439
9789 7081 388 9949 24 6480 226 2149 3568 1901 6685 200 1420 7266 93 3265 3520 2503 373 8673 1716 1346 2766 2296 247 9713 4352 6 2106 1297 1176 2071 2102 8731 8203 9315 7052 4732 1657 846 59 1759 5322 1789 1094 193 18 1683 6715 6233 689 1307 1529 4059 1282 1403 3651 7955 7270 599 1100 868 4173 1637 2548 7508 2798 4529 5428 2255 2807 296
9790 3039 9270 8556 134 5808 2380
9791 688 275 576 1802 5180
9792 1551 4844 7687 9429 7097 2540 2000
9793 6464 1825 4604 1024 5562 4777 8111 4426 2820
9794 1850 648 6411 218 8961
9795 6628 9254 83 1168 2832 1252 5702
9796 6061 8932 9363 6675 6830 171 446 10016
9797 2335 2867 7120 4168 735
9798 32 1776 3184 805 4834
9799 7533 2940 1710 7462 6500 5103 2527
9800 1297 1274 1176 6667 1403
9801 9760 1079 7818 411 576
9802 2135 6516 5662 5247 2328
9803 723 4128 71 7282 2487 5066 5529
9804 658 456 7606 1462 1374
9805 2059 9722 9470 8991 5780
9806 6684 720 3905 9003 5716 5122 7131 2205
9807 6811 7698 2124 1817 8509 4816 4468
9808 9828 7027 4643 7905 4531
9809 1168 2835 1911 7155 8723 2150 3008
9810 2812 5853 393 21 8399
9811 2191 2821 5007 4739 1723 3109 6544 2798 2938 5902 1358 8611 5250
9812 1531 3151 3082 1225 3650
9813 3257 2396 2432 2071 476 1156 296
9814 1324 269 9488 4218 1886 8886
9815 5061 5541 8111 3595 6038 1161 4305
9816 1533 484 487 485 4982 871 1535 2856 4983 1534 1537 1538
9817 2605 1842 7165 6183 8843
9818 5316 1479 5749 420 971
9819 2435 2476 3881 6570 1559 9293 843
9820 3621 1547 9418 5029 2431
9821 2913 3188 3429 1448 6282 7757 7008
9822 18 5981 6677 5473 1225 7814
9823 996 9341 9896 1616 2345 1974 7445 1178
9824 8612 227 9013 9139 8315 5988
9825 8712 4369 1280 1050 9048 1339 4177 384 434 2431 7902 4903 368
9826 3431 6526 6516 4233 6183 1270 9928 4067
9827 922 4372 2381 2164 5687 3737 5160 3805
9828 5679 55 3584 2156 40
9829 5531 849 3289 8554 180
9830 3234 4400 2970 641 2385
9831 3622 510 2323 434 407 8148 1862 2841
9832 6124 23 3151 97 846 1646 4947 10023 9357 6263 1018 439 8194 7738 1708 4834 2192 9332 117 1301 1207 4119 4453 137 5054 1426 3108 734 3584 8679 8350 6038 1332
9833 8254 3030 3032 1634 291 8084 8186 3467 3110
9834 4483 9021 2647 4475 189 521 868 1721 5399
9835 6616 1436 6 1707 8862 4655 16
9836 566 223 3230 3074 6174
9837 2143 1298 1274 2051 3438 4375 598 2533 2617 9395 134
9838 6837 1327 1075 9912 5177 237 1885 2185 1888 2830 548 7675 1208
9839 3166 6574 2306 3509 2191 289 1634 2807 1424 1723 1357 296 4962
9840 1186 8326 3244 7805 597 1172 5837
9841 476 6118 134 265 5000 5931
9842 6574 7144 3259 8029 3600
9843 1190 4994 1380 2503 439
9844 2337 10063 735 7041 373
9845 3115 2368 437 9544 7986 10045 1598
9846 4091 6265 439 4437 1721 728 2374 6041 755
9847 6795 3593 4837 439 5582 1774
9848 174 2927 8651 8541 9140 5298 1008 262 1074
9849 2644 5 6896 4229 1711
9850 3492 7053 7267 1444 10110 8545 5426 7330 2733 9744 2164 9586
9851 8039 1193 2333 2665 2131
9852 1439 8797 969 2328 2071 5577
9853 3742 8607 5715 7111 2032
9854 6964 4999 5098 1 1687 8776
9855 4878 1225 3194 9380 8886 9032
9856 407 6756 6390 2348 1291 4587 2307 2446
9857 371 572 8396 661 2265 2366 5535
9858 1158 7635 3283 670 7329 863 2031
9859 2812 367 4948 2800 9466 1971 9888
9860 2871 1645 6295 1745 1225 5181 9241 5575 69
9861 262 678 378 6144 4325
9862 708 6674 2645 5256 4114 1587 9803
9863 1501 8242 798 3656 7593 7314 677 1668 2250 9229 469
9864 3107 535 4799 534 856 1106
9865 9350 262 6362 446 3587 1422 8043
9866 3308 373 591 2155 1356
9867 10074 6806 3134 6122 7914
9868 7510 2775 2266 6600 8618 6500 9574 3102 56 8287 9308 7170 4422 6335 2013 7367 865 6480 6861 8074 851 7532 303 5122 7446 715 188 3607 9712 7762 6850 1342 3419 891 5621 4272 2516 7098 4627 2568 6182 1875 3468 8274 1199 159 2050 4076
9869 9900 262 7049 656 5646 193 384
9870 212 4331 4857 4686 2746 1677
9871 8302 2673 3137 434 2431 3921 45 4071
9872 3205 7818 3599 6765 71 6205 4838 5428 6301 3337 1641 7422 9930 1722
9873 262 4868 2527 4337 10013 4866 4375
9874 3392 3786 1785 1409 3814 8962 5860 362
9875 2502 1176 4783 2506 262
9876 3147 851 2581 3494 439 8431 5742
9877 7885 1457 1899 796 9961 9072 9586 3646 567
9878 3545 5211 5275 2074 3148
9879 6759 5390 167 8923 5278
9880 800 348 5551 274 6764
9881 6417 7609 7610 7923 866
9882 5205 1479 7107 256 595
9883 7872 3797 4933 2239 9475
9884 1857 1892 4620 2868 2482
9885 2674 114 2527 312 3074
9886 187 9526 527 683 1225 4417 402 3207 368
9887 8404 6826 4556 6546 6272 8721 3688 9064 4666 1045
9888 2656 4685 9029 3511 6328 9206 8674 8283 8617 1828 4067
9889 8914 8243 1303 4674 9777 329 3343 4672 54 6898
9890 4745 521 110 5084 1457
9891 3891 6569 3870 7472 7519 420 6847 9156 6467 7971 927 5606 10096 1029 1848
9892 4810 111 9167 8468 4523 750
9893 7859 535 1423 3030 3032 4948 8316 3423 4510 294 980 4589 161 172
9894 2325 1175 3840 4796 793 156
9895 2056 8674 3191 1752 1017
9896 10124 2507 9892 6391 8620
9897 4314 3722 4960 2798 1106
9898 6911 4196 599 9308 3601 1196
9899 1635 3900 4901 2345 380
9900 4987 3890 4928 4930 2398 511 1616 8821 9745 2890 4693 4905 381
9901 673 2493 9606 9244 552
9902 197 4301 4337 2446 8527
9903 9083 611 2987 8489 556 7807 3709
9904 2275 334 5390 2182 5473 8645
9905 9851 5850 2682 1683 5774 2107
9906 1228 6696 50 10128 5722
9907 463 1082 1069 8239 196 1308 1769
9908 2556 85 5762 9548 791
9909 9954 5808 1400 2987 3457
9910 388 1602 9124 7191 2413 903 3222
9911 483 486 7924 1530 2857
9912 58 2398 3896 6379 205 1521 5805 7812 4799 2933 901
9913 883 15 6828 4305 348
9914 7771 1354 8880 1955 9084 134 1668 4371
9915 4178 2218 1556 9018 10058
9916 8350 736 1375 6137 5809
9917 4305 643 9051 1825 6476 4686
9918 1008 7357 4789 5582 6603
9919 2764 7973 2800 2600 7937
9920 577 4688 2345 1974 581
9921 10015 5439 8948 722 460 8206 2789 6577 354 10083
9922 2197 872 3321 6795 1380
9923 4207 1694 8263 234 9160 2417 2907
9924 851 1673 1607 1263 312 642 134 264 6942 1857 3845 7212
9925 2352 4819 1034 3336 6573
9926 6483 7209 1212 8672 2533
9927 8493 356 1180 4907 899 6831 285
9928 5493 2093 5388 2380 5494 4383 2284
9929 575 5703 3432 4331 3953 1960 9150 1083
9930 8740 2435 8139 1608 1270 2803 25 581
9931 9606 3301 1374 8874 2074
9932 9182 3186 3287 280 908 4230 1050 2391 9812 4433 3240 373 1420 1235 7551 7429 5153
9933 1024 182 569 9608 3693 4935 7873
9934 7739 6146 2973 5969 8750 1335 4401
9935 460 7604 9447 3338 1320 197 3729 8714 1999
9936 2962 4910 1323 9626 4849
9937 4445 2579 1745 5851 9200
9938 5629 5630 429 757 796 1006 156
9939 3705 4921 3032 8180 296
9940 1902 3406 6574 3409 2795 934 976 4510 7378
9941 9548 768 5232 5194 2476 5436 3343
9942 5087 6824 1059 5532 1752 8971 6376
9943 9565 6764 1394 919 7927
9944 7108 6954 1900 4000 337 524 1902 285 5390 9622 3615 2092 4476 6086 289 1621 5308 1724 1357
9945 3239 1960 7893 3706 1153
9946 5935 2629 3196 3287 1427 8977 352
9947 747 3247 1027 9101 1026 4419 8463 2702 2503 745 197 3118 3223
9948 1420 2868 8821 5742 8474 7845
9949 3930 1046 1329 314 5612 7865 237
9950 3049 373 8055 4193 601
9951 2527 2503 5627 1300 1817
9952 1168 1481 2470 3049 7095 1914 2941 3400 2666 2667 9935 6199 6108 683 4402 5176
9953 1262 1501 8163 1026 1083 4264
9954 6574 5079 6718 9054 969 971 975 977 1101 5248 978 1638 4754 5742 986 8987
9955 3006 6763 8784 5220 3999
9956 1376 6269 6998 2334 1126 3299 7545 8693
9957 8267 1188 9683 7605 7707 3161 8896 5313 1340 4177 6281 8913 8289
9958 134 5533 3288 2388 685 689
9959 5345 4586 536 3108 5447 5823 5391 293 1429 2284 1278
9960 1960 1308 6292 1868 6484 90 9302
9961 3262 8874 115 581 6086
9962 1925 477 9637 4680 134 253 1238 4679 2545
9963 2113 5537 508 6209 3997
9964 1608 4135 2190 4109 2308
9965 7504 4389 3011 7417 5868 8899 748
9966 7025 7529 3253 1175 7689
9967 6087 415 3760 8254 959 171 2104 296
9968 3343 9364 7947 6350 1348 5187
9969 8121 7074 2545 2331 3458
9970 9449 241 302 5143 254 6667 2501 2466
9971 5461 9410 1718 1875 8064 1006
9972 4601 174 1384 2998 2442
9973 5363 3820 1785 7403 1113 2056 2080 1694 1452 834
9974 7621 2740 2539 4337 5650 312
9975 6494 38 4272 1155 647
9976 1888 109 4938 9176 1659 237
9977 1028 7631 3324 1772 6227
9978 1633 104 110 4328 1765
9979 5555 7762 1650 3009 7723
9980 8276 8843 1960 697 2199 5050 443
9981 5587 8966 1277 293 6544
9982 4799 8914 870 1196 9673 1123 508
9983 1683 2217 8289 7122 3544 2579 176
9984 352 2553 2503 886 4861
9985 2026 8400 3413 288 4584 5388 3079 1427 6445 5248
9986 8711 291 1612 52 1439 1208
9987 331 3160 4017 3626 8047
9988 2378 8531 9450 1947 3645
9989 1823 2616 6508 1289 475 7622 2886 2074
9990 8380 7117 7119 5388 1429
9991 8612 2365 1652 2065 9670
9992 3081 5641 178 7475 1342
9993 7392 6 3770 9184 21 8503
9994 879 1991 509 1529 4492 8944 642
9995 2766 9430 5870 7273 1196 133 1868
9996 3689 2688 5519 2319 1769 4428
9997 1250 4374 8362 6641 7525 2414
9998 1818 117 866 71 791 3449 5040
9999 3743 3600 1552 2458 9680
10000 3200 10068 2671 6222 6784 7896 7148 3460 2123 10098 6412 5390
10001 3494 4446 6223 6553 3510 1891
10002 4680 6827 347 9010 9135 673
10003 944 6 3719 4767 2036 3727
10004 1331 3024 1291 4284 40 1389 38 5954 6342 2439 7487 133 595
10005 1776 3184 7169 9645 9434
10006 2330 811 458 2475 4971 109 3689
10007 1614 2964 6679 8959 1801 3111 581 7272
10008 368 1083 2852 593 3832 8736 2783
10009 5363 6124 642 644 2503 1004 665 5854 4883
10010 716 3336 898 4712 7255 9021 9951 7627
10011 4009 9758 7942 5570 3870 3247
10012 4500 2985 1667 8434 905
10013 3338 6302 9134 3101 8215
10014 1300 512 9584 9295 464
10015 1609 3560 833 1607 312
10016 5436 4912 2637 7822 2775 3389 5905 1069
10017 5050 1322 1180 5637 8803 7604
10018 2330 6843 2002 1492 2289 6077 7515 8545
10019 4183 9444 3223 6058 3198 5601
10020 393 4129 3256 1271 2571
10021 3556 4678 5408 3945 4421 2632
10022 628 5003 2886 7959 9262 2879 8315
10023 6850 171 9841 689 7365 1723 734 1427 7366 5901 3468 1429 980
10024 9180 5279 927 9918 10070
10025 4053 1159 7897 3207 7530
10026 411 1223 128 133 3258 1892
10027 10129 1373 437 8496 5797
10028 8300 6889 9590 8238 4414 1308 6 8931 1710
10029 3947 4686 791 96 9233 9742 1225 9179 2124 671
10030 9947 5958 5935 5480 7166 3249 8495
10031 4264 8246 1494 3022 3042 7594 3187 439
10032 5205 866 5275 4457 6
10033 8181 2887 3171 9005 2686
10034 1223 5214 2044 1751 4933 2573 1587
10035 3900 5301 1242 1647 5962 5493 4463 4119 2380
10036 9421 956 171 4960 1424 6009
10037 4195 146 430 439 9883
10038 380 3607 262 651 267 6944 5475
10039 6581 631 3429 8054 4074 7196 3823 1957
10040 1857 7937 2634 352 3101
10041 527 8968 6925 1179 8365 513 6225 4532 760
10042 75 8254 164 1177 6366 6556
10043 9489 2611 8164 8283 4556 371 704 9975 3593 532 6420 4616 9624 9625 109 1448 1208 7636 437
10044 271 533 3080 3052 2805 1627 5322 967 159
10045 1800 924 1786 533 2432 2092 580 3615 2937 926 2283 3417 6217 5586 931 5898 4170 290 2797 6719 1155 6790 2810 1723 6519 9062 8296 1097 9533 4756 295 7121 4754 377 8403 4757 4758 3515
10046 9144 6210 4839 2056 4177 2255 3482 2054
10047 7065 10072 1674 5720 4620 792
10048 3742 6347 2439 65 6844 937 6523 4746 4749 3513 4870 8987 4758 7390
10049 4280 5612 6302 424 1336 94 3881 1142 7976 1772 6316 1312 2653 2634 593 90 1780 4547 3947 2510 6002 2688 442 1273 1686 733 110 234 7405 9808 9980 4580 6831 6778
10050 5290 9770 3529 748 746 7448 6371
10051 373 3838 6411 2816 2791
10052 8385 1881 4478 2866 6161 133 3673 1357 4305 979 1104 982 983
10053 8824 2531 476 6482 4867
10054 1532 4981 1533 1537 1538 1539 1540 1536 1541
10055 2268 2720 7632 5574 1523 439 1993
10056 9801 1793 3542 3733 7251
10057 9338 5140 8000 673 1573 1761
10058 7509 802 4466 679 7675 6051
10059 4 1932 1593 1460 1271
10060 7125 7404 1868 1228 4116 4346 8003 10118
10061 384 9568 3296 2914 2591
10062 2210 1776 459 1168 231 4507 3062 3801 3818
10063 3472 9872 7500 4882 6849 1752 3434 264 1950
10064 7736 1409 4810 2081 326 10124 7998 5716
10065 312 7472 2838 1332 10069 1152 1384 8872
10066 2267 1289 791 2683 1269
10067 3923 2933 6098 1045 917 8108 4690
10068 4230 3470 3968 2232 8622 3967 7594 5644 1635 1298 7324 2331 6485 4345 264 8313
10069 4596 4468 1645 3801 4494
10070 1504 5491 82 337 5579 2134 570 1125 4745 6098 1443 3118 1842 1697 5438 1408
10071 2266 452 3342 4630 9250
10072 1868 658 2596 5778 4272
10073 2953 7468 6167 368 9410
10074 5539 2628 7879 2674 788
10075 3882 861 5017 1427 608 6870 1422 6184
10076 355 542 6327 4207 1075 134
10077 5866 687 3899 7151 3729
10078 6535 4504 1045 7909 642
10079 3487 3663 2331 8422 3399
10080 3561 1660 673 1573 384 3307 1448 6282 9625
10081 8448 1554 5420 4775 4430
10082 4484 1968 8537 7712 3526
10083 8095 6038 8406 9386 5501
10084 9550 9006 6901 4312 2573 5178
10085 6238 7919 1556 8345 9690 7199 660 545 9954
10086 7494 6880 3338 9140 7852 8507
10087 2647 1478 8596 7525 8892 7030 4319 9997
10088 1210 1713 3568 262 9831 1762
10089 5326 4604 5735 1653 1056 6799
10090 4732 2191 6207 6850 4167 6533 2810 2439 65 2187 5077 4754
10091 1110 3338 1303 8019 9003
10092 5570 3117 6833 461 5337 10115 9790 8694 2793
10093 7630 9124 552 407 439 1444 1332 1270 1957 5189 9829 5559 3517 526 205 4722 9362 109 704
10094 452 517 3125 7469 9672
10095 9378 1079 1543 3442 650 2941 3404 7440
10096 441 8711 5709 4398 129 7603 128 4446 905 1001 1434 5569 5333 2508 1686 1267 4881 1387 702 4852
10097 2692 5470 3795 3090 3554 604
10098 304 7408 5960 581 4517 3678 955 1731 1332 1159 6828 2687 212 7032
10099 1405 9704 9622 9187 872 5000 1609 417 4523 2264 2253 7063 110 5746 3965 4035 9919 641 9075 2595 658
10100 5644 2088 8974 3843 445 1382 4682 3900 298 1752
10101 5722 4234 4536 347 4546 9673 2738 1125 1011 406
10102 865 643 707 5456 6126
10103 127 9229 3730 8883 3552 6855
10104 844 6924 209 5406 7504
10105 59 415 2503 1380 134
10106 990 5334 5460 324 616 3175
10107 4041 5703 6755 3049 5480 2001 3431 5744 1589 304 5393 1759 3968 6563 8320
10108 6880 1253 1967 10079 3764
10109 3054 7986 1399 2852 5337 289 172 978
10110 1875 6578 6555 7525 9528 1342 1469
10111 414 851 941 9721 678
10112 114 3343 231 8348 2647 1503 2275
10113 1769 6745 2930 3210 1759
10114 2832 138 2236 7164 7062 2632 2027 1971 4042
10115 28 782 9258 7801 10130
10116 8699 1367 1270 9940 10084 1920
10117 1478 2211 5317 8019 3009 4336 3855 8493 9396 3143 3233 35 8315
10118 3141 9620 718 8679 9317 8123 8883 1151 1196 1923 7036 1404 9110 1527 7773 599 390 348 229 833 9667 1587 2039 42 4596 5323 1895 5556 9798 2543 6892 3582 3188 2112 455 1085 4765 4540 247 6348 7474 315 4917 6957 90 4672 3799 5762
10119 2266 2919 3881 6019 3610 3093 8244 2961 182 697 5252 5366 1168 5958
10120 1355 4384 5906 2805 4171 55 140 6509 9060 2195 7333 1430 5466 981 1358
10121 7516 8344 6156 291 2597
10122 4281 5156 1564 2992 8414
10123 9925 944 817 865 203
10124 116 8894 3088 114 3716
10125 5 7676 2037 2534 312
10126 1193 3864 3368 3200 7177
10127 7688 10039 4214 3139 1779 7560
10128 4153 1946 276 1471 2851 1452 3649 7033
10129 4834 6868 6872 1798 441 4459 1459
10130 2702 8980 2215 7040 9032
10131 1220 944 1914 9088 6400 1587 3051
10132 7747 1657 3547 3650 1197
10133 3252 899 7472 90 10080 8541 7932 1151 5867 109 2020 916 3567 3659 2018 3961 2815 5393 4305 2026 110 6240 8373 4658 4299 1921 4507 2933 4699
10134 2809 6906 110 4109 1150 5927
10135 733 1979 3969 431 791 658
10136 435 1213 1456 940 2503
10137 3961 7630 7077 8961 2524
10138 8648 1056 4427 8671 3293
10139 2321 309 2319 5160 6142
10140 1619 5459 4172 3423 5823
10141 85 7781 2647 4822 842 843 1499 1490 4191 581 6013 1495 725 2476 373 3046 1561 3390 9663 9881 909 6460 9838 8614 6877 6878 1480 4197 9732 1488
10142 1364 6556 2152 2623 1561
10143 202 713 6723 4938 723 2074
10144 8789 1528 5792 3224 4723
10145 673 682 895 265 2545 3843
10146 1025 5646 2102 441 5426 4799 2936 1427 7017
10147 1253 9848 9820 5197 7190 4822
10148 4025 2416 8580 7035 2590 955
10149 1160 2723 7774 7852 2171 404 7538 1848 5514
10150 7472 866 8514 9471 1726 611
10151 9460 680 5854 407 1155
10152 4860 757 1196 8138 1112 5526 2119
10153 475 5880 312 1607 15 6355 6415 6845 234 1448 6915 1267 7519 9061 673 1617 3561 6382
10154 3681 1330 127 3601 2030 521 1972 1472 2807 4764 530 6115 2010 595
10155 8956 1816 3037 5278 4697 8375
10156 8202 9848 1441 507 6831 5302
10157 1848 7913 5560 1764 371 9722 9199
10158 439 9913 8932 7344 4344
10159 435 1213 213 7658 9445
10160 3188 6596 3072 616 2427 3486
10161 8937 7598 972 409 979 7269
10162 4 174 5878 2503 5060 683 7557 5539
10163 7690 8492 5047 3251 2612 1122 1662 581
10164 2912 851 1733 4580 2312 4401 4606 6218 2915 1373
10165 3474 1051 3138 6662 1186 9413 5673
10166 6154 2112 2178 3003 109 3512 976
10167 8105 5033 5917 1892 3494 2990 4033 733 134
10168 1404 388 4643 1159 513 9644
10169 2960 2718 9374 7277 1486 4094 10053 1739
10170 8304 387 167 8578 171 5570 1369 373
10171 5176 746 6613 1561 6614 618 7305 6905 1381 7912 1404 53 2862 9411 1202 6971 892 6690 7190
10172 4727 3919 404 9491 6022 8502 9801
10173 9115 1182 5551 4911 3872
10174 2483 1698 9583 5637 2716 10001 2816 822 6847 1589 51 7099 6209 2817 824 5668 9381 3050 1587 8808 2667
10175 4931 2809 1096 3033 1978 7737 6324 4175
10176 545 2414 1074 4644 3596 342
10177 3049 2493 2124 1824 2155 791 1225
10178 5708 2829 4620 1890 1696
10179 597 6818 5882 6162 6630
10180 4705 2268 1476 1006 5259 1271
10181 10131 1811 4643 2628 4747 916 9874 6321 19 2633
10182 3343 2435 6507 2906 8980
10183 7197 7461 4376 2948 4662 1552
10184 4644 4419 9641 8289 261
10185 899 491 6038 574 3584
10186 1609 2561 5122 1027 3544 682 134 4085 1892 1003 3650 6895 634
10187 402 3064 580 1646 4640 6347 8880 5748 2021 2464 10132 1250 4486 8108
10188 2894 368 7553 5782 4712 2812
10189 9778 9558 841 7339 1528
10190 791 1196 132 956 9519
10191 2572 262 9934 8372 5858 319
10192 7245 5442 5316 312 5022
10193 5092 353 6630 1005 5488
10194 388 1609 1159 8365 833
10195 8025 8510 8265 1904 9195 4158 2528
10196 1009 2914 7228 912 2596 280
10197 2049 7392 279 599 9982 4838 2783 1848
10198 6213 7176 7868 3410 7835 4041 8194 3308 4168 5791 6739 9352 4538 2810 3673 935 6399 1636 3110 5391 5902
10199 5898 3672 933 1430 296
10200 5328 3552 8006 21 383 384
10201 1045 779 9915 7798 2394
10202 171 446 930 5446 4315 2284 4590 1106
10203 1894 10083 3529 5240 3212
10204 2331 9335 1890 142 8735 1094 4580
10205 1309 1154 2359 1280 320 4594
10206 9076 2690 1833 3878 7636 4381 1962
10207 8540 245 217 1283 4394
10208 9957 593 6260 5577 1225
10209 6359 8789 6960 3416 468 1825 4432 5792
10210 9208 186 9976 1677 1050 2746 314 1120 2710 7281 7273 196 4923 6562 289 165 3055 5310 1104
10211 2348 8553 4440 226 7947 1333 609 7768
10212 5917 4277 7743 98 5857 3961 5804 3241 7018 861
10213 3111 1336 6654 5133 8313 10013 3844 7060 4337 7610 4644 7614 1402
10214 4572 1111 1032 4043 4664 5143
10215 6048 1620 2867 1156 8067 6790 972 296
10216 1118 3023 5026 3039 6367 9648
10217 4127 4654 2866 1619 540 4386 3512 5898 291 1096 1457 1155 6311 4154 1270 65 7263 6844 2620 8923 5363 3079 6524 3170 5902
10218 1 211 9178 3958 5610
10219 77 3959 7313 2327 3295
10220 1887 1956 5922 5108 237
10221 4 7145 660 4462 8104 299 7597 4905
10222 4620 1249 4989 5475 4337 9007 262 2344 5567
10223 2812 1172 1769 9051 5534
10224 202 3977 3722 1096 2385 2094 7910 1030
10225 5384 3689 5472 1664 7231 617 468
10226 7742 8315 7660 404 2907
10227 3938 3941 6543 731 934 3033
10228 1071 264 3104 1672 673
10229 61 3614 1660 10133 929 462
10230 961 367 6465 8420 4654 10008 1529 954 720 137
10231 1881 10097 6202 1024 3481
10232 5601 5281 7600 1739 8760
10233 153 2020 3296 2091 9234 2486 1822
10234 422 1755 361 5910 6383 6412
10235 10106 6537 2812 8110 6330 530
10236 899 2863 3873 5177 4686 2613 129 2000 4387
10237 5570 9934 5719 6825 550 2489
10238 2357 7240 852 1696 363 4315
10239 326 2645 454 3700 1490 1916 557 804 3059 2993
10240 3023 8281 9500 6246 4009 5321 7635 681 10115 1889 7638 6901 199 4183 4375 6983
10241 52 791 9519 6579 4047 8040 3668 7885 2783 8429 5843
10242 10076 8086 847 4137 1493 2041 2070
10243 4241 9438 1958 5534 122 6156
10244 902 5579 7319 10130 684 2500 8407 1823 6989 1323 3447 7320 6202 1122 3172 5508 2215 763 3484 3310
10245 6190 52 2550 6664 5173 548 175 912
10246 1620 4168 2797 5587 4586 3079
10247 2822 9693 724 2130 3790 5555 6183
10248 8709 2449 393 2049 791 6120
10249 4877 8420 439 9578 8205 1665 6998 3173 1754 7106 3447 3994 7596 4544 5973 5993 1206
10250 5727 40 9019 1330 9435
10251 174 4594 2027 5948 3429 2528
10252 1891 7233 6591 8134 5077
10253 3680 3064 1971 546 6221
10254 4284 4298 9386 1071 134
10255 6641 376 477 2652 134
10256 7507 4765 9775 9838 1191 1862 8118
10257 1913 4683 9977 1350 1409
10258 8523 3662 6431 5238 10124
10259 6644 2358 2345 1974 22 1308 1069 7918
10260 5977 1555 5434 4153 2057 4337 562
10261 393 2564 6499 9208 9717 1212 1006
10262 899 10091 4251 1525 8597
10263 1302 3349 4638 1478 276 2789
10264 2866 6381 1723 1430 172 1106
10265 1202 847 1190 917 7267
10266 9945 353 716 7696 1242 8148
10267 6877 6813 4245 8291 2964 2254 9962
10268 1454 5011 3034 8617 1573
10269 6621 4697 5473 913 591 6458 2094
10270 10079 4226 1776 3648 3184 8877 3071 1323 713 5840 4899 2383 805
10271 7758 7869 7536 153 1568 8939 6923 367 1153 61 9342 5394 1368 463 4460 3023 6984 969 65 542 8068 6733 735 975 641 3162 5935 2798 986 4452
10272 2344 381 5094 4845 5475 209
10273 899 2876 3535 9405 3675
10274 1801 714 3111 6761 5977 3334 373 1692
10275 3662 3879 2907 1763 1168 3505 3506 8895 10056 1253 1511 7327 4010 2475 9880 3917 19 1916
10276 4430 4246 4532 2647 5615 6665
10277 3357 2823 116 2963 9143
10278 7765 8151 6271 1079 808 6506 7918 2718 6548 3626 3818 8278 3158 6413 9678
10279 6800 1271 7858 9446 2244 6465 1196 2245 995 8021
10280 5208 337 4881 3358 342 9902 642
10281 4223 10130 5934 9020 725 4507 2132 5286 4591 8038 5933 3751 9578 724 3390 9663 1322 2124 4395 10113 356 4420
10282 9830 5512 8345 7261 8297 720 4476 371 3510 4948 757
10283 1434 1927 1929 6750 2635 1012 4653 9655 1673
10284 2472 5194 9631 10134 2663 3064 6736 1008
10285 45 1627 2026 5090 1630 3032 3001 735 5008 939 854 2806 7827 4172 172 987
10286 3817 6476 717 7482 5954 134 439
10287 7097 267 1127 2737 387 720
10288 3996 6113 2423 8059 8283
10289 851 7081 8809 333 22
10290 1816 7857 479 3789 390 392
10291 4715 5925 7042 7778 2395 6297 5469 5830 4484 8074 1352 694 9305 6202 3059
10292 7234 658 3057 2353 335 4125 388
10293 2387 2145 3064 6704 4017 7350
10294 8435 5528 2261 2376 9582
10295 2868 439 673 2429 332 352 4796 685 7536 3337 10081 1863 2517 592 1857 1972
10296 3228 3230 851 6654 10014 1545 8681
10297 2407 736 2791 581 4027 1003 6060 1825
10298 4543 324 2317 2306 3969 3549 1384 6062 9523 2259 2340 6225 2554 2373 2742
10299 5061 7783 373 1121 585
10300 2101 2102 1361 7273 2711 5288 2071 6562 6789 2867 9741 1424 1667 2806 2938 1105
10301 2267 1 2268 7034 5148 5204 438 1591
10302 2305 4030 8858 2833 4349
10303 5517 8760 58 2527 1974
10304 1635 262 376 3676 247
10305 4958 8747 312 7469 1170 3447
10306 1653 1608 577 1903 1272 6536 4337 4298
10307 2503 8129 64 7301 6797
10308 1647 2327 8784 376 7965 4157
10309 9543 4607 189 217 5277
10310 2071 534 535 924 7579 3032 1357 2980 855 293 1106
10311 3796 6340 8614 6012 134
10312 1116 6806 1056 1370 3470
10313 6137 1043 1760 392 2398 6795 6600 2427 1379 5213 4427
10314 1797 9982 7911 5315 526
10315 3781 4297 2127 2587 619 552
10316 1634 1637 3423 856 1103
10317 851 5824 8958 1074 4555
10318 1004 4854 253 3834 673 2730 7191 872 21
10319 9278 2712 8512 7119 5574 1529
10320 4409 195 2376 3246 5750 5050 138
10321 2124 5110 7670 1801 4910 6961 4951 9498 3921 3773 1808 1999
10322 4745 2503 1270 757 658
10323 7929 2102 9745 6837 7240 171 371
10324 3045 1196 9487 9417 3528 2181
10325 5514 9666 5256 2056 5082 8955 1245 1914 784
10326 2288 1555 5087 448 3690
10327 189 9537 193 4897 8282 8166 5750
10328 1776 1351 2047 2368 763 4682
10329 1609 7119 2191 4337 7870 4168 3673 5449 1636
10330 1340 2268 1455 4354 3196 5876 16 10027 6129
10331 8328 3510 6268 6811 4017 2018 1851 2838 439
10332 3754 1978 604 684 6328 5973 5186
10333 262 6823 7351 4925 9349 902 2584 4234 899 2446 1614 3913 9473 384 5873 556 9713 5570 1652 4715 5275 8824 3763
10334 1412 808 5770 7629 6153 9135
10335 1776 1556 3742 5601 1066 5151 3716 2050
10336 8266 590 8509 1881 2267
10337 2888 1384 1350 7665 512 7364 8410 4709
10338 407 5050 852 939 1702 3783 6666 1030 1825 859
10339 341 981 560 8921 1271
10340 3993 5855 2874 2414 3016 4385
10341 8215 9801 7167 6496 6353 117 9578 134 9004 5744
10342 9374 494 9937 1719 7038 2029 1085 975 978
10343 7454 3270 2130 458 224 312
10344 1179 9718 9365 251 2473 7033
10345 289 1156 1429 5248 7017
10346 903 6285 2838 1573 1858
10347 1090 3723 6503 519 5297
10348 1959 1050 5782 110 1024 9373 791 2022
10349 4647 167 1846 9989 3999 3688
10350 465 8733 3217 919 234 4495
10351 4797 9386 9913 680 1862
10352 6302 6880 9987 7993 9649
10353 2846 3905 5255 5718 384
10354 7445 2596 7143 754 1393
10355 1822 3027 2945 4796 1881 5444 1002 2684 229 10057
10356 500 311 9116 3659 606
10357 1294 8814 8555 232 4938 197
10358 9569 5409 7049 333 8498
10359 4808 134 6128 9945 1004 254 4284
10360 6351 5933 1244 3082 3099
10361 1144 7060 3006 1587 10082
10362 6124 1860 6553 4640 1183 3000 6328 8592 2376
10363 2141 227 3202 1409 6617 288
10364 393 3626 1171 1548 1718 8913 3082 1356
10365 1238 4646 658 3057 2408
10366 5937 9651 2995 6338 254 7361
10367 5600 3297 1017 4762 2772 9533 8060
10368 9574 4480 5499 1529 1122 114 5455 8902 836 1602 2328 5574 264
10369 6479 3615 5288 1887 3911 1726 855 98 5327 3111 296 1358
10370 5160 6098 2327 6656 2060
10371 889 4805 1775 434 57 7644 9222 976 5255 109 684 304 2574 2964 8173 2845 7212
10372 5600 359 6669 681 3837 4042 4779 5455 8882 9989
10373 9247 7863 3719 6008 5764
10374 4235 3856 2124 338 1427
10375 7989 3398 7674 4332 9168 7227 1799
10376 1409 5492 285 533 4923
10377 1265 6065 8388 7285 7624 5764 1274 7289 418
10378 2596 3509 2887 7664 8432
10379 9933 2751 6116 10086 1808
10380 2435 109 8460 8449 1398
10381 5010 4695 4693 1667 7954
10382 2137 3210 9272 5534 2980 3118
10383 724 726 1253 5439 2777 1380 3505 3506 1911 3338
10384 4659 8665 110 9192 926 3210 819 6489 3474 1069 1246
10385 900 4162 7830 2475 7415
10386 3991 4666 7273 544 4503 1114 6755 1034 740 581
10387 1409 5118 2139 1843 9381
10388 3607 388 5420 580 2049 6451 4639 1051 9531 1055 2793 1981 131 1119 9440
10389 8748 3338 456 3250 2668 8303
10390 5750 2659 8809 5364 1862
10391 2503 643 5138 2991 8364 7389 4482 5551 995 2558 8390 6193 2026 8070 611
10392 5753 8349 1480 8871 2787 4475 4742
10393 1088 1087 6141 407 1621 2953
10394 9186 707 7557 1176 1683
10395 6275 2695 2041 4214 4265 1739
10396 754 6783 6219 5411 4996 15 178 9920 8898
10397 1985 6005 2603 7673 3348 3377 4359 8342 6883
10398 6949 262 523 524 9689 5065 967 731 730 5906 4023 937 856 2807 2285 171
10399 3160 2111 3474 4149 1601 4446
10400 9355 4348 3197 1267 2029 1050
10401 2039 105 508 6931 10120 4116 109 2255 7245 439 5561 9998
10402 2500 6976 755 4639 9460
10403 4697 4972 6189 8869 9075 1552 1958 1683 6293 3754 8871
10404 3338 456 7449 1775 9222
10405 7842 3205 574 3933 2431
10406 3049 5209 6222 3774 6322 1770 8187 9178 241
10407 4903 8845 889 9859 2998
10408 3241 6054 2027 507 7019 1677 6316
10409 483 4397 2762 8886 3818 493 3798 4732 479 1003 485 486
10410 9912 1802 4580 6733 461 439 7261 6038 7983 4882
10411 8858 4896 4898 4897 8282 3101 8065 6532
10412 5234 4686 604 5153 2414
10413 6954 1008 1270 7725 1848 757 6 673 6650 1573 4414 9633
10414 1287 1589 3601 7395 1715
10415 5018 2505 1721 9379 8592 3240
10416 4486 4650 2296 5546 167 5542 1448
10417 1769 885 430 8388 596
10418 373 3973 581 2022 7601 1152 8024
10419 2587 5894 1759 1829 6183 616
10420 5668 605 4507 5082 5050
10421 1647 4017 7532 1587 634 3393 6895 3061
10422 1818 2440 4203 1554 2545
10423 1076 3301 6932 9459 358 739
10424 1784 2608 1037 331 7254 8766 3450 6248 4695 2279 6348 6357 174
10425 5834 5838 83 3404 7795 2667 9979
10426 5757 757 5570 2477 2178 4287
10427 8825 3360 1912 9269 4121 3881
10428 3343 5554 2435 7704 6059 4822
10429 7163 3967 2533 3571 4458
10430 3879 2325 9212 174 4298 5142 8129 8097 4212 1115 1751 9111
10431 2092 1620 3079 6445 159
10432 312 2257 7223 1569 4023 3953 2296
10433 824 3921 3338 7919 8957
10434 308 6038 2258 4023 9348
10435 2069 3614 3586 851 1018
10436 3748 1047 6038 352 5184 8146
10437 4043 1714 3263 3547 908 4451
10438 7094 2853 4414 1489 4555 1210 475 2393
10439 1848 1249 4745 899 757 8312
10440 8561 669 7422 3438 6407 6642 1898
10441 272 3784 2443 9529 9202
10442 2580 5981 38 3989 4686 4573 9613 5736 5 2053 6966 5779 5914 2500 1273 9685 4 1050
10443 804 7260 394 7593 10099 8359 1363 4820
10444 3900 2345 8944 1974 4902 2118 4475
10445 10044 5047 8553 3830 580
10446 9020 439 5710 9625 5883
10447 1485 3338 1016 944 7134 7984 2209
10448 84 2886 2365 3571 2939 2913 2163
10449 9268 2114 1409 9397 4280 1050 6274 4142 4144 5637 5381 2612 4908 6269 1662 5126 4609 10132 5681 2976 6209 5908 7783 7692 2816 7740 373 5280 9866 581 84 8495 8593 5023
10450 5 8096 3328 8915 2770 5060 2386 7387 7162
10451 721 134 7054 9490 1382
10452 4414 8786 1658 2754 7472 78 3013 2690
10453 2027 2248 3763 409 3227 7282
10454 791 2720 832 2124 8970
10455 658 372 373 2395 4602
10456 7654 5421 2751 5801 561
10457 479 7979 3795 1829 22 3893 6171
10458 3230 6773 7195 2720 3860
10459 437 7727 3726 3706 5816 8821 3654
10460 995 3621 4330 899 4796
10461 253 7927 4432 646 5044 2327 477
10462 5190 864 496 5853 2512 98 4575 9657 841 1647
10463 5117 8644 708 8595 3193 9839 2422
10464 3958 134 4429 6960 8789
10465 1580 1363 7119 249 9275 930 128 4386 2093 980 6399 1105
10466 5330 4161 5415 2160 171 5
10467 2336 6279 475 6974 3851 6230 1988 7427 6759
10468 6256 349 3529 3851 749
10469 203 3217 6079 8733 1819 314 3007 4301
10470 7758 2717 8316 1427 9131
10471 545 1336 2786 9081 5881 424 4014 373
10472 413 6191 791 793 9432 156
10473 264 6454 3560 206 1545
10474 76 6620 9188 2851 1050 584 6334 3180 4119 6702 3428 275 96 2635 7250 641 439 7372 318 5662
10475 2139 144 6097 4305 6129
10476 7515 1647 1409 6304 4392 5064
10477 5906 1619 4958 2936 8014 5449 3467 5272 2806 2798 4387 984
10478 6751 1775 221 4169 3291
10479 1274 4449 3964 2167 9172 1869 1238 2528 133 2010
10480 2507 5316 9175 1788 757 3294
10481 3938 3294 6785 8590 6517 5272
10482 569 5675 4130 1866 5530
10483 1208 9599 9007 9771 7906
10484 2476 6507 2338 2181 843
10485 1601 560 5782 5735 3314
10486 3961 5405 9653 6551 560 8533 5944
10487 7125 946 6943 5692 1246 8260 1622 3419
10488 6992 9495 4934 7259 846 3472
10489 1858 2547 5488 1270 4802 6417
10490 1332 5392 8542 5537 4150 7517 2068 1857 3584
10491 2983 2621 7609 3286 3491 3288 3037 1759 3221 5011
10492 8857 1170 6 1449 4943 1929 634
10493 1635 1972 4075 1308 1085 3949 2543
10494 4302 2850 1404 304 109
10495 560 1455 3509 4153 5782 4269
10496 2912 5173 131 518 1408 7837 4620 4472
10497 8753 2748 9520 6701 5739
10498 1892 1027 6254 8921 1842 3630 1508 757
10499 1186 1308 1085 1083 7416 6941 7210 6348 8604 1339 132 5265 2143 134 8066
10500 9425 7838 1686 2579 2883
10501 2895 4735 2049 7261 791 1444
10502 384 3329 6672 8042 7729 9398 4223 5417 4395 9747
10503 6397 3969 798 5386 1824
10504 6091 7886 687 7379 4422 5600 1
10505 4667 3575 9665 1225 5647
10506 4904 289 171 2093 2810 5863
10507 3747 384 1273 2051 1298
10508 289 2797 6136 3109 7270 1101 4590
10509 437 373 3240 8711 3069 8156 1290 1420 4522 1586 8880
10510 4043 3969 2102 1361 899 4421 535 534 3308 3696 4796 393 4888 242 3716 6098 527 1817 6503 5443 9114 5590 55 4804 333 1851 969 158 971 975 939 2016 6129 6722 978 979 4870 2285 4749 8884 5250
10511 6725 1213 2056 2106 5870 4675 4042
10512 9481 3798 6687 841 1177 134 7173 9911 7433 1662 4587 10094
10513 9246 3583 2331 2002 2388 735 2829
10514 1516 5994 4252 4878 558 1196
10515 1203 673 2545 1382 109
10516 2987 4032 97 2284 6666
10517 2071 5388 939 855 1208
10518 1088 525 7120 1156 915
10519 5439 5523 9708 9930 1943
10520 6213 9579 439 3182 8136 5364
10521 10036 384 3053 5600 3615 8476
10522 1308 205 1085 4414 3574 218 196 2368 6795 1616
10523 2380 7331 5501 9514 4755 3768
10524 581 1050 109 5023 3265 2458 1583 4704
10525 2072 1885 4428 9844 449
10526 4483 9679 2391 4076 800 7568 757 4002 8367 1055
10527 4209 289 5585 1631 5445 5899 5310
10528 2444 1854 5094 569 2446 4757
10529 7466 8842 1593 8371 5511 2950 8805 3678 3406 371 3409 384 217 379 3723 5080 362 6719 5308 5279 1240 2 734 2284 6666 5278 172
10530 7165 2221 78 4917 2763 3583 1405
10531 4456 999 3570 2417 3968 4760 188
10532 2001 209 2171 373 4349 4606 7370 7885
10533 6224 3779 2474 6882 6402 9666
10534 1124 5051 2185 715 2114 2899 3005
10535 1589 6847 4287 2383 5579 3045 4699 1971
10536 837 310 4830 9119 5790
10537 1857 6706 55 8184 8616 312
10538 2398 2114 223 1075 3098
10539 4955 2131 5208 5862 2275 7276 4221 71 3093 10042 197 2881 1592 2688 3509 714 6247 3333
10540 1843 2816 4687 1804 631 4347 2472 5233 2415 2663 9647 1899 4761
10541 429 7719 588 2810 5228 1427 834
10542 7640 818 6416 2654 3188
10543 9822 5739 658 3146 3253 1954 273
10544 6967 2049 9731 1172 4708
10545 3544 8067 8911 7512 3006 1440 2423 7710 6944 2682 2270 9021 6356 160 3125 626 4873 3581 5799 2828 8220 6583 7481 7482 659 797 2376 443 9270 617 689 7777 9097 4767 3719 7246 8234
10546 4676 2068 463 5687 442
10547 1912 1988 2266 4950 2260
10548 1359 5534 285 4313 1399 924 5897 2807 1156 3033 6636
10549 6188 5567 409 6191 414
10550 3538 4092 5867 4617 4293 3288
10551 21 7647 3118 1427 2429
10552 3107 5498 2711 6159 2191 5745 3109 1429 1637 856 172
10553 3344 8825 189 3881 84 2990 4545
10554 3977 1643 3830 1047 4096
10555 1902 5295 5897 1156 1634 5224 1426 734 1636
10556 1242 2172 4411 138 9426 6205 9035
10557 5113 1172 5690 1071 3283 7134
10558 6119 907 6360 3689 77 2647 1662 4259
10559 3050 1225 7429 6014 8850
10560 1140 2149 3362 7441 2723 637 2388 3358 2148 7024 7450 42 367 7328 3900
10561 6665 1367 5274 6781 6200
10562 7398 1818 7941 1331 6283 9400 3480 1382
10563 3778 824 1140 2775 400 3442 7822 82 2942 5515
10564 2506 1308 7838 2616 7014
10565 3797 4562 727 5585 2830 4697 171 930 1634 291 6239 7017 4387 1104 1105
10566 3778 2823 2663 2478 4279 1151 4181
10567 8165 2107 6923 6275 2953 4622
10568 3338 711 1911 3251 1303 8019 9003 3782 1478 1491 2383 8656
10569 9212 6300 4931 2503 5604 203 5237 8780 6758 8556 1824 4789 9515
10570 10052 4199 6106 5176 6107
10571 8230 2795 1634 1646 6096
10572 4158 3734 3175 728 2783
10573 325 7680 4970 117 7038
10574 1647 4509 184 5339 6446
10575 5968 5195 617 6935 110
10576 4714 6454 170 4344 8637
10577 6169 6801 373 493 581 3818 10080 1776 3660 2629 4203 3286 5140 4238 3619 282 820 4254 304
10578 1298 4008 5045 7979 285
10579 7338 1847 4549 1212 4705
10580 1448 21 1342 5710 9625
10581 303 533 99 3938 5493 171
10582 4872 384 1050 4231 5742 312 3228 2774
10583 791 1684 1014 521 9159 5501 553
10584 6985 835 1384 9938 9144
10585 7904 7353 5327 2814 9007
10586 7660 4270 2961 231 8303 3688 7701 2909 10085 1271 595
10587 929 7466 3406 6574 61 2026 727 2192 9841 171 7189 1424 1098 293 6544
10588 3342 1303 5439 2641 7155 1107
10589 681 4229 3316 3509 2071 6543 6458 1892 2807 296 3469 172
10590 6189 3159 1585 713 508
10591 3849 9353 61 10097 4540 404
10592 5373 2708 5215 7169 3290
10593 8802 5400 9064 7932 4226
10594 7480 5799 2720 955 2971 6263 363 9844
10595 7894 1339 2953 4040 673 393 6355
10596 7576 2690 801 6580 5192
10597 3961 2354 8161 9420 3845
10598 3130 5708 1342 1963 592 1330 1153
10599 2030 7619 1374 1545 9920
10600 1607 312 264 1573 4207
10601 1423 930 128 129 689 133 1427 152 4387 1104 7121 1431
10602 1647 3980 6729 259 8271 134 115
10603 2027 2263 1865 6963 8470 1874 5664 2084
10604 724 456 6776 6416 4615 776 8609 885 1604 3752 3191 7044 2668 134 7622
10605 575 576 3770 1726 1200 1373 1460 971 2528 1462 5105 8672 2993 1645 2503
10606 3505 3506 2389 1259 4191 8566
10607 7503 899 7044 177 5184 9488 905 585 4797 2964 4591 2565 805 7047 8370 3517 3151 1662 8984 1323 370 4503
10608 2149 1474 994 2480 3715 570 4104 1801 5261 6274 8958 4938 1923 113
10609 6146 9254 7509 9845 367
10610 2790 6598 6417 9254 5775
10611 1857 217 6172 6803 1773
10612 5104 3354 8566 6453 8862 548
10613 5814 8061 6846 5691 5914 9714
10614 5233 9539 3217 3773 3683 3650
10615 8161 5142 9420 9887 9687
10616 1022 755 593 836 5575
10617 134 3104 4575 3072 3167
10618 2602 5437 3404 5376 7028 4892 1696 5167 3316
10619 2130 4228 3505 3506 1253 1967 2266
10620 7335 10092 6428 3470 3968
10621 1561 1490 3011 7642 2466 6460 7398 2074
10622 8736 310 4776 8396 9376
10623 660 2449 2227 678 8309
10624 4042 368 3803 5916 9644
10625 492 4211 5630 1848 1408 9195
10626 622 3233 1198 1496 8815 2435 2476 843 621 9301 4450 3838 8667 6013 1495 4847 2334 6774
10627 537 171 689 1357 4172 7741 152
10628 2399 1298 1335 384 312 164
10629 4222 8289 4439 5331 1178 10045 9776
10630 5232 2906 3802 2934 3705
10631 3779 784 514 7207 9117 10102 1511 10034 774 3367
10632 7446 9192 2174 724 725
10633 2622 9340 9349 5087 1798 3466 4220 2921 3267
10634 5312 216 3039 2929 2345
10635 6113 2872 1448 1339 2160 171 10020 368 2192
10636 1057 925 2866 926 5433 6785 4119 4585 3673 312 1426 1427 7349 5447 292 1904 5823 5466 6666 1431
10637 961 245 2065 312 2366
10638 4405 6689 2359 1 7221 4472 8694 373
10639 4743 8909 690 1217 302 300 1171 3308 1152 1778 5748 1270
10640 2387 2303 8978 360 6957
10641 1548 2842 1342 8391 4721
10642 819 2886 3006 234 2369 2687 723 31 1310 919 8282
10643 8053 6617 3786 8163 1303 8019 3209 8663 5038 5932
10644 5861 203 8762 1659 8068
10645 5337 5098 4241 997 9450
10646 9418 1156 2503 757 6837 1266 263
10647 3404 6035 9733 1483 3009
10648 82 7179 94 3025 7808
10649 6421 9881 8513 2476 2642 3864 620 1916 6931
10650 1735 7091 15 8282 388 7608 10052 2236
10651 9517 3855 1658 1662 388
10652 3127 586 9594 3882 886 3548 7619 4317
10653 97 8872 6802 8468 2152 1810 2096
10654 7270 110 7944 1543 1332 8800 9397 1360 4888 1252 4104
10655 1024 9442 5545 2975 2974 6258 2018 3103 6422
10656 9767 9799 9523 2586 7620
10657 5119 6473 5867 2927 3921 5950
10658 9853 3799 4907 1412 8425 4012
10659 789 8852 4844 2330 4598 4950 6274 9921 4964
10660 8485 8609 3969 8409 5604 5610 6573 757 5243 3414 4444 460 5080 7870 1383 1422 2104 1208 3468 1250 173 9220
10661 705 1184 6546 6561 7633
10662 4517 8091 1725 3389 1868 5977 10105
10663 6906 6516 2573 684 6328 109
10664 7409 1335 2678 1666 10036 9978 8481
10665 5757 8269 1249 2553 1125 5081 733 8598
10666 2824 5523 9963 2002 9607
10667 507 6573 7437 4010 5469
10668 1800 7044 9229 6562 2796
10669 460 6483 1298 262 344 651
10670 620 3325 4225 9719 6402 3347
10671 5943 5052 2527 373 5010
10672 7771 10022 3383 9268 373
10673 6 3252 3547 4014 3860
10674 8423 8863 2421 1818 5584
10675 4767 2233 1026 7863 6913 2782 1373 3719 1374 3175
10676 870 8302 694 9052 6055 2034 7712 4528 3068 7085 7802
10677 3100 9382 390 141 944 6553 495 3059
10678 1903 5160 3288 576 4235
10679 3496 8876 1063 129 5318
10680 545 932 8569 4816 3618 9150
10681 5668 998 1192 7763 6060
10682 3021 9124 3566 4099 6750 7621 5255 1395 2426
10683 5549 3747 391 2702 9562
10684 1247 2663 8796 4189 7774 1784 2323 5773 337 6058 29 3286 2905 8212 5729 7188 2790 10109 2809 4797 2449 3434 3747 6163 851
10685 5185 4375 5165 4129 134
10686 3089 2114 31 7773 3280 2906 9374 3855 8349 8327 9441 1489 4772 78 6992 1067 867
10687 5977 10135 2602 1648 1911 5291
10688 7019 3242 8100 2259 9119
10689 10007 3825 8864 6893 791
10690 598 3503 1561 1489 2130 8448 1875 3914 9266 9003
10691 1604 7116 516 7627 1133 3668
10692 8905 2838 3857 9574 58 4138 3408
10693 5747 3628 757 1663 861 1183 3211 3219
10694 1 424 4378 1153 4147
10695 810 2933 2181 1132 4307 7661
10696 6924 2821 2865 2395 3965 4143
10697 1026 3838 8558 3623 264 2049 8512 9644 2902
10698 4179 3050 450 7247 4596
10699 10053 7742 4591 4094 774
10700 5076 312 1247 8313 6530 4655 8066 2399 2345 1974
10701 3296 7446 30 1983 7467 3461
10702 2642 5523 7745 3344 5958
10703 3969 55 4814 407 5691 1862 5790
10704 1687 3938 1367 1723 5131 1021 1106
10705 2708 4390 3163 244 3929 264 1858
10706 3308 1163 4997 254 5188 9757 9919
10707 109 3689 531 6748 4006
10708 8640 2196 2776 3228 2730 134
10709 4655 3205 3449 3729 415 2783 2948
10710 460 144 77 4461 4529
10711 4945 3198 1445 6952 4239 4251 6992 3408
10712 851 3003 1196 1309 1825 3771 6246 437 5849 9923 8187 5815
10713 1308 5867 1622 3283 3704 131 4760 2165
10714 545 2733 9304 6891 5742
10715 2415 5061 6686 4132 262
10716 1394 808 8705 5533 234 5275
10717 6704 1325 3530 50 8332
10718 9771 10112 1941 8898 4677 2300 7493 5356 2299 7695 1780
10719 6914 2897 3305 545 5501
10720 3805 8941 7159 7968 3502 2564 1176 546 4398 4086
10721 3269 5436 5810 1799 2577
10722 8774 2205 1253 2206 2275 8607
10723 1801 2039 2331 808 649
10724 6617 612 7660 2067 4882
10725 1653 384 262 1329 6769 7041
10726 7868 1017 1388 4889 2165
10727 1211 1125 2527 2740 380 261 1308 2737
10728 2022 3117 4849 4390 116 4444 449
10729 620 9299 1008 439 889
10730 6278 3608 4768 8800 7791 5353 3148 9440 6707 3201 7962 6075 9774
10731 2663 9760 8460 5695 770
10732 8202 1143 9650 456 8052 4545 9388
10733 8297 889 1242 2090 1026 1558 6324 642 5570
10734 2713 2671 5818 4306 8150 249 2064 387 3256 3429 7351 6170 8368 3537 6429 2049 8719
10735 6464 1125 9609 5475 4535 2344 304
10736 8308 5752 6979 5233 4726
10737 2604 1848 846 5852 6398 1630 5963
10738 2244 144 3111 98 3894
10739 5 5513 7579 2567 4058 9106 7214 5884 4091 367 4326 6218 9804 6188
10740 3900 4535 702 961 3680 3659 3167 2248 98 4106 9059 4088 8480 7942 2197 6871 6350 1594 8551 5628 6635 8647 4485 4940 4722 9303 205 899
10741 6232 2830 3967 9754 6999 3949 2510 646 6189 5270 878 1950
10742 4209 2464 5653 913 1704
10743 429 707 4072 736 2251
10744 6366 2530 364 1485 9562 9581
10745 1756 9914 298 6493 6190 5205
10746 7107 9860 2781 5455 1958
10747 7264 9804 6026 9911 7433
10748 709 8794 5242 646 7228
10749 1376 310 7380 2029 2200
10750 1273 383 5276 733 7432 588 5458
10751 4951 1409 2941 4401 6649 4019 15 6576 4915 1959
10752 650 1555 1529 2065 7585 262 2681 1614 8986
10753 1916 3102 4220 6112 3163 80
10754 6575 3144 6106 5176 7455 6017 3348 6036 7611
10755 407 1972 2810 601 6530
10756 5236 6434 10136 1896 8199
10757 116 114 3617 2313 1210 8637 4491
10758 6215 3052 1364 165 6398 1357 6544 1637 856
10759 437 193 6201 8048 7466
10760 7521 581 5472 2961 4381 682
10761 6076 6685 1014 667 282
10762 971 1824 9638 2562 2008
10763 2527 5700 2533 2740 1171
10764 704 1853 3301 886 8199 4334
10765 505 3023 2643 1490 8190 8153
10766 298 10137 2313 8256 2994 2086
10767 1613 5610 1323 805 7998
10768 3356 3349 3342 456 3664 1301
10769 298 3608 1056 3969 3230
10770 1124 4236 1404 481 6659
10771 3773 641 4815 3729 312 5863
10772 9385 1959 4373 2793 4019
10773 1985 3365 8523 3368 3273 4467
10774 4844 5522 103 667 3778 6022 8803 1491 6348 1884 4827
10775 1494 4777 604 410 4306
10776 8651 6176 3650 134 886
10777 3191 3875 10074 3807 1359 1150 885 4434
10778 1696 477 1238 9197 686 353 6188 6537 5155 134 264 1239
10779 217 4087 1331 7292 1887 1635
10780 2507 8722 155 7149 678 2788 1763
10781 9803 2444 6228 1573 393 4796 4712 5425
10782 4043 776 4786 9959 2459
10783 5914 846 97 5614 6639 2798
10784 9823 7937 10089 2302 1325 203 5452 496 544 2996 7224 976 5697
10785 2317 2987 4202 7327 8134
10786 2299 6156 2742 5412 5519
10787 94 9917 6165 822 134 7961 682 2545
10788 540 145 6381 5869 6156 2465 4738 2505
10789 3256 899 6393 3294 601
10790 6728 3151 2434 2821 2847 3180 1155 439 5973 6471 7002 2225 8993 9089 3929
10791 7929 682 8656 604 4680 3056
10792 2192 4948 1028 5901 159
10793 6652 8539 1930 1595 3127 10044 8870 9943 6355 1646 5662 641 875 1926
10794 1825 33 6687 7100 1289
10795 606 9254 3214 3394 7189 642 1320 9458 386 2201 7724
10796 6567 8844 1048 5282 9225
10797 1271 5711 7719 9738 6 5501
10798 387 4716 7185 167 7407
10799 3997 6315 5001 7187 134 22
10800 4 1859 234 2888 810
10801 975 2447 3175 2528 1074 7619 2683 5181 5731 6115 1457
10802 1384 2812 9190 5027 376 5642 1892 7926
10803 7076 9393 3294 7097 1265 367 7585
10804 1709 196 6926 5990 1082 800
10805 2619 8909 5037 1731 691 2647
10806 150 7436 9734 1018 3057 471
10807 5288 1627 289 4170 1625
10808 7153 3102 9889 8975 2666
10809 122 6638 5688 9990 1178 1084
10810 1653 1974 875 2750 2608 9757 4545
10811 3950 4233 4874 1784 6705
10812 5771 6465 3179 2049 7709 4112
10813 2540 6901 366 616 4061 7891
10814 8941 2996 1050 2700 3896 8198 4866 932 6903 9532
10815 4613 134 1382 4497 7347
10816 2851 6909 1271 1244 1881
10817 4744 9376 373 2755 240
10818 1612 4305 9265 279 9391
10819 7308 7270 166 905 448
10820 1868 6779 7651 109 1659 1743 548
10821 5420 1127 3562 8210 1071 347 5676
10822 9987 3389 1987 1988 4279 2707 9342
10823 8341 2789 1911 8336 2124 1090 5621
10824 7969 5122 501 7358 57 9534 10138
10825 9349 4010 722 5231 4105
10826 2265 2317 1422 1050 6465
10827 5436 3357 8946 7612 1057 6237
10828 8302 4306 8350 2389 71
10829 9429 9014 3540 899 5572
10830 5822 171 2380 2798 1030
10831 1869 2306 1772 6795 7420
10832 694 1125 8116 2503 1270
10833 6546 736 3472 2968 1406 6245 2587 5205 407 5949 3249
10834 4193 3050 1702 2498 4321
10835 6550 6210 5268 5000 2261 3006
10836 6397 6263 4767 1408 61
10837 1331 2467 687 9831 993 4203 5354 280 9 2977 10132
10838 384 8824 6858 56 577 10139 2431 5360
10839 9423 1921 4665 5361 78 641 5424 2069 9867 1863 600 7428 7556 1547 2971 9492 7915 6810 2598 1679 6293 5582 9420 167 540 165 5527 9757 187 8109 1075 2795 9903 5149 1155 4839 4745 65 6519 3033 969 3 1074 2553 1637 856 6791 4751 171 9905 6122 9032 5742 3515
10840 4817 2178 1145 4335 8502
10841 424 1776 2694 2766 5120 6548 2446 1822 2718 560 5525 5782
10842 5840 1507 10106 2126 6492 1146 2466 7994 115
10843 1492 3266 6208 2106 3558
10844 1920 1556 8618 4697 8996 3096
10845 7758 1089 846 6783 1384 4041 7908 4959 1457 1096 5368 972 3598 979 1000 1278
10846 4689 2106 3163 9740 2475 10037
10847 463 7675 235 2088 5726
10848 8485 3683 10122 6593 8284 429 10038
10849 1214 960 2286 3902 892
10850 7890 289 2568 5703 4109 5275 4544 288 6538 7183 4446 1106 437
10851 298 5 5511 924 6276 3031 1270 2795 8961 5368 3155 937 643 149 1429 9867 264 2153 2938
10852 1060 6116 754 7753 6969
10853 5868 6462 5611 109 1 8023
10854 5070 9483 2668 4909 189
10855 988 6586 9362 41 9154 4296 2165
10856 9249 3488 7072 5377 3027 51 6620 5545
10857 7630 1875 2299 4895 3675 8187 9533
10858 2331 1890 2035 6220 2829 4620 4078 1888 2852 237 5917 2334 2746 6953 5249 5993 1857 7823 7467 599 2162 9650 3642 6912 4925
10859 1399 7182 535 534 5822 9841 296
10860 4629 1108 7455 4630 7967 4281 2336
10861 9612 90 1151 658 100
10862 3341 5752 8394 8926 4225 4992 2055 2054 4093 10019 2383 3662 8254 141 264 3792 4687 9937 7038
10863 9004 1150 9084 9996 5348 2608 134 4545
10864 2973 2975 1923 5881 1201
10865 2325 1703 4937 2107 1
10866 3354 1916 1245 8358 873 348 9341 2447
10867 6185 384 2369 720 134 4529 995 1602 5616 274 2934 2199 3703 872 1159 701 89 875 1848 877 588 388 390 6641 5104
10868 6386 1075 1408 2820 9085
10869 7795 4596 8009 1738 8716 2466
10870 3974 530 2464 10066 15 2133
10871 561 1074 1573 682 1382
10872 9232 7225 6878 231 1480
10873 5056 9431 3045 3059 2215 3049 2647
10874 4596 1322 7542 2383 2497 6500 2646 2406 3111 1727 625 8771 1908 3984 4265 3202 8979 8879 10036 433 2695 1587 6403 1112 2056 8371 8107 558 5397 4009 2711 10140 3827 2460 610 3741
10875 4540 5539 3620 312 3230 6735 2376 844
10876 8277 5092 5982 3478 9504 1176 9437 1015 562 6740 2219 332 3901 7256 5031 15 2398
10877 872 134 1249 419 4127
10878 9994 5512 2903 5432 5992 2818
10879 2126 4479 5703 4938 2939 5665 8775 1741 105 2886 8665 247 2113 1222 7111 384 6772 1803 9030 2065
10880 8498 1803 6847 1707 4468 2398
10881 2874 1633 2032 5601 7070
10882 7229 9652 8468 1152 1371 109 4414 7657 713 6307
10883 3607 7025 6944 7289 5957 3520 337 3409 5065 6276 6823 4732 3259 2192 8673 171 2092 9871 5289 6850 2194 972 2195 6666 5248 8127 3427
10884 264 477 2258 2843 134 6298 7044
10885 23 2751 5218 2018 1196 1083 1069
10886 560 9039 9600 7198 6616 8921
10887 7768 4697 3910 5463 8314
10888 714 451 2308 6553 6169
10889 15 561 1670 3620 4028 384 1857 1949 1950 4587 1573
10890 1813 500 9100 2060 200
10891 4313 4921 689 5368 1429
10892 2090 1301 4948 9062 3110
10893 2233 7534 2056 4363 4305 3895 3517 1662 4023 907 10133 1182 109
10894 384 2868 721 439 6286 134 682 1238
10895 641 5779 1646 3058 4697 10044
10896 3251 7057 3784 1046 2538 3652 902
10897 5265 6061 5709 2573 1730 111 1375 3703 872 3704 1752 2351 4516 3766 2376
10898 8088 1914 7126 315 6102
10899 4306 8377 6771 6222 7307 5961 9431 5690
10900 1332 7630 6806 7585 7093 6985 7556
10901 4907 9701 9660 9540 761 4135 4240 8499 8643 4098 1820 812 9357 111 10141 1242 5786
10902 507 4862 6701 2896 595
10903 736 1083 1461 2376 3535
10904 9945 5047 727 5247 6537 5308 2380 3109
10905 2130 9956 3340 7704 6736
10906 2048 464 1802 4419 1396
10907 6263 2106 3163 2497 3964
10908 6678 1124 209 8704 3908
10909 1551 819 1060 3221 791
10910 3705 82 84 3626 3702
10911 10135 3342 5232 95 456 944 107 5120 2365 4098 143 6107 743 5597 4597 3455 9417 557 910 911 749 7069 7667 458 7066 3478 6013 197 7423 725 726 2131 6012 724 6462 9770
10912 2359 3847 1688 1687 10133 9601 6579
10913 1735 418 6688 5935 527 8031
10914 5200 4614 8157 8857 5023
10915 2459 2215 2983 8279 1798 3093
10916 1079 9031 1744 7470 8841
10917 3107 7032 289 6381 4259 3674
10918 78 4414 6232 6649 3980 1846 1677 3015 7531 6145
10919 1309 2540 9084 6355 8441
10920 8867 6322 3905 595 1225
10921 1879 1075 9230 9593 8227
10922 460 2323 735 7585 7916 2388 714
10923 9885 10142 2812 4780 5634 7563 2348
10924 456 7739 3980 1491 8774 2383 5502 5620
10925 373 4795 4012 9970 1349 90 1489 1496 2647 5358 8441 7547 9494 8783 5990
10926 1715 361 3000 2545 1565
10927 4264 1476 8132 5441 3067 1 2385
10928 533 3105 6850 807 5308 7270 1866 827 7621
10929 3276 1234 4019 2967 47 143
10930 6596 7942 2087 4459 6908 8103
10931 6449 3296 4620 5492 3558 2830 4341
10932 7930 3174 8326 3763 687 384
10933 3786 3969 2124 707 8917 4545 1551 5626 6361 8357 7969 9285 3857 576
10934 849 1507 6166 1422 1651 728
10935 1646 7552 4997 3900 6171
10936 1312 733 90 280 248
10937 3343 2476 9329 9141 5073
10938 7374 393 851 1574 200 9381 7199
10939 1000 283 5662 916 5062 7 6120 6173 3116 8211 92 1508 1393 4119
10940 8110 4424 6330 2864 3257 8378
10941 2352 2977 916 9481 7608 4202 4011 4528 1225
10942 4064 1265 8171 4223 134
10943 2394 948 110 4896 4898 3985 1662 1583
10944 1776 3184 805 7550 3133
10945 6124 4005 8874 2359 407 4762 6839
10946 7725 7925 9438 1527 1116 5529 1233 1390 4149 9186 2370 1249 4767 1158 9577 388 384 1882 996 7466 237
10947 2822 712 1142 9498 4220 6112 2944 7736
10948 9210 3734 2673 1178 9611 4645
10949 5092 7632 1340 4072 3471 8137 176
10950 2961 493 5653 4235 3098
10951 2824 7745 7275 6620 5117
10952 9429 2113 944 2096 1152 1356 713 993 2608 6822 134
10953 2090 7232 7284 10070 289 1630 914 3420 7579 973 9123 5466 157 980 3424 4589
10954 8294 2191 908 9841 2613 5997
10955 651 3230 217 732 2457
10956 9172 2324 9084 4614 4723 3192
10957 5855 5702 6502 5262 4529
10958 642 2143 10131 4996 1374
10959 1412 2110 4122 2124 7474 4227 604 4093 7087 8147
10960 7025 6352 5170 6374 4535 875 9450 1767 6114 5261 115 2427 1769 4472 6816
10961 5284 1071 444 3569 6085
10962 3760 1720 7196 583 2396 3621
10963 2740 6687 1238 5764 8792 376
10964 1355 165 5308 734 1103
10965 4101 189 944 8123 5346 9654
10966 10005 1280 7160 1601 9233 8585 170 5700 261
10967 1298 217 4155 6285 2 1529 8397
10968 8954 3662 6944 7710 829
10969 2315 5728 1848 7490 8264 1960 7466 8356 3551 1178 6842 5398 6965
10970 8816 8634 4475 5499 4804 7613 3453 4506
10971 168 5692 7027 7806 9911 7433 144 4105 1916 29 1370 8081 1281
10972 7254 29 1071 4264 2414
10973 2048 604 4305 8646 608 299 9235 2145 104 2144 1699 203 7873 7961 5021 8985 7930 6202 5669 6788 2215 2414 3587 6310 9190
10974 3832 373 7434 5702 7857 2668 187
10975 4905 1578 9041 3082 6789 4959 4168 1294 6518 1156 470 5368 972 855 5798 1 293 159
10976 5020 2875 9944 791 2889 847
10977 4929 3080 6343 1604 7599 4003 275 3556 279
10978 9951 4451 9049 393 6345 7664
10979 5717 6199 3533 7998 5716
10980 1728 1235 8426 359 1508
10981 3611 2253 5039 5274 5339 9465 9102 6075 3496 1167 2904 7840 3272 10011 2663 174 2963 865 6352 5257 3237 4514 4010 1322 6847 6697 4414 3542 9983 228 2754 1999 1951 9091 1114 1039 611 4184 7206 8193 9252
10982 6938 2535 8729 7341 9796 4088
10983 3864 4569 3662 1303 8020
10984 521 969 4784 971 673 975 977 978
10985 387 1614 437 1882 4213 5525 9926 10138 4312 3227
10986 2331 4570 2775 2412 4571 1241 5375 5037 2388 8091 2723
10987 1802 5254 906 5066 4306
10988 3663 2388 6037 1727 2082 4571 1228 4543 5039 3382 5540 2619 2886 326 678 3974 1909 5376 9368
10989 10067 7232 6943 924 3980 2102 6137 337 959 2026 1630 2807
10990 5539 5337 8167 1864 7100 4071 581
10991 9379 905 424 4129 4241 4418 1175 8807 5853 8311 6396 7187 9702 9055
10992 8230 6381 1620 291 4170 8904 2285 4590
10993 2824 10126 1328 5232 8754 8541 460 5436 1967 4950
10994 8033 2929 2730 4442 4506
10995 475 2503 2543 2414 134 8504 1647
10996 2413 388 2549 4453 7444
10997 4582 475 8134 8352 193 3429 415
10998 6214 109 6915 4973 3147
10999 4901 4902 1974 1875 5
11000 5063 1014 3129 5064 8030
11001 1826 6865 253 6388 3883
11002 2987 3859 5674 4696 8419 2872 6054 8350 2049
11003 1911 1917 3389 2295 424 5232 3542 497 4724 1141 992 2677
11004 2446 5705 6355 2398 4584
11005 415 3297 5344 5059 2036 6453
11006 7278 3183 312 4940 2414
11007 302 4707 6956 217 2533 5414
11008 2553 7090 7616 8291 2098
11009 416 7447 863 8816 4061 1892 1225
11010 97 9184 4 6332 2948
11011 3101 6903 6501 5113 7848
11012 2217 5913 3950 6807 493 2816 3090 748 1156 4494 6371 749 4830 1247
11013 4282 9071 9977 4347 9316 1868 6092 6034
11014 5510 2379 425 6655 9602 6380 533 3669 361 577 4947 4375 7332 2742
11015 2135 2868 9197 3958 3763 656
11016 525 99 6 2191 5308
11017 9901 5933 7761 5626 2303 2636 2338 98
11018 5928 3621 1448 6282 5563 1515 8080 2803 673 2159 477 4834 2119
11019 1868 2666 3049 4658 90 1151 1739
11020 7665 7619 241 6129 2528
11021 8304 5072 4914 2595 7658 6308
11022 673 4613 376 6436 134 5027 561 5918 1682 3844
11023 4507 993 3830 739 3823 5055
11024 4116 929 8558 1735 2047 4087
11025 2622 7649 2033 4633 7641
11026 851 5367 8370 210 4205 7712 3678 362
11027 1885 4819 4620 2533 1027 7094 5315 8146
11028 2503 117 253 4398 791
11029 4702 7597 9290 2312 944 2000
11030 3788 2323 4193 694 3855
11031 6293 782 6056 5867 7610
11032 9163 7034 1817 8816 593
11033 4098 7856 1409 242 7987 7199 581
11034 6 1274 5457 6811 7360 836 1787 134
11035 203 5750 1421 371 5456
11036 1621 1172 5 61 2783 8410 521 5181 7619 2010 9904 2060
11037 1998 404 867 7113 648 7061
11038 367 1404 282 6849 5104 6032
11039 2851 2319 318 8604 5702 52 7482 2024 439
11040 3541 8235 4299 8573 1741 5682 4557
11041 7957 9045 4938 1659 1923 2168 3118
11042 6066 322 7077 6877 3050
11043 9825 174 1018 1703 309
11044 4415 1250 9126 2551 4027 7656 4606 9033 3921 371 9552 10029 8406 7479 3521 1384 4542 3098 8517 3012 6490 384 919 110 234 9121 2633
11045 7099 708 312 1303 2171 7301
11046 6 641 1359 9576 2258
11047 3639 2378 9718 9060 5001 2666 10121 1356 5189 1884 9935 1658 2167
11048 3258 7046 2401 9617 1567
11049 415 6618 6818 441 2784 663
11050 1404 8917 6047 2464 8390 860 2929 673 895 1238 5146
11051 2511 680 2668 2832 5931 1425
11052 1394 1869 2348 2307 6317 365 8514 264 3310
11053 7259 2661 4298 7423 134
11054 9994 5537 3478 18 6641
11055 5879 1448 4777 9160 599 4253 2886 4078 5621
11056 9684 291 636 1890 4652 9053
11057 3154 5171 2276 2178 7778 8820 6994 2151
11058 2666 4964 712 5377 7990
11059 2503 2867 1621 4769 2810 3033 1429 856
11060 5540 1460 5127 2241 5687 644 2532
11061 9608 3693 6163 8107 9305
11062 7822 1913 7140 3634 8229 10114 5251 5841
11063 5251 210 8370 7108 9969 5928 2576 3974 4841 72 2513 841 9599 6406 4555
11064 1672 174 6193 7185 264 1847 9206 167 2528 2489
11065 1631 2810 9407 804 2278 8134
11066 8413 9933 440 2480 3937 3147
11067 4116 9638 4938 1585 5508
11068 3569 1829 5200 8479 442
11069 9009 8889 1208 6553 3962
11070 9673 3561 8008 2716 5154 3041 8515 3024
11071 3621 1573 477 9383 8767 5782 174 134 1462 2489
11072 9499 3444 6505 8493 4844 460 1108 7493 9637 1369 8814
11073 1376 7955 312 1677 6328 3511
11074 7149 917 944 6 4732 3413 8013 6666 4590 7390
11075 80 3304 88 8162 1916
11076 1159 457 801 8224 420 6892 9617 2506 6003 8983 481 7697 3066 3742 4377 8750 3245 2543 4194 1503 5116 4197 4321 729 9288
11077 1779 994 568 1308 6661 7160 8602
11078 2645 5533 109 3676 7905 2160
11079 8314 6 4298 2971 117 5017
11080 3180 8314 3213 21 8928
11081 7654 4619 6071 4678 5567
11082 23 6963 2864 6324 172
11083 6403 1783 4731 723 325 4142 6340 1561
11084 7696 5079 959 2866 2283 10004
11085 7934 802 1516 804 3103 6111 2038 1323 805 3056 8253 1855 4287 2663
11086 6820 7229 7793 1162 7816
11087 3228 3221 9029 673 6244 5853 234 323 816
11088 371 477 597 658 5247
11089 4093 5471 9839 8619 8135 4877 3621
11090 6972 667 8400 3263 7504
11091 5390 5512 4313 1089 1090 3600 2809 9786 5901 5823 293 980
11092 9660 6101 8474 5146 3017 6757
11093 9066 5799 2368 8793 2264 8997
11094 424 1822 4295 4305 6996 247 5288 1619 1176 2794 6381 1096 2805 1423 1609 5224 137 9131 5843
11095 5879 2415 9193 1342 134
11096 8053 4350 725 3851 2836
11097 459 5667 10053 3235 7099 4144 7327 4204 5118 94 1510 5669 1228
11098 944 7758 5079 9158 1361 967 171 2806 854 1624
11099 6120 905 5746 2956 2225 3290 6183 847 8383
11100 8280 9880 3049 6945 729
11101 4471 4665 6949 5923 581 1012
11102 5254 5068 7201 262 1357 6129
11103 415 5457 6191 4669 1903
11104 6939 264 2527 8467 4375 3472 380
11105 3756 376 4679 673 2159
11106 2594 4705 439 1604 1308 2340 8404
11107 3111 4521 7308 5962 9589 3415 6624 8120 9557 8400 2102 962 967 4119 730 4882 1426 8013 2980 5466 1427 172 987 1106 4656
11108 6179 990 575 7827 1853 806 1679 4058 8812 661 8577 4637 8882 4412 2902
11109 4070 7951 7419 7814 611
11110 7904 5687 2249 791 1
11111 867 909 8663 5038 439 1564 8327 5921
11112 3520 110 848 1759 666 2573
11113 1752 5048 6252 8604 2048 5278 2089 6132 5077 5269
11114 3255 5866 15 9385 4027 1960 2124 371
11115 7825 3508 899 1770 8158 5316 8031 642 7834 3301 1046 3463
11116 5972 7424 4867 1909 813 6075 555 6010 4638 616 9126 2835 1148 7713 6011 8804 2457 3350 7487 1132 3147
11117 2412 3361 5515 3369 9545 2605 8979 2602 3373 3154 6165 1913 5514 3786 4336 9597
11118 2125 4080 5060 3329 9995 1983 5569
11119 3626 278 2527 6327 851 2985 1990 566 2370 388 2368 1609 7042 134 6067 3608
11120 500 3343 3190 4320 6460 1256 2318 8057 2933 8743
11121 2503 5600 3053 439 1380 407 8404 2516
11122 8375 1061 6626 5270 9360 3205
11123 7014 5598 4446 9972 581 439
11124 628 8850 3546 1698 6016 9629 9796 1005 1506 7341 3629 117 5907 134 629
11125 2642 450 2039 2333 2595
11126 2545 673 5027 8641 1382
11127 3140 8307 2332 9226 9487
11128 4475 4403 720 1039 7803 110
11129 8426 6428 9745 6210 359 4583 967 4869 1546 7925
11130 7109 1615 8637 5422 7652
11131 606 4475 7056 3265 9264 8622 7831 7712 2221
11132 1880 3473 7383 371 8505
11133 1603 3118 5577 4639 3923 8447 9966 506 1190
11134 3277 7810 32 2106 1598 1267 8727
11135 396 3116 6024 1226 1388 1291 8875 1223 1224 5277 5217 1292 397 733 1227 398 2044
11136 262 4796 5056 4074 4884 5720 2049 2269
11137 2602 9863 6076 6044 9810 7595
11138 3678 9477 2720 9662 1421 2503 9327
11139 874 4399 6338 8495 604
11140 6416 4933 466 9751 794 9072 7848 2458 8204 6095
11141 687 1055 4203 6501 10029 8572 7473 8152 3968 1667 3586 9495
11142 3338 9296 7638 5378 6006 3275 3542 1823 6221 3106 2602 7108 9863 3633 6954 6620 5976 8124 5049
11143 7624 9161 912 9914 1033
11144 6215 1703 144 4468 3015 2598
11145 3228 2057 2049 1451 1205 110 1887
11146 2726 3360 94 9854 5841 7604 8253 1247 10090 8725 2178
11147 1118 7265 2349 2818 9811
11148 5155 8044 1623 4417 9027
11149 6431 5856 6847 3299 1890 2090 6380 7859 5895 535 7118 6 3723 167 446 171 8914 1156 1424 729 594 2093 5297 5388 939 8904 5391 4173 5248 4510 3469
11150 8448 1024 9997 3143 9517 1502 5717
11151 1074 1573 134 2730 1238 4854
11152 2149 1797 4235 7942 562 6895
11153 434 2205 704 899 421
11154 3243 1654 1713 839 5207 9960
11155 1375 3224 1769 5327 6355
11156 9214 9513 10131 6541 5853
11157 6796 1834 8133 642 4375 8686 4428 2541
11158 995 4116 8276 1050 7311 6580 5563 7213 7036 713 2701 3300 1743 7642 2062
11159 4208 4421 4328 3675 395
11160 3405 2863 924 534 535 2071 5295 1619 4948 1106
11161 8381 5475 298 8822 9484
11162 1565 9465 7188 7905 9070
11163 1620 2890 133 7958 2783 1552 979
11164 2726 2388 2723 5887 3163 9666 8162 3156 2835 3398 10071 6108 3348 7509 7110 889 1516 6111 7013 618 1985 2962 1323 4591 5565 9434 8555 6660 4521
11165 8778 2433 4015 4723 1683 10090
11166 2868 3857 7724 2740 312 6869 441
11167 5239 9785 9367 8225 9397
11168 575 2007 7840 5579 29
11169 7281 171 2192 2194 133 7017
11170 7585 5208 5702 6797 2633 2527 1312
11171 4419 9592 3967 3882 7122 7323 257
11172 3052 2805 2794 6239 1106
11173 8100 1012 642 6065 506
11174 8263 164 6364 1483 2647 67 3454
11175 4335 4256 1650 384 189
11176 1152 1723 371 8087 1427 1430
11177 981 8313 4363 5668 1225
11178 7685 1458 4086 6298 9426
11179 8658 3788 7099 8207 3801
11180 5066 4745 3970 648 127
11181 617 6259 9114 4655 251
11182 1371 3253 7013 2976 325 3937
11183 5976 1914 2336 2207 2700 3828 407
11184 4532 8770 2645 143 1911 8786 8702 2583 9622 872 3416 10035 463 2178
11185 228 4223 2545 4867 868 4809
11186 6083 10143 5932 4703 1335 6034
11187 9584 1752 3088 5993 2142
11188 1336 3246 1586 1745 9297
11189 2861 4879 1252 379 4888 3662 9866 4877 9158 9260 2860 3736 1692 8458 1124
11190 6215 174 9915 52 4310 9308 6257
11191 599 800 673 134 1238
11192 58 416 10144 3607 2264 4717
11193 9180 3969 90 6150 791 8811 4206 610 4597 1564 2039 599 109 1145 144 2584 606 4942 2290 106 4547 110 7502 105 7641 8133 9982 9720 1352 3429
11194 885 2918 6117 5530 1061 6231
11195 715 7034 8827 901 5973 7624 7230 7160 3900 6765
11196 4329 304 109 7795 7578 4699 1177
11197 10145 3183 9136 2905 1083 376 4587 1097 3265 2272 6245 3037 7578 1834 1677 3968 3904
11198 6380 9399 1457 972 2806 149 6722
11199 1393 1233 2995 4449 5653 1531
11200 6557 5961 372 2708 7691 6037
11201 6167 1308 1674 3116 8238 6325 1313 2427 8112 196 6120 3230
11202 1744 718 3773 899 7346
11203 1635 3212 3203 5141 5352
11204 4367 373 6167 2533 1794
11205 7003 2777 1245 3029 360 8203 7853 2583
11206 2345 6999 409 652 2810
11207 8134 5508 1857 384 2037
11208 4017 7515 2971 713 1196 7946 4108 1843
11209 9007 3838 209 237 2391 4076 5252 1677 4932 1082 1069 1056 2348
11210 7448 9897 10071 5383 3233 4264
11211 188 3820 566 3613 9169 1831
11212 2677 597 2720 2758 490 4355 3196 2268 8300 8298 1032 1340 1993 3835 1461 4084 9888 6811 2362
11213 2572 6761 2264 384 393 312 9333 8862
11214 7854 795 9874 109 8480 7236 9490 8249 9459
11215 1086 6383 6528 2304 9436 3860
11216 5900 1885 8829 2517 2193
11217 8507 521 1457 1430 971 1876 1641 1898
11218 8803 244 2789 7226 1440 1165 7462 1799 3050
11219 3985 5613 2927 4299 1760 6504
11220 4186 7046 2071 9871 2094 972 5273 2806 1427 858 7390 7378 173
11221 4894 1695 8319 926 5433 973 939 159
11222 4231 2492 3974 7419 1669
11223 2446 8342 5620 4321 1511
11224 2049 2550 5663 658 1446
11225 3388 3343 1614 4648 574
11226 4209 1708 217 1647 9268 3757
11227 1608 1616 1974 361 2983 4854
11228 851 6041 9539 9521 6190 8145 2014
11229 2319 1202 2626 6930 5604 2302 8477 7540 8280 10111 6482 4196 6167 6401 1158 457 2170 5082 2723 2475 8317 1780 4308 8652 3851 6202 6880 2206 5156 2820 792 3042 1564 3472 10077 6420 384 6818 8596 9562 7315 750 8906 9788 9551 2153 9468 9129 2853 8167 7100 6509 2448 890 8189 4039 1672 1769 7329 5945 7434 1238 1382 5685 4378 1401 1670 3844 3313 3148 7441 4769 1781 1309 393 714 8350 1862 2010 2998 1469 1470 5153 176 2126 7719 1457 8168 2862 2028 5936 8960 6558 5181 7619 1462 975 9598 521 1544 8026
11230 5033 2865 10127 2902 1427 9615 3964 1225
11231 2002 5978 8379 3912 4399
11232 850 6381 5897 930 4585 2796 129 133 2093 7287 3079
11233 1121 376 3298 1238 6481 8767
11234 562 7484 264 3457 2843
11235 2658 9655 3196 5973 3438
11236 1340 439 834 9715 4450 3237 3579 3905 1321 6765 2505 7816
11237 304 3602 1404 3474 2543 1308 1609
11238 1607 9194 8996 2579 9978 2446 5143
11239 9290 10137 368 7468 720 2325 6665 21 134 9942
11240 5029 6709 7091 4714 2066 7749 2459 6454
11241 3338 6884 1160 9867 2957 3357 7612 2959 7495 8754 8468 6432 7992 5516 304 5514 1868 1028 3157 2597 944
11242 1679 748 197 761 1674 862 5197 7608 4360
11243 1242 1691 1815 691 9862
11244 2754 532 4056 4637 9912
11245 6018 6019 8427 9818 680
11246 4142 4328 5191 2018 6756 5594 6566
11247 1892 3708 4525 4303 9043
11248 2515 8318 9168 598 8686 4772 197 1249 7358 187 6529 8798 9050 8248 1659 4784 1788 9255
11249 3829 5651 1352 7592 7300
11250 1096 8370 1325 2503 4735 319 8187 10108 328
11251 2819 3932 8880 1116 3967
11252 2415 2573 9928 4933 1867
11253 4132 3959 5629 7913 312
11254 4772 1758 2264 2690 2063 7434 8065 3968 3309
11255 5480 5033 6498 9268 3199 134 330
11256 4595 3562 8894 234 2324 1394 6845 2049 3183 1646 6684 1667
11257 7003 6843 6 2990 4557 1090 1815 733 1364 3494 4877
11258 7460 213 9511 6626 2875 5198 827
11259 1420 8543 4269 1308 5367 4682
11260 4710 3093 7356 96 1440
11261 9397 5003 3969 7935 2886 2472 3449
11262 2446 1196 1071 384 1083 1197
11263 1501 8528 599 5298 846 3576 5390
11264 426 2540 4215 6259 1862 8312 1850
11265 65 110 7000 2106 1101 8960 8402 8403 7617 377 5078 3679
11266 109 4938 9176 1726 7701 6181 865 9153 6832
11267 2154 3175 3668 3831 7561 9738
11268 3505 3506 1253 8907 1698 6261 1168 8093 7688 10039 3355
11269 4427 7399 8983 597 6420 2764 1658 1008
11270 1698 3111 1801 8742 7073 1784 8718
11271 6574 1548 5583 1098 4512
11272 3678 5 7079 189 7718 879 4403
11273 1797 1267 8092 3023 3174 1329 5061 3091 3739 714 451 3708 8561 1676 9496 4135 465 5343 5040 5179
11274 1 5768 3862 547 1123
11275 5580 4860 10103 6929 1523 9175
11276 5519 1196 6352 508 3601 4017 5056
11277 1511 1510 6516 7677 1153
11278 3887 1158 5685 7257 1055
11279 7635 7764 1 3855 7250
11280 2930 234 5343 7423 3210
11281 7058 3268 2522 1354 9577 10142 5699 7859 535 3077 3896 713 4764 4654 7051 1629 5027 7577 2103 8329 7607 344 9907 3245 7460 134 7570 439 3419 6395 1634 3671 4009 5321 1746 8476 976 939 854 856 1430 5450 2938 2614 1104 4236 980 4589 161 9141 987 4656 3515 1432
11282 134 272 2280 1460 1154
11283 1653 7758 8902 648 537 1106
11284 6130 851 9635 2049 5880 6283 2459 2503 3296 4707 4648 7831
11285 7894 5142 7858 7474 5986
11286 228 9047 10096 2879 1707
11287 5662 1393 461 8632 1225 1457 10028 507
11288 1551 3610 5283 5306 5393 2716 2816 5969 4699 5281 761
11289 134 1071 2414 253 4910 6298
11290 7490 2576 1249 9609 5513 8810
11291 8969 7877 972 9131 1021
11292 5651 2184 2996 1635 9064
11293 5 371 4303 9565 8282
11294 8628 3152 3367 3661 5193 3662 3399 2639 784 8536 1193 5232 3389
11295 5976 76 2139 1818 193
11296 3578 439 5339 1156 1669
11297 1580 4846 6911 899 5612
11298 3398 9897 1088 8358 5848 705 2987
11299 4439 1794 2191 2071 129 1426 980 5519
11300 3397 1825 3171 9618 6512
11301 4888 147 4529 2791 3237 5576
11302 7460 5797 8352 4229 641 8099 4043 9242 1178 6047
11303 3537 2319 4864 373 7369 9173 9798 3652 9824 5959 819 2853 9984
11304 1159 2025 5471 6573 6520 1802
11305 791 1034 6133 1544 5896 4792
11306 4766 7964 8266 7632 3495 8554 2267 5209 1817 5353 673 7807 3805 1050 6462 6174 5014 637 6198
11307 2985 2017 2064 4783 2522
11308 6834 4669 4668 2325 3118
11309 4096 5249 1888 5708 4839 2373 2829 7180 6954 4078 7221 5692 4410 9354 2548 6665
11310 2720 7964 3196 2758 3884
11311 7684 1751 5200 6220 1971 6511 1674 2146 706 8553 7700 545
11312 6124 3508 929 6735 1422 9777 10012
11313 1822 7453 2420 3805 7830 9632 3175 3243 2203
11314 3494 2540 291 6746 601 1695 4894 6572
11315 3262 1587 108 6112 6907 3265 4660
11316 3446 4556 6355 6566 5452 8997
11317 4835 5164 5255 6649 3678 1957 9733 886
11318 2367 414 6899 3302 174 6348
11319 8499 8953 6441 7926 1589 1822 109 15
11320 420 6415 3206 6426 7300
11321 8272 10098 5320 1273 1347 10132
11322 1050 3969 414 1125 1342
11323 3250 9545 232 1707 3134
11324 1168 3025 299 9233 4620
11325 1409 2127 7722 757 4093 8426
11326 2111 9484 8958 3903 9867 3739
11327 523 524 1027 8354 7331 2493 1457 6544 1637
11328 7918 1923 2110 4094 3720 5666 7961 9961 8408 5155
11329 1228 3049 4598 9477 5482 6112 1589 2950 1335 4422 3111 1024 6471 1710 2434 9623 84 6552 221 6843 5 5076 1742 6338 651 4430 6366 171
11330 3609 5127 2398 5582 5718 591 4420 3729
11331 819 4023 9358 1034 3095
11332 5840 3505 3506 2382 8093 5383 109 1336 3919 7759 2177 4498 724 4194
11333 3675 7270 337 851 6893
11334 1307 1289 5254 6409 1769
11335 4367 3085 8672 2799 6118 1018 3971 9452
11336 6526 848 2362 917 2503 8027 2808
11337 1857 7375 409 7243 642 1573 895 5853 9604 2095 1473 884
11338 2766 601 9179 15 9288
11339 3404 5401 576 4369 101 2364 1248 5136 3416 3690 4468 1253 10053
11340 2338 9462 6018 56 3133 4289 8724 5188
11341 278 6947 516 3204 6076 6605
11342 3783 3082 384 5345 2 140 3001 5272 735 7737 8653 7788 3433 1026 4512
11343 2183 6604 546 4654 3615 297
11344 2685 3254 8379 1225 4665
11345 6261 1416 9645 7237 995
11346 5288 2794 1627 1555 8806 9538 3867
11347 866 304 3602 327 7277 3533
11348 2855 6862 487 2854 2856
11349 947 1740 9854 2716 5638 5637 7515 4184 1044 1658 1080 651 8964
11350 1554 9295 1609 4414 1246 1862
11351 90 337 5653 8642 2096 299 965
11352 6950 6690 7857 2376 6843
11353 5158 722 454 8675 2746 748 10146 10134 3825 348 1558 6724 2851 694 4064 2802
11354 3494 3770 4833 642 1158 1159 229
11355 5529 2966 4507 1322 643
11356 3338 4507 2494 3689 1490 5370 4545
11357 678 1787 6672 384 4341 1614 3301 10020 8351 5155 7221 6587 7710 8773
11358 192 2384 1677 6175 3301 3763 409
11359 5041 6977 8304 9609 3646 7829 2153
11360 7115 5037 7498 944 4684 7706 4448 85 9224 3940 656 2911 5121 5170 3561 1761 4403 5746 6132 6705 6299 5148 6045
11361 6556 1269 8079 5271 2931 10034 4806
11362 2673 4464 5577 5459 3108 6324 6445 159
11363 3049 3662 7132 5827 8803 5719 4869
11364 3102 1556 643 7830 3362 2830 1333 6338 895 1573 4545 409 8508 9883 2545 3967 2668 2193 2126 6844
11365 3938 2103 1096 4119 2380 9146 9858 859
11366 4852 1331 7624 1384 9974 8261
11367 2102 3509 3615 2805 8029 3941 1095 1634
11368 6472 2768 315 2043 4643 7421
11369 6292 7854 2174 31 9092 8815 5690 4956 3541 8734
11370 87 9849 272 318 3964
11371 1770 9622 872 1075 9
11372 5818 9756 604 373 964 575 10117 2742 1696 237
11373 840 1066 6818 7778 9179 1952
11374 9342 5275 433 2431 1891 1905 10098
11375 371 9120 9823 2700 8531 733
11376 6764 4685 1889 234 6416 1186
11377 4002 9552 7327 9558 1528
11378 334 8006 1342 8103 7668
11379 865 2234 9166 7458 9253 5254 4529
11380 1642 9616 276 1771 8232 761 9501 3118 4115 1051 71 9961 5022 380 9903
11381 8542 7026 406 4059 3584 384 4882 4251
11382 4864 5687 801 2506 1083 5074
11383 4516 4119 734 1366 1429 737
11384 4970 6150 1807 1322 231 2472 8449 3214 109 7786 558 4591 6847 2750 7274 1524 7793
11385 213 9874 8052 7797 5258
11386 2642 1359 2130 2540 6287 7096 9525
11387 2351 1755 701 1714 3210 3666
11388 2742 5520 1364 7178 1419
11389 3093 5402 1726 4033 4885
11390 3932 5492 5128 6574 2144 9399 1356 7017 173 984
11391 692 9410 134 652 6830 3526 1241
11392 337 1860 4786 2974 6366 9549 3459 9408
11393 18 3854 2163 3924 2920
11394 1911 3864 5225 4596 3343 7456 3111 10112 8701 2433 2208 5317 6402 2835 3338 2476 789 3049 4845 8493 88 1917 8336 8207 9047 1490 6059
11395 1270 2126 756 6644 6417 6816 6264
11396 3517 1029 894 1083 8346 8664
11397 7318 4323 884 2331 4546 927 7104 3006 6406 1639 5200 1192 262 441 5561
11398 2280 6 905 368 2929 561 673 6435 3968 264 262
11399 1868 6809 6281 5741 2493
11400 959 2794 7870 1723 5368 8186 2938 159 172 4590 987 985
11401 9724 418 9652 6520 5719
11402 1609 5284 3276 2222 8642 1413 517 274 8635
11403 1818 2968 7740 1662 7975
11404 3046 9585 7608 2181 842 1679 9620
11405 5991 3694 3744 2036 1620 7120 2795 2896 4585 7845 3673 735 6396 3422 1083 5715 4512 9220
11406 8446 7103 8751 7755 2422
11407 5957 15 7729 3975 1641 6558
11408 3529 7855 3241 1369 1197 7786
11409 2584 904 5770 864 1057 3659 2303 8789 5934 10077 2137 49 6026
11410 7929 1998 1988 8107 3168
11411 2159 311 9254 1573 134 6298 1238 9954 9659
11412 1797 879 5056 6572 6845 6974 7701
11413 6267 1301 7483 5763 2512 8439
11414 110 1050 602 9711 1238 8143
11415 673 682 253 9695 4430 5267
11416 4392 4699 4317 8504 3020 1225
11417 4674 3771 9672 5153 2879 2249
11418 2374 9817 5254 6665 694
11419 2336 1497 3782 3049 2472 2435 2642 3355 2361 2638 1911 3264 2906 2497 3791 1917 9535 2401 6112 116 4220 454 8342 3348 3397 2890 8427 4907 9488 867 6097 558 2061 5070 2300 773 1780 9777 6841 4707 4431 2687 6061 2581 3978 3134 3851 7317 6894 6661 9808
11420 8883 9574 10147 9028 2302 71 1683 6988 1479 1088
11421 5 9636 4372 10041 2343 2345
11422 8852 8981 1843 8218 494
11423 7909 3582 3218 6350 1332 3910 2167 3191 1773 6907 7306 6908 9345 8559 262 8323 2467 280
11424 7484 4271 2484 4273 668 3960
11425 5495 825 9257 4698 3627 7552 9018 2049
11426 9113 424 5668 1 2816 1154 8443 1660 1698 3185 1202 3202 606 373 5434 4909 7601
11427 2491 6720 5982 5093 2095 3607
11428 389 4132 4230 5987 4587 1039
11429 1178 7553 9727 2739 4627
11430 2241 8898 2427 8745 3607 3881 98 8726
11431 1075 4007 678 3258 2398 1769
11432 1476 7869 8466 5822 914 5586 1096 1723 133 5368 8602 4510 1278 172
11433 8405 3085 882 7055 821
11434 2820 373 2882 569 714 2071 2312 5289 1745 734 735 6445 5450 161
11435 8586 1339 507 8741 4013
11436 8702 7605 1696 5157 526
11437 4576 4571 1194 4569 6619 10061 5232 8438 9546 2388 3490 8247 7585 3371 3866 2560 7498 450 1561 7492 3539 7822 709 3272 8464 7493
11438 2143 2868 4022 8440 715 8619 2427 9390
11439 601 9721 6213 2918 611
11440 912 7284 3949 373 2306 9844
11441 2771 1196 713 105 2886 7630
11442 3051 5679 2604 4416 178 4041 3237
11443 743 1323 6106 746 752 2211 2473 9403
11444 3977 4435 330 2019 3509 9798 7251 6478
11445 1054 658 171 6163 7766
11446 1109 5972 1916 4985 1547 3517 3801
11447 6376 8971 3255 387 8042 1332 2984 298 196 654 2708 57 134
11448 5827 6256 4609 1448 6462
11449 7144 4097 3702 3703 2617
11450 4932 9638 4018 505 9668 9484 4938 4099 1923 2653
11451 2868 8189 6641 6294 4026 6694 3702 1055 616 2414 8815 1785 109 2799 2591 8282 885 4067
11452 9480 1159 388 4771 9363
11453 6574 165 6458 1723 442
11454 6108 8946 456 6224 7155 3269 9349 2210 8450
11455 5776 5631 5899 8904 8556 5363 7251 5902 3956
11456 3441 9349 4993 8038 9740 5890 6262 454 8481
11457 8626 720 4428 4534 8527 6494
11458 9792 713 5933 43 6090
11459 5687 2426 2427 8658 7284 2527 1264
11460 52 8731 3205 1152 6773 1597
11461 8841 1090 569 3823 2446
11462 6617 1075 6361 3995 8122 5759 732
11463 212 7098 5405 8326 409
11464 8585 2587 280 8368 2182
11465 6 1657 9556 5567 134 3512 1775 7295 1273 755 381 5228
11466 2993 5833 1868 5204 3830
11467 10141 560 8168 912 7065 15 6929
11468 9851 218 2499 2550 6 9998 5866 2373 3040 2443 5687 6650 6456 2967 309 2023
11469 1392 1825 8882 1357 1225 133
11470 9571 387 4723 3035 2370 10148 352 9909 7379 138 2540 6896
11471 4625 4744 1862 2810 1838
11472 4973 388 7042 1527 8365
11473 2492 134 402 1331 8626 4468 1645 4883 3219 884 3472
11474 4032 912 3237 754 3747 4340
11475 4601 8541 439 1817 4219
11476 1616 3247 2169 8241 477
11477 3723 8432 3294 4959 3671 7189 5791 7263 152 5561 5580
11478 8002 4076 4078 1888 7323 7506 2843
11479 1134 632 2361 8742 5072
11480 114 5830 3918 7790 4772 4314
11481 9335 1404 388 4125 1077 2006 943 9553 3072 1712 10011 3119
11482 7524 7672 9959 704 61
11483 576 242 4457 3968 9549
11484 1152 4655 9375 1249 4953 3617 3177 8199
11485 4797 165 928 4948 2810 3033
11486 3505 3506 903 8365 833 3651 3536 262 193
11487 1735 2047 7801 1825 7289 9444 6428 6520 71 895 673
11488 7520 3244 8304 2543 6892
11489 9827 7239 1680 9620 2404 556 2553
11490 219 5492 6 171 4171 7063 982
11491 3783 4078 2870 109 5800 1659 4487
11492 6167 1050 415 1125 6939 6745 5027 4491
11493 944 6256 351 493 2909
11494 1331 5379 9918 8426 996
11495 2049 5333 2712 1233 6149 8410
11496 3561 2650 6644 4237 1071
11497 8305 3620 380 263 6530
11498 9147 5055 7795 1322 3481 1454 9241 5872 533 680
11499 3266 7957 371 5208 10032
11500 2733 3228 2160 2365 171 2459
11501 4523 8844 4240 8583 2393
11502 2734 2984 2626 3131 5060 4959 9811 937 856 3833
11503 3753 1660 6454 3256 2812 3330 3804
11504 4147 3171 2378 2660 5320 1427
11505 7993 2011 8190 8859 5291 8601 2906
11506 9926 2323 780 77 2647
11507 3872 2051 8300 1176 4848
11508 9181 410 2681 1196 3003
11509 995 5665 6633 5234 6476 2369 4240
11510 401 3388 9963 4912 2331 8943 1879 8038 899 3779 5438 7999 10105 2300 618 2702
11511 8948 1916 2694 3687 143
11512 4601 5880 134 1337 6298 7082 1524 414 8597 3806 8792 218 1759 1382 4681
11513 2983 3541 390 1752 8537
11514 1075 846 4 696 4819 1330 395 689
11515 6604 3568 6713 2296 9684 8489 2742 7527 4488 2331 298 1324 2073 683 7552 5663 1369 2036 3556 2049 9533 3800 4530 3971
11516 4305 5604 3895 642 7700
11517 5255 44 5339 5426 1384 4937 7557
11518 8028 109 5176 8730 1076
11519 463 3967 4893 1529 8661 3329
11520 914 3598 4737 2093 6844 4855 4154 6682
11521 5886 1920 9112 901 5973 9638 1752 3493 515 825 1954 10131 1958 2167 6137 6714 6895 7719 1055 1669 1866 9196 10048 264 8495 1238 1003 2186 7522 9069 674 5205 6264 203 1511 8288 234 109 6491 9967 5406 6977 957 7733 2427 1247 8522 10073 8924 4772 3852
11522 174 275 1271 847 1493 6 6537 664
11523 1286 5524 1770 1623 967 6725 6 581 9199 980 5662 6766
11524 7252 3188 3692 247 5350 8789 1050 2421 8674 4113 8965 3666 5118 2529 8065 558 4933 4203 4404 2749
11525 596 8000 6574 846 373 9028 1474 1422 3619 6787 7881 4796 2148 1384 1848 9521 2374 3040 4241 1274 1309 9705 6622 8177 6048 288 290 4958 9786 6562 5289 1208 193 930 1156 906 65 934 1426 937 8960 7015 7121 1638 4754 4175 2100 8017
11526 2134 6136 6866 4378 6358
11527 174 5879 4872 6394 6853 1677
11528 789 5971 1221 3111 3171 8852 784 657 5499 3786 2716 6081 5381 5052
11529 8968 211 1047 7466 6195
11530 2091 688 3494 2314 2865
11531 604 9064 4218 5830 3484
11532 439 6259 1270 8984 7010 3751 2503 6533
11533 691 6171 2268 6333 2709
11534 1925 7286 7777 2810 2517
11535 3505 3506 949 6360 4017 8591 3105 1253 373 2869
11536 2331 2244 98 5538 611 9127 6563 607 4950 1775 3751 8643 610 6317
11537 5577 5000 5575 5228 3730
11538 291 934 5368 937 1904
11539 55 1877 594 3242 3081
11540 2895 754 1096 2551 2309
11541 5489 676 406 3607 6823
11542 1957 1958 368 941 2510 6893 1451 8567
11543 1450 7292 563 663 4069
11544 528 7703 9832 1635 5508
11545 1382 4472 253 5918 8641 1573
11546 2887 1012 278 4296 8876 551
11547 9631 97 3669 846 3426 171 1301 159 296
11548 7523 6179 9631 447 1555 219 523 1424 173
11549 5378 2789 2859 9489 8055 5657 2255 1909 1968 1018 7116
11550 9233 8824 10047 5512 1084
11551 1872 8494 4497 1123 1878
11552 3040 954 6293 8702 6693
11553 1677 2042 1298 720 8762 6791
11554 1818 4085 3809 1151 2710 109 10093 7610
11555 3118 217 1529 2368 1065
11556 3483 2588 558 3202 9059 4255 2816 2218 4257
11557 3083 1274 1270 7270 821
11558 7711 875 8893 6828 4517 955 368 513 5508 4377 5559 9382 1159 460 77 2319 5127
11559 6480 1700 599 2806 5823 987
11560 713 2222 2112 113 322 4859 4938 2458 1821 314 597
11561 1910 174 373 6 1270 6281 8312 3737
11562 9332 6175 5930 4686 339 16 6825
11563 10084 3523 10033 1642 5181 9241
11564 5496 1018 3057 1196 6581
11565 1561 1823 738 456 2255 203 7619
11566 3068 4747 4798 7618 777 4895 3599 2690 704 8512 1659 1083 6926
11567 1614 892 1300 4716 1618 2065 312 3230 1128 2036 9012 3524 5423 261
11568 1083 2555 4794 1664 9389 1945
11569 7039 1945 6687 8187 133 137 536 65 3001 2917 1430 5782 4418 1455 7843 548 297 858 1638 5583
11570 2499 1171 885 2651 6641
11571 4901 6470 577 2868 2399 2538 6644 651 2691
11572 1349 9762 3953 689 3239
11573 3040 5027 6435 901 9659
11574 10110 920 3292 6270 4135 6143 9240 2458
11575 6029 4094 200 6573 1235 6103 9718 2730 7048 6082 7126 3814 418
11576 2071 2194 934 8180 293
11577 2020 6442 1325 3836 905 1170
11578 1547 7777 439 3729 2593
11579 8615 8730 840 4420 3050
11580 4955 9855 6540 4325 10020
11581 1186 358 713 805 558 3544 1323
11582 452 8424 6856 98 10065 500 5716 3160
11583 9347 6642 5782 1471 997 6742 109 3937
11584 3434 5504 5784 6038 1270 8578
11585 1514 1457 819 6839 3645
11586 1756 2933 9657 33 329
11587 5301 1146 2596 7461 9326 5691 4778
11588 1479 7519 1189 3192 29
11589 1308 456 3111 76 8208 8126 618 3046
11590 1254 2218 171 4321 8224 4259 973 734 3001 939 7333 6722 4383 979 2211
11591 3113 1051 9567 7500 1960 8379 10009
11592 4581 2096 8771 7736 2173
11593 4255 1647 7813 6814 3021 5403 134 238
11594 178 5949 9151 6451 6442 8078 3082
11595 1213 110 5757 8432 8022 6 1022 3572
11596 5751 6272 2096 9252 1748
11597 3614 2829 6860 2633 1250
11598 384 7905 109 298 7376
11599 2401 2852 3252 1015 7677
11600 1793 7939 6956 6198 442
11601 2261 6338 634 1573 9132 109
11602 962 6056 98 7661 7437 2869 3349 7030 8449 2657 4799 31
11603 217 1529 4499 1375 2905
11604 3189 4517 9909 1050 863
11605 5066 3248 2970 3178 3504
11606 2690 2240 2271 996 5213 4652
11607 2842 134 5098 2599 4849 4914 1074 376 1670 960 4538
11608 6822 5263 262 1614 4274
11609 1125 1892 5604 2551 1587 7327
11610 1609 182 184 4846 954
11611 2497 7825 10000 754 8939 1749
11612 404 2985 7604 622 2456 171
11613 3343 231 1322 3851 8566
11614 2145 5493 4960 1972 5899 1429
11615 1555 7201 687 8697 262
11616 7923 3343 7070 10065 1964
11617 8365 961 6143 4430 7502
11618 8376 9207 1088 2680 3822
11619 120 9062 7349 5273 1430 980 4962 4590
11620 3968 1677 3959 8212 9063
11621 2073 4503 7567 2373 1888 109 9102
11622 1282 2818 6159 4852 189 2049 6766
11623 3357 4728 1478 846 10125 913 2794 8850 2218 4476 6457 4736 7890 8213 3122 8934 3420 2613 9871 128 129 8316 40 5445 852 1357 9203 5449 5635 939 5273 8087 3422 4510 2938 5450 3425 1104 857 8127 5451
11624 9283 6414 9809 4043 1722 7901 7077 979
11625 1490 7451 7815 5038 3898
11626 4119 4 6038 1236 61
11627 9201 5529 1733 5025 4834 32
11628 1653 4888 2345 7829 1974
11629 1858 561 265 6132 1601 1817 6557 2489
11630 9040 196 3509 4042 8789 9164 7719 9562
11631 696 4402 2617 3132 5235
11632 3734 588 4857 593 6772
11633 1647 1032 7376 1573 3191
11634 318 791 28 90 1776
11635 445 4270 4153 5150 6641
11636 2413 388 1404 7124 6828
11637 3509 4654 7561 6038 5963 1624
11638 8518 2183 5900 4187 5243
11639 1988 7155 6961 2793 347
11640 3343 3662 2059 9349 2962 7206 6736 10003 7919 9132 7021 926 9626 9612
11641 90 9038 2654 3203 1124 7327 407 2165
11642 2435 2632 2249 4363 7443
11643 6773 72 9803 3953 3619 9172 91 3005 1888 3989
11644 3982 10134 2503 8566 683 373 581
11645 134 3091 1623 1831 9313 2939 3832 2528
11646 1577 2167 7565 6743 7143 9329
11647 5377 8335 5170 1958 6352 6302 6108 642 3184 805 6856 629 570 7653 4555 8533 9295 5934 597 51 2860 8624 7288 1551 6397 6847 3659 3 6875 781 1731 9561 2719 9436 8718 29 5668 10030
11648 811 1992 1129 8928 6822
11649 7971 2608 4245 4255 4545
11650 7623 10100 897 666 1721 2414 4475 1705 1435 4207
11651 5048 1653 240 2234 393 4738 2528
11652 6460 5380 2667 7514 3738
11653 7701 1587 3111 4020 3320 904
11654 3662 4064 8660 5217 2044 6508 1281 4555 9562 10116 8352
11655 2993 8107 9523 8936 1197
11656 6829 4441 3854 5173 1313 3194 1117 791 1470
11657 3134 1490 3294 2218 2031
11658 8394 8178 9226 4071 2204
11659 7958 9097 439 1911 3390 3338 6199 2834 1914 4596 4985 7131 4319 3092 9815 4956 2132 3856 4545 2205 3061 9110 4635 6354 611 3329 4093 3544
11660 8773 789 144 80 7858 337 8218 461 5337 7235 7479 2629 2049
11661 3920 1331 9831 3647 9824 912 463 1900
11662 9328 1614 393 8605 834 9283 2449 9847
11663 7809 791 1270 241 1972
11664 8124 1199 4684 704 6355
11665 4766 7964 1559 2267 4977
11666 384 7397 6821 1075 97 15 4032 901 2047 8350 3954 7511 441 2751 5200 314 4548 7289 5917 23 3601 1971 1735 6708 4087 7585
11667 5103 1333 4 1236 5132 3651 6055
11668 2319 10064 367 3301 165 7297 3678 7966
11669 1434 10129 439 4836 658
11670 7747 415 2766 1459 3770 5948 9438
11671 575 8719 6493 1258 3969 830 4204 9348
11672 5238 5292 2768 6635 7785 5371 2180 1356 241 232 9160 2178 7126
11673 2673 1964 6802 7319 7746 7994 8442 823
11674 1587 1726 229 1665 6891
11675 9293 2435 8566 843 8720
11676 1646 7261 9596 2501 9489 863 1208 2058 4474 1977 1442 282 9075 1983 9078 881 4747 4154 1162 5817 2579 1311 3461 4177
11677 7867 4579 676 1939 217 1529 9149 6374 2229 1075 7441 3018 3245 9664 5511 1716 286 10023 6840 7281 1721 384 6087 9186 2868 2531 415 3148 3077 4130 8120 8477 7430 8121 905 2367 2339 3896 5877 4797 9357 9338 7244 5580 4796 1964 6171 5743 7650 3939 4068 4011 8098 367 8002 4451 9234 7879 1674 6905 1308 4958 7369 10 4745 3702 4897 833 1860 180 2027 757 3419 934 4757 5448 5391 2415 6445 5823 4510 6666 2491 3322 2284 5205 134 4517 8017 1106 9037 1432
11678 1914 10146 100 3454 7034
11679 4144 2928 6977 2274 315 1015 264 9678 6648 3561
11680 164 10131 165 4463 291 1634 934 1806 3936 1086
11681 4937 7682 2382 7935 1726
11682 1323 805 2215 4916 3807 8133 10055
11683 722 6150 604 1781 1455
11684 2248 2302 4198 84 2114 2762 5470 5668 109
11685 5745 591 3727 757 5570 1283 5605 264 482
11686 6177 4409 8299 9829 1686
11687 2860 262 312 60 9032
11688 3818 5376 7177 1844 4857
11689 3384 8058 8056 7858 3729
11690 2373 283 5687 3965 8283
11691 4568 8157 4487 737 6756 5741
11692 4026 6956 3763 9793 409 4075
11693 7627 3705 9835 1677 5140 7960 9586 5270 10064 8568
11694 396 40 3547 3438 464 3973 9566
11695 3632 881 1167 7561 894 411 891 5330 1332 3950 9928
11696 3959 8477 2812 611 3829 5682 3589 10078
11697 912 9503 4032 545 1493 4922
11698 2833 8010 1078 2161 7779
11699 6704 8307 6088 8753 4558 3045
11700 1176 1418 4329 7938 593
11701 4413 8325 9574 5682 1377 197
11702 5274 8488 4696 247 5157 2278 7432 4021 719 2491 7031 7701 2197 9188
11703 9800 2816 6034 4361 5908 4347 6016 6987 10125
11704 1308 2506 2543 8951 9287 8239 6892 4461 7094 4460 1063
11705 3072 720 8585 264 1074 134 1238
11706 3016 720 5274 3228 4234 1653 9485 4556 171
11707 1914 5020 570 3579 1807
11708 5699 6953 9597 6946 2036 8941 63 3570 9519
11709 9800 839 10042 558 5503
11710 559 261 266 3209 895 2143 1573
11711 4128 2786 4312 1050 6241 1179 6151 6338 6763 7382 10020
11712 7213 3329 5930 3607 2504 134 8563
11713 8982 2955 3108 4873 2887 7996 5243 3951 176 8427 7593 913 9161 3241 7401
11714 388 6229 728 833 192 8870
11715 1834 6485 4797 892 8773 1106
11716 4001 8286 1875 6900 4562 9896 3693 443 7148 3968 235 2572 63 110
11717 905 1238 2545 6481 2159 5430
11718 10112 9198 2051 621 3995 9787 1050
11719 174 6833 8692 10099 291 9339 8255 1883
11720 3006 1387 1223 40 398
11721 1784 9734 7436 4744 7469 2987 1000
11722 1425 8151 8634 8463 6601
11723 3505 3506 1253 3348 9025 1168 9612 110
11724 1336 1870 3517 1547 1858 9230 89
11725 5472 2145 105 1192 5552
11726 3637 15 5677 5551 6433
11727 3380 1168 20 7782 9765 8607 707 9733
11728 7373 9703 10040 7530 10138
11729 1527 1077 2384 806 4000
11730 62 8380 8731 2429 2533 3754 4472
11731 7915 2820 8627 1263 851 642 8074 5604 7285 2505 9684 1612 5815 720 6 2311 2099 1637 4782 1624
11732 7232 3257 5322 3418 289 1096
11733 3685 691 352 5 1250
11734 6307 1330 1318 5064 8030 5460
11735 5846 181 5020 7932 9371 2961 4342 6993 5626
11736 262 6976 1623 4768 298
11737 8404 1271 3006 2742 9082 1380
11738 4956 5670 8864 4697 9091 3494 500 8630 36
11739 8860 6929 7137 154 2049 5778 7461 1529 1457 2318
11740 2597 2576 262 6655 3080
11741 7079 4460 2739 8790 689
11742 2961 7959 3733 4562 9578 5315 9 5682 1340 372 7503 3110
11743 1778 5033 8713 8390 5801 1768 2685 3845 720 2528 1745 3695 6268
11744 6516 3931 793 9016 9107 4973 3968 441 6185 1759 3253 1083 6796
11745 109 6928 3739 2793 4545
11746 9588 71 4894 1424 2380 292
11747 8754 1495 1954 9546 2460 5038
11748 4583 521 1899 2156 2489 4104 1972 2579 1224 38 1223 1225
11749 1650 1491 2331 2943 714 1914 5827 9100 6875
11750 3262 7201 670 110 1710 8800 1060 111 3224 7830 7423 124 2393 2467 3629 9866 4340 7317
11751 3959 6201 1249 7375 4503 2369 4902 9398 4375 5361 1196 2049 3329 6898 3005 3118 791
11752 6356 5267 4688 2740 4716
11753 7991 3342 6017 4596 4281 4844 8772 2834 4630
11754 5392 4600 268 2360 2702
11755 2628 3890 3923 2936 6518 2795 3001
11756 2337 4116 8721 719 9176 723 8373
11757 1066 5986 5469 5205 2317 7270 1322
11758 5644 3704 9918 7770 9805 8975 1797 2216 1088 3036 3606 5712 1851
11759 5773 1985 3872 1042 789 242 1123
11760 4430 134 526 5415 5011
11761 1563 4996 6171 6760 8283
11762 2212 2923 4596 5037 5620 6617 7550 3261 2175 944 2907 5868 203 2161 456 1490 7004 6877 3420 5055 8663 6059 3533 2178
11763 1658 9599 60 3598 1904
11764 189 1392 6208 6271 2608 8925 8160 776
11765 1985 1987 1998 9948 944 1727 98 5826 1841 4715 2700 554 5182 8045 7807 6494 300 3049 946 8377
11766 6 9460 604 9849 8616
11767 1510 1511 3160 9878 4854
11768 5291 452 2577 2976 9956 8707 8828 5119 4949 708 4332 3349 8342 10065 2139 7205 2960 4876 8730 2834
11769 5814 4337 8498 601 2610 439
11770 3747 5236 6641 1761 4494 476 8217 921 1607 409 5339 6869
11771 384 8773 4234 253 22
11772 439 134 1454 6672 6551 1573 477 3298 3291 376 682
11773 6461 2435 9420 9694 51 9985 1809 2647
11774 18 8054 6037 5081 134
11775 3135 1038 7631 2591 6 4518
11776 6787 2499 8753 1057 4450 7346 4953 7211 7163 155 4239 7041 191 4061 8700 1208 371 4882
11777 8968 8519 1262 3576 932 6 9409 2404 1336 437 6080
11778 1489 4532 7566 4945 6013 4699 2663 777 2243 304 109
11779 174 674 6588 9526 6172
11780 1225 3462 2461 128 981 1972 595
11781 6742 8716 6408 8955 3139
11782 7755 7905 1589 6847 5858
11783 9527 2369 1769 6730 5789 1384 376 5279 477 4497
11784 6462 1489 765 760 4221 2837 6553
11785 1727 2475 6364 3111 8926 84 494 109 1322 1581 5842 8624 373 6852 3093 299 242 119 2685 643 228 8107 9608 9896 2677 1726 7701 1776 5470 8464 1731 2255 4799 2215 1985 2879 7853 1503 439 176 7423 926 1662
11786 9029 2573 1721 3177 3650
11787 1797 1408 8558 2533 7605
11788 2427 7924 6862 975 1533 2855
11789 567 262 5074 2143 6898 689
11790 9461 196 3474 927 4621
11791 700 2703 2716 2816 9080
11792 5117 9015 7003 5280 6260 9608
11793 2130 2466 3133 591 3982 2832 1870 1196 4365 3150 798 6101 658 8071 2251
11794 6007 2833 8975 1330 5735
11795 4402 2087 2611 7205 4390 8850 9340 7317 8667 4488 3427
11796 2672 9564 554 761 8895 168
11797 3607 5300 4926 262 32
11798 1690 9261 1045 3146 6870
11799 3292 5654 1923 1754 1659 8511 6625 9705 4247 2541
11800 3607 2918 8069 384 3017
11801 7238 4785 3144 946 1479 1225
11802 1608 1225 1923 2270 2701 1742 9624 5710 1616 7710 245 2345 1974 9862 9625 390 392 3138 7637 3702 3703 388 229 2463 1929 6837 8412
11803 7266 1259 4191 3185 6702 470
11804 4833 10110 3116 5277 4822 3505 1698 63 7765 7709 1352 2716 4095 7790 1144 4875 3404 4472
11805 7234 1190 8150 3832 5234
11806 4478 1077 6972 1635 2327 4492
11807 8989 1597 1776 3184 805
11808 5585 3030 853 2105 9858 4385
11809 3505 3506 1253 2206 7317
11810 2467 7016 3169 5784 3902 4644 1402 3617
11811 601 4431 5779 52 1565 5048
11812 9009 1882 2036 6640 1647
11813 7393 576 1124 8653 7788 1796 1629 3238 1543 671 373 6522
11814 2296 3969 1225 402 1973
11815 1061 5136 4664 1888 4460
11816 3662 4702 3872 1974 5187
11817 2433 508 5665 1128 109 6884 5917
11818 10087 7318 71 3847 1418 258
11819 2279 4091 5199 2250 134 5249
11820 174 8664 5662 1720 2189 8937 2401 4929 4482 165 8577 5585 2369 3980 463 704 5308 8816 934 915 2099 301 1637 6355 1101 7467 2925 65 172 983 984 4419 1884
11821 10022 8255 9005 1225 1883 2124 581
11822 3338 15 7243 3968 1759
11823 10067 6493 1614 3183 262 896 673 264
11824 5076 7079 7711 8893 1339
11825 6401 1967 6609 9861 2880 2206 9441 109 10063 6164 4318 9217 4065 4638 3067 90 5829
11826 9191 1153 5755 2385 2154 1457
11827 9303 2042 4608 2545 4644
11828 4646 4829 3650 376 9954
11829 4699 2215 560 8672 7159 6260 971 658
11830 3338 5232 4910 5751 1916 7339 8979 5382 3686 5848
11831 3961 7304 27 6374 1050 8556 4792 4491 1430 6043 4088 341 1685 6259 4552 1681 1926 10043 6748 588 4832 5378 9170 1008 575 10010 5280 6044 6178 3289 5243 281 5216 8545 8913 3472 8583 8223 5824 6973 5949 220 2427 8945 4436 1157 581 548 5919 9437
11832 1302 8141 4955 2266 1911 9666 2944 2789 2131 3049 2766 1108 4629 3008 3165 2218 7263 735 8013 3425
11833 6082 7704 6717 557 5366
11834 2027 1308 7012 2702 9141
11835 1420 5191 614 8642 2079 304 439 1763 2810
11836 6 5570 5874 4264 2095
11837 2602 1167 3191 2670 200 8555 2287 4507 1480 9308 8757 1247
11838 438 2257 8648 6799 1128
11839 1022 6682 2543 6930 6553 1072 2770 8736
11840 1652 3524 8217 1615 7652 3230
11841 3601 6316 1508 6989 5914 2866 742 1074
11842 1747 510 6972 164 7808 3881 1088
11843 7796 8749 8629 5148 9286 4529 1330
11844 533 5659 3672 7741 7017 538
11845 8370 9473 1614 2987 262 1659
11846 3051 7515 3251 2556 5511 6574 791 7273 7332 1683 4590
11847 7804 1332 6075 1157 4132 15
11848 7665 4796 262 3329 5027 7820 6803 6 134
11849 8129 1271 1841 1191 3188 8789
11850 213 439 442 1383 1663 5184
11851 3539 2071 5822 5295 5587 129 852 7203 856
11852 7859 535 3030 914 3032 5445
11853 2868 3607 3494 9698 1008 176 117 205 2029 3088 9007 658 3666 1472 7926 439 685 7093
11854 3241 1547 6673 2057 9188 3556 4306 1208 8275 6476 6633
11855 3669 2071 1365 1156 5544 915 5446 5448 3079 2614
11856 4388 2345 7413 3747 5770 1085
11857 3567 2398 230 6626 2157
11858 3242 4128 5577 7558 10145 758
11859 2170 4891 2988 5195 6552 1716
11860 348 2740 3034 6252 1267 3249
11861 1808 9405 412 10022 9460
11862 5560 116 7532 373 1825 1367 1827 2129 3336 359
11863 1891 5101 7063 5091 1015
11864 8609 1354 1179 8651 678 6598 4854
11865 835 5541 3595 636 2871 1823 6550 60 3729 5892
11866 1657 9031 2233 2446 560
11867 2059 4786 7533 2426 3493 62 827 7668 3511 3868
11868 4393 4223 3104 6665 7221
11869 1824 8935 5384 1646 7712 4032 3624
11870 439 757 3728 2503 2049
11871 71 3607 1282 8011 8392 24
11872 310 597 7034 3494 5551 5760
11873 8741 4043 7011 393 3561
11874 1018 3057 4996 352 8508
11875 367 4494 330 9662 9906
11876 5475 1652 4715 3230 832 5943 464 891 6530 10131 8313
11877 910 5038 1507 9117 8036
11878 3680 2324 7657 10143 3498 2250 691
11879 615 6826 2492 1447 563 6256
11880 1521 2673 6348 4685 7517 6540 1050 6133 9102 6256 6297 6134 3908 4994 349
11881 5088 3077 7527 9041 7870 5247 2 292 2798
11882 3460 276 7722 8802 903
11883 1028 1973 1201 3675 6200
11884 439 7851 2810 339 2025
11885 7056 2059 1985 9983 8415
11886 291 1366 735 939 1100 2798 4510
11887 7036 2693 1196 3968 3740 1743
11888 9105 1643 5665 4593 7303 7596
11889 3919 623 6011 9344 8441 5032 7703
11890 8548 5733 302 6257 2057
11891 10146 2398 2812 673 9297
11892 6213 1450 3699 7682 3006 203
11893 6806 6873 8105 3057 5836 440
11894 5339 6179 4054 1881 402
11895 6087 6788 1420 9314 3474 99 3123 5606 5997 6395 1745 1426 3838 9131 5108 1225 2009 981 537 7121 3114 1624
11896 3512 1682 1569 4745 6533 333
11897 6750 7575 3932 2671 5435 7388 18 2820 2434 384 5045 1606 527 4504 8890 10127 3595
11898 8237 398 1344 9388 397 40
11899 2060 6728 8249 7914 1311
11900 5570 7607 3556 9833 7702
11901 3228 312 1974 346 1171
11902 4234 7799 5698 8199 895 9640 6720 6665 2060 1842 170 373
11903 7402 3324 364 6020 5597 1398
11904 9755 286 8328 3470 1950
11905 56 2993 7664 997 5170
11906 7584 5122 822 6493 3675 7252 4208
11907 1213 4290 648 1745 8345 1308
11908 3259 167 8213 3723 171 734 5297
11909 5534 1090 2071 363 2936 4119 2525 5899 853 3110 1278 7390
11910 4450 1528 5107 3596 4472
11911 771 3969 4722 5050 244
11912 7060 2527 2533 9928 5543
11913 1085 9016 5670 6389 2526 818 346 651 8223 3980
11914 3092 3626 9537 10046 7096 7666
11915 477 1756 599 9274 7442
11916 8356 6822 2188 9637 1667 7476 1392
11917 3626 4390 3729 736 1216 6328 8845 8794 1766 6806 2758 3188 7753 4414 1055 1206
11918 3881 9135 510 8979 7873 2300 2149 4094
11919 707 2287 7739 1155 665 2247
11920 3429 1875 1548 6974 2527 441 8069 384 7322 9129 8112 6348
11921 5553 85 5716 8327 9983
11922 440 1094 8606 6140 583 7013 8851 6898
11923 304 3758 1311 3039 6742
11924 5885 8579 7858 1054 459 1893 2107 3343 843 4507 8801
11925 7270 2334 6761 2460 10052
11926 4910 1323 5056 5533 174 1516 7509 4229 7732
11927 8298 4470 6435 1382 1238
11928 6573 3230 4233 38 4939 673 8338 2368 434
11929 3974 4032 901 6921 4932 4231
11930 1168 3505 1253 498 9936 2201 94 8422 2741 2056
11931 6847 1151 9015 2114 568 232 508 781 789 8075 9901 2816 9867
11932 2106 9359 646 7403 9764
11933 5970 8898 20 1892 4402 8332 732 9054 2820 4529 1034 6073 134
11934 7933 4010 1992 2906 1952
11935 9184 1233 6133 1143 2702
11936 2536 302 9919 1776 134
11937 1776 5140 389 3558 4489 2172
11938 1543 4889 4735 3504 6076 1814 5790 1862 1155
11939 5538 275 1459 407 7978
11940 7903 1079 6548 10089 1804
11941 2142 1834 7137 2527 2065 1267 262 409 3562 362
11942 841 9746 5382 2467 3172
11943 3377 3378 1998 3067 5753
11944 4426 1345 6373 9060 5488 5580 6355
11945 4520 7720 3703 9873 2912
11946 3405 2090 7308 7758 6 5065 167 4654 6381 171 1619 4960 65 734 5008 1427 6525 7617 6132 5078 4385
11947 846 2334 4028 1890 8182
11948 6170 1213 1601 384 960 5648
11949 1085 4414 3476 1082 1083
11950 4773 3295 2140 6281 7357
11951 8880 6713 4051 6996 523 524 924 6624 4923 164 5484 1364 287 165 1356 3082 7471 446 1620 5597 5007 7120 4168 5791 1622 4960 1096 5587 757 1424 133 5353 1745 933 137 5899 8966 2561 8087 853 1662 854 4835 658 8506
11952 6847 5970 8279 9362 7615 1415 6499 1683
11953 8033 6682 1250 9086 4765 437
11954 2515 10117 1279 1188 9599
11955 9993 2397 9736 5305 1723 394 1096
11956 1213 8768 3938 1630 5295 831
11957 1679 2071 153 262 939 1101
11958 3503 60 1408 9070 8739 153 4472 9420 4678 7905 1926 10060 4880 8145 3258 4188 2076 3175
11959 3013 1077 3391 7429 5036
11960 3374 2724 6273 7774 2735
11961 2128 3273 1587 2823 3348
11962 5118 7993 5522 8778 4844 8039 5190
11963 7858 3886 5271 5139 1143
11964 463 4414 306 2467 3631
11965 289 6503 5443 3418 9062 536 934 5448 937 159
11966 2764 8035 1950 8599 7771 9005 10022 5641 1018 7175
11967 5603 4075 7612 94 1511 2676 3268 4577 10070 1247 9433 8569 7447 4066 3449 4067 3789
11968 4371 8442 1156 8363 8361
11969 6593 7282 1384 1172 3294
11970 1692 388 1797 517 1677 18 4021 6974 5623 9169 8116
11971 7460 439 4204 580 407 8767 4829
11972 519 5758 6810 2518 788
11973 2744 5565 3689 4132 4028 2414
11974 8058 2049 4369 1716 6731 6550
11975 7338 1244 8186 6666 5450
11976 1574 7818 4203 371 5492 8201 2218 10109 7499
11977 9058 1973 3128 6253 7684 4122 5973 1903 1506
11978 147 6721 1384 1003 1630 6863
11979 6173 7152 2845 5744 8057 7679 787 9630 5961 8595 3951 7278 7635 3006 1857 7694 9973 4751
11980 5416 1614 380 312 7803
11981 4254 4468 9809 4887 4450 7127
11982 4204 3807 9524 666 4494 3808
11983 5756 4535 1616 9729 9584 4375 2715 280 1758 5179 4485 9277 7976 2438 9415 2043 8844 5154 5354 1759 110 4162
11984 1287 4069 4162 5406 4025 4057 2033 389 9552
11985 1960 1950 1383 1677 9899 7863 4760
11986 4970 8191 8552 5601 2429
11987 4970 5211 2616 6877 389 282 4213
11988 3818 6956 1079 6364 8291 1260 1701
11989 831 4698 611 3049 3050 4350 8053 4365 9977 8601 5865
11990 2771 3205 2048 3559 9951
11991 2569 2633 3420 5247 3055 1357 6182 2798 1103 171 1106
11992 9168 9112 6877 7704 2230 7929 8222 1071 6878 9808
11993 7918 7055 429 7602 176 9425 1176 1686 2579 2562 9200
11994 3301 8752 8680 1971 264 134 2545 1771 2118
11995 424 5720 5570 5630 437
11996 2090 8612 7889 4101 5462 6615 3505 3506 8774 8937 6624 535 5484 1363 9041 2218 10004 928 9414 8316 594 3033 3425 1431
11997 2396 2309 1196 5876 5914 593 7883 8410 4734
11998 1367 414 3594 5218 717 2955 5497 9265 2692 7278
11999 2906 5481 3165 1322 8818
12000 7881 7862 2018 8028 1070 3528
12001 663 4069 5551 373 1311 5134 10084
12002 8312 9830 5054 143 9782 8653 146
12003 7266 3722 2930 9785 8085 7612 618
12004 9582 8535 5037 782 7959 4159 9232 6102
12005 8289 2357 1384 8043 6976 2158 2431
12006 2932 2966 577 1653 2345 1974
12007 1187 1137 1356 604 1884 5085 9891 7065 4587
12008 3690 5082 3111 9257 8491 9619
12009 5322 4074 10021 5183 3671 1745 1641
12010 457 388 3755 3616 8653 2924 407 4024
12011 318 851 4402 5556 5944 9209 642 134
12012 611 1179 7750 9223 1875
12013 9098 21 10018 6561 8090
12014 1331 1074 908 134 4905
12015 4282 6987 10149 6016 6097 1457
12016 4164 3874 3056 90 3845 2215 781 2762 2530 7481
12017 9129 165 446 3673 5297 8441 3468 526 2806 1101 7390 4518
12018 1088 6929 2555 5472 5389
12019 7844 7016 833 7131 7129 3065 9466
12020 367 1054 8915 599 5486
12021 1793 2833 6209 6977 2622
12022 1614 6185 944 5862 4221 3059
12023 1026 1634 2191 2370 4069 663
12024 264 393 2027 4241 7373 2506
12025 2620 2076 6214 4355 1340
12026 1199 2762 7036 6150 6458
12027 7270 2185 1870 9199 8470
12028 9230 4004 5470 4277 2879
12029 3704 90 704 582 4191 4194
12030 775 7575 481 955 2338 1952 3245 17
12031 7524 3111 8415 9548 8743
12032 7748 3915 2609 1144 2167 5022
12033 1850 114 1903 2240 8070
12034 6047 5709 1825 393 2851 8444
12035 281 9260 6566 3926 207 8312
12036 4269 1970 4451 2156 975
12037 4777 543 6906 6516 409 2120
12038 6440 1438 6644 8441 7547 3446 3299
12039 2746 7784 2329 4110 696 1002 4276
12040 6675 6657 6743 9145 5092
12041 995 9758 55 2887 8923
12042 5227 4447 1677 5702 6591 2742 6069
12043 7399 3881 9038 1662 5551
12044 2331 1291 955 398 8587 6902 8185
12045 618 1323 373 262 805 185 1270 2215 733 8533 1621 1225
12046 682 10121 1059 5532 2929 8283
12047 5845 4230 786 4501 110 373 545 6270 9200 4792 8810 9408 9682
12048 905 8179 180 371 8089
12049 5475 7146 4535 5417 2345
12050 5632 4127 2212 6734 4251
12051 6139 944 4786 8915 4745 5075 153
12052 3030 3032 5413 1240 6009 293
12053 1801 5795 2886 643 8366
12054 3839 5945 2446 1197 833
12055 5939 6263 3413 2192 2795 10001 125 5247 686 3001 4032 4383 8851 1904 1468 8232 5451
12056 4872 9377 109 5923 3261 6394 2695
12057 8565 110 4340 5538 561 234 6333 5130 1006 264
12058 1580 3030 6161 1723 6182 526 6544 7601 2798
12059 2197 3116 5277 1735 4087 9737 435 4082
12060 364 3081 8008 1745 3892
12061 1478 4985 6875 2907 4093 416 3660 2032
12062 8516 8011 393 674 1233 2842 4652
12063 9163 174 4796 944 1919 959 4799 1994 8796 4732 1711 9621 6124 4797 6219 3118 2867 7120 967 1682 8507 291 5742 9256 731 1851 4948 3512 969 1374 6520 1271 4998 975 977 2596 1430 4588 3516 6525 9769 1951 7230 173
12064 5815 5527 21 2070 2306 2057 5702 430 7149
12065 1857 1267 5943 1647 1769 312 380 342 3562 1614 2023
12066 8188 3650 1330 134 673 1382 428 1884 4573
12067 7973 6848 1275 331 7338
12068 8265 1828 1881 134 10133 1065
12069 5104 7969 254 7835 4926 2742 757 2598 658
12070 2595 1882 2465 5940 4680
12071 2090 4947 8120 8294 3943 930 730 3124 2614 7017 859 987
12072 6370 439 280 2985 1667
12073 134 1474 6379 4797 581 2804 1045 4562
12074 4222 1825 1156 7696 604
12075 520 3039 9898 10134 4514 8837 6980 10113 312 4156 134
12076 415 5604 1380 3112 4446
12077 4042 8809 8553 1017 3609 6944 424 174 15 975
12078 8842 2890 2036 2415 1601
12079 950 4770 7586 6589 7050
12080 1390 9609 4664 6352 2850
12081 264 253 381 9480 3747 134
12082 3823 5546 2971 3818 7304 143 4427 3986 848 9915
12083 8658 6901 1511 9565 10082 4016 1764
12084 9957 5665 1500 282 5237 2566 4560 4682 109 3775 4938 8844 2320 8553 6240 609 6337 8005 1659 508 4115 2145 581 8495 2203 9072 5022 6347 9277 1224 7891 6895 1968
12085 9187 673 2545 2282 4694 7407 5423
12086 1333 6952 9294 7874 18
12087 4132 1071 1292 3561 8150
12088 5104 3184 1881 6 691 3081 6603
12089 4475 6849 6565 879 5097 884 3557
12090 2576 1229 6216 6773 3051
12091 5561 3689 989 1088 1170 9692
12092 3432 6314 7656 1289 52 5369 921
12093 134 4867 6420 7124 3613 4038 4026 1071 2491 7243 6830
12094 2740 3673 3109 6544 1429 5248 1106
12095 5289 289 9506 1424 5248 979
12096 8435 2812 5531 7189 318 4717 901 1842 6786
12097 9446 7090 3496 7627 3217 6182
12098 4166 9214 9174 8738 8223
12099 6956 8199 9352 406 7969 5917 1958 368
12100 200 3348 9266 6039 3801 3203 5883 6000
12101 1910 8975 8935 376 7371
12102 4233 4043 953 4152 373 4330 9431 10012 1407
12103 3094 3988 1667 3901 7297
12104 2027 6054 2346 2347 6560 9130
12105 9347 8172 5055 4507 5582
12106 1196 8586 9308 5478 417
12107 3106 4105 1322 1882 1751 6308 1677
12108 9026 2627 2503 134 1273
12109 8205 1945 9600 2949 4150 7148 6384 6927 1455 7181 792 5143
12110 4278 4277 1151 8780 1666
12111 1024 9184 471 3324 2819
12112 1302 1926 8184 3752 9128 8819 5370
12113 6996 846 925 6 1427 737
12114 9240 1617 6530 7710 312
12115 658 7935 7966 5573 9728 4390
12116 6360 9812 1309 4066 7462 2697 762
12117 5117 3360 4810 8425 6875 6307 8608 4178 8754 2287 7232 9148 9057 7859 535 1096 939 2806 7741
12118 4803 9367 4357 1868 3361 79 4467 3444 4280 2266 9956 7745 9666 95 6112 2707 7683 7940 4116 2671 1198 9249 4709 2223 2903 4950 1909 6014 7627 4234 1125 1414
12119 5511 89 1902 3406 3409 2102 1619 913 384 4736 10004 171 3055 930 129 4360 3421 1427 3079 4315 1428 2027 5823 2798
12120 4765 5199 599 2020 3101
12121 6713 2396 6201 5345 730 1723 3033 5131 737
12122 537 7364 8260 9062 973 7203 939 6324 5466
12123 4225 3442 2726 8532 961
12124 1332 2533 2438 312 1210 234 1050 2510 7930 2939 8432 6223 3037
12125 3078 2485 2039 9472 1783 7842 1898
12126 5778 2155 3840 10069 2440 2596
12127 9560 8883 2977 618 55
12128 4453 8964 3949 7073 1545
12129 1494 4722 9480 6906 1042 3264 1083
12130 5979 7409 3329 4668 7236 136 6701 1024 3867 7814
12131 4153 1210 1455 4201 560 8291
12132 10142 1960 1205 9694 2525
12133 864 10016 2335 3805 4559 9998 9826 4571 7488 1952 6537
12134 3040 642 5631 143 3955 8611
12135 8685 3976 65 168 8508 5269
12136 4527 4734 2057 1827 3131 6 6024 3075 9957 3729 3945 3508 899 1825 1348 6121 7256 9310 7346 2259 6663 2049 2348 7214 1462 241 9428 7085 7913 1383 1646 6343
12137 9944 5104 808 5480 3329 9268
12138 1 556 4043 8766 7713 9294 787 9964 6013 10017 9608 5541 3865 4193 9679 9744 2249
12139 9409 1993 3789 4150 3111 2170 5067 7222 7197 8426 1155 10150
12140 5668 5667 3131 1928 8789
12141 4431 6226 6656 320 1995 2689
12142 1082 9615 1083 1769 3012
12143 2820 1176 1686 2319 905 1152 3017 5337
12144 2114 2762 7696 886 371
12145 8045 8314 9170 6223 2164 2839 1212 1726 3737 6546 7345
12146 8635 3494 1383 1887 327 10094
12147 3102 4116 7706 9306 1291
12148 4090 390 3702 3703 4305
12149 3768 174 1 6 407
12150 6872 8435 1187 9637 2049
12151 2132 5581 3338 2640 3059 8743 621
12152 7510 6767 3711 3900 687
12153 2113 1589 9200 8699 471
12154 6237 951 1499 870 8840 1496
12155 5903 7234 2978 4687 7498 5994
12156 3185 742 8200 4053 689 4664 7846
12157 6 2460 4779 1660 8640 439
12158 1587 713 1151 4144 1585 720 6832 4802 7908 4164 6990
12159 5583 1512 7553 9811 10038
12160 8381 9990 5331 6143 5557
12161 2603 3377 3378 2835 2906 3338 9296 2663 5251 2836 10003 5514 7448 10071
12162 867 404 7078 8080 8191 5115 4010 662
12163 5904 3763 5475 2344 380 10007 387 1614
12164 4996 728 6811 8961 4158 8871 3254
12165 1292 128 1388 1224 1291
12166 2423 9242 3678 3820 384 3725 571 6502 3479
12167 29 634 3276 4796 3481 2715 5668 5472 4277 3478 4560 373
12168 3588 97 406 8541 2616 9082 1384 600 175 5501 4127 3702 4867 9578
12169 1051 1342 8383 5563 7639 6566 1544 7574
12170 7869 2191 7364 4119 5182 2525 5587 5444 6629 8390 7365 3673 500 5446 3079 939 1098 7936 5466 3733
12171 1546 5473 560 3847 1808 9990
12172 228 2374 6104 1587 3185 6339
12173 736 8989 8147 2813 595
12174 3100 2953 171 446 7000
12175 111 1593 280 1061 6553 10073 9675
12176 4797 2550 8194 476 658 6518 5308 734 5418 5570 2009 2533 3562 342 3167 2843 829 2499 7453 2512
12177 3996 2022 7760 4686 2592 4489 558 1759
12178 508 1914 5668 3488 4100 6240
12179 270 5569 1361 1026 1848 8137 604 3840 3208 1684 2030 5524
12180 332 899 2396 9220 4385
12181 15 4831 1707 1050 1246
12182 9699 7567 5465 5770 3967 1742 288
12183 2090 97 846 8866 6358
12184 1328 4328 6724 7034 134 1457
12185 991 3675 61 4902 2876
12186 2090 3107 534 535 5822 133 735 5008 294
12187 3687 2204 2530 8653 1810
12188 9430 9474 28 1477 805 5883
12189 6921 5668 5532 2766 9151
12190 3082 1462 825 2015 5130
12191 9046 8763 8568 1819 597
12192 713 5056 6275 630 508 4102 6934 1913 1908 9586 1861 6359
12193 280 9400 7031 2398 7102 247 7208 2050 2773 4681
12194 1210 2510 3209 4059 4127
12195 1302 450 7215 1497 7451 2409 2398 8891 3009 6709 10065
12196 262 9197 5475 4394 4715
12197 6508 1082 7753 8239 1069 1674 1604
12198 6697 1488 868 6077 4970
12199 6233 5728 7776 3056 4988 5925
12200 10128 2343 2671 6479 6 924 546 534 535 7859 5066 9780 4633 4732 836 1364 3739 231 8099 5856 3681 902 2584 2629 143 9 3116 6850 10004 682 2795 931 1096 5544 6990 4259 939 855 6730 1429 2938 981 3426 7121 1104 5250 9220
12201 5565 3184 7078 6281 252
12202 5925 11 5231 2274 1562 5827 4287 2171 3801
12203 5683 4227 9824 1884 3305
12204 7660 3126 10141 2734 3338 9821
12205 6456 3958 4599 5637 6932
12206 419 311 1719 1050 2560 1640 260 3576 952 110 109 7920 455 885 5534 7721 5347 1612 6782 8021 1827 1156 1384 1609 833 1802 7091 1674 3213 801
12207 2354 61 421 6080 7460
12208 1480 404 4659 724 5290 5176 6107 748 9536 7604 8119 4060
12209 9326 7682 905 6746 402 63 641 1384 4170 1294 1686 2579 38 39 1223 1224 9388 5443 2633 40 128 129 3227 339 7426 55 8616 133 4424 8401 6519 1903 8437 755 2097 5577 65 979 172 4587 2100
12210 3153 961 3006 3020 3107 6330 3615 9786 6543 1357 3001 9938 5684 5450
12211 5834 2464 8731 8593 5472
12212 2503 4043 4789 3547 7138
12213 2143 2036 1071 9899 7986 2742 6497 1006
12214 8528 9712 264 2773 5487
12215 1339 5130 1860 9878 2414
12216 1829 9043 1135 5 134 2553
12217 2720 4243 2443 8258 3150 1225 581 2758
12218 4965 219 2493 6302 2434 5492 1921 1902 7768 5128 1825 820 89 2095 960 8059 9082 5742
12219 9488 3809 3258 7443 4675 3826 4854
12220 5695 975 8439 4386 5483
12221 1565 442 1418 929 8193
12222 10052 9419 2209 452 6462 189 1034
12223 1122 336 7303 6037 1784 1511
12224 7305 7729 7345 4028 1233 5308 2535
12225 9545 8612 2111 6091 2081 3870 8425 221 7413 10105 2434 4850 5639 606 874 4068 5770 7684 2287 6670 7599 9851 1861 8492 4567 5205 1329 513 1415 5772 4563 7963 5769 2292 4564 136 1043 90 2934 2708 4122 10048 8288 4707 6276 2221 5857 1352 2223 5321 1794 5311 1475 2388 2289 1752 7005 1584 2983 361
12226 1903 8289 577 3763 4887
12227 2328 9594 5112 1153 7317 8084
12228 574 4615 5471 1586 2185
12229 3851 5175 5290 8678 749 745 5240 748 5197 6818 1158 2170 6027 2530 44 2732 1646 4635
12230 6265 1075 6145 5691 6294 6924
12231 1335 563 3793 3541 3533 2158
12232 4079 9556 10097 3649 2730
12233 3573 6121 8993 1329 8371
12234 6795 9205 4575 1972 6489
12235 6725 7811 1612 5930 9637
12236 371 6926 801 9127 8239 1063 4529 6720
12237 1650 1484 8330 8247 5092 8115 7662
12238 5983 5981 736 4602 10150 7357 4996 4423 3493 521 6811 3118 975 969
12239 5918 4715 8767 3887 6641 3560 1225 2788
12240 7848 1404 6061 2264 4337 9445
12241 4604 5274 3702 6818 3062 3703 2434
12242 1846 429 440 10151 1709 10152
12243 167 9786 2194 171 6739 7333
12244 439 1027 414 3080 5527 1978 3078 155 964 4705 9849
12245 2187 437 6259 4602 1406 8924 1669
12246 267 1892 2704 677 1817
12247 1001 3329 1225 878 9683 4534 1300 9661 8527
12248 2396 5705 2188 4033 7972 3645
12249 618 3265 4369 4674 1760
12250 1273 720 3552 283 6842
12251 8534 388 9124 517 6288
12252 1868 6820 7214 1246 3199 6907 4707 7133
12253 202 5084 8865 5061 52
12254 9273 6425 5748 2545 4646
12255 5225 961 6335 262 4486 3003
12256 4020 10075 3602 7218 4750
12257 4804 2816 55 6384 1698
12258 10019 7537 3198 323 8928
12259 2774 1238 4646 728 1003 8637
12260 5511 1365 1301 2936 1156 133 3033 2807 1106
12261 9846 2586 7588 1512 1009
12262 2489 6737 407 5181 1003
12263 7527 3938 6137 540 2810 3547 3053
12264 6053 8615 5921 5862 4221 9459
12265 2319 1547 5917 2702 1614
12266 3275 18 193 3565 1479 8637 7543
12267 7975 591 1018 1370 1246 117
12268 409 384 9197 4042 2737
12269 8192 4486 2720 8795 3953 8499 757 2267
12270 1687 1688 7784 6363 3675 9441 4448 3894 1490 4193
12271 9313 5680 6573 3598 4660
12272 6645 3335 4628 266 5033
12273 3228 7867 4337 596 3301 5700 4978 216 5087 1529 4902 3763 2527 1171 1974 1125 9895 7479 5164 409 1057 5627
12274 8350 757 6188 6986 4588
12275 8106 1686 3725 4047 3241 2154 203 2041 2368 5277
12276 2205 6108 1304 454 51 9997
12277 7026 5790 3544 2770 1838
12278 3633 2824 9572 789 2266 1886 6804 2745 6581 5836 2604 6146 2132 5435 2446 1384
12279 5773 2663 2079 618 5083 1323 7811
12280 2112 7665 8387 5371 6556 3059 4183 2182
12281 5223 4618 1385 9683 7605 1006
12282 2705 3111 1897 1898 7415 4756
12283 5970 3476 1891 174 8061 9684
12284 2059 4402 298 3479 2810
12285 7587 4287 9656 5038 8677 560 4153 1745 791 2015 8933 9538 704 2126 109 2369 8251 7272 3309 7202 7603 4247
12286 4223 2079 4435 9262 8849 373
12287 1265 1392 8108 4476 5677
12288 2274 2364 2223 8449 8647 9555 6018 6941 134
12289 2338 3929 4335 8715 3493
12290 438 761 3075 413 1822
12291 6131 1721 3081 4526 8898 2113 7525 9528 9774 5800 6528 9312 1123
12292 439 1631 1323 1776 3184 805
12293 9875 2395 8336 4347 10112
12294 1916 5039 2132 5969 4775 1776 2962 1323 4252 3184 558 2334 8253 2647
12295 1700 3105 8400 3079 1904
12296 4355 3729 4436 8865 5452 2135 409
12297 2187 4836 4501 4686 8396
12298 3615 5165 171 5387 1357 939 8087 2807
12299 1151 8276 1162 9014 6755 697 9691 6168
12300 8047 3626 7077 373 3482
12301 262 174 3329 1265 851 659 5419
12302 1309 307 309 3763 409 5173 3756
12303 1392 4532 4340 4602 8015 3917 7715 8646
12304 660 8627 1766 9851 3205 6188 4648 662
12305 9785 2694 9092 2215 8233 3528
12306 3626 4637 231 9703 1270 1621
12307 5366 9239 3493 3176 6355
12308 4298 1527 388 4580 1213
12309 1647 2096 109 175 3824
12310 5605 3657 3733 7119 2937 8029 3418 1634 5345 144 859
12311 8357 3039 254 9747 6355 8149 2331
12312 2226 879 3974 1377 1582 5520
12313 32 9520 3246 1948 1083
12314 3494 3306 462 489 6625 2489 2807
12315 3498 3492 2981 1808 1903
12316 8642 3601 1971 2899 409 90
12317 1885 6480 7232 3406 6217 2193 171 3673 5310
12318 5679 2433 80 7790 2139 1134 4100 94
12319 7066 456 3636 5829 4137
12320 2644 9944 1367 15 6798 1083 492 581
12321 4902 2343 185 10038 2975
12322 9035 1875 6581 4704 110
12323 8211 812 3282 127 1406 3734 4014 3175 1898 1273 8104 9731 2489
12324 8663 6993 9160 5668 3321 5835 2760 4094 1123 3736 2861 431
12325 473 6814 2890 569 9726 1225 7907 1246 1273 4425 9413 5076 1212 371 667 2980 1428 7309
12326 5097 2304 955 6787 3949 9861 1829 8041 3967 1083 3999 3803 6786 6379 1825
12327 5997 5444 7861 3108 1968
12328 5569 78 927 3006 9393 166 1096 3108 1097
12329 4182 5169 5944 2096 1349 5057 4071 8008 1683
12330 6381 962 4960 3423 1430
12331 8749 9299 3724 9289 1158 1117 1213 1722 905 944 3214 7461 3259 751 3017 3796 1564 7097 6458 1357 3109 2168 9201 744 439 8904 2285 1278
12332 6574 546 2071 4489 6096
12333 9740 9451 2643 6083 305 9874
12334 2095 7908 1585 2763 1759 337 6135 1060
12335 5662 3414 6 99 704 2071 959 217 87 3040 5170 6246 5387 915 1427 939 373 5030 5466 981 297
12336 953 2548 8009 4197 9418 7888 10150 7789 975 9692 7668
12337 9729 6585 6313 8572 5206
12338 4718 373 5993 5527 8352
12339 3388 2726 1988 2387 2079
12340 714 874 7353 229 9959
12341 757 6762 545 3429 2424 4719 5708 6 5313 6566 409 134 193 1893 6497 8915
12342 8648 1008 439 3263 2327 1330 3906 8600 4901 1974 3480 9518 8670
12343 1318 698 8520 6981 9146 8544
12344 2943 2972 1511 2933 7276 5729 9416 6016 2124 1126 4545 9301 3187 808 7707 9031 3640 2001 1124 8841 1647 1908 140
12345 2114 5668 2716 4971 3533 3915 2171 4285
12346 5875 2351 4587 1308 301
12347 105 8128 9681 502 1809
12348 4449 253 604 733 4768 5184 1646
12349 1346 717 5369 8581 5739 560 3495 6839 3758 6052 1817 6260 3884 241 9952 2761 8758 1119 2307 4111
12350 1647 1325 3266 8795 7756
12351 5909 10147 405 1556 392 1652 1726 1335 8653 9694 7788 2165 3615
12352 1171 8062 3329 851 3228
12353 6108 679 3160 3531 1899
12354 7408 9104 2954 3320 8647 374 3708
12355 2210 575 9319 4306 1427
12356 1159 611 3926 8282 1384 8804 3292 3517 5600 4542 3053
12357 181 6674 4951 944 5966
12358 2025 4796 4937 6870 3719
12359 3763 6150 776 29 6929 1658 5142 9906 9790 3584
12360 4180 1156 6 8390 2048 6175 439 2812 7100
12361 3763 7298 5212 2848 1659 7301
12362 944 6249 1966 6372 7956 9604
12363 8621 1612 2098 5452 2048 2049 70
12364 2868 1282 2738 1125 2426 2463 8581 3607 892 2164 5093
12365 4779 8650 4023 6453 9391
12366 3756 5563 6465 466 794
12367 1383 3905 899 5303 975 1904
12368 720 1391 3763 409 2399
12369 2051 2778 10087 3840 312
12370 45 410 2049 353 7656 1050 9242 6726
12371 4935 4805 3111 9260 1134 4803 1574 1182 5491 2264 9207 7873 3818 6037
12372 6590 3067 3572 477 7248
12373 4306 2021 2294 1587 3198 87 3217 6333
12374 9376 9242 7776 1298 6641 6924 6936 8445
12375 3393 2059 2605 4951 500 3348 5255 7202
12376 4418 1071 4330 8102 3834 5557 9274
12377 4867 6665 8767 1238 393
12378 1910 6346 606 105 5930 4440 1013 3607 5782 5574 2471 5687 4772 6603 704 1400 134 560 884 8637
12379 648 1027 601 96 8831 439
12380 6299 7117 924 3052 2794 2805 5822 7120 967 65 3033 720 3423 1430 2284 377 7833 172 2100
12381 1993 3196 1340 599 1155 6496
12382 1377 2914 9320 5202 9850 7841 2476 843 6991 842 4330
12383 1573 477 470 2993 8049 1384 4996 254 1123 8831 4285 7227 1462 2028 2579 3750 5738 63 9908 8449 134 674 6056
12384 1907 1145 4105 1322 5124 4254
12385 5492 4764 6397 7331 3941 3671 5465 6627 4586 3033 3079 5449 976 2195 529 3548 594 1430 9 1164 2285 858 982 5998
12386 380 5646 262 7201 381 6655
12387 388 7614 3999 1510 1511
12388 2443 8924 7318 5985 5099
12389 7491 8522 493 1088 1795 720
12390 2816 3343 1698 1411 2647
12391 1587 6029 315 5518 4098
12392 1830 8354 1851 3039 2528 731 7102 8532 882
12393 197 3641 1420 642 3416 9812 2019
12394 2407 8181 9685 1223 396 40 1294
12395 2694 2964 3059 1353 3505 3506 1705 9585
12396 2287 6091 4591 9052 2053 802 9649 6512 2659 5639 9550
12397 6574 6624 535 5308 855
12398 312 6265 9405 1683 1015 1356 6257
12399 2397 7059 2455 2878 3556
12400 5409 9531 7126 8816 2969 5632 1924
12401 9168 3593 7071 9011 558
12402 4710 831 4416 474 71
12403 2726 5656 3360 4225 3106 9442 2947 7750 2060 3517 1547 5703 6098 581 2820 5198 2845 4014 10122 52 1904 8286
12404 5400 7990 948 807 741
12405 9726 312 334 7252 6408 587
12406 8367 6851 1309 5570 516 3771 9683
12407 5779 7907 8578 174 7361 1817 5812 2267 4809 3830 1752 368
12408 6344 4 134 471 1374
12409 7591 8556 317 905 441 830 1834 4572
12410 8521 6032 3715 1813 8789 7779 3914 1339 6037 3911 4819 6539
12411 7016 1405 3148 4378 1609
12412 4114 7895 298 5414 5410
12413 2846 4223 4615 8489 6476 1114
12414 3621 6331 7122 1547 5550
12415 8504 3600 9574 7403 7298
12416 3224 2257 6354 5040 2439
12417 2702 5815 4797 264 5950 134 4581
12418 9950 1074 7201 262 1301 1991 9520 2279 380 671
12419 3660 1736 3164 5256 7290 439 2668
12420 766 961 7498 6432 2622 4986 3102 2762
12421 1196 384 9617 5578 1971
12422 4580 6535 30 7976 7143 5695 9517 1480 5050 5857 10141 9570 7174 8557
12423 7353 9509 4830 9540 3494
12424 3030 734 1098 7334 149 1429 3423 6666
12425 9770 8769 29 10010 8297
12426 6 5277 6879 8085 2258
12427 5674 9661 312 8810 5648
12428 189 9016 10111 217 4716
12429 3365 7132 1744 9211 2137
12430 10121 1257 1259 9304 1869 3098 7106 4151 6829 3912 3926 756 8589 5255
12431 714 189 90 1915 6635 822 8800 1500 373 7109 5556 2906 3542 911
12432 2971 387 5409 266 381
12433 6479 7526 3938 2191 168 8087 149 1106
12434 1479 417 5016 2000 4547 2123 5538
12435 259 260 2811 5068 9973
12436 2302 6506 6965 7892 5665 3907 4933 2977
12437 1410 427 2124 3754 1608 5490 392 3288 8387
12438 2780 4743 2385 3168 1225
12439 2181 9570 2175 5371 4520
12440 8721 3827 5173 5431 6220 1594 2987 3212 6847 1756 2656 3386 2301 8829 1797 1721 9205 1083 1308 10143 6874 8364 3194 2793 5375 2983 1679 7879 4490 3293 1493 8649 4574 5043 2362 7563 4454
12441 3388 2663 8231 7362 9916 3389 7136 3371 4358 6882 2542 2497 79 2472 6303 7494 2638 3661 3357 3778
12442 5990 776 6841 2905 8372 6510 9034 475 3536 9468 9085 3999
12443 2793 7758 3409 2866 6996 171 4119 934 937 856
12444 2676 7808 1427 393 4628 1667
12445 4904 1026 2374 901 4 4486 323 262 258 3600 3650 1623 1027 4085 2524 1101 1432
12446 5390 1399 6 2429 4386 9879 4959 5030 293 2798 1429 6637
12447 3283 3043 3175 6115 3596 9899
12448 744 3144 743 3742 3796 4675 2608 6107 6577
12449 7710 5684 5787 1382 573
12450 2791 867 2246 2122 5293 3731 6296 1212 6042 752 3529 1579 8226 8714 9223 3851 4065
12451 2993 7558 1342 4375 3729
12452 9658 4 5647 1022 1074
12453 527 5382 10035 658 5337 437 57 593
12454 2863 5079 2550 529 8500 4732 1225 1428 2284 3425 737
12455 3818 5200 1952 2897 5626 3373 3823 360
12456 2168 3759 6606 1608 2533 4394
12457 7432 2047 6708 3493 5949 6482 1407
12458 5696 455 9529 2543 180
12459 2733 4780 7312 9914 4079 917
12460 1262 1728 71 8430 2124
12461 1297 604 9775 8912 134
12462 725 726 1085 6755 1489 5620 5429
12463 757 3697 3072 6644 1071
12464 393 851 678 384 5152 8672 5529 8112 1308 2528 9243 7619
12465 32 4640 4834 9119 9027 3293
12466 9788 3052 9050 2191 2795
12467 1440 4127 2414 262 312 1614
12468 3789 401 6956 7016 4759 2643 1662
12469 1913 3111 3334 6697 3799 5908 7099
12470 6608 678 1711 761 393 6 9867 2097 1432 4555 9533
12471 8940 4548 4088 8881 8941
12472 9611 7031 373 6704 4193 4378
12473 4305 2934 1077 7113 1404 304
12474 6386 1853 8937 2429 446 3266
12475 1648 5332 4658 5844 7795 9217 5073 7961
12476 3405 6687 4043 2101 1619 8029 9741 1095 6093 1430
12477 130 7799 5632 2776 5673
12478 7560 834 421 2788 6 7014 9833
12479 186 7201 1159 3789 7879
12480 1249 71 894 1512 311 1579
12481 4542 7875 5502 2574 2588 2791 2764 5725 6734
12482 4446 2068 442 3207 5361 2486
12483 9981 9033 2545 433 262 1118 6665 2169 2168 9640
12484 1079 338 1602 5616 1159 1640
12485 2679 2896 3149 5591 10141 1515
12486 5436 1328 2665 2642 1245 2274
12487 2017 658 2268 9055 4401 358 2779 4437
12488 5249 1565 134 1238 1672 1235 477
12489 8539 6246 381 7461 9178 691 2501 4537 6976 9043
12490 1487 2527 1648 9479 2209 6459 3375 3376 4063 2530 8208 4335 8575 1520 5728 3089 7948
12491 87 2112 899 1244 4148
12492 2350 5086 247 6 6171 6250
12493 9669 9463 3463 7970 1158 5686 868 9698 384 6858 5539 648 8632 3039
12494 4207 3107 5432 7117 3077 8400 4654 9713 965 4549 7189 1634 7037 129 8702 3048 152 5823 1101 8127
12495 4743 1620 2806 1270 5131 7269
12496 8084 10015 8329 6137 6714 6338 6895
12497 6259 1205 1075 5058 3112 3973 2049 9119
12498 2812 264 9507 134 312 2929 187 10050 4427 4344
12499 1224 398 10021 3776 1296 1344 129
12500 648 5414 9431 1918 364 5602 3298 8886 3970 5111 9395 254
12501 7513 4516 9485 4428 9231
12502 10127 373 6565 1614 7969 7938 593 5369 1607
12503 5707 2939 508 2993 2596
12504 1916 2666 5156 9880 8327 2202
12505 7382 560 5782 407 1769 1071 6569 6185
12506 5173 1848 4707 3118 170
12507 2333 2060 506 1718 8208 5501
12508 4369 7146 4396 8944 4940 380
12509 9617 442 138 6947 4681 4644 588 7883
12510 2047 6870 1308 1735 801
12511 5846 803 2886 2962 804 3103 7732 1323 2964 4591 8253 557
12512 6355 6598 7623 9505 2089 1802
12513 477 1238 1670 2159 4681 8638 9878
12514 8436 2071 7365 737 1358
12515 6625 3729 2510 2818 2010 464 6965
12516 174 1130 4389 8919 2197 8645
12517 388 3704 6651 392 7403
12518 2993 175 5673 7015 5464
12519 8891 2133 352 6603 3544
12520 83 8926 2707 2266 2039 3262 1967 88
12521 577 5492 6 3938 5702 262 3412 4382 4959 395 4118 3123 291 930 4683 934 536 137 6844 937 3079 3110 4172 7936 152 1104 859 1105
12522 9736 5009 4334 9138 832 7283 2535
12523 3338 7989 2208 2213 424 5768
12524 1589 1923 262 134 9878 2112
12525 2049 4861 2980 384 2091
12526 899 4709 5087 4014 6359 2144
12527 5049 304 9475 3602 4137 8052 7646 2483 4202 6523
12528 713 4116 3234 7683 4142 1051
12529 1 1156 200 3050 4557 4633 9890
12530 254 990 2888 1152 393 2327 8990
12531 7874 4310 6513 4762 1206 3537 7530 699
12532 193 1635 2142 689 7983 2160 1238
12533 6711 8837 8197 3872 1112
12534 8464 9984 2323 3911 391 7550
12535 8870 2611 9211 7770 5981 66
12536 6295 6737 6632 2549 229 1380 6 1190 1356 275 2875
12537 9758 1667 2036 1842 3629 7317 2983
12538 1309 9335 9359 1116 298 9941 3721
12539 1075 2239 678 409 4430
12540 1940 9981 318 81 4204
12541 1962 2528 7619 991 4149
12542 9088 8590 2694 7075 2572 6989 500 2300 618 1351 4591 4153
12543 6727 1851 4789 1862 2553
12544 802 6111 1150 1959 2964 4591 7547 6202 3059 6645 8245
12545 4475 8799 6376 52 2791 6 418 1786 791 2368
12546 4333 5400 9058 6934 1736 1914 1843 1815 1031 3031 4421 6476 10066 2455 4084 3393
12547 2164 3478 7099 5281 7766
12548 6086 4211 9270 8105 8502
12549 5096 9147 2411 224 605 6143 7669
12550 1188 4306 6343 2827 5982 1646 6551 1444
12551 2038 2962 1323 2078 3184 2964 3056 9371
12552 247 2995 5870 5711 3987
12553 5097 892 6845 8734 6279 262 4237
12554 3803 1857 1017 3329 237 409
12555 4907 6856 4777 1830 1831 1083 1139
12556 479 2934 3974 2300 388 944 1323 8892 3898 3202 4068 8677 1579 3872 8307 4513 458 2130 7206 7671 1517 390 392 481 3207 7169 4349 6377 5039 3353 3881 7707
12557 3335 8612 8425 8294 1380 3412 3082 287 7364 9613 1365 6675 3123 7570 1622 5997 8316 5308 4948 133 852 1097 6399 3079 2807 1429 3423 4510 979 980 3426 5998 6637 987
12558 9304 6848 1364 1745 648 475 378 2788
12559 1512 4815 356 2027 4369 3263 33
12560 1698 8253 6209 5306 3386 1144 5637 5638 9094 4115
12561 2059 58 1075 262 1524
12562 174 10032 4815 3294 1003
12563 1316 3171 4664 975 1418
12564 1776 2218 4586 1186 939 553 6666
12565 681 679 7078 1702 705
12566 694 8119 3404 2790 1950 90
12567 9318 4951 2502 9674 1024
12568 1554 9634 373 2555 9893
12569 8926 948 2602 5827 4787 6131
12570 2575 8778 2640 6017 1988
12571 1822 2051 2281 2019 8569 1350
12572 2036 134 393 253 894 4636 5132
12573 1573 134 6858 895 1572 7215 384 2545
12574 121 4626 2056 1705 9939 3230 146 3023
12575 337 262 182 8483 3158
12576 1912 2961 3391 3441 2906 4987 8803 4068 4006 6032 6701 6002
12577 1987 3818 1079 1775 478 6304 1939 109
12578 4827 6191 3733 2688 8133 6429 6419
12579 576 8494 7487 2328 1312 7719 9764 3985
12580 7013 4921 5289 7860 1096 9842 857 172 4590
12581 3778 8976 3881 1913 10114
12582 2398 5702 3981 3709 7440 9531 5013 6630 3199 9830 2089
12583 1776 8110 4424 5803 4697
12584 1779 1117 8139 4380 9618
12585 2166 8354 2010 7619 3668 3175
12586 3521 5527 3718 2592 9927
12587 9545 627 1163 298 2555
12588 3263 5180 2049 2048 4707 991 7878 892 5816 1270
12589 431 8329 3508 6925 9558 5637 4277 109
12590 5615 5825 2278 3891 348
12591 1315 6651 5216 7481 416 8388 755
12592 356 5925 7131 3507 6058 622 5300 9140 3865 3190
12593 2248 3080 7709 2427 2088 4491 6720
12594 3578 3929 2868 5509 6015
12595 8952 7712 7297 7678 4495
12596 7056 627 5692 1504 9892
12597 7782 2276 614 612 9890 8668 9937
12598 6788 171 1365 3109 1430 859
12599 8551 1888 5057 3201 7947
12600 3661 8880 1336 1359 79
12601 6294 6420 304 384 7973 7954 409
12602 1002 158 1225 1427 4804
12603 2083 97 846 5078 2248
12604 4520 1511 2398 6402 231 1168 7764 1507 5925 9457 1123 1320 8206 1323 8004 29 3046 3408 5332
12605 1589 471 4398 8353 604 8817
12606 5599 7722 8744 4010 1331 8610 8329
12607 1825 8264 704 8874 4195 118 10081
12608 8910 9887 3824 3006 7575
12609 90 7795 6150 1322 4305 1954 3338 909 7920 404
12610 404 3980 944 1144 460 7667 2245 9143 98 6879 7342 3779
12611 4702 1488 8191 4799 2012
12612 83 805 4641 1698 1776 3557 5357 2716 5283 10104 2245 2244 6150 49 4591 3056 8253 1702 5189 5864 713
12613 9218 5176 751 3703 3702
12614 5574 8239 5867 801 1083
12615 198 1807 6315 9160 606 4492 3746 1465 7598 9480 1448 2545 2853 579 5426
12616 7519 3783 360 4616 9069 5667 3842 4641 780 4599 9084 1583
12617 4197 562 4712 515 495 4562
12618 9384 3100 2198 4436 4209
12619 1531 2468 575 174 2313 4469 4503 813 4486 7031
12620 4978 201 3362 7425 1074 2055 4305 652 10016 2327
12621 7379 6919 4914 868 10153
12622 7933 8333 2904 80 3864 1987 3982 1336
12623 2820 3961 6596 689 4750
12624 1848 9124 8854 9856 2924 6565
12625 5820 2772 8686 5252 3228 651 9155 8631
12626 171 2936 5308 1103 4962
12627 1686 8918 8530 3709 440 4722 381 1617 2533 7753 8078
12628 1587 4238 2413 234 1577 5529
12629 4583 542 4925 8882 5501
12630 575 7325 413 322 3064 134 2168
12631 4431 1263 1045 109 1784 2608 642 510
12632 3626 2715 2708 744 1050
12633 6373 581 728 2939 6522 5634
12634 1832 193 10093 6533 6593
12635 4042 7201 1075 5475 380 5011
12636 2779 373 3799 4280 2716 4340 2961
12637 111 89 540 7189 5450
12638 1025 912 4486 2354 1274
12639 2116 9306 2048 4996 1899 7802 4756 8681
12640 2036 5533 8568 1763 6184
12641 1274 7716 5631 3039 7 6098 757 407
12642 1050 1003 1455 4270 10033 2140 1212 7592
12643 8994 4660 7956 6316 1585
12644 5416 299 673 134 1672 1238
12645 2805 6785 3033 981 2614 296
12646 3755 7406 5613 5642 3801 1460 3176
12647 1345 9251 1317 1745 7135
12648 4264 2373 312 5784 2595
12649 2167 8244 4850 1157 3093 4565
12650 8753 2865 6193 895 8146
12651 8827 4840 6837 2458 10120
12652 384 383 387 8439 5618 5140
12653 1964 3189 6355 6829 8240
12654 3896 2309 2812 9623 4742 96 15
12655 9170 2953 1677 4929 4245 6188
12656 134 673 4681 6143 7715
12657 2971 111 8140 6271 7765
12658 6994 1585 9342 5394 1411 9381
12659 5402 5652 4907 7667 1692
12660 5878 4474 4433 7656 6480 3699 3406 533 93 4947 2766 6716 2890 3938 419 2026 3544 2805 5604 6702 1657 9075 1964 527 3749 171 446 9122 2194 4584 133 5388 3025 6718 1597 8087 1429 3423 4510 9858
12661 227 7275 2287 2111 8525 2573 9074
12662 1205 1164 1448 6282 5995 9625
12663 2139 3822 2458 288 1583 7350 581 1952 4148 3003 6500 3081 2112 282 2816 2222 434 3551 193
12664 4494 789 2631 4522 5883 4198 5601
12665 7561 3051 6001 4717 7127 9784 8004 6631 241 1457 4797 2010
12666 9427 9757 8200 3329 1696 7
12667 2388 3225 1887 4312 1888 5249 2253 6999 5154
12668 9298 2287 4335 628 2331 9057 4988 9680 7461
12669 7823 9991 6362 6595 439
12670 1511 6203 6953 5452 7728 1510
12671 6759 5254 5005 4806 7667
12672 7295 5550 3295 306 1006
12673 3683 956 1339 2565 7687 3593
12674 5549 190 4426 966 7060
12675 6794 165 580 4501 8967 7215 1016 1542 1369 5161 2194 7427 4460 2072 7517 5688 9340 6839 8786 392 4504
12676 1018 2408 1399 1559 128 1097 7183 3110 1030 984
12677 1689 2274 9402 2728 712 2472 1455 5186 2313 732 6348 4807 5234 402 4471 1662 2556
12678 9123 6550 414 8684 1223 1224 40 38 847 373 6899
12679 4921 731 972 3109 2806 5823 8904 5248 1030 5902 2285 172
12680 5703 6565 1133 451 5993 7622 714
12681 2261 1367 8672 1454 7418
12682 1045 2771 5542 3324 1126 2164 7241 3306 4963 580 657 445
12683 7882 2839 8651 3064 1971 373 49 1655 3421
12684 824 1079 1698 6261 4280 3444 9433 932 9790 3851 544 545
12685 9311 3897 7346 9741 1424 3109 6645 9861 1104 1532
12686 2357 641 1384 9221 5045 3301 7020 4 9525 10138
12687 5173 2348 5266 4715 9526
12688 181 4179 1033 581 10024
12689 9816 7068 3387 2963 80 3799 4728 2663 1016 10114 2205 2602 6036 4280 1551 630 2114 4332
12690 2878 6576 4545 373 9392
12691 3184 2964 4591 3692 9931 1249 9445
12692 9326 6540 343 1870 2865 3587 8418 5342 8101
12693 2510 4501 882 1236 9161 4042
12694 8562 3510 6478 6280 3496 3606 2185 7261 6976 1891 7864
12695 3505 3506 1356 8464 5107 5769 3184 8306 4063 9521 90 2398 1287
12696 1885 2829 6572 3967 237 3965
12697 1971 7466 1151 1585 720 5057
12698 6662 6574 6624 535 1424
12699 1587 3111 7264 226 2907 7810 233 388 1077 390
12700 2602 8016 4040 5409 948 2348 5674 3429 110 373
12701 8312 2668 4564 902 5507 7887 5508 5639 3039
12702 900 109 6462 2760 3167
12703 9942 2740 9660 6828 807 4204
12704 5268 1653 3457 9323 5649 1238 6821 229 9580
12705 7172 8432 1023 2551 5279
12706 6050 1308 8648 6663 3295 9945 3228 4486
12707 2278 408 6061 3291 1055 4887
12708 1325 424 3403 4574 7179 7753
12709 2820 6133 673 4643 4767 1672 376 52
12710 6765 2449 3434 8389 2757
12711 4811 232 2713 3547 2268 4766
12712 1814 3650 4449 3105 7070 284 8921 10021 7765 3004 9408 3505 4256 6012 9293 7394 5389 1470 231 8925 7317
12713 367 7555 10000 1418 5983 2527 447 171 4460 537 689 2380 16 4245 172
12714 4941 3729 4032 643 658
12715 5003 9262 1225 9720 3082
12716 10068 2890 262 381 502
12717 8738 902 5867 606 1587
12718 8390 6867 6204 2892 2309 4298
12719 5492 5065 5465 6544 3674 296
12720 1409 1843 1304 8723 2178
12721 1226 1295 5443 128 1223 4292
12722 2533 2250 2534 2954 9849
12723 7308 913 2272 9414 931 1225 4585 8316 6093 8159 937 502 295 4748 4752
12724 8380 1284 1654 3116 5277
12725 2320 2302 109 2112 1923 6768 1952 10089
12726 335 6475 1776 2493 7550
12727 1464 1467 4528 7238 5643
12728 3867 2029 8674 3037 1048 1759 821
12729 8568 3054 7503 819 6764 422 6823 7558 556 3911 8927
12730 4571 1679 6160 1950 2357 4555 7010 9389
12731 2412 1868 511 736 105 2302
12732 9879 2280 4475 3550 4080 658 6766
12733 6338 247 1187 1865 6484
12734 5608 242 1129 8440 2972 5271 6994
12735 2022 594 2596 1178 7461
12736 527 4500 5071 9837 9039
12737 7080 2524 1559 2689 791
12738 9191 5796 1551 588 10009 10018
12739 2643 8836 8341 4643 1247 3010
12740 78 6197 1866 5887 2147 5335 2790 329 5058 5144 10056 6512 4194 7637
12741 1308 1521 4236 801 7309
12742 4298 1547 3621 6171 2431 2766 1822 7281 7777
12743 8457 6826 963 373 1352 4761 280 7384 6037 8670 1111 2438 10116
12744 9273 7195 1567 6287 2353
12745 384 9673 3230 4373 52 1606 134 5874 4430
12746 6135 4009 1858 7743 4104 3242 9044 4606 1319 7432 1054 234 2914 6171 1356
12747 8347 1322 85 3092 9267 404 6198
12748 620 7917 8009 5827 2383 1489 622 9849 304 6027 8207 4772 5280 8019 2171 5495 5373 404 5925 1727 8133 2277 7466
12749 5259 282 337 7705 9682 6165 5332 4487 1173
12750 8500 1607 1923 113 381 2222 723 387 4009 6913 143 1606 9397 1817 134 7830 7423 8100
12751 4486 3702 7020 875 594 905 3956 872
12752 9834 9515 9251 7319 7291 3187 2168
12753 761 7099 8270 6352 98 3408
12754 7238 2934 3046 5281 197 4060 8321 134 5553 5635
12755 4787 2527 2820 7609 5542
12756 1092 2192 7570 3079 7936 7741 5784
12757 414 19 413 7573 7005 2462 4886 8239 196 1085
12758 7460 611 2331 1587 6321 3917 6134 2611 8239 5740 222 4482 3064 9127 5922 706 9587 3967 1565 667 10148 3968
12759 3973 7256 7861 10049 1434 9615 3857 7262
12760 5083 8830 5435 9856 383 9475 7959 8143 8337 6012 7278 389 7711 8893 33 1336 8392
12761 9443 5020 7327 7650 373 1113
12762 6785 1623 7949 6 395 5247 3901 4051
12763 9949 3932 7308 1846 5288 4732 165 1621
12764 5402 7381 8357 3111 2815 8363 5157 9509 327
12765 4043 384 393 524 8042 6815 21 5880 9358 264 22 1841 1401
12766 3749 1872 3279 6257 3431 2028 9432
12767 5896 2098 728 755 415 766 6549 8797 3541 1253 9301 789 200 5857 1563 7313 4060 10154 356 3872 5925 32 7403
12768 4652 96 1213 1152 757
12769 6005 5239 3338 2642 2130
12770 4248 1267 6076 2414 3015 2672
12771 8804 6720 5687 1268 1474
12772 955 4901 1616 1653 3301 651 3517 4395
12773 203 4576 3783 8896 9864 5563
12774 1256 8280 1841 1745 1916
12775 4414 384 2545 393 1652
12776 10050 7123 312 1572 898
12777 846 3556 7230 8552 851 5295 1096 5131 859 4385
12778 6427 1154 3240 8550 8856 65 4749 4758
12779 3695 870 733 2953 368
12780 909 9860 8020 1954 4394 1807 2226 2205 4196 648 3702 872 245 1259 6058 456 2243 2663 8348 5259 503 383 3046 209 805 899 3917 5188 1499 6461 917 8469
12781 696 193 1188 9125 8928
12782 7107 6922 8007 2122 2393 2441 6309 10088
12783 99 4759 4894 87 2551
12784 3542 2388 248 6246 5917 98 7032 1780 5996 1503
12785 5498 1144 1485 9267 5828 6 7225 595 6757
12786 2667 6238 2643 2666 1303 10065 3392 6237 404 5233
12787 5977 2812 5958 2985 1182 3643 861
12788 2671 367 178 5606 2549 598 8683 3307 1075 1635 4009 5052 171 2807 2313 2049 1724 3099 1098 5600
12789 743 745 748 3851 752 5240 197 4644 4829
12790 18 870 9972 2352 1817 5812
12791 7618 1308 3474 1085 1083 693
12792 5405 4680 2681 5900 4858 6930 4177 7755 6942
12793 373 7812 581 2132 31 2215 4703
12794 5593 4250 9881 6676 2180 9074
12795 2176 1489 1705 1245 2181 6107 5176 8769 745 747 2692 6013 2383
12796 4790 1882 1308 361 4203 2527 3104 5808
12797 2988 4532 4306 1883 5794
12798 2870 2875 9236 4071 5192 6295 9241
12799 673 1238 1726 134 376
12800 6175 5533 10027 4080 5275
12801 8907 7352 6169 2041 7641 6000 135 692 9715 7078
12802 9019 395 7866 1669 1095 5997 6519 65 1426 97 7250 1097 5825 3185 7183 3424 474
12803 2348 4901 7320 1206 4772 16
12804 3615 1356 9741 5901 980
12805 6473 3111 3596 1861 3099 2390 1271 5474 6928
12806 1614 1034 1857 312 1404 595
12807 2910 8652 8594 847 6417 7034
12808 130 9658 5533 2901 371 713 508 2113 3997 4116 4952
12809 3714 1767 5247 967 1424 9872 4383 2798
12810 7103 8894 1114 3437 1054 4485 2232 3967 4155 6138 5076 7831 7712 1903
12811 6402 1040 5232 8754 2368
12812 4722 4521 5364 3429 1270 3240 9698 9938 6409
12813 832 98 87 4498 1160 9330 6164
12814 5 4129 1408 4451 6254
12815 6 5603 791 3308 9814 8295 260 8556 5636
12816 1686 2910 4398 642 4804 559 4460
12817 2446 9086 3082 6562 2103 1585 3216 133 1391 526 8961
12818 8534 2441 6454 3228 7261
12819 1647 3474 5917 6449 7503 1234 4043 6175 3980
12820 6025 9796 4121 9882 8093
12821 3261 1971 1921 6683 5742
12822 80 1500 3828 5491 604 6904 4910 720 1511 418 1696 2678
12823 2022 319 7022 899 4986 4429 441 9429 10031 314 2710 3118
12824 6199 7879 1495 4321 2666 5868 4847
12825 2756 5668 105 3870 1584 9632 1660 2429 4563 7665 643
12826 6391 3506 9301 7200 6829 1797
12827 718 380 7805 4393 4223 9125 2964 3059
12828 5367 7567 8606 6137 4386 713
12829 9631 7244 439 384 9389 2158 7502 4425
12830 1787 2742 5414 4536 1125
12831 3802 8139 4846 5156 7708 7222 5827 9818 2667 5678 8878 3404 3011
12832 4705 2550 6198 5764 2049
12833 2503 3257 3132 171 6517 1096
12834 9623 4766 4993 4793 57 1154 3579 4408 6255 53 3845 803 2060 2799 1503 2238 1156 6612 836 4183 468 1038 5680 2655 6462 10060 3348 87 7436 2694 9785 4612 9312 5555 6614
12835 3080 2138 5546 6313 4922 5831 2710 9472 9169 3321 5282
12836 5612 4911 412 1225 4886
12837 2608 1323 4361 5893 9118
12838 1889 999 6416 3995 6309 6764 234
12839 6012 8223 9889 8620 2608 6371 4545
12840 9606 1944 9776 3929 4734 5538 396 595 1034
12841 791 2048 1427 4352 434 2431 239
12842 2929 134 264 439 407 673 1382 3650
12843 6386 16 561 895 1643
12844 5232 1594 2434 1593 1478 1216 10136
12845 2302 6930 71 9083 29 8758 9084 4557 8679 9013 5602 713
12846 1822 384 1520 3855 5595 191
12847 4591 8264 771 2927 386 804 4741 5035 2275 5578 3420
12848 2543 6892 579 1308 10139 8106 1156 97 5406
12849 94 242 3985 4616 604 3136
12850 5952 7702 461 5337 872
12851 737 6263 2867 4959 4314 6739 125 1723 5296 3033 168 735 526
12852 5632 4399 3964 1350 4255 413 439 1683 578 9528 4663
12853 3778 3777 4466 9443 2601 3661 3662 4224 3379 2726 703 4358 8536 784 7136 3345 2331 2130 400 4823 3359 8706 3369 3443 5656 5119 3382 7902 2775 766 2904 1985 5846 7626 2823 9422 5372 6917 10065 4359 5253 7493 4649 2692 3400 3357 1199 8091 8450 3854 2497 9247 6619 6729 3542 7177 4569 7439 5871 3354 2148 9545 5977 3373 1697
12854 684 2112 9870 3054 1759
12855 6785 5898 2796 689 133 5224 3423 5466 1429 1106 6096
12856 5118 7385 7151 9064 4699 7384 9005 8147
12857 5834 5838 2663 5170 8818
12858 6965 5135 4209 1117 5338 3550
12859 1072 8024 7812 1776 2386
12860 8323 6230 7847 10077 223 5282 865 6845 8734 2547 6501 1726 1055
12861 591 7725 5009 836 2579 1235 2503 1455 4719 205 5949 4452 7037 7880
12862 1443 8535 4787 1008 1018 6811
12863 459 2081 49 570 7806 3158 3111
12864 2709 7107 6272 254 4526
12865 2675 8317 10153 6031 9865 4070 1520 494 7327
12866 1960 439 1925 9923 330 4471 7469 3854 7996 8220 3575 3185 1951 875 6956
12867 8259 7581 418 6409 440
12868 110 7146 18 7818 580 5367 8804 3230 4716 1606 893
12869 5970 2229 3266 6533 793 156
12870 8609 4582 4262 4034 6230 7959 3894 1 2580 2238 3619 2510
12871 2118 4747 4615 4090 1548
12872 134 2239 3562 7697 8069 513
12873 2071 2018 421 901 5699 262 134
12874 2477 1117 213 3909 3853 264
12875 2890 1573 2429 4534 6553 8476 7064 886 6426 22
12876 1910 5223 1247 2739 5189 926 3210 7074
12877 380 2222 7658 3096 8655 2186 1661 3481 723 8440 8975 243 2235 8084 8959 4099 8652 6677 1177 1199 8036 3333 4568 8005 3286 1124 4123 4063 262 7341 5022 2272 8654
12878 5720 895 8582 715 180
12879 5604 1282 2503 6496 63 6089 6131 6523
12880 6579 604 15 1807 9211 733 9432
12881 5118 2140 1254 1255 4916
12882 1616 5101 3228 10132 8597
12883 687 1614 944 1590 193
12884 8637 9510 1457 6874 7619 7015
12885 1531 2311 2212 10078 6054 3675 2876 4568
12886 7698 2533 6462 7463 9403 6798
12887 3974 2227 514 4014 264 2380 1208 1111 6298 4344 8957 1228 7710 4337 439 875 7985 6109 153 7201 2673 5627 2149 4891 3958
12888 581 4186 457 7257 7134 3961
12889 9677 10068 262 654 7201 4941
12890 52 1381 2506 9461 10018
12891 393 2267 527 757 8032 1621 5534 8458 1683 3473 4431 2122 1971
12892 527 3256 9184 344 8970 2489 393 22
12893 373 5633 2169 8018 3858 8565
12894 2296 5534 7867 3932 2090 7869 6362 2089 2380 1637 7493 1105
12895 2388 8981 304 4030 9984
12896 3202 2221 7335 9484 2600
12897 3975 8911 2783 407 563
12898 9684 6101 6246 2812 996 2550
12899 5611 1726 9291 5129 5463 1417 6348 2328 2661 9428 8007 6307 2021
12900 6117 1434 8922 6616 8417 5085 7094 2416 1900 9805 4794 6041 3770 1457 2042 1611 4624 4655 2306 7928
12901 1775 478 2657 7722 1444
12902 3443 3140 7795 4682 225 8263
12903 3882 791 709 109 6844
12904 2476 9498 4950 116 3102 7067 5037 10002 10135 9254 5969 2694 7509 5847 2383 5511 3406 533 4117 4732 120 2218 7828 3055 9871 9152 7897
12905 3743 3825 1283 2535 4428
12906 3236 64 7162 2053 3493 2374 2049 7719
12907 1911 3163 227 3969 580 1641 2809 1695 6644
12908 2266 4803 2935 3078 4515 9321 7099 9704
12909 6718 5113 8722 3151 5631
12910 3542 774 8738 9580 6317
12911 6883 3442 2433 6006 2789
12912 1124 1936 373 2469 2273
12913 2198 866 606 2654 5275 6887 245 5597 5320 1555 2527 4234
12914 2597 4780 2296 1012 2505 2979 2401 491 1364 4119
12915 4759 7893 1262 1892 2504
12916 4323 384 5585 71 3230
12917 1726 865 465 2871 6305 6263
12918 901 641 5631 373 1149 461 3875 2799
12919 2354 5098 2318 5009 291
12920 799 7846 2374 4734 128
12921 1387 396 40 1292 3086
12922 6709 2133 1683 2 545 3518 654 1434 664 7968 2072 6601 4073 7292 1664 690 217 8472 1022 6213
12923 3779 3340 3343 2992 1309
12924 8282 9539 6222 2591 7616
12925 1587 4045 6227 5118 6593
12926 2071 5880 3228 4948 2807
12927 4591 5857 9839 5170 8174 1303 8020 77 1180 6012 456 8620 3795
12928 144 629 3217 6764 7765 3628 116 903
12929 3049 2667 9979 9985 109 6022
12930 384 1298 22 1860 2510
12931 3605 3881 666 2573 1730 163 8820
12932 7430 2766 4797 3847 9703 2505 1075 8044 7913
12933 932 2831 6092 3892 938 1869
12934 1308 4236 1082 801 1225 4664
12935 6656 9783 6162 3095 7755 6558 1466 833
12936 6551 1860 134 5781 5674
12937 517 1159 10100 8246 3543
12938 8747 5475 8930 2527 312
12939 4988 6032 6291 4791 3998 2877 2184 8393 3642 9095 8989
12940 4859 8594 5424 7392 1674 8931 4883 1677 1349 170
12941 2483 80 4993 7140 2646
12942 1604 2791 2829 4417 611
12943 1457 7512 2447 6578 5272 6323
12944 1850 2503 1342 1154 863 3601 9063 27 4434
12945 388 2370 3702 517 701
12946 5804 5735 6870 1083 9692
12947 8709 7342 1484 2701 723
12948 7281 3509 5224 6519 937 6666 1101 297
12949 4766 7685 4977 2267 8848 601
12950 2875 1228 197 8573 7036 713 862
12951 2279 2527 4019 5784 5423
12952 5975 5514 4228 3881 2882 7947 6979 63 4155 1776 9380 3184 4591 6010 2178 5554 6610 7904 5637
12953 3690 5662 2681 1946 4045
12954 817 2908 1511 4404 4815 393 2564 593 1958 6284 5472
12955 2148 6699 9478 944 7058 3633 7025 10128 839 3369 9588 10105
12956 3171 2687 5473 791 1152 7410 5914
12957 120 8260 1095 3673 855 8180 171
12958 2341 10029 8990 6921 4931 373 7034 8475 9934 4084 8274 4439 7248
12959 5004 4 2025 7129 45
12960 4667 4043 6072 2527 1614 387 5700 4052 1384 9884 7523 4770 6 2019 5529 2328 4707 3054 5384 3556 6852 2533 2085 5407 5153 8504 5986 393 6551 4023 134 1842 6718 881 1679 1851 1752 282 998 673 3832 969 1958 176 5418 971 7309 4373 171 2099 975 7913 2057 9762 2373 2593 1609 2192 6525 6791 4754 9763
12961 2605 1367 1510 71 6646
12962 8093 10155 1985 2212 8235 3801
12963 5098 5453 3474 1604 3212 32 1882
12964 9186 1 1660 673 1397 1573 134 5027 10150 477 1238 1400
12965 8729 110 184 1589 6773
12966 1490 704 2816 3214 5028 2887 3408 9730 7206 6512
12967 9213 5633 8018 9697 3184 2964 3059
12968 4211 49 9939 1808 1369 7034 15 5760 9001 371 6713 9211 2219
12969 6408 951 1531 8423 3338
12970 926 6188 262 2429 7178
12971 5708 2325 9614 3288 2547 8520
12972 236 898 7731 3968 235 4760
12973 5097 642 8905 2820 9356 4719 5540 477 673 4073 2757 439 4664 7283 2506 7601 4761 750 96 3432
12974 9548 28 3784 2897 7028 4930 242 793 2217
12975 6677 757 665 3607 340
12976 3039 9928 5529 3217 816 4815 1747
12977 7953 3859 5402 7716 629 8459
12978 188 6938 4306 7065 5396 7301
12979 7137 1024 476 18 2795 536 137
12980 3220 5622 1394 819 7432 3293 611 2395 6664 8050
12981 7903 608 5596 82 4238
12982 8812 9282 3748 1133 5935 9277 6616 455 9772 3017 6600
12983 10083 7430 424 9097 1434 7108 331 845 6582 8047 110 3626 9294 10104 5002
12984 1082 3213 1069 7094 7298
12985 7997 9829 7409 2979 2047
12986 6693 2168 3858 5633 2702
12987 1555 681 1384 387 2348
12988 164 8835 3615 1619 2104 3942 1931 1030 1106
12989 9530 6437 546 1669 4627
12990 8916 2812 5858 1171 1249 3900 4112 5343 3878
12991 6704 10072 3437 829 300 1607 1085 6367 2462 5255 419 714 10106 2701
12992 7540 5046 508 713 7537 1024 5966 3045 805 8956 6623 2734 5114
12993 2132 3791 944 8396 2313
12994 4843 2726 607 463 3299 2983
12995 3094 5646 7830 10156 642 1265 4394
12996 4553 1677 8875 1439 3967 1971 9385
12997 2373 819 4595 1244 1050 8080 998
12998 1798 110 443 3228 673
12999 407 807 262 3169 312 820 237 3967 4620 5318 2053 463
13000 561 9900 1397 1454 3843 4934
13001 591 5870 2659 1225 5190 5571 2593 2164 2503 757 2070
13002 601 3234 4853 1006 2980 1667 5501 7834
13003 2343 1798 1697 577 1653 6906
13004 1194 8590 9813 3526 5423 7407 2143
13005 3357 2642 1543 7665 2277 7538 2135 4283 5274 2073 1796
13006 554 7908 9347 792 946 3630 4255 3429 1784 8310 8733 7678 4495 3841 6535 8474 2686
13007 1825 1674 1306 475 801 4664 388 1609 513 418
13008 6566 71 8267 1274 241 9027 2016 21
13009 1003 8482 3918 2222 4234 8563
13010 1627 6395 1096 4585 5447 1098 853 854 6544 293 6637
13011 10036 177 1726 7327 2023
13012 1074 9650 1554 1677 2431
13013 1384 8978 1454 792 2995
13014 1395 4487 4775 5157 685 791 4023 556 6183 234
13015 2472 5975 2645 9970 5608 2032 3441 5860 8118
13016 6536 8810 7430 7652 4694
13017 3786 3377 4335 5283 8495
13018 2823 2775 8091 400 4466 951 7626 1587 2960 9916 3360 6224 5232 3793
13019 7719 5869 8570 1347 7175
13020 7707 704 3214 634 7733
13021 658 533 6154 1116 5433 2430
13022 2374 439 10138 1838 5574
13023 3442 1167 961 2527 7895 3373 347 5213 9012
13024 5937 3412 8835 1883 395 5247 5898 4585 7349 1098 1636
13025 7209 9077 5917 4769 8318 1674 4230 3233 7539 187 8045 6451 3314 714 3200 2246 10085 5046 7540 625 3724 6600 639 2018 4464 1991
13026 2333 1124 1269 1271 9151 264 1202 575 576 8130 6931 2142 3774 1008 5234
13027 197 4448 3812 4067 4587
13028 6434 7058 3661 3357 9916 2775
13029 2398 2695 7689 1123 2025 3116 3787 6770 1609
13030 7501 7312 50 4402 2524 3568 3525 439 4768 929 1422
13031 4206 4933 3994 4155 2755 8977 4399 5002
13032 3935 4583 1457 65 4757 2902 4746 1637 4749 4530 4758 70 2100 8765
13033 10130 5082 1596 2013 111 8083 132 10155
13034 1351 1154 10076 1131 8007 3041 1638
13035 6665 1652 8217 1607 134
13036 3818 9207 1421 4669 5866 9571 905 7999 6195 1592 5091 7230 4152 3057 5010 6245
13037 6548 3113 4375 6252 3526 1238
13038 2467 1331 1182 4097 1267
13039 5454 1123 1739 9209 761 1678 5178
13040 9706 599 591 5314 5366
13041 1653 2345 6397 9768 8717 8090
13042 2327 728 1544 1684 9203 1686 1425 3211 1384 688 1641 653 2702
13043 1388 5181 1610 671 6393
13044 1180 7535 4411 724 725 2388 804 3103 2315 1780 557 6202 1080 4638 1486 5893 9165 4916 8306 1588 3050 5429 7920 6372 2151 8327 9937
13045 5581 2504 1176 1111 131
13046 8542 2868 6573 8412 5570 4418 7594 4407
13047 6388 1599 1488 568 4711 6902 5819 2929 8950
13048 4592 9481 7084 5280 1999 3786 7917 9618 765 2836 2215 8601 98 1872 5934 2303 3914 3382 8343 2003 2004 6060 4156 909 2177 8614 2427 8308 9407 5255 869 8223 4910 4729
13049 2368 2820 5877 2247 1686 3937
13050 3338 2274 802 3636 2306 5155
13051 298 996 2449 1225 1047 588
13052 7480 593 1248 4542 1320 5399 709 2906 6098 17
13053 2578 1419 5109 269 991 7575 1569 2615 5497 134
13054 1228 9261 630 1167 1489 9847 2170 2647
13055 1029 1312 407 6069 4913
13056 4043 2315 8627 352 9016
13057 3539 3840 376 7868 6890
13058 5517 4854 1238 383 4130 687 9856 52 5808
13059 2155 5790 2579 4398 1427
13060 5651 6058 4702 2209 9985 3338 1480 6459 6202 8076 181 2587 3999 2702 7015
13061 9524 6086 6348 1665 4620 1859 5689 4775 9509 968 6818 237 1238
13062 1150 3562 10115 7016 322
13063 2257 5334 1822 8330 4133
13064 2343 1616 5205 5127 10085 348
13065 5957 1075 1595 2539 3763
13066 6584 5527 1769 1609 7460 1446 658 376 4745 4858 2810
13067 167 537 446 2867 914 291 5587 6182 734 5447 5737
13068 9227 8510 2154 4272 4383
13069 5353 4519 7059 3181 384 25
13070 1250 793 156 9432 1018 2408
13071 6326 402 5524 1835 4436 8613 2778 1717 3492
13072 5605 1332 1191 1427 7280 1467 4296
13073 5545 6078 792 279 1350
13074 3784 9560 1516 8004 8645 9800 9947 6037 10054 1954 3066 10142 3813 8631 1801 6196 95 4006 7019
13075 5549 3394 3198 10153 1444
13076 8367 1026 1027 2504 2193 1785 2473 1579
13077 2545 1382 7785 2917 6061 6355
13078 687 2669 2527 387 6805
13079 9534 2849 650 8199 7522
13080 9361 8324 1960 7174 8195 7226
13081 1404 479 1405 955 390 873 1159 5284
13082 9931 5521 8973 2161 6035 2647
13083 5165 569 6027 2933 9170 8310
13084 885 6348 2375 7556 6193 1862 5936 3219 3834 1453 1401
13085 1213 1250 1646 996 264
13086 8201 4264 2692 7544 4281
13087 99 1620 2313 7120 967 1096 735 2806 1427 5391
13088 3931 5511 3615 5288 254 1457 730 979
13089 8255 3973 1695 4929 7691 3868
13090 6177 3598 7625 177 7907
13091 3665 3357 3343 5856 4957 8293 8513
13092 6353 3773 311 8517 1969
13093 1797 7348 1049 8301 3820
13094 2602 9135 373 5170 7565
13095 761 2020 5600 5165 4360
13096 2488 5855 1122 5600 9340 9364
13097 2222 2495 7572 1621 2223 7469 63 7434 1158 8077 713 616 9270 5366 9807 641 598
13098 9992 8603 5569 3584 6118 291
13099 6087 5644 2326 7976 6780 4127 7550 6587
13100 5033 6 757 2810 1427
13101 2503 3550 439 3552 4273
13102 110 999 7280 5682 2424 5157 472
13103 8716 2690 5800 1726 6162 1150 9084 3696
13104 885 6571 4456 373 1956 1034 6075 513 1455 9600
13105 2511 5819 4740 946 8640
13106 1417 3905 55 837 4791 7045 597 1462 2579 9672 8529 8350 1892 836 4407 1030
13107 4554 662 848 3974 1811 1203
13108 4146 9599 2387 4970 4831 4703 8455 5886 500 787 343 7730 3872
13109 4040 7526 8230 914 1568 3033 4387 7269
13110 1542 6794 4533 9185 3725
13111 3760 9145 6496 599 2558 7290
13112 304 4075 4256 591 3082
13113 4508 232 3139 4123 9859
13114 775 2231 2662 4181 1109 6036 8369 4842 9074 3233 4336 10124 1699 1776 9057 6110 9349 6996 972
13115 6087 7082 7819 387 3900 6568 384
13116 1367 6574 6 2796 8260 915 1097
13117 1596 5003 3989 5485 5281 9799
13118 3312 3338 944 4886 6872 3770
13119 7021 637 4191 801 5469 4916 3184 805 4591 4460
13120 5377 2869 10027 4098 6245 2060 2480 5671
13121 9433 5748 8427 679 15 530 1849 2049 1369
13122 2894 6805 5660 5339 275 3207 4206 2135 9776 4301
13123 9873 3138 8373 9608 3693 8582
13124 2832 3505 3506 9303 5628
13125 1513 1993 4766 9850 1363
13126 1573 9750 1869 7014 3620 2545 7749
13127 6817 3932 2115 3770 1585 117 314
13128 2472 90 7858 144 574 3451 6150 9697 1780 5857 4591 4548 6202 3059 2217 5637 5638
13129 2746 4427 8267 1012 4905
13130 3045 4916 805 5478 3402
13131 345 4 5747 8203 4075 4601 5613 9779 8236 9783
13132 9748 2075 952 8528 4686
13133 6925 1254 1255 6886 2661
13134 8639 9374 7873 1705 2530 989 2659
13135 4710 1018 3168 1043 413 143 114 5478 4311 4112 736 439 2810 642 3566
13136 8523 9162 135 9980 1499 803 2647 7923 5035 604 1258
13137 8040 3005 18 384 1083 4645 2010
13138 3978 3712 145 4579 7601
13139 9260 2533 1674 6312 1050 2506 1604 1770 3111 6136 1789
13140 2701 2300 558 2814 2302 2599 1862
13141 3251 5651 2673 4166 4797 145
13142 2127 3334 5841 624 4680 264 4197
13143 1012 561 68 5807 5956 1375 5673
13144 901 9138 2851 1267 110 4032 318 4804 2370 4802 6309 1394 434 5277 391 8168 4445 2056 2561 658 4305 138 3175 3488
13145 1448 652 2270 312 1673
13146 1045 7909 262 2830 1866
13147 2477 388 2934 1556 4217
13148 8089 4918 2886 2678 723 6333 7935 7684 6992 733
13149 6304 871 4891 5694 9558 5677
13150 1825 720 5961 3806 1176 1427
13151 7051 3554 9964 31 1679 2114 7745 1487 5495
13152 356 5300 3908 5277 2090 5600
13153 1215 4658 7641 2717 2458 4302 8005 6337 6240 7961 609
13154 3373 4992 7293 2145 9680
13155 2851 5003 373 4482 298 3511 1407 641
13156 1991 1249 2569 7941 1427 1278
13157 6226 4741 5206 242 4016 1971
13158 5055 8226 9627 34 9877
13159 9922 1587 6856 3004 2776
13160 9467 5291 899 9349 3380 9876 4951 3801
13161 5604 5930 359 254 1010 6448
13162 95 2109 5905 6238 1556 2470 7743
13163 3214 85 3233 9671 2647 1771
13164 578 9032 1071 2414 597 923 9969 181
13165 3924 3286 5324 7946 3921 8140
13166 1548 2447 10101 4409 3502
13167 5045 8164 384 8510 1503
13168 384 476 7434 6311 1667 895 673
13169 7526 5791 1096 1634 4960 2525 4360 5449 8013 5030
13170 7495 5619 6082 4404 9080
13171 7916 9057 5439 8639 1581 3444
13172 5377 42 2676 4241 1271
13173 436 6376 7611 6404 468 2172 3040 6233 3588 2025 4458 3876 3546 5440 105 6857 757 2742
13174 3053 5600 8731 9518 138
13175 9277 8005 1048 7649 5252 6567 6247
13176 4076 4484 3927 3917 235 237
13177 7048 6548 3865 3190 3733 3823 611 3133 8209 4031
13178 3589 1863 9097 610 7359
13179 1422 6131 1711 9504 6397
13180 3760 1077 5762 5284 5578
13181 1146 6054 560 5782 3671
13182 1867 6465 1282 9189 8528
13183 2550 9745 2588 2104 1892 9559
13184 323 1646 2071 851 3498
13185 10144 8604 9975 3181 2447
13186 304 9563 2225 1560 7225 1034 901 262 4308 1480 3455 8834 763 1561 6392 8927 8195 8113 8788 1650 6795 1308
13187 1216 3742 1322 7535 1985 5055 1168 694 1967 2789 1499 4282 10154 2150 7836 8623 222 7789 5858 2226 944
13188 3509 6941 6727 439 8129 7138 6 7968 2328 5335
13189 3053 5600 6213 755 616
13190 5082 5402 3191 7013 2272
13191 384 2347 4475 762 6071 1766 1333 4207 1696
13192 4553 3252 2980 2125 7422
13193 2440 10117 1153 424 1369 7346 412
13194 2937 6398 5307 5587 2094 3184 4591
13195 3662 7021 4822 9778 2171 1480 2205 3071 3505 3506
13196 134 682 6298 1857 8370
13197 9016 247 7200 110 2165
13198 3007 6268 7156 3510 8012
13199 6598 5272 6323 1904 1106
13200 9000 5982 1669 3650 1075
13201 2838 9743 15 8776 9173 7733 903 6641 2414 9883
13202 2550 9260 3249 5261 3416
13203 2983 134 1298 384 6665
13204 4148 4796 2056 761 8589 3182 4496 5086 318
13205 1166 3762 384 2839 805
13206 4817 1678 2533 5922 2373 3967 2846 599
13207 2583 4910 5762 5300 8892 2178 1785
13208 8021 580 3022 6 9146 8008 2420 4518
13209 387 384 9611 449 7394 7115 4249 1887 807 7133 741 8285 5011
13210 2314 6811 59 2874 5780 8681
13211 4669 575 2444 6734 2411 1751 1604 546 9164 1462
13212 6051 470 4921 6632 1362 165 7570 9315 133 7076 536 5446 7385 4392 5064 2311 1641 2030 173
13213 3932 3210 4657 1842 2527
13214 10015 9412 658 1446 7953
13215 5279 6773 1152 6204 279 2154 10141 1892 1298 2528
13216 4465 2832 8979 2336 1167 3235 424 5714 8457 94 91 3080
13217 4633 8972 6580 6308 8672 9598 2471 1662
13218 8125 1144 247 10039 1511 6656
13219 1075 1506 6949 4043 1208 117
13220 6 4159 6508 1802 7590 31 7616 8331
13221 193 414 2820 6644 438
13222 8471 623 329 1305 1259 1954 2693
13223 1228 1585 5108 2812 8936
13224 1274 470 3726 463 1531
13225 3538 923 2533 2553 3329
13226 8664 6574 1596 1090 2866 8035 1427 6722 2798 4316 4590
13227 3049 8019 3535 4093 5865
13228 9188 1644 7607 720 1298 1290
13229 3532 994 1844 7477 1923 5281
13230 5563 1784 2307 9711 611
13231 9904 2345 312 1974 790 1616
13232 4119 6140 2986 4697 1893 651
13233 1531 3755 6837 4696 1646 1641
13234 2090 1446 1362 3415 6141 5322 4959 3458 5053
13235 4079 2440 4104 3160 4903 3896 6623 8271 8731 1585 7099 4363 5014 113 1741 723 2886 9527 4431 9014 9186 1371 713 9140
13236 6037 1645 6062 6818 3266
13237 2737 7676 3967 893 7724
13238 2812 791 8007 9592 6941
13239 3062 7254 8746 9608 8835
13240 6775 1163 9726 7703 9600
13241 7222 3608 5757 6493 1203 3253 1584
13242 3639 3784 618 3386 105 1048
13243 5662 4796 352 994 7851 5020 5818 7257 4596 329
13244 3225 1529 5696 9529 1939
13245 320 684 1050 1406 7766 5189
13246 5390 1901 1457 1028 1870 970 2806 2030 7269
13247 8891 3588 350 2752 3783 402 9360 4127 4574 9569 2253 7837 10136
13248 1253 9361 8774 10129 7599
13249 1752 5540 368 1298 1957
13250 9557 9208 4208 1846 4953 8986
13251 9869 4669 5091 4137 10064 52
13252 714 4151 2423 5563 8217
13253 5076 7895 7543 1800 3900 3988
13254 597 2533 3763 409 8078
13255 367 323 4798 2979 1590 1591 97 9490 7017 1638
13256 414 376 1238 265 2159
13257 1973 4042 1230 4337 4790 5475
13258 4012 2077 2363 5780 8960
13259 1652 5263 1618 409 2527 5475
13260 6206 2066 1273 1392 7475 553
13261 9784 2397 7059 2455 760
13262 1026 7380 3189 5205 134
13263 4153 226 433 6 3910
13264 7701 4654 8390 1387 5858 9923 3042 4686 2783 972 1392 1396 7834
13265 865 851 1597 2651 847 7283 642
13266 7826 4936 9977 4238 4421 6014 8772 7776 3118 1760 6705 1741 1726 9646 3882 9771 7440 9343 6029 7370 134 10035 4899
13267 2373 648 7348 6571 9688
13268 5384 8935 2503 1848 415 265 3756 5140 344
13269 1674 6367 2799 4475 7931 4664
13270 5281 3997 6124 1923 6242
13271 4604 577 3763 4043 8873 2345 1974 2934 4901
13272 1225 3542 3541 2493 1427 1462 1026 439 5386 8524 4416
13273 7515 6728 9295 1159 2858 174 6270 5645 1892 7440 2165
13274 8795 3102 6286 2348 9846 5320 9850 2441 5231 3126 4284 352 371 109 791 5578 820 5857 4402 4026 9501 7722 1758 4488 368 5339 1833 9376 515 4557 4924 5433 588 7689 2048 2049 6816 5785 10092 9556 1457
13275 559 5027 1299 439 1660 673 6436 5918 4644 10025 9814
13276 6996 2081 874 383 3585 2442 2069 2763 2368 1501 4177
13277 1404 1405 9704 9991 1158 229
13278 1154 1602 5616 274 10059 1196 1971 7238 1164
13279 8435 2314 10108 3116 6725 9456 2429 239 63 2818
13280 7110 7872 1776 558 1267 3573
13281 418 1704 2982 660 2730
13282 7572 1941 635 2124 707 4812 5748 10152 284 7677
13283 7526 2071 120 1365 5897 8260 1156 128 934 5368 735 856 159
13284 5487 6792 813 8364 3969 6856
13285 3156 1409 7550 6617 2457
13286 2079 3067 5073 4860 899 6599
13287 9799 424 1398 1511 7157
13288 7245 1698 8390 7680 10145 3481 9907
13289 352 4691 7750 908 3706 956 6496 4814
13290 39 8684 3021 1934 440 1364 3082
13291 4901 2966 3675 918 6776 4669 8856 2060
13292 8925 7765 513 1352 9408
13293 5259 8285 2805 149 1358
13294 9396 6761 8630 4575 299 602
13295 1652 5517 4914 1519 1071 3180 2414
13296 4780 1901 1362 6 287 1423 171 2795 3001 1098 6544 2866 4589
13297 2294 1158 2170 7984 1791 183 6438 2173 2696
13298 439 5797 1270 4600 9075 1301 2053 373 1003 8875 563
13299 7987 388 4973 1196 2807
13300 1330 5652 3917 2408 4356
13301 5233 6017 4728 2130 9280 404 1409 3662 622 2944 4093 1484 3786 5942 8943 8942 1684 6979 5635 3348
13302 4298 6770 6656 2545 3006
13303 9664 7675 879 1331 2047 1569 1646 2565 3617 4453
13304 2996 9294 178 3999 7224 3073 647
13305 3607 7583 8553 5846 6840 8005 2413
13306 2459 1171 2027 134 978
13307 9393 2071 6218 7706 142
13308 5927 4273 3214 2768 264 6359 134
13309 7879 5127 3072 1071 6138
13310 8644 9217 3919 5675 8107
13311 6152 1866 8192 384 1269 352 7458
13312 6085 5819 3600 2795 735
13313 2637 7989 3388 9574 5037 8777 10019 9543 5018 2728
13314 9791 1474 387 945 687 10067 1614 2188 444 9910 5027 673 4451
13315 1924 589 1309 682 1545
13316 6728 808 9268 6097 5772
13317 6380 1087 4947 2614 737
13318 929 8096 415 647 1225 2049 2048 3098 6311 6131 371 6496 470 7394 7044 4620 1028
13319 2781 1250 71 3923 6599 1745 6068
13320 477 442 682 5947 9671
13321 1504 8962 1965 511 4420
13322 9142 2173 4314 4609 4728 740
13323 174 848 917 6514 2569
13324 6829 1662 3820 1682 8189
13325 6574 3938 150 5691 533 1301 660
13326 5541 1151 5885 138 5949
13327 5577 5575 7007 1817 1740 3818 4142 8693 9446 5638 8797 1102 1701 2010 2750
13328 761 4909 167 3355 1803 231
13329 1329 6907 7798 3904 7414 2302 1743 5665 2438 6298 1238 5071
13330 1022 39 396 5631 958
13331 6508 4414 1225 6923 4398 791 1606 2417 2126 2050 9069 7424 2250 8323 209
13332 9394 2091 1297 1018 1747 8256
13333 10107 2003 2004 2005 1564 9483
13334 6077 32 7440 7777 8557
13335 690 59 1380 8464 6 1641
13336 2961 6355 7638 791 1916
13337 811 498 6019 6081 1079 6548 1253 2944 1910 4283 4908 6018 9343 1024 4046 2835 9254 2132 5252 193 9197 3214 6787 1626 1891 9485 2527 4098 8643 607 6516 8355 7341 2608
13338 9158 1190 2158 263 6180
13339 4152 3056 4156 9287 196 8408 8363
13340 3690 8364 610 607 1886 3004 643 715 98 5763 5121 4098 6230 9084 714 1070 6393 7313 2317 2732
13341 324 870 2630 8423 1892 8214
13342 7285 3897 6515 1156 6157 3624 7596
13343 7077 5521 1948 430 3612 3831
13344 1024 4607 4891 4414 5143 2660 7466 5802 3112 5519 4014 1427 482 7194 5758 5243 4172 10150
13345 1298 367 961 2953 1339
13346 66 4834 2169 8018 3858
13347 5564 3165 3881 7499 8250 9130
13348 6290 5054 8640 576 8406
13349 7036 2815 1920 2715 3293 646 7976 470 544 128 8346
13350 134 5071 2773 388 5529 7720
13351 7422 471 10088 2922 10110 2928
13352 7732 3602 2215 8643 10130 5189 3232
13353 10149 1533 4982 1537 1538 1536 1541
13354 944 9502 2500 122 5570 1606
13355 2373 3700 8011 380 5012 7004
13356 7060 8759 5366 5529 1858
13357 9993 6493 6309 3216 1357 5226
13358 3778 1911 5438 4049 8422 3373 6440 1997 7918 2483 6019 7234
13359 2896 9899 1838 647 2702
13360 899 4421 3696 1455 8232 8672
13361 1404 683 533 4171 689 594 3423 4173 1006 2327 5450 2938 6636 4589 171
13362 9269 2205 8574 2764 9268 1114
13363 8151 1213 7658 5500 2250
13364 4859 1608 1974 6230 8722 1360 199 9157 6467 1364 733 3116 9775
13365 5802 7227 10091 1006 8575 9229
13366 3357 1717 2041 7261 1124 4879 6779 7613 4347 201 6735 4362 4365 8563
13367 9163 2135 6966 4549 471
13368 10040 2438 1371 1407 6153 7043
13369 2446 4979 8920 8677 6166
13370 5254 4277 2390 9646 8313
13371 3166 2468 6176 6689 3614
13372 1144 4699 4198 6270 599
13373 7727 3522 7837 5984 7983 8043 6976 2779
13374 1988 7155 7057 9237 7809 1648 1649 3444 8828 151
13375 10095 8962 5848 4226 4048 2497
13376 6329 430 2143 4517 5127 368 3260 1225 5779 7138 8812 3748
13377 5037 2333 877 10086 4659 6462 935 9496 2126 5243
13378 5252 373 3138 1177 581
13379 3236 4017 5665 5067 5068 2463 6873
13380 6109 1299 8768 7727 5236
13381 2905 3877 2536 3266 205 237 1831 658 1446
13382 8740 6507 9939 2435 6460 5290 8195 6459 6575 749 743 7780
13383 3565 6778 2096 109 5754 6131 3232
13384 383 1860 2533 6640 5492 2073 206 3516 7392
13385 7030 9618 7007 7775 5596 1701
13386 5104 1241 4340 6092 7388 704 7466 109 9513 4017
13387 1331 1010 1249 2467 1612
13388 2504 5190 3171 4796 8288 1156 488 4284
13389 6704 1222 272 262 1340 8137 3034 1884 134 1841 5631 1842 3650 3756 2883 9069
13390 10011 6954 3349 2274 5018
13391 384 2527 9327 2851 2804 217 8579 7352 7911
13392 3614 9832 1152 9021 3829 6958 9633 8259 1075 9155 7220 8735 1250 3668 40
13393 744 704 141 6294 2918 388 1656
13394 8058 5856 3092 6072 7922 9235 5037 3345 6750 1868
13395 9758 5770 110 3903 3519 1787
13396 851 6185 4852 5963 4948
13397 4096 10017 10037 1956 2158
13398 5570 9194 2520 8008 1369
13399 5320 3899 2398 628 1881 6786 6379 3305 927
13400 2841 6798 5572 540 9152 480
13401 7727 941 2355 6595 3614 8033 192 9967 1979
13402 1713 8903 9968 4542 2089
13403 1698 1499 5602 1323 2126 805 8157
13404 1367 5512 6141 9041 992 289 8934 4169 1883 5791 5444 536 934 3537 5446 65 507 6844 145 5447 937 1099 9530 253 1875 5466 7593 3241 3514 3425 6525 858 1638 985
13405 1616 1608 4639 1552 3073
13406 5039 1662 1484 1093 5125
13407 7445 2899 9348 9905 2010
13408 6307 1006 3974 1891 1225
13409 3857 8617 8881 5563 9052
13410 1575 3763 6401 9299 2345 1974 9004
13411 2878 454 5716 1760 5274
13412 1090 4240 5591 1813 1793 3393
13413 5616 833 3651 370 3584 3623 1091 9126 6702 8236 6837
13414 1862 3053 5600 69 2359 153
13415 2897 1182 2331 217 7503 384 7252
13416 660 9551 1174 917 1314 3290
13417 3374 545 260 8972 8620 1085 7502 1082
13418 1262 5431 1032 8078 16 641
13419 2904 3661 2002 3780 2295 8273
13420 1801 89 7695 1208 6494
13421 97 7170 49 1335 7373 4531 468 6029 5985 581 7763 1572 3749 254 256 2244 6825 393 10143 5499 1441 1440 8606 203 65 5364 2187 1587 4702 9825 8167 2783 1101 6525 5673
13422 4430 4278 4022 2545 1382 7021 2388 1070 2255
13423 2677 9805 2859 5271 1796 3907 2923 110 1543 405 8654 5744 3184 1776
13424 2545 1382 5689 919 419 6181 1054
13425 1385 3679 5603 2216 8219 6236
13426 1024 1868 2361 6471 5343 1043 83 6500 3686 5846 2906 509 7431 10155 7636 7142 7472 9699 1913 2336 1776 1018 2331 10153 666 6391 3801 3402 9459 7095 5657 2150 3143 7470 10010 9867 6199 8465 8832 991 5434
13427 6817 167 9303 264 5628 3666
13428 6431 3779 5609 8398 5232 459 9245
13429 2579 4219 3599 2318 992
13430 4494 8586 7944 8499 8436
13431 1875 5869 3886 6087 5629
13432 2858 5477 3541 8130 5280
13433 6439 477 8146 1050 9507 4664
13434 7439 5082 9669 1690 1692 4508 5706 1766 434 1197 409 7477
13435 4449 9106 2060 602 4686
13436 3900 4000 944 2958 5492 5659
13437 2628 4902 1336 4081 10049 1711 1822
13438 9296 945 4500 1098 1429
13439 2645 1420 874 7440 7291 167
13440 3338 6224 7991 7155 9894
13441 3255 272 18 1882 969
13442 298 7350 2503 312 2112 110 1923 8698 8128
13443 1865 7487 8205 9306 6931 8163 1118 719
13444 7868 2715 1090 5222 4946 4702 10062 841 4240 7116 9080 789 4156 9056 7169 56 7565 7761 7807 6025 7211 7340 2762 9359
13445 6800 7699 9645 2811 8539 8638
13446 3996 1250 3228 8470 687 6055 267 9215
13447 3517 806 52 7758 2049
13448 7850 5782 8718 2028 4871
13449 3982 7439 2112 4580 144 1699 298 5 8895 2039 5200 9639 4487 5058 2969
13450 7523 5018 5019 3810 3038 8505
13451 3854 8869 9559 9347 239 350
13452 3653 3266 9228 4582 7506
13453 4949 1868 7264 3384 3265 6987 3145 7539 86
13454 7561 8647 3968 2690 7434 1069
13455 4863 1985 3385 2723 1687
13456 1720 678 9171 4707 1455 4344
13457 654 7824 992 9522 2155 5708 9620 8923
13458 8085 8190 3879 795 3695 8222 9546 2471 3059 4822 1809 6012 4548 599 329
13459 487 1532 1533 4980 483 4981 2855 1101 4982 4983
13460 4856 1253 2366 1255 407 4286 404 3436 1992 1776 5038 5925 8607 4072
13461 2199 9242 7002 1308 8799 2591 85
13462 5943 264 3561 673 1397
13463 2722 1589 6847 7601 90 50 1151 6621 52 944 1369 3732
13464 2095 658 371 302 6618 1846
13465 9449 5877 2728 6623 5668 9639
13466 1872 6342 894 588 1457
13467 1912 5514 5554 10007 6856
13468 3020 372 9601 3473 1425 595
13469 1504 3346 3914 5842 8347 8460 6611
13470 10128 8875 16 736 6422
13471 1707 2314 6993 9097 8902
13472 632 633 5665 9999 8940 6180
13473 4100 2112 10079 2115 5702 4475 9278 1647 3237
13474 4362 7070 2161 7095 4726 9447 9330 5588 3788
13475 8265 3161 3196 1311 2241 3936 4852 318 189 341 5719 58 2776 570 158 7747 1457 6386 6355 9080 8374
13476 6687 2446 9170 4414 96 5664
13477 9163 9184 6051 6038 7835 7285 6859 8010 259 8945
13478 6956 4576 1881 96 9652 1269 6269 5896
13479 6171 8489 7678 851 3316 8764 6245 1142 8350 2605 2337
13480 373 7466 1669 3835 2160 6168 5818 8711
13481 5149 6732 2543 1875 14
13482 7498 237 7348 4001 2072 7042 4115 9755 3965 1769 4501
13483 1166 2300 2694 3049 2667 5969 1323 5142 5357 415 1069 1085 1246 5382 2623 604 1561 4664
13484 878 8179 1409 8807 9177 5937 8134 4267 10092 1143 8591 588 2154 2891 4232 4047 7669 8150 15 3960 1356 9600 560
13485 5044 4708 4501 5153 3295 6837 26
13486 219 312 9696 1235 9555
13487 2533 8198 383 9440 1298 686
13488 439 3456 597 1301 715
13489 1049 836 8831 3767 1678 8346
13490 4638 231 9946 1731 6102 1811
13491 2868 423 652 3817 2278 4396 593
13492 8506 3978 2316 2166 9155 5922 3233 1726 3566
13493 3475 3608 439 3931 8922 1926 5631
13494 9179 144 5200 110 3210
13495 8910 9337 10102 9853 1520
13496 919 234 5275 866 469
13497 5763 929 5570 6 5914 241 9687
13498 2918 1308 1085 2543 6892 801 3536 2170 694 4330 833 2508 352 2515 417 2396 1208 715 6265 9827 4624 4664
13499 9568 2102 8373 6326 2981 433 1096 731 3033 1357 1099 526 855 2798
13500 7244 820 877 388 1267
13501 3983 90 1151 10076 7460 1090
13502 90 8070 9823 4240 1046 2248
13503 7046 434 415 2720 2269 2757
13504 1616 521 8182 7018 6586 1787
13505 3296 757 1863 5066 4811 6250
13506 6822 4210 1238 4651 2282 1857 4707 6868 6299
13507 2276 4844 7658 5942 1507 2275 4557 1225 836
13508 844 4624 1308 5252 4529 6289
13509 8004 8471 5513 3092 3066 867 9292 2178
13510 5141 1225 1069 689 196
13511 8546 3128 5755 3726 9924 7097
13512 568 1614 5666 381 660
13513 3090 2647 8449 759 2171 5496 6876 1132
13514 6672 10047 2226 9129 6665
13515 2820 6222 3006 2323 7430 2137 791 4145 2067
13516 5849 252 1960 821 352
13517 8503 9352 2784 4518 6713
13518 10002 2130 9752 5108 4136 7561
13519 3897 2733 21 6598 3645 1374 975 6115 5269
13520 1250 5983 2885 8937 10097 3080 5550 7410 735 1958 2248
13521 5912 5558 4149 6955 801
13522 3126 3675 9031 5944 5602
13523 9066 97 846 10103 5301 218 1027
13524 4796 8258 5437 10126 174 7072 2608
13525 9025 8932 801 4716 5264 7407
13526 1108 9217 9346 3390 8886
13527 2039 2030 29 2647 1225 6808 3046 1448 435
13528 6139 1903 7278 4501 3080
13529 3006 5743 18 463 6553
13530 8380 2866 1620 2795 5247 970 1358
13531 7681 3626 8327 5968 7058 3481
13532 1124 2859 243 8130 405 2114 1801 2039 7498 10054 4817 4148 1805 9281 4809 8458 7565 6827 1804
13533 789 231 6150 766 2692 1967 3050 6661 4956 2472 6641 843 1630 7736 8574 548 8226 8832 1168 9820
13534 8644 708 7600 6688 3974
13535 4710 8319 8075 5603 6191 4153 1903
13536 7036 4840 5031 171 3245
13537 141 2255 8648 1075 1308 7776
13538 7384 3260 1994 829 5364
13539 1144 2218 500 1479 531 71
13540 60 961 6320 3034 3584 1766 4748 4749 5078 4870 5464 4755 1638 9090 4754 8017 3971 3515 2100 4758
13541 1653 2932 2345 1974 409
13542 929 5320 2338 1612 545 123 5535 4460
13543 2566 309 7808 2869 5536 6597 6322
13544 7488 4615 223 1190 1081
13545 9949 4508 9056 1499 9933 8221 2224 4402 3243 9536
13546 3429 32 5720 9795 5828 906
13547 2230 9985 1698 3050 2716 5306 2816
13548 7173 29 215 5989 7393 7914
13549 7231 7792 8037 10143 8132
13550 2169 2776 1839 1349 5105
13551 625 9210 167 5570 689
13552 8964 968 1196 3310 315
13553 78 9346 6023 3066 9074 33 460 8244 144 8895 9794 2232 3203 3527 3352 1352 5669 828 200 4532 4726 9997 6166 9145
13554 4015 4596 9254 4621 3771
13555 9467 1868 7674 4891 6881
13556 1283 3101 384 5692 409
13557 1242 3584 1696 7978 2510 5551
13558 2158 4272 4446 2052 7589
13559 1075 3317 6286 1936 6851 2089 1766 3753 4725
13560 734 5297 7203 1429 297 737
13561 9286 5204 3754 791 3771 6149 1225 2491 9233 2063 1838
13562 849 1711 3234 2051 4787 5245 7949 6 9097 1548 174 3556
13563 8358 9556 437 1884 2273 1163 5577 434
13564 418 203 6781 7569 1971
13565 4170 4585 7349 5447 5449 6009 294
13566 4950 7673 805 450 4183 1896 2969 3320
13567 9026 479 2934 8085 1647 1438 9822 5818 3590 7335 1823 4568 1527 457 6232 9840 1335 4669 5095 5973 8923 475 1468 1069 2381
13568 6301 262 1716 477 2518 4648 601 8505
13569 1156 1930 992 7824 3127 5793
13570 631 1913 9588 8461 4098 2081 9907 9484 522 5061 1797 5324 8671 2966
13571 8901 371 4561 6338 6895
13572 924 5247 1156 4948 2380 5297 2633 644 2442
13573 5149 3044 1529 1817 4310
13574 2479 2406 1480 2503 4784 37 1402 1376 673 1672
13575 7660 4545 2276 2608 3294 8953 10073 2871 5868 197 1078
13576 5409 7060 1828 9263 8374 1381
13577 3180 3748 900 5097 2535
13578 1355 5659 2432 3120 2797 536 137 9842 6324 5737 987 1625
13579 1907 5376 7612 4048 5225 9963
13580 5515 373 2890 2633 4379 7948 5156 404 6877 4191 6878 1664 5968 4916
13581 4808 4542 6572 8879 4076 6279 818 2914 666 10058 2319 7248 2912 4768 3088 7908 5917 4575 2829 1885 1368 4504 2390 4593 10017 234 1406 5687 3968 235 237 8674 3246 3842 9847 9824 9587 4432 5061 1797 1116 7623 4620 4078 1888 5249 4329 1889 2073 2533 7561 10032 111 1054 285
13582 7693 8274 6434 2230 1528 2172 1377 10121 1933 1133 4399 8364 1378 6816 8751 5759 9365 1657 2422
13583 3365 9693 4106 8440 4431 2126
13584 5104 8359 2771 8021 7859 9285 2071 899 3903 7196 6 601 757 9444 373 2846 4486 1633 533 1686 6628 6503 3303 2373 8958 237 5443 9198 2579 5153 6100 1095 931 128 3081 4732 7907 149 1637 1428 856 1462 3337 1007 254
13585 652 4430 4375 2873 695 7803 720 7324 5141 2534 5426
13586 601 4043 229 352 1003
13587 3225 6742 8409 3093 2056 2585
13588 1170 1881 8061 3767 944 8552 109 1225 1457 731 2810 386 5000 1427
13589 1040 1042 1041 4521 3929
13590 5511 5895 535 7859 1964 2614
13591 874 8665 132 2913 1658 4456 1123 1679 6595 5807 3727 6407 724 725 2645 3049 1916 1245 8971 3528 3203 4801 9344 3474 801 9020 9127 3338 7227 5237 430 7425 10035 10001
13592 2191 6124 1723 2525 7183 4387 9090
13593 6507 8566 5170 7317 699 9842
13594 7214 3171 5861 3324 5164 732 1848
13595 723 3075 3933 9823 3898 597
13596 7214 1109 7990 3264 9947 3039 274 5082
13597 9823 521 4771 4583 1711 438 2511 5347 9436 437 5624 4804 3517 3905 5870 7777 1926 173
13598 1660 1573 8767 1382 562 1337
13599 6065 1838 901 6142 2250
13600 2941 10126 10123 808 7612 9250 3984 9218 1997 3347 8771
13601 5070 7703 1587 94 9607 1069 1759 4245 4152 6987 732 4484 21 619 3980 8083 2829 6078 6973
13602 10147 899 9352 8969 1240 2509
13603 262 3098 2651 6051 420 9327
13604 4666 2241 2270 2388 4571 429 2124 2750
13605 5563 5539 5533 7384 7536 1596
13606 318 490 3753 6456 52
13607 3827 3707 2869 500 7635 8358 514 6037
13608 5439 9868 1168 212 6943 4841 3643 1648 8645
13609 6215 1733 1274 7174 1669 3681 1769 9852 69 7643
13610 2458 6401 2145 7293 6336 5773 1985 9610 2809
13611 1467 6410 4901 3016 2550 1311
13612 925 4167 734 6182 7936
13613 7909 1728 2045 1263 9406
13614 6803 9613 1902 311 2669 2795 3030
13615 5232 3505 3093 1683 2725 1250
13616 9570 6013 1496 1543 6702 7132 9868 3059 2178 8981
13617 1785 9750 2339 298 5 4535 2345 1974
13618 4 3406 120 734 526 3620 7017
13619 7311 3104 384 1059 2279 1958 3878
13620 175 3644 7461 2558 2008
13621 1574 138 6837 6697 940
13622 3980 9547 1075 8338 2250
13623 3191 9729 3885 5263 9012 9914
13624 2891 1974 5317 4523 757 442 2088 7506
13625 2361 1145 2695 3782 1843 4120 5907
13626 408 2531 4867 7588 393 8378
13627 4009 8128 6914 9797 10057 1694 2215 5219 7828 7257 1985 9245 3256 61 2686 7770 6556 1204 5600
13628 3049 2255 326 4318 8614 6012
13629 7450 2626 894 9852 8697 4853
13630 3089 5848 8677 10042 5038 1911 8723 1986
13631 9342 4369 5366 6048 2506
13632 4228 5860 8658 2054 8422 1129
13633 1679 229 3222 1825 3058 7337
13634 899 1883 1694 7327 8110 6651 3117 1196 2985 2446 9894 1356 8952
13635 3584 7128 2953 1339 3476
13636 456 5514 2433 1410 2637 3264 1988 8962 1649 3152 3056 950 3202
13637 5848 943 10072 4786 1614 3230 4496 580 6191 3228 2809 2029 7845
13638 5492 285 5659 1568 4736
13639 1075 6167 9968 218 646
13640 8605 599 1050 6753 254 234 8134
13641 3857 8847 3049 2667 2456 3338 4178 6658 1448 9675 622 5968 6284 6644 9073 7244 2060
13642 3900 2704 402 3207 439 2730 6928
13643 5317 8290 520 5739 5793
13644 1035 8571 8419 1384 265
13645 757 1301 1004 1631 5854 9159
13646 9279 8472 254 3118 7820
13647 2708 3224 8890 210 7317 7666 3253 1029 2076 66 5362 1213
13648 264 1238 9640 1573 477
13649 1857 5096 1063 4207 378
13650 3644 6772 4453 2328 134 1573 8767 893 2462
13651 5374 2114 9750 200 3811
13652 6171 7316 8932 3823 7873 5637
13653 4891 2399 905 9754 388 348 1282 5185
13654 1075 3158 4405 898 6822
13655 7318 2971 2912 5160 1018 3057 2734 4443
13656 3644 52 3756 439 10119
13657 2953 3814 368 1958 9616
13658 905 1857 1339 9473 8050 1267
13659 5506 3771 3393 8818 1520 4335 3742 789
13660 7260 8108 7094 6100 4042 2820
13661 722 4821 4545 2178 3039 10065
13662 1298 720 134 5853 1652
13663 1647 575 3256 4306 414 1360 5781 9412 3834
13664 3111 231 3724 3974 5857
13665 1018 1529 757 8843 1621 9415 1225
13666 478 9999 272 6755 6111 3253 1323
13667 1792 1793 703 5437 1199 5940 713 599 1607 7879 4938 3294 1805 8810 9603
13668 6482 5146 8806 1212 134
13669 2300 4189 2542 1179 9337 3329 8116 1124 898 9966 5676
13670 3969 581 84 134 9561 3961 1621
13671 5822 2521 3227 5534 3110
13672 7736 1488 2692 766 2173
13673 4938 8005 2886 1742 2218
13674 5432 1087 5065 8230 1854 4745 1155 333 6533 1851 971 969 2439 9054 975 6520 934 6522 6521 4757 597 1432 937 371 7183 1682 977 4870 3425 1104 6525 8017 8884 986 8885
13675 9548 2790 320 8377 2643 2220 9732
13676 1287 6538 1071 5690 1757 6641
13677 8829 4163 6260 1288 136 1137 5600 8817 6957
13678 8802 4313 3317 1247 534 535 1827 5288 1423 8186 974 1106
13679 2336 850 1595 6761 9191
13680 6580 9792 6061 2197 347 8355 4245
13681 1647 5123 7318 5714 2256 2139 9557 7801 7875 4291 635 1293 10152 639 3620
13682 6404 2815 2673 434 4010 1825
13683 5964 302 5181 1457 9989
13684 1309 598 757 927 944 2354 642 3768
13685 2812 4675 4975 1034 2223
13686 280 10127 2734 6678 3111
13687 4717 5587 3108 735 8180 1106
13688 10104 3772 1151 7477 720 5670 49 3533
13689 1680 6622 2047 8792 2107 1003
13690 4703 2476 7339 77 6915 388 7851 3569 8557
13691 3517 3678 432 4398 110 1408 661 5600 4796 1755 7985 9837 6891 4996 6437 3246 6516 3185 8613
13692 944 2462 9576 134 4337 744 1960 5426 7060
13693 8529 4298 7148 6708 6825
13694 2628 7358 8049 393 2049 156
13695 769 2645 2231 1713 3252 2993 3540 660 598 1630
13696 2331 9478 7072 3443 4429 4809 8034 1556 4526 4819 9415
13697 4357 9349 4551 9516 7710
13698 7220 1 460 9077 1607 3072 1802
13699 6508 885 6325 1196 4664
13700 7358 4324 2426 851 3182 1786 5543 7315 8800
13701 4161 4517 3980 1211 7972 8561 3877 8152 6121
13702 1427 393 1225 1972 22 1384
13703 368 439 7010 8534 3725 2337 1950 2852 9139 7291 2019 7834
13704 843 7751 873 9479 3915 2178 7266 109 1182 1076 2179 8455
13705 9116 10139 9568 2440 8848 975
13706 284 2090 850 53 7281 3938 4901 2816 3798 4214 9337 8015 1619 2794 7860 5493 6322 1098 976 7737 3468 1429 294 537 1358
13707 7754 1542 4957 2705 3837 4430 4520 4643
13708 174 9037 5789 10047 5533 6796 234 7248 7518
13709 298 5607 5945 1772 187 264 1308 5959 4639 5806 134 7347 1434
13710 262 5390 9705 9589 2191 962 10004 731 1457 1424 1723 852 1427 292
13711 9963 9607 3111 4183 10155 2708 4240 3779 4339 1727 1820 3202
13712 1267 2814 2546 384 720 8862
13713 2110 6714 5082 5668 1742
13714 7259 3881 8737 3111 628 3823 9309 1965 3736 2255 5498 1254
13715 4066 7609 1268 2081 2351 6058
13716 2493 7925 414 5663 332 1875
13717 9725 1120 4940 3666 205
13718 5600 5543 996 1225 415 1462 6738
13719 905 10116 3474 3535 4664
13720 3009 798 1133 8354 1254 2992 318
13721 5432 846 924 4947 5297 3109 5737 293 7017 7269 1021
13722 1068 641 8123 1148 1511 109 10098
13723 174 7735 5159 262 254 3337 134
13724 2081 9908 8666 5713 8868
13725 5173 464 470 2767 2900 5892
13726 565 4105 439 643 1813
13727 393 5513 6684 4234 1635
13728 5253 1914 5860 7075 1692 2744 2943 8215 5271 5996 7211 1690
13729 8492 846 97 6 3673 7263 7545 855 294 980
13730 1252 6210 9387 8716 8978 604 3168 4254 2683 1564 971 2322
13731 2090 7869 5659 734 5388
13732 2777 9543 5511 6959 6843 9616 3756 689 939 3917 5254 7342 2770 1669 3468 6324 2493 1637 581 4175
13733 1233 642 5649 4925 5881 2512
13734 3739 80 1910 3445 72 4101 6937 7072 9948 7110
13735 9933 1380 1384 310 6702 838 3944 134 10150 8968 573 1314 1658 264
13736 9951 5530 242 3474 6911
13737 3151 4150 4136 1060 234 5336 5519
13738 6 1364 8249 1579 2094 1021
13739 9221 1380 1551 3050 109 9064 2829
13740 314 254 117 9715 757 8386 581 593 7389 2647 3230
13741 3091 8732 4479 7849 8561 9540 8086 4137
13742 1324 1825 324 8597 9763
13743 6546 8906 6417 3626 4043 194 4767
13744 1323 805 1775 1780 5056 4043 5508 3965
13745 6310 2267 6333 562 7664 264
13746 3954 5694 7086 4950 9561 763
13747 704 110 372 4078 8533
13748 2143 3620 5570 2414 680
13749 2317 7457 7236 9574 3851 9834
13750 9453 3371 79 9482 1210 2323 8712 2361 9349 1416 944 2333 3334 9296 2132 5841 105 1360 1543
13751 543 3935 5630 8692 3951 8151
13752 3193 912 3263 4032 1 439
13753 2707 8787 1109 3760 74
13754 8302 1325 90 6683 612 3205 142 3694
13755 2331 6806 2388 10074 4641 9453 174 7180 9700
13756 9259 9963 1912 2522 9844
13757 2724 3779 2692 2130 3398 944 3662 401 399 453 2992 7456 2960 1484 1737 6917 4825 7528 2944 8828 5862 5260 1486 3786
13758 9969 5399 4696 134 6143 1549
13759 5942 2333 8574 2668 10091
13760 9439 489 2780 3246 8111
13761 9119 1862 1721 2374 755 4300
13762 5301 4541 1462 1309 1196 6
13763 4921 4217 5659 3615 7860 7364 5289 1426
13764 5836 2598 757 680 6522 2070 75
13765 5200 4299 10012 1270 2826 6807 8533 1208 437 6425
13766 4655 2517 4437 134 2810
13767 6266 8629 1601 7031 374
13768 6574 4947 6 9079 2093 5368 6324 4383 6525
13769 10068 5492 5079 2026 5585 1632 1156 6765 8888 2780 5534 8556 155 3461 5998
13770 384 8571 2143 8958 9205 5740 9909 2653 6454
13771 4019 2399 6830 8625 4430 10013 5648 5423 4688 652 2873
13772 92 5390 540 7570 5296 934 976 58 855 2798 296
13773 692 6124 2388 5651 9759 1155 1184 9348 1862
13774 285 6205 4344 9919 189
13775 1758 2398 1308 2594 6148 6133 4425
13776 2942 9453 1556 6209 8411 384 2762 7600 10062
13777 658 5398 1803 2398 5331 9377
13778 7055 6037 115 6898 1434 6168
13779 9547 9032 1573 376 3303 410 4670
13780 3017 5183 3537 2354 791
13781 6302 944 9498 5934 2868 4132 2414
13782 1677 1868 4427 1008 194
13783 5977 3111 7628 1556 2267
13784 7249 8057 4957 1329 3846 3821 4932 2619 7942 384
13785 720 2632 3256 97 7484
13786 2333 5238 405 447 6335 3409 2710 2522 262 4132 1761 6061 3413 2708 1710 272 2283 2800 1365 1124 7365 536 3001 3422 5715 4584
13787 2434 4381 560 5181 8898
13788 4890 7630 2871 545 932
13789 7867 1853 6179 9674 418 1075 9664 470 5244 5511 1384 2189 850 9234 3770 1892 7196 4583 333 1851 971 70 969 6474 137 2097 975 1682 977 3110 1430 5501 2807 978 4753 4756 7015 5902 986
13790 5876 6551 6949 9275 5413 2338 3246 40
13791 5810 6304 7690 4543 3508 9892 1270
13792 942 1647 5840 1543 1264 1146
13793 7744 8646 5637 10155 254
13794 8848 4977 3734 8410 2016
13795 3362 9135 708 1587 9349 2059 5515 3276 4964 2710 1250 5660 189 7584 7533 2329 2102 2432 8751 2714 2218 2194 171
13796 9591 109 299 8530 1622
13797 8713 2020 9810 18 9578 1848 63 10142 4872 3015 3895 2427 3004 4312 441 1050 5600 5806 1660 455 4529 5053 2543 1640
13798 302 1344 1383 2378 7816 396 6054
13799 3974 2059 1914 4225 2941
13800 2979 4732 3673 2093 4172
13801 87 9807 9311 5960 3650 901 5613
13802 2108 4441 1170 4042 1308 885 6332 4023 21
13803 2193 1862 2810 1208 2565 734 7053 9527 6946 642
13804 8937 1620 5586 1632 2093
13805 3620 134 6644 704 3812 7547
13806 6120 207 2820 2368 1332 2749 10093
13807 2346 667 1809 2347 1403
13808 3017 3006 496 1183 5254 5268 18
13809 3778 2369 632 7937 1083
13810 6410 4223 2450 265 134 4254 1339
13811 8696 3252 1404 229 6659 298 5
13812 6860 1023 4486 8270 32
13813 475 1069 9523 4902 10093 10089 9997 7277 4171 1702
13814 2705 1616 6944 3523 3524
13815 8748 2503 5797 792 1393
13816 4116 9932 3659 3444 5 5637 5638 715 2074 5517 1686 4008 8278 416 9519 7883 1923 791
13817 2983 1677 384 4989 5601
13818 7927 366 2418 1395 1932 9497 1784 61 461 8918
13819 2478 23 6275 927 6240 5800 110
13820 6773 3423 1430 1106 1625
13821 7330 9975 2197 10119 68
13822 713 373 10031 581 8440
13823 4912 6224 4992 3778 632 5655
13824 7578 2342 10144 158 4818
13825 2325 2988 3247 905 7335 1208 833 1268 4039 5563 9465 49 3704 5173
13826 2395 205 6863 6647 2879
13827 5003 904 5632 2524 9190
13828 390 1159 457 5685 3138
13829 6108 98 2992 7188 109
13830 1784 6467 388 594 3116 1261 3134 602
13831 6574 924 3209 3673 7349
13832 1190 1451 665 1862 2028
13833 1075 439 247 678 2226
13834 5144 282 7064 9968 9044 4713 2089 8556
13835 3519 1716 7970 9452 2853 8026
13836 232 117 2136 8602 642
13837 5524 4996 8071 1393 2380
13838 3076 6868 3978 1151 1050 7227
13839 3670 545 167 446 171 734
13840 7286 6220 1158 7008 1962
13841 9976 5148 5360 956 3288
13842 10051 642 851 8625 650 673 134
13843 8952 7193 435 462 10150
13844 525 167 446 4959 4737 3055 856 7741
13845 5367 8041 4651 2720 1316 2484 882 4249 407
13846 8707 4049 1303 7933 7154 8853 7783 7153 3339 5511 97 3409 93 9589 546 7265
13847 8623 6253 8572 3772 1058
13848 5610 1478 1325 7122 5805 3731
13849 8511 4223 264 1397 1238
13850 575 1213 213 1250 8784 1663
13851 1736 7472 521 9557 1817
13852 3607 1321 5346 1044 9483 8979 5411 6194 3641 1657 8033
13853 2548 4797 195 5099 1882 373 6720 3207 4745 1559 2487 372 4419
13854 6430 6469 1467 318 791 8108 2733
13855 4507 2475 3794 5240 9219 3008 6392 9819 90
13856 1511 8569 7612 4010 2139 6549 2181 1507 1776 5782 868 4701
13857 4665 8570 2882 6554 5948 9958
13858 9008 1848 1862 3729 3608 4781
13859 558 9681 7410 8567 8267 557
13860 1912 3381 3663 3664 4965 8196
13861 9477 716 1264 670 9224 4786 5693 721
13862 8407 2919 9355 888 2141
13863 4363 4507 6455 3740 109 460 1496
13864 7929 7307 5941 2668 581 6995 7525
13865 3598 1421 756 2564 4690
13866 2961 3017 5320 6634 1151 975
13867 6264 4032 901 2050 1052 1752 134
13868 2336 3134 8020 748 6371
13869 6687 3121 681 5567 439 7355 2485 2354 407 3587 1243 2404 8489 5188 2853 1235 5098 9022 8505 1716 3311 2841
13870 2666 7795 2642 8590 8852 8336 1075 944 4768 109
13871 5981 4921 7758 5659 737 2283 9079 2525 5449 4387
13872 58 1707 2532 1170 1512 6601
13873 9595 343 2533 1298 1268 1888
13874 5339 2548 408 1873 373 3905
13875 2184 1865 6847 350 2488 1994 381
13876 4306 441 2354 8959 1927
13877 7527 171 2613 133 5963 1097 858
13878 3896 309 5140 439 2252
13879 7439 2078 3872 847 7651
13880 208 7330 237 4091 6282
13881 4081 298 6533 2507 10100
13882 8431 2672 2503 1380 4437 3205
13883 2503 4745 1004 2810 520
13884 4043 4009 5097 861 3230 6212 165 961 42 1019 1856 8755 9460 648 2980 3651 2262 856 1512 1607 262 7060 1638 4751 9763 3766
13885 4762 394 8692 10099 9339
13886 9044 9518 4 4127 8252
13887 5735 6870 714 8695 52 1311
13888 5155 5525 7875 6825 5673 2758
13889 659 2597 9793 4975 5542
13890 4335 5871 632 10006 109 4102 3111 299 2435 6112 5482 4283
13891 2148 4114 5056 8738 3019 1354 4477
13892 1934 3338 2910 1151 204 8015 3301 2647 2226 1699 232 5010 2140
13893 944 5977 7690 6954 8293 7108 2820 1359 3508 899 6604 8472 8003 9709 5840 1336 9380 7510 9581 1989 2207 7498 2603 3355 6500 88 76 2597 5100 3370 5565 2548 2467 1210 2812 2378 4009 3953
13894 7735 3851 6354 735 373 2351
13895 98 3251 2233 8256 5456
13896 4993 2013 7541 6751 1266
13897 4901 5420 7146 2344 7654 2593 9070 384 4009
13898 5492 6516 8404 407 409
13899 9974 2510 218 882 8782
13900 4362 6336 4349 558 8150 3067 744 6371 3144 508 4548 2800 1882
13901 720 9843 5254 3729 1972
13902 9299 4498 7534 2233 5602
13903 3230 477 2280 1267 6298
13904 2643 3689 9838 3798 5591
13905 3494 6116 4500 439 2883 4762 6554 4826 8032
13906 764 2645 5439 4949 2474 9322 3338 2906
13907 102 1273 1417 436 5954
13908 10014 4446 5111 733 8006 6557 2267
13909 1085 7867 9016 2952 2091 383 9856 378 3732 6781 306 324 540 384 720 2194 6193 5415 6161 6178 3711 1529 167 934 5388 972 6142 3967 1366 2065
13910 4226 1132 1587 1233 9644
13911 8399 10023 8716 667 3746
13912 448 1276 1614 1667 312 4723
13913 1945 2531 1836 15 5483 2838 3557 6861
13914 2890 923 7585 1208 6386 6124 2587 534 535 7859 1363 1092 4736 4959 928 5090 5247 1634 291 2797 65 6844 2099 935 937 8960 6525 3701 9090 8402 1638 159
13915 2159 5580 9915 477 3650
13916 7890 6239 7017 171 1106
13917 5999 6836 1875 9129 4269
13918 1608 174 2791 1367 2090
13919 3062 9110 1158 477 9804
13920 889 9313 5927 1218 944 9216 4133 4541 502
13921 2816 9139 3478 6415 2716 2060 7134 456 1495
13922 4302 1659 682 7503 9045 7484 5058 6003 8386 6665
13923 10059 3142 927 5347 7164 2373 7622 5689 9617 1556 4075 865 1820 4625 5652 6355 6417 9507 8492 217
13924 4907 83 5933 4945 111
13925 3932 3601 3003 1888 5249 3967 2830 3968 9169 1971 606 1058 514 4457 4276 9910 5894 9862 6907 2523 7888 10034 3570 4575 1116 6921 2232 4767 9836 8565 6824 6719 3305 3930 531 5179 2427 192 2503 191 6519 65 7185 5 1616 3867 2892 2314 1404 3138 390 392 7238 729 4173 955 833 8945 9495
13926 7233 791 1215 527 1633 8543 6975
13927 4600 1409 2 3329 1335 3893 4789 7341 9872
13928 4206 732 1083 801 2108 1027 1770
13929 384 1520 1024 4591 3059 7169 2218 2215 9585
13930 188 7306 2914 1508 8781 1247
13931 847 3234 1594 2434 874 1045
13932 3992 574 8651 701 6929
13933 8370 210 1683 791 739 443 1848 2049
13934 648 3054 1152 3256 1314
13935 10036 6845 2695 5255 5981 9174 5960 3118 3146 5277 5581 9189 5463 7807
13936 73 5779 1646 9279 3234
13937 4596 460 3505 3506 951
13938 174 193 5274 597 1646 5268 7461
13939 205 262 2533 1283 2527
13940 1085 7358 4414 3825 2540 4248
13941 380 2710 10093 8200 3079 7545
13942 8825 5515 1241 6221 1914 6987 9567 7783 632 4993 4339 5018 9318 5082 6477 4986 2337 1253 7626 761
13943 1788 3969 6007 9735 1329 641 3185 4086 8183
13944 3049 2953 368 3050 3555 1822
13945 2674 2532 393 2168 2119 5633
13946 6764 217 2376 503 3432 2485 3287 67 1403 548 247 5519
13947 5367 3075 851 2711 831
13948 7770 6811 731 6631 6192 1457 1100 5310 2269
13949 8908 909 1269 1455 3097 7410 3640
13950 7894 393 5325 3811 7408 3203 4323 9065
13951 298 10137 5540 8501 7216 8129 6175 9053
13952 2472 6711 8492 2081 4494 869 2137 2647 4189 5072 7163 9830 3742 2157 78 143 1085 281 1677 1609 9782 2543 10019 2238 322 4197 1368 3991 3010 6829 9486 6755 6404 8653 8148 6028 6084 7576 1662 3214 9944 1115 3532 4238 2079 4574 7980 1405 31 6778 2300 4116 3084 2204 805
13953 8821 6410 9530 134 1825 642
13954 7708 6440 4100 3930 2542 3038 531 10011 1309 6279 1604
13955 6954 8293 5019 5018 6124 7523 3038 5900 7044 4990 1367 9337 2671 97 7032 7281 540 2796 4948 3673 5899
13956 4909 9699 304 203 1528 2668 435 7945 390 4377 5031 4327
13957 1713 5384 10078 6138 368 3094 8935 8350 298 1400
13958 2871 8123 1383 8875 229
13959 3101 1574 1547 8865 5472 1444
13960 3665 3026 7245 4093 2458 6242
13961 2027 380 262 5780 78 3565 2762 5170 49 3013 5154 2817 7299
13962 4359 2666 1581 7514 3881
13963 2548 1602 8626 5529 8146
13964 6 3115 4486 4620 695 52 1569 2376
13965 5321 7035 6458 5388 1103 6845 8583 1278
13966 384 720 9953 4658 4375
13967 791 2720 113 521 3118 7820 9405 4880 4996 2761 1852 975
13968 7986 5927 2967 10075 834 4895
13969 6928 851 9597 667 171
13970 217 262 4623 18 131 4772 4153
13971 3832 134 1339 8767 3844 5027 265 376 216 457 1670 480 1667 5853 477 4679 1875 6298 4828 4829
13972 4282 2337 9765 7276 6014 5865
13973 4525 961 1555 2825 2423
13974 5013 7440 262 2868 9025 6486 477
13975 5512 97 8322 1277 5466 2938 8403 981
13976 8136 4073 9712 681 1770 333
13977 689 235 9562 4640 3474
13978 8085 10079 3023 1336 7798
13979 808 4891 6906 6783 4938 4100 3487 109
13980 3012 7756 1225 2702 899
13981 1149 30 732 5688 5474
13982 3766 439 1451 728 407
13983 5597 9193 4905 1086 4885
13984 5702 5152 5173 9081 10147 300 899 2873 5488
13985 5409 5127 7585 174 2594 1212 1784 1318
13986 1109 3593 9190 1561 2583 2456 1132 8954 8877 3382 8620 1744 8352
13987 6027 8033 4917 9505 207
13988 6263 2708 1776 3602 138 5845 2173 3261 4560 5407 8323 408
13989 9685 3405 1881 8447 4762 1075
13990 6060 5893 1911 5240 8207 4729
13991 3982 4469 5750 3093 1499 9377 1124 8130 2012 3855 10124
13992 9150 3837 8357 6644 7304
13993 6833 3766 373 5675 3845 6377
13994 4901 599 642 407 4430
13995 5205 1267 109 8329 7423 4545 7272 4074 5539 495 8610
13996 791 6831 654 2385 5653
13997 3783 1985 6418 3914 2446 1185 3448 9284 3050 5713
13998 6150 657 8576 4723 4772 1242
13999 225 580 374 2490 3793 7211 1696 3059 4699
14000 3348 7206 944 2275 2645 7247 5704
14001 6144 824 3799 109 4208
14002 3274 643 1371 1228 8266
14003 4554 6077 10140 1992 2338 9015
14004 2206 1268 1490 5940 2143 3505 1168 3491 1823 5151 3830
14005 1994 6558 7964 505 5725 1556
14006 1911 3273 456 2474 3399 2666 2875 1556 337
14007 6691 889 4768 694 2142
14008 1793 1312 2687 1086 5866
14009 1253 1912 6881 3506 2206 8196
14010 3234 1187 1332 6516 9370 9614 1442 7090 6680 2618 6123 2500 4488 443 7010 908 5991 1176 9943 4494 7694
14011 145 1457 4085 641 8396
14012 5 10075 2550 991 10129
14013 525 4168 4948 933 1357 5008 7333 6324 8087
14014 962 393 1094 1822 1083 3009 2126
14015 4058 7097 3707 6400 5861 1047 1656 368 1614 1 6509 7637
14016 8438 1404 4035 6350 6501 7142 9335 2914 1730 110
14017 4597 6498 5261 6851 5499
14018 1024 1028 2573 737 6092 2458
14019 4986 9758 564 3035 5509 1549 360
14020 5659 5822 2192 9786 4118 5388 5297 65 2020 8403
14021 2527 6350 384 8686 1529 3927 7962 8603
14022 3266 5813 2886 508 6687 8074 7799
14023 7825 8917 1814 6819 8682 9404 3504 2385 7861 3729
14024 4225 4825 1409 5840 4347 1648 10125 1173
14025 8304 1875 3647 6395 8316 937 1427 1278
14026 7175 109 480 1072 2809
14027 6843 9422 3338 80 3387 7989 9666 632 2361 5840 1914 5702 7577 1125 6464
14028 2628 4454 8657 4635 6289 9914
14029 9926 9633 264 8641 3098 2731
14030 2547 8789 4261 9043 234 5792
14031 2396 9248 3760 7156 5101
14032 2630 4646 134 2773 264
14033 2245 569 6832 1587 3145
14034 414 6124 5393 4449 439 7716 718 1427 5519
14035 577 7146 2951 6645 245 6944 8500 312 1786 9609 385 2282
14036 555 3935 8082 1582 4008
14037 2002 2109 8948 9237 2266 6847 899 5856 84 1410
14038 3747 2462 772 3214 7500 9627 9877 8253 2242 1258 8233 1650 4703 3558
14039 7513 6487 6264 8747 5977 1614
14040 3964 110 3185 2596 1604
14041 2188 4112 1706 7470 1730 2914 1889
14042 314 10138 8711 7373 2398 5034 337 8320 3962 369 4457 4458 1225 2897 2438
14043 1494 4465 6697 6081 219 2527 5840 181 1269 4676 1592 142 6084 337 927 585
14044 2924 9109 7368 3053 1673 1272
14045 3938 6 2429 3423 6544
14046 5022 9071 4551 2351 1144
14047 3428 7868 4043 121 3075 6087 6713 4418 470 2057 6 1270 3556 641
14048 9362 573 1877 7088 4218 6439 1435
14049 909 1503 3685 401 9342
14050 1060 4484 3201 2715 2886
14051 1384 9521 8149 9891 8528
14052 63 171 446 6920 979
14053 4852 736 6474 439 407
14054 8640 6116 6279 5247 1598 40
14055 1798 3544 5277 7939 2373 6839 1143 4067 9211 5269 9215
14056 7071 8853 4728 10002 10052 7456
14057 1378 819 4593 7051 4780 6906 7518 384 482 4617
14058 596 2752 2050 2647 7394
14059 643 2930 601 8599 733 1710
14060 7635 609 6337 1659 2999
14061 562 3971 1308 4271 7484 2918
14062 3816 3681 4043 5945 1891 1881
14063 4825 8225 3338 1875 8450 7967 10091 3056 1801 2435 9697
14064 4601 6185 9066 1384 2702
14065 10140 393 9361 3703 999 4519
14066 1824 8550 2851 9410 3256 4418 1882 273 1600
14067 78 144 1727 9801 1663 2833 913 4768 2907
14068 2744 8996 2446 2212 3393 6015 1906 7722 642 851 5235
14069 262 4232 2740 3286 5673
14070 3683 2341 5276 7195 1600
14071 3137 8475 2049 7599 489 3706
14072 5640 5126 6359 9573 2972 2186 3827
14073 90 3067 777 996 1192 8816
14074 6796 4835 6825 7794 4468
14075 3307 1354 1652 312 134 1834 4033 2503 373 22 7819 8759 4472 7461 3620
14076 5504 2431 8259 13 5337 4211 940 1980 9992
14077 5173 8023 4522 9544 8109 7083
14078 5750 1500 4002 2503 8535 232 2051 9534 3317 643 3407 1870 5932
14079 5230 1213 3136 232 253
14080 533 2071 289 1723 6544
14081 533 6624 535 2145 6629 6485 5997 6093 1426 5447 6563 939 855 6544
14082 5953 813 546 5320 1422 5723 791 4291 3003
14083 8447 1933 2527 468 4244 7429
14084 1555 5778 3830 1074 6664 384 1608 1017 1659
14085 8340 9005 5601 10132 10040 9678 8410
14086 5506 1270 461 5337 9067 2733
14087 9186 2373 3901 728 1271 8256 2107 4014
14088 7725 592 3177 6923 5162 10027
14089 5434 10144 3802 624 3370 8836 384 2081 8663 8469 3066 7277
14090 9787 302 533 4083 6334 3614
14091 4669 6574 6263 128 2810 7728
14092 1248 5421 9174 7896 8023 1466 3024 4014 9944 1734
14093 6444 2044 975 3776 5744 398
14094 2754 1279 2841 3288 971 1342
14095 641 6695 2686 8753 3449
14096 590 6180 2493 4306 8242 6582 4487
14097 1154 8491 91 569 6197 2233
14098 2543 4997 258 6104 2851 371 9114
14099 434 1657 4707 899 5185 905
14100 3494 634 5544 979 8611
14101 4682 10001 55 1283 5490 9826 5014
14102 944 7509 6931 907 3484
14103 9828 3961 6347 8805 3957 9354 470 4832
14104 3198 4012 1881 8811 417
14105 848 5497 8219 7128 2634 13
14106 2060 648 5006 1109 325 736
14107 5930 1884 7337 969 5993 4883
14108 2953 899 5818 284 7468 2376 9460
14109 7296 111 8255 8982 1937 6830
14110 1086 376 1672 7823 2503 3263 1332 6566 6680 1842 220
14111 6574 6479 1627 9786 5963 4419 5030 2284 3424
14112 3608 525 3938 2071 913 4736 2795 4031
14113 8250 8508 3816 814 424 1026
14114 5290 8176 749 2766 3529 1745
14115 533 2101 2191 5791 4169 1096 1427 6544 1106
14116 5093 3256 674 1026 3118
14117 7856 1484 8943 1409 6035 7750
14118 2708 2576 4834 4831 418 4999 9144 7357
14119 1801 5888 4101 82 84 7636 616 3823 2018
14120 791 1981 2259 601 131
14121 460 2871 8046 40 5214 7883 9857
14122 5424 5312 1555 1438 2072 2047
14123 4654 2867 3030 5224 7349 1724 1098 4383 294
14124 5691 655 1191 9601 1427
14125 10041 2049 792 2999 1241
14126 847 5556 2112 7587 2388 2751 8047 110 7430 111 2115
14127 3654 3241 1836 5519 562
14128 10082 144 9633 2281 1774 2933 1749 4542 8866 4789
14129 591 3097 8256 4437 5096 2429 8066 7632 1544
14130 4581 4400 98 1205 7995 1862 2503 9446 8672 2385 6556 1004 3439 3892
14131 1840 1519 6821 390 1609
14132 666 9077 9540 8065 2427
14133 3053 5600 886 7560 2342
14134 284 3283 4583 268 905 977
14135 1587 7164 890 3649 8277
14136 3188 3927 3172 1614 3288
14137 2786 4904 4930 2830 8596 4929 6062 2815 4928
14138 2090 6574 9589 7332 5906 7890 4382 729 594 6563 976 2807 1892 1429 886 159 62
14139 2176 275 7670 9887 164
14140 3869 1882 3509 1941 2898
14141 4786 7215 3978 3789 3711 10147 9272 2448
14142 1892 3410 2313 379 2191 1939 126 5465 7884 2094 832 6239 2807
14143 4431 3910 8592 224 9774
14144 1189 3807 9083 3805 8441 1308 7547
14145 312 3895 847 1597 6869 8738 5867 3015 353 905 4409 7091 6268 2388
14146 8242 932 373 3185 8727 2122
14147 4474 755 8504 3977 7605
14148 6167 1676 1050 373 8933 4851
14149 6556 109 2255 638 384 651
14150 4603 3616 1229 1029 5096
14151 7676 1858 2227 368 2846 8114 3479 651 1298 8790
14152 6668 4775 3993 3676 2296
14153 516 991 8351 153 2800 736 8078 3058 2553
14154 8787 3285 5365 1726 8851 6086 1370
14155 6694 6856 955 1159 3762 7064 2341 1158 9157 9294 7485 1146 6768 84 2363
14156 468 6416 188 5350 1471
14157 5017 7150 2271 7031 4537
14158 10074 6195 8099 1674 1084 3981 455 801 1083 2319 2912 1037 417
14159 8728 2648 2177 4638 4001
14160 940 8184 7938 8111 8616
14161 243 5340 5940 45 8334
14162 849 2245 3262 9361 2708 2694 789 5233 9292 8652 6647
14163 4743 9352 2503 757 2050
14164 94 6019 5 2112 2723 6018 200 113 4545 10120
14165 3343 5461 7873 3823 4938 2666 2667 1493 3498
14166 5600 312 650 5474 1974 7793 384 2672 393 9636
14167 3961 5591 2832 94 1144 997
14168 2792 7742 1908 3408 5589 3742 2411 2497 2622 7087 2141 2472 3660 1333 4057 8179 5179 2768 10078 1168 597 3870
14169 1074 1671 8459 1573 1382
14170 4220 8215 627 50 4402 1909 876 5937 3205 9702 926 4736 8549 3329 2613 129 128 7365 6093 9508 5632 980 9303 786 5628 159 857 2043 1684 2340 10038 7931 1374 7378 6908 987
14171 2298 4229 6811 5325 9404 8656 5872
14172 477 9273 3702 9622 9392 665
14173 7438 4545 1511 1890 4149
14174 387 412 2484 720 1298
14175 894 4596 3429 1875 9044
14176 5659 7464 4459 381 1964 3492 4342 1597 9497
14177 373 2831 885 2657 5580
14178 601 10101 373 581 1218 578 736 7570 259 260
14179 1762 7235 9780 4804 5342
14180 1332 2710 1593 8311 2708 4796 9415
14181 174 917 261 134 393 3845
14182 2921 6023 851 581 1451
14183 3608 1384 7846 2612 6171 707 2107 3039
14184 1616 3911 1607 262 2345 5943 682
14185 9949 6355 1113 3832 5577
14186 3474 4236 6439 2611 6313
14187 4921 533 5897 4948 6323 974
14188 7326 1669 8366 4521 9357
14189 3406 6788 93 3409 2071 4654 967 973 6544 4510
14190 3344 5971 8336 2625 6006 6911 2213 1914 4347 10125 2612 2665 2530
14191 1031 439 1621 1225 393
14192 383 615 3586 3410 6715 3418 1634 6718 1424 6790 65 5823 3514 4756 4510 4754 859 2100
14193 8000 384 4790 5948 19
14194 4057 5179 10043 8445 3113
14195 2466 8743 8351 2853 5197 700 3541 1775 4619 6563
14196 9298 5877 1359 5046 6943 1902 3406 1355 93 3415 7273 353 2717 10094 4561 3172 171 434 9744 4585 5726 734 5388 8966 5008 5391 2567 856 6899 9899 2284 1030 3084 6941 1278 3469 3068
14197 2343 1565 2351 1735 7842
14198 8312 3003 371 6348 1568
14199 4112 1114 6947 1686 4252 5950 6966 5104
14200 232 3969 899 1137 733 338 5234
14201 4355 9957 1884 1274 9605
14202 9436 3698 9625 8689 658
14203 2981 2820 6825 3308 1032 8596 15 4305 3895
14204 3444 4951 5891 1647 1868 2343 8829 2436 51 4282 7538
14205 2033 1730 234 1052 1831 189 1308 2329 4872 8730 666 6312 6348 6450
14206 7953 9434 1882 2383 6249 5029 1083 1457
14207 424 3130 134 3492 6268
14208 108 2338 3265 5343 2456 1906 997
14209 10049 2520 185 3476 4298 8543 2527 1607
14210 6834 10028 9102 8896 697
14211 1146 1751 7547 1959 714 1308 8238 6508 6367
14212 10046 400 10095 4216 5826 4228
14213 10059 6857 174 1841 9024
14214 6734 4039 5024 2899 9769 1609 407 9910 8538
14215 6565 1083 4655 3974 1957
14216 8532 3747 2830 6681 6063 2896 654
14217 9864 2503 905 8031 3110 7601 10119
14218 2730 561 6551 1074 1238 7201 8069
14219 1662 4074 1375 110 7132 3098 9134 6913
14220 9026 2325 1788 6464 2503 1786 6365 9601 757
14221 134 7510 1339 1957 2953 682
14222 2589 3530 10077 5538 3191 9729 2905 2526
14223 7459 3611 7316 692 7291
14224 7882 1573 264 4644 4829
14225 2988 9024 2702 1086 3491 298
14226 3660 7822 1589 2112 5625 2973 8999 415 10156 2947 53 1004 66 3464
14227 709 2110 998 8376 8589 2585 4597 373 1090 251 2056 212 6994 2816 6650 5344 4658 1759
14228 7082 1660 601 3209 1157 3763 1046 164 409 5375 5339 881 4373 4298
14229 1300 380 3480 4716 4688
14230 4843 5436 8976 2622 4449
14231 3739 627 7515 8483 1412 2940
14232 271 5963 323 1218 1380 4023 6043 595
14233 110 7851 6900 9166 97
14234 4157 8020 10024 2024 8783 3578 7191
14235 7818 4998 527 5723 1457 981
14236 4070 9778 7110 6235 2777 1245 8595 9056 9948 3854 4777 9756 6904 2234 9824 645 1286 1778
14237 3390 6012 8341 1480 4287 2383 1954 5038 8327 1487 2171 3092 2647 10121
14238 4424 3256 1089 967 8015 1424 979
14239 298 8051 4205 1339 368 1572 5076 5212
14240 6821 6665 4433 4622 9093
14241 2952 9994 227 266 7652 6277
14242 3490 1525 5329 1076 5925 5602 8262 3505 2206 2663 2435 9031 8449 1257 6460 1168 1198 6013 5292 1201 1954 4969 8448 722 5462 2205 6157 7853 1495 2174 7917 8980 5994 88 3528 2725 7028 789 8566 1776 5300 5716 36 2647 9431 117 4197 1322 404 2790 4189 4194 4635 2388 3145 9627 34 6779 388 229 724 8836 4824 9235 3602 749 8052 4675 8228 7131 3533 3851
14243 2028 1454 1734 1466 1458 7418
14244 5610 3435 4922 4901 2281 5620 4375 5615 4325 652 2397 656 6894
14245 3905 8816 1667 6956 1007 2447 3729
14246 8858 1758 3057 1820 1225 4688 2703 380 6105 528 820 409 796 5425 7407
14247 6423 8584 1573 4572 3069 1074 932 1006
14248 3184 2290 605 557 1587 4009 136
14249 6487 7044 3895 8984 673 2169 2168 3858
14250 4766 2720 2267 3471 2758
14251 1356 791 1971 571 2812 10119 1024 5314 3330 4356
14252 5155 3900 851 642 7617
14253 8380 8535 415 5979 1714
14254 822 9212 2382 4902 7655 383 1616 783 8540 9537 511 851 1024 704 5275 410 2654 3111 1511 3724 5956 5499 8366 7488
14255 105 4342 2886 4548 660 1923
14256 3228 1011 8761 1542 6529 3614
14257 3181 745 862 2473 5426 1563
14258 929 757 439 7332 9210
14259 5531 1554 801 1559 1557
14260 4384 6 4732 4118 1621 1156 1098
14261 110 6116 4431 3492 1218 3498
14262 5817 4446 7554 2687 834 5277 1789 2557 1427 3668 683 9923 2348 1745 796 6634 10127 4501 8363 372 1112 599 8145 1369 5207 4664 3583 2438 429 6908 3829 3556 2600 6984 3448 71 7767 1356
14263 6535 8716 2335 2397 5610 1489 98 7277 8743
14264 1385 4472 7964 5549 1463
14265 1921 322 98 4183 7075 1 2137 1923
14266 4693 3228 7715 2459 264 5468 6551 376 3525 7407
14267 1332 5274 5983 5981 3127
14268 492 527 1972 834 6601 8843 1408
14269 9769 640 1087 4165 2192 470
14270 1359 8426 929 1752 9393 2310 8108 8915
14271 306 7574 3175 2159 1382 3668
14272 1531 7103 1601 2020 2342
14273 6579 6465 1959 393 9522 1745
14274 9791 6837 601 545 9574 5813 1312 4796 7508 1233
14275 3230 4267 5647 9551 3207 381 2808 6100 2047
14276 3307 3646 2270 8687 6379
14277 1592 2241 6160 2388 182 1662
14278 4873 5270 9793 6891 1871 595 2049
14279 367 9574 4161 1841 3756 682 134
14280 7509 454 2210 4951 5610 7131 8636 9237 10057 1497 9997 8832 7069 8171 8448 2220 2218 4391 3246 2452 2830 376
14281 3658 6898 5005 1696 1018
14282 1113 9540 640 1392 9888
14283 7147 3838 2742 1846 5993
14284 6198 1116 846 97 5444 7573 4045 1427 1098 4174 3424 9220 5793
14285 2645 2959 7990 5848 3700 7542 777 6801 2237 6845 7457 1417 7434
14286 6479 924 7119 289 3671 6563
14287 879 2549 1213 213 352 661
14288 6435 3878 134 253 1238
14289 8517 1929 7827 134 9248 3760 7156 9356 680 652 9159 650
14290 384 387 6618 262 380 4042 2391 1614 7322 5873
14291 1017 2730 7034 884 19 3101 262 4716
14292 3982 1308 5252 2985 196 5 2031
14293 2192 2194 171 3032 2806 5901 4383 296
14294 9761 8108 3949 1677 836 6724
14295 8172 9718 7126 4498 10154 314 8589
14296 1112 3564 546 7890 1958 1957 3030 6583 1991 734 2806 3110 294 3426
14297 1421 4154 1983 1384 5279 8775
14298 660 2933 312 4799 7274 127 247 348
14299 3160 4424 6326 9448 359 6272 57 1964 8592
14300 4775 8177 4506 31 7315 4826
14301 2527 1726 4707 312 3191 9495
14302 5878 2327 6713 4476 391 6636
14303 4129 271 9969 806 3338 7575 2671 6480 89 3409 6996 93 3052 5585 4958 4171 594 852 3509 3467 7334 293 2938 294
14304 2257 1063 1769 1356 7422
14305 950 9282 3748 9412 5352 199
14306 1199 471 7952 5725 2869 2677
14307 948 2861 3985 2860 3572 5123 373
14308 9565 5070 9922 2234 899
14309 9574 8652 867 7563 2114 109
14310 117 2531 4867 4697 2160
14311 4108 1738 2237 188 1652
14312 7327 5170 371 8474 3184 1144 1739 9753
14313 4414 4520 2510 8232 4639 4270
14314 3845 6625 8071 3426 2313
14315 2112 6847 2136 3099 4249
14316 5223 2602 9863 3153 3716 3582 1587 317
14317 6144 7776 1670 4520 3181 561
14318 2217 3803 763 3484 3059
14319 1301 1342 8760 9187 4033 312
14320 3093 1556 3480 2833 5424 7411 8974 1172 1071 7407
14321 76 2784 833 1855 3147 302 421 2504 7949 2851 2121 585 4288
14322 3965 264 1887 1238 3072 2657 1071 170 2216
14323 1354 5513 1788 9255 896 8248 9050 8798 6529 9168 7358 8318 2020 598
14324 727 171 2192 5459 4586 137 294 983
14325 2736 1699 692 7405 8441 4555
14326 3881 1125 6124 7900 3949
14327 1916 9983 6016 785 3853 4687 6015 1804 1254 1044 8607 3039
14328 8820 2489 3439 9384 5744
14329 3405 1711 8237 1223 6256 3591 396 5009 393 1270
14330 8580 951 2666 6402 2906
14331 4580 3237 5712 2063 4598 1837
14332 2661 4390 4340 7317 5914 1759 8556
14333 5873 2345 1974 1673 1607
14334 4976 3608 200 226 6350 9378 5324 9953 373 2989 4132 8365 795 833 391 1331 3189 6908 233 7684 2368 4009 376 2022 2788 2803 117 442 9170 1397 8486 7942 4613 1670 3046 420 4595 6818 4617
14335 2435 2176 8566 3392 388 3343 2667 6507 7665 1350
14336 4604 851 9879 4444 3147 439 4009 3832 2545 3098 971 3074
14337 658 3057 1112 253 9240 5676 312
14338 5290 10083 1894 109 388 1609
14339 7353 8282 6016 6553 1730 7127 3832 9659
14340 10119 927 393 1268 8158
14341 4841 2433 1581 1587 6238 3690 1166 84 1911 2941 4881 3608 1916 1828 4362 9491 2834 246
14342 9940 7408 2511 9158 1905
14343 1587 9478 1914 6545 98 8979 3626 9537 1965 57 3409 546 4649 107 2764 1964 3939 1457 933 934 137 1357 5272 2806 4174 7710 1102 4542 1996 172
14344 5624 134 8380 886 253 3431 673 7522
14345 8939 404 1809 50 1833
14346 1777 1201 5165 2839 310 1658 1006 1208 2424 127 8916 9647
14347 1008 9282 2735 437 7373 2049 6967 5797 6259 3728 4655 4541 1000
14348 2276 8448 304 5651 8596 6461 10102 761 2879
14349 3432 7123 1787 1026 9069 5673 7551 9358
14350 217 3405 2912 6386 2887 3411 1234 1616 2283 928 1095 65 4586 915 2195 7183
14351 7406 8535 122 2088 1038
14352 6901 3786 3799 5170 2716 5978
14353 6086 1047 4412 2088 1327 1059 9311 4023 5927 7726
14354 6461 388 1609 8365 5290 749 5294 6576 8176 746 743 8714
14355 7970 6812 9239 680 10040
14356 4774 1228 5164 7094 5894 5751
14357 3039 1621 847 264 2843
14358 5765 6823 851 4431 642
14359 2250 3905 9647 793 5870
14360 3301 371 4129 2115 5851
14361 268 1186 1329 8764 312 4031 1212
14362 2319 6765 6204 2493 3623
14363 9058 9863 7068 2759 2639
14364 3388 591 4150 4730 981 6301
14365 1090 7119 1634 689 4383
14366 2727 9295 1710 1593 2497 1412 5920 460 80 78 4122 5436 86 7887
14367 7051 1829 1862 3128 1233
14368 944 2299 6697 84 9017 997
14369 5975 3391 9892 9867 8275 8315 2096 3492 7546 7687 2647 182 3355 3503 581 2148
14370 2466 8747 2527 2376 563 381 264
14371 720 7486 577 2345 1974 7209
14372 1298 5615 2533 9037 5141
14373 6021 8662 9946 743 2473
14374 1776 7238 1658 2174 7013 1602 4377 517 1159 4007 5157 4200
14375 234 3753 4019 6764 368 7836
14376 4369 9733 744 321 9598 4444
14377 2328 3491 961 7297 174 1543 298 6385 8302 1816 4298 9171 2348 384
14378 1881 6078 3964 7175 581
14379 2114 5495 8143 1868 2659 355
14380 2049 6656 5346 1521 9595 2247
14381 2958 3335 2842 1900 387 3607 1298 9316 3650 1105 9233
14382 8033 327 3308 10063 8785 4518
14383 9307 1117 174 254 1213
14384 9334 56 432 1964 5442 7817 7262 4055
14385 5044 9753 134 4517 2339 393 3650
14386 2114 9091 1076 3783 6590 1257 5462 4328 6054
14387 9478 4332 1168 2025 4054 9521 1253 8208 2300 3184 2047 1954 1144 3505 3506 5292 7766 1705 4063 4010 2816 8093 3056 2790 4197 3528 8837
14388 2049 626 591 1550 8924 3510 9437
14389 2551 5433 2548 3287 2524 1334 6563
14390 7745 2144 2397 5200 1028
14391 6108 399 2722 3348 1500 7993 2992
14392 9184 861 1833 1647 8156 5485 5744 3003 6141
14393 407 2429 5052 1973 6899 3468
14394 2777 3056 3786 3527 743
14395 5679 6621 7026 678 2503 5836 6486 1006 3006 1225 2380
14396 1811 7903 10089 4522 8109
14397 8568 3650 7432 7423 732 134 16 1884 15 757 2426
14398 3547 8169 282 5333 3328
14399 2389 9417 559 673 1672 2909
14400 2929 9150 851 134 8283
14401 384 1298 187 1054 652 715 1311 521
14402 527 733 691 1225 9131
14403 8549 588 6646 2806 1374
14404 9462 7112 7165 6482 4009 7755
14405 441 514 6220 4276 9277 6657
14406 5001 9955 3672 129 167 4510
14407 2823 4846 5697 558 3056 348 1959 9574 4138 465 6151 8705 6506 4663 1942 590 8605 9155 5682 189
14408 5703 8612 460 1578 1777 330 2497
14409 519 2730 1190 5783 8157
14410 1371 4925 5457 134 4770
14411 1308 5252 8238 196 812
14412 7534 813 8909 2708 6561 997 1513 3575 2501 4298 3605
14413 9918 3922 4840 2595 9446 371 429 10152 10148
14414 3778 4844 399 2663 2130
14415 500 4676 9016 3092 2215
14416 178 289 293 170 296 4234
14417 2862 6290 3569 641 7383
14418 7951 784 3442 7139 1867 6803 5365
14419 5806 2545 2286 1670 1382
14420 9334 3140 9848 4901 7667 4430
14421 8133 6516 10151 10130 1215
14422 8636 7496 2663 5826 8948 3351 2436 7217 2924 1395 7536 10064
14423 529 8294 4015 10106 5323
14424 8542 4571 10147 1675 8689 2573
14425 847 393 2947 134 656 4268 5203 442 2545
14426 913 1271 8194 9414 6554
14427 9784 2643 9890 8668 8980 8090 9330 8620 5506
14428 2764 4033 1652 4232 1242
14429 1386 4415 2571 2851 9617
14430 790 231 1480 2456 9557 9219 7174 5400 2211 8376 1258 3404 10107 6401 867 2178 7059 5370
14431 8348 7042 1813 113 2763 8973 2879
14432 3982 7868 1075 608 9794 3408 4694 689
14433 4363 1032 6032 7731 1813 2004 3045
14434 4195 373 441 7034 9754
14435 3763 9794 7133 1662 9383 2472 7655 4931 367 2074
14436 3683 5188 9968 8906 2022
14437 8355 521 6702 1454 5569 7552
14438 2049 10088 6522 373 581
14439 5444 3762 9300 6054 9432
14440 5511 7471 1225 7570 1427 4280 6352 2798 5310 2807 8611
14441 1909 2879 5933 2303 7211 5934 1346
14442 174 6551 134 5789 5806
14443 5503 1049 1246 9544 53 2317
14444 3228 380 1170 2795 128
14445 4479 6654 8858 4433 2939 6866
14446 1421 2249 2710 4207 1205 2027 200 618
14447 1489 8834 7825 3511 9573 3508
14448 9327 444 2414 384 1298
14449 5704 2215 5037 9987 272
14450 84 5911 2025 10055 8436
14451 5427 7712 2953 1752 393 3526
14452 1798 1329 1542 7419 362
14453 2449 10146 3438 8745 2197
14454 7593 8856 7801 8595 2307
14455 2827 8896 9202 7950 8242 2555
14456 3429 1380 2503 1075 6964
14457 5665 8959 5887 26 1141 8253
14458 1355 3670 3722 3413 540 6381 1620 1424 939 1429 152 856 1030 5451
14459 3263 1888 2073 4639 3965 1210 4416 6969 6138
14460 1354 2885 5221 5970 6574 364 1225 5308 536 8087 3468
14461 658 167 446 950 2194 171 3419 2810 970 2806 5248 2938 173 987
14462 6180 6574 7859 535 99 4119 923 308 821 359 275 291 415 1622 1424 10117 1927 292 7269 538
14463 7895 8711 8592 5047 1298
14464 6189 9904 3576 1501 3733
14465 1075 4043 262 8625 4708
14466 6048 437 413 8044 373
14467 3624 2503 92 513 8827 2507 9830 2712 9657 1774 415
14468 383 8472 373 4275 1056 6177 728 388
14469 3881 4521 2106 7341 4871
14470 5718 678 2069 2049 6799 2098 4639 1948
14471 899 1551 697 3237 6678
14472 924 7471 7240 4168 914 967 731 4948 1357 972 2980 3110 979 1358 1106
14473 1963 3879 5256 3933 3401 1083
14474 142 9372 2874 7605 4716 2143
14475 1674 5094 7491 1075 1825 3148 234 109 8083 1446 2939 6355 2414 3243 647 8869
14476 9469 8569 3486 5016 3537 9105 5988 1083
14477 4403 4203 7518 1332 373 3265 8622 134
14478 2976 1150 9996 5348 9188 3934
14479 6004 399 456 3343 9482
14480 2377 2929 642 266 9451
14481 9512 4936 284 791 7332 733 440 5320 3720 8531
14482 8697 8301 573 2586 134 4482
14483 373 2527 848 9174 6330 791 3079 8882 793
14484 6943 1555 2296 1230 2325 5534 5965 9513 4680 8426 1249 7729 5160 2376
14485 7667 8770 2467 9102 5247 3571 3921 7430 431 6263 2961 247 3217 1168 2832 3013 2388 9565 3817 999 3541 3649 8646 1713 9831 110 111 2337 6635 2972 646 1765 9558 2585 8443 5613
14486 3025 8793 2000 174 1454 4270
14487 10045 3294 9451 2257 2258
14488 611 1677 5814 90 899 2081
14489 757 439 6345 1670 2812
14490 4161 3094 4266 5205 9670
14491 5457 6 5064 7925 1225 1865 3616 1707
14492 8676 2527 4205 8625 3740 1144 2769 5170 9583
14493 1479 6418 574 7959 138 8469 4703 7616 9648 5491 5313 8743 6402 8596 5554 2790 3785 1495 26
14494 6003 382 7726 7607 4788
14495 1136 2431 4784 8351 15 2818
14496 929 901 798 626 5386 2493 7401 9521 2120 1745
14497 9449 2962 3260 280 4352 4764 748
14498 4615 7053 501 2254 329 5802 2530 200 2762 1322 231 7202 1769 6736 1726 671
14499 2253 2495 1330 2874 1459
14500 2026 3249 6702 5582 5313 2373 4078 3308 6409 809
14501 7674 2919 3251 5616 4659
14502 6 3118 9852 2325 1274
14503 2994 673 134 641 2370 5530
14504 4092 6400 6657 4765 3206
14505 2595 1325 923 7336 4443
14506 5416 713 5552 5398 6470 2345 997 71 6551 6865 6332 61 113 9764 5154 1616
14507 3680 8327 4287 2816 1247
14508 1210 8640 5887 6595 8830 1653 778
14509 2007 1 8001 8665 247 2368 4747 1112 437 2255
14510 4409 6644 229 2503 388
14511 4364 2410 3184 4225 2139 1776 1916 2728 7743 2338 4282 2816
14512 5522 775 5827 8273 5082
14513 5292 9344 1017 3116 4991 197
14514 1170 9835 7503 1146 851
14515 8041 4375 7622 5249 754 264
14516 1614 4394 2705 656 2348 245 421 3867 4325 5078 5492 380
14517 2572 2921 999 6416 373 4043 9866 2516 1816 6845 5202 2967 10110 4666 9345
14518 991 720 575 9686 7063
14519 3859 9710 6686 3517 2786 2482
14520 5517 9710 4234 4045 8418 7434 9939 6413 939 4545 5762 618 10024 200 4557
14521 3711 9684 576 581 1032 2865 285 9813
14522 6214 2240 3449 373 5843
14523 1607 312 6527 9104 7548 7091 3098
14524 1529 9429 2185 5 134
14525 9665 1811 652 5011 4430
14526 922 9429 7867 2816 165 2867 8388 173
14527 2083 2423 2792 387 3335 5221 174 8963 8070 994 7690 7634 9867 6138 5911 1167 7918 1512 1178 7175 6054 2739 2994 810 1797 7699 1230 8364 6811 7111 1614 869 6717 10056 8817 9454 1573 3338 5488
14528 4759 8722 3953 8556 9920
14529 4179 9232 805 2300 1715 10156 682 581
14530 5521 418 1007 3023 2120
14531 23 8264 3430 2634 2389
14532 38 3462 1295 1293 1294 129 156
14533 2597 7692 7687 1175 7740 123
14534 624 8337 3802 761 436
14535 4332 4043 7047 4031 1668 5918
14536 5259 4542 1811 4806 6316 6194
14537 2071 1364 2795 3030 1021 2100
14538 262 387 2348 4693 9857
14539 2533 2088 4223 2830 3967
14540 3315 6793 411 3838 7414 2114 373 3571 796
14541 1302 2666 2274 7452 3404 476
14542 8917 7173 5734 2167 3189 9028 7960
14543 2635 7092 7085 311 3771
14544 4140 1889 9568 4312 2062 4061 684 1308 5746 4484 6297 646 7228 1238 4538 5633 2843
14545 9693 1108 4629 1434 7687
14546 1619 2525 8180 856 979 1624
14547 3619 1158 5685 6876 274 5196
14548 3266 8688 8433 1282 3115 2516
14549 4699 581 2376 3476 2025 1509 1511
14550 7768 5350 8985 188 6119 1573
14551 5535 7476 9002 2450 1397
14552 4901 6788 3410 1363 9414 855 2806 2938 3426 983
14553 4796 1543 2395 7152 673 1402
14554 1069 9600 388 7355 3284 7229
14555 437 2354 2076 52 658 3953
14556 1543 7169 356 599 404 642
14557 2326 9727 5025 6430 6928 2830 8378 5473 1074 8183 9905 1369
14558 1912 1913 4598 2707 4950 3366 9058 8141 3102 431
14559 352 5928 1950 1732 1993
14560 1614 2527 1013 2609 4409 5143
14561 10012 1941 9849 9587 847 282 9807 5563 9777 9642 3309
14562 4952 517 1159 7036 8977 1501
14563 6708 3748 1383 5945 2154 944 3130 134
14564 3022 3262 9711 3968 5542 2318
14565 2527 5040 1717 3510 2431 8243
14566 9259 1585 4810 2308 7650 4009 6181 3151 2290 6912 9043 2892
14567 1713 4881 6949 1594 1012 5511
14568 4240 2114 4993 6768 9995 842 4596
14569 5522 5860 1916 2707 3348
14570 9467 8091 6434 6882 4576 2835
14571 754 5600 6893 4890 7336
14572 5286 6874 2972 1804 5701
14573 144 1916 2708 908 117 9299 4299 6202 5969 1480 9947 512
14574 3662 1253 10123 4950 6112 6067
14575 8824 2668 265 7597 979 1545 3337 2010
14576 5245 2398 2331 1309 642
14577 2102 8648 3509 7119 1364 5897 6343 5544 3671 5224
14578 1573 895 4679 1382 673
14579 4075 5261 4901 6902 2816 2909 3454
14580 1122 1336 4929 2985 3005 6029 489 3009 9294 8352 575 8066 581 8315
14581 8073 7247 863 6566 8802 4132
14582 8076 6402 3911 468 10136
14583 3326 5502 6622 1775 3934 1669 1114
14584 6434 7363 8422 2662 2707 6318 6253 7789 4772 8863
14585 10024 6999 4300 471 1407
14586 9290 5820 1958 3725 2929
14587 2877 9167 8482 7841 110 1756 7830 7804 5343 5344 7423 2879
14588 312 1125 3228 5 4693
14589 5888 9254 4079 8692 1669 4103 713
14590 274 3607 567 7392 1233 6188
14591 3106 810 2326 1385 5255 110 3282 6349 1759
14592 1307 2327 2830 3967 8129
14593 94 1151 9859 7141 871 9383 7481 7133 753 9893 134 1752 4759 1531 1719
14594 1985 4507 4702 5050 5393 2716
14595 1233 200 2056 8589 8785 1382 1238 4826
14596 217 262 8021 8792 4337
14597 182 7675 9064 1978 610
14598 1329 2255 3716 5307 1759
14599 5072 2775 405 1916 508 2331 10003 9135 1952 5340 1124 874 4699 1884 8791 5402 5639 8655 373
14600 4921 2092 6458 974 1278 1106
14601 1196 5931 1026 3064 1473
14602 2622 7244 4769 8703 851 262
14603 3584 1271 2439 981 9195
14604 5490 8747 8427 264 9395
14605 4 373 1146 2590 7498 1758 1196 320 5249 3965
14606 384 7416 2278 4882 3186
14607 641 2826 591 272 4673 429 1971
14608 5092 4048 426 3492 3498 1808 7262 330 2096 6415 6787 2608 1383 3620 4558 110 203 3895 4617 3118 8896 6387 9966 1385 2394 1674 940 4545 1457
14609 7813 2595 174 4042 8747
14610 1829 10086 646 2734 477 2302 5389 1238 7347
14611 7749 1228 4938 713 4102
14612 52 924 3773 7313 4305 2049
14613 2266 3235 8976 1145 2822
14614 376 7750 2993 9181 4432
14615 3740 6408 4015 1156 8033 8929 109 746 820 9302 748 8208 6027 9883 6292 10051 1026
14616 2953 368 266 6551 446
14617 10123 2940 5872 264 2700
14618 6059 3529 747 3144 7704 3080
14619 3118 1544 2820 6 5954 1872 437 6396
14620 8492 9714 2890 4894 1362 2192 1595
14621 6 1767 10076 4221 10139 303
14622 1859 7323 4295 5880 2348 3803 134 439 1240 6735
14623 5913 502 6728 8541 6348
14624 1587 7918 2406 2348 5765 7328 5234 5818 3961
14625 10072 7208 2733 1196 1585
14626 362 2279 1617 893 4223 1045 3666 8106 352 3244 441 57 4786 312 384 1667 2812 720 1298 4587 1974
14627 3763 5873 5904 1974 1614 2345 2200
14628 2091 2931 6475 9729 8753 2089 4022 2394 2954 1267 4077 1331 2687 7423
14629 6213 356 2319 10023 4655 9860 384 8356 6293 8766 7254 1715 7229
14630 509 282 2126 927 6240 312 791 1884 4526 3201 842 9697 8449 4591 8253 9487
14631 1027 7497 3645 4473 3643 3644 3971
14632 2303 709 6449 2112 4772 1579
14633 2376 6566 9753 368 1842 7468 851
14634 5667 4702 10109 5294 5220
14635 4873 2832 7742 4875 2700
14636 921 264 477 4582 5059 3941 648
14637 3780 2639 4596 3919 3481
14638 4335 4013 407 8821 388 1158 1159
14639 7621 5336 8640 584 2460 7980 3724 4059 4999 1024 3329 3017 658 1446 1489 153 851 2542 7369 28 1752 8432
14640 577 3301 2200 348 4902
14641 192 5406 3677 3520 122 5178 1071 444 8477
14642 2002 2128 1890 7112 3506 1253 2206 1168
14643 5400 704 2217 9487 2218 1353 2647
14644 83 7177 109 4235 953
14645 414 4272 1034 9121 8597
14646 3085 373 6607 6898 9257 6046
14647 6116 6623 5763 7836 529 7594 861
14648 415 6 1301 2104 1103
14649 3257 4768 2613 1723 3109 1106
14650 6847 588 2067 4409 2126
14651 7234 2953 2013 368 9176
14652 3155 3664 1791 942 7744 1793 2393
14653 7754 5501 2048 279 3328 5767
14654 4508 1930 1843 501 4362 4365 3039
14655 7613 560 8168 7470 1905 2545
14656 2864 476 1113 380 4223 1083 5339
14657 3764 3702 3703 955 2961 388 1036 4699
14658 4048 994 4357 7412 2109 7327 3870 9470 5507 4122 2437 6670 8015 9272 3827
14659 6936 652 9541 2873 1298
14660 5020 2744 94 2897 1883 2124 6124 9556 3408
14661 2371 2568 2883 407 3245 175 2060 5027 1745 7064 5053 9179
14662 2987 9712 9996 407 8213
14663 4018 2329 6784 2532 1874
14664 4780 5314 5678 6066 9366 757 6210 298 3608 1222 7440 4858 4897 5764 715
14665 6180 7644 1775 6104 4298 733
14666 6699 627 1843 1910 1416 674 1144 4035
14667 4596 2294 1168 2056 8076 2215 1747 3883
14668 5688 4078 2388 944 9045 4587
14669 1589 5499 8726 1923 7175 4601
14670 8909 8446 5779 177 593
14671 90 1863 134 4034 7048 1511 2036 9630
14672 2878 8662 7844 7237 5773
14673 3508 899 3024 1332 6170 2657 2967 5155 2628 1274 8763 8568 3642 7879 4695 3842 8826 3474 455 6151 213 8690 1641 1457 9895 131
14674 2762 5517 4707 9363 2114 9984 4547 9022
14675 1107 958 3779 8724 1208 1497 4984 7740 6360 3496 404 5950 642 7169 1807 1679 2073 2437 1737 6017 9191 851 5519 1957 472
14676 448 521 6513 1002 10066 9706
14677 254 8544 1542 7750 4150 4023 8782
14678 9204 169 6656 1240 307 8788 3584 3508 1646 3043
14679 5409 1074 1451 834 1862
14680 7328 245 5988 9342 6693 1825
14681 2749 5282 6475 3927 1818
14682 5560 2904 6954 2328 3000 5014 694 5606 7586 7282 8277 10030 6396 1509 9108 6733 5059 4124 1493 5762 6419 2050 10048 2324 7250 4700 3709 1116 2373 388 2588
14683 654 5546 262 57 1862
14684 1387 3775 1223 1227 3701
14685 9483 3345 2822 3786 8979 8908 1565 3039 744 197
14686 4002 9843 5600 5399 253
14687 3112 6176 9107 8074 3068 90 9120
14688 3287 6553 2799 4529 4461
14689 7507 8700 588 8745 4312
14690 7605 38 128 8183 9930
14691 9608 6248 6931 9517 4022 9880
14692 59 438 1558 2312 6 7482
14693 6772 896 6331 3150 837 130 5418
14694 1850 7503 4032 2485 851
14695 1749 4804 3458 6143 2540 9102 3967
14696 2393 1331 4155 1476 3965 6810 4655
14697 7901 336 335 2014 6888
14698 3406 5822 5534 5367 3110
14699 2002 3388 2599 9854 4099
14700 2868 1858 4866 8477 368 3678
14701 1556 2296 601 3905 9668
14702 900 1686 109 5060 1270
14703 573 5609 4159 6469 2368
14704 8373 4305 1665 2119 170 8782 2073
14705 177 1274 3496 1439 3517 7299 1175 2398 8094 7968 705 8298 6749 282 7573 5768 302 2126 4310 546 176 4552 2139
14706 7758 2094 6323 3079 1021
14707 7408 6933 9073 9129 5955
14708 4786 604 9005 6532 4402
14709 1850 5069 6724 4743 8816
14710 6113 117 1349 1455 801
14711 5375 4732 167 1364 2795 1749 8546 1947 129 40 933 7861 1357 856 2285
14712 2464 2511 5075 368 8602
14713 4839 4185 7805 1663 648 380 9670
14714 7918 2914 6875 6934 1409
14715 2059 1910 632 8290 8937 7859 5895 535 3052 8242 7788 3748 4960 1808 850 1100 1637 856 4510
14716 2178 5371 2540 1696 7200 5673
14717 1448 2438 4887 976 4650 1006
14718 4246 4475 3680 833 4298 6194 2198
14719 3801 558 5373 3338 9315
14720 50 3847 2091 1616 8446 6139 7195 5982 2317 7051 6999 5606 55
14721 4359 7681 10036 2445 4951 9011 557 6911 1066
14722 262 2527 2672 384 381 312
14723 376 561 673 1573 1382
14724 3363 5625 8910 5834 1028
14725 5510 387 4337 3549 2
14726 4075 35 7713 6058 2769
14727 1884 5228 5534 2636 1769
14728 5920 694 5775 7284 5993 1037 2681 3545 597 3006 373 685 834
14729 8235 238 407 3532 1096
14730 8235 8197 493 2816 2098 7398
14731 889 414 2267 521 3541 2572 2561 6749 5111 545 7159 5738 1464 641 21 1467 693
14732 9977 3692 2215 2097 9201
14733 668 562 4273 4271 21 3834
14734 8522 2907 1926 9577 3148 5756
14735 1455 117 5747 7761 10141
14736 5400 3119 3650 5773 3731 4680 5470
14737 1186 299 3845 5870 5061
14738 9743 2950 9670 7712 4207
14739 3257 2071 5822 3122 7579
14740 2842 3859 1617 7716 1075 5551 4428 134 3006
14741 7139 7367 611 364 2868 944 476
14742 568 9578 2653 7271 1677
14743 7909 5048 5213 3620 3307 720 4536
14744 2319 6235 101 4905 6188 2999
14745 3982 7820 6532 254 1457
14746 7573 8924 3711 7194 757
14747 1142 8724 5561 3715 109 9135 7132
14748 8530 2071 5333 1118 6714
14749 5436 2477 2497 5515 3818 7628 5728 10100 5438 10015 708 2824
14750 3217 1394 1054 3986 280
14751 1479 3633 944 5437 5471 5705
14752 2256 562 1886 5483 4906 884 1853
14753 651 3228 1607 374 5839 312 7710
14754 899 2503 9437 4972 7419 7750 4149 3982 2818 4 264 134 393 1811
14755 1396 6124 9043 8461 6960 188 2422 1050 7474 1379 1833
14756 383 5097 3329 4776 2740
14757 660 4462 10137 4283 1350
14758 143 1707 3217 7707 670 222 4545
14759 9223 1612 5569 6910 5414
14760 4214 8612 7686 2096 9650 1868 2746 8861
14761 575 1751 2653 368 4697 736
14762 601 2750 9376 881 5861 3293 214
14763 90 1543 6998 89 1124 8404 5668 3742 728 1671
14764 10012 2201 2026 2368 384 8295 407 1660 8145 262 2818 1529 4211
14765 6856 6007 3431 3592 6526 8250 5363 134 4817 7221 9794 8898 2803 3432 4662
14766 1399 5659 289 3055 2525 7737
14767 2962 5195 1477 7489 8338
14768 4142 10062 3444 7807 708 1698 6261 7705 3580 5241 5592
14769 636 3127 6783 2687 176
14770 219 2812 134 4708 8597 7014
14771 2090 3107 97 924 6457 8029 1632 1634 291 65 9508 3109 937 939 292 2798 293 152 982
14772 8304 6143 262 5133 261
14773 1626 7426 3447 2521 1886
14774 2333 1086 8426 2756 3637 4766 1993 4734 9406 471
14775 3517 7582 846 328 97
14776 6821 2735 1404 872 2170 513
14777 454 1245 479 5256 5231 1658 1662
14778 9969 3946 3545 5781 7591 6476 1342 1668
14779 5858 4548 1994 3324 1225 929 899 5151
14780 5800 496 2430 2422 391 2830 4144
14781 2543 801 8660 4796 6316 1398
14782 7217 4468 4707 2143 3307 4399 217 2
14783 2661 3505 2464 2551 4023
14784 5818 3173 2687 732 4376
14785 6574 850 7117 4384 2071 2795 3080 4960 3030 1096 731 5042 937 1098 2806 4174 2938
14786 880 1308 801 9466 563 9187 1339 1238
14787 2126 1866 344 9468 8102
14788 5569 6311 4743 7260 5060 6250
14789 2577 2266 7451 574 9770 8769 8175 1448
14790 10002 3049 79 80 944 2433 393
14791 312 5096 7723 8500 1606 9595 10031 6365
14792 801 1887 9086 6565 124 3666 9972 8116 5705 7149
14793 7182 289 7859 2795 3259 1156 535 1106
14794 393 6792 134 9679 6983
14795 3505 3506 8093 3373 1144 3105 7070 4875
14796 217 1870 4482 8117 302 6766
14797 78 4088 8480 144 8895
14798 2851 6409 323 1421 30 2521
14799 4489 1558 7270 7277 6918 1775
14800 3379 994 4334 5557 588 5020 5105 7512 1811 1645
14801 6950 8541 3766 6374 3768 5873 7215 3559
14802 1075 7675 6061 944 4043 2369 3493 3176 6848 1448 1696 5710 521 728 2528 4207 1948 2509 393
14803 1297 1417 273 2875 1891 3510 1393 2887
14804 7991 2992 4649 7455 4179 8393 2483 2679 9511 9730 5725 4199 3851
14805 1902 2313 9256 5090 3671 1424
14806 761 3763 5312 2345 4202 1974 5951
14807 8133 4903 393 8998 7572 5953
14808 2414 4864 7060 1083 7010 2278 384
14809 9092 1201 7008 4887 10077 1896 77 6202 2215 3589 618 1323 31
14810 179 2385 2135 1274 59 9437 3668
14811 5930 1903 8192 1862 1374
14812 6704 713 7830 4487 1673
14813 9411 7187 3112 362 5155
14814 684 5151 992 1271 8860 7350 527 2851
14815 4223 1939 1075 6801 304
14816 2047 2158 5463 3226 4788 6332
14817 2085 1587 468 1258 2596 5403 4132 9033
14818 851 1856 1657 4078 1723
14819 1777 4282 761 1335 8303 6056 7370 1799 8206 5690
14820 4494 6143 129 1657 4531 5320
14821 8962 4596 9162 8723 6697 3626 1490 7097 493 5738
14822 1776 78 2056 8358 7487 8892 4702 5553 8663 8473 7266 2202 787 6771 2653 1848 9257 7807 8643 607 9161 407 2355 4219 7299 1509 1384 563 9189 4643
14823 3969 1114 508 4961 474
14824 527 7577 2527 7712 134
14825 7959 8892 6658 7661 4822
14826 207 5866 9751 888 7712 7297 3678
14827 8125 8589 77 9151 5632 32 264
14828 3000 1785 1696 6566 4744 2841 1233 573 3598
14829 4535 681 2929 134 2780 8129 57 7033
14830 50 9291 1045 7345 3189 380 642 4539 1
14831 7705 2309 2876 6054 8691
14832 7108 523 7869 8887 727 3417 540 7035 1632 689 133 1427 8966 939 3079 157 1430 5466 4510 980 1104 4589 5793
14833 2527 7201 8078 4430 720
14834 304 5705 1407 1398 3446
14835 6079 2939 5089 709 1656 2742 2701 2686 2143
14836 4948 2380 2 5388 3423
14837 6796 3967 3965 1759 8454
14838 174 1451 680 8545 3926 1074
14839 5432 525 959 1568 6457 9414 1723 9062 3109 1588 152
14840 6 5247 2528 4042 1050 2598 1270 496 5287 5747
14841 1542 2160 9507 7619 9348
14842 7973 533 304 9955 5001 1448 595 6818
14843 1968 9634 1662 7743 6494 5255 1926 4925
14844 5465 3672 289 8013 8180 297 6096
14845 2911 4218 1164 1053 2503 1373 4053
14846 3444 373 713 109 4363 3577
14847 110 234 4834 905 1509 5076 3988 6320
14848 5421 5814 7831 7479 3101
14849 9540 3150 4245 315 1427
14850 1741 724 2663 2645 899 1479 232 849 243 348 4144 6871 4548 643
14851 7532 3444 2886 6919 5465
14852 2874 5180 6907 791 9732 4591 9087 1606 3806
14853 6076 9952 9604 4017 4797 2234 384 9085
14854 384 9448 10131 9000 2050 4394
14855 961 367 1901 3406 1357 3109
14856 57 1308 4369 5945 21
14857 8058 424 5476 4375 3932
14858 1604 3649 71 3185 5539 6607 5797
14859 6027 9483 3115 6925 8575 4596 5314 1698 851 2716 4699 8491 7810 899 8205 404 3717 1647 506 2073 69
14860 7537 811 1992 198 1592 8317 950 439 412 6171
14861 2480 1845 994 2961 2888 1891
14862 6527 1823 1151 143 2931
14863 6498 1393 6176 2503 5552
14864 8208 8842 7100 2033 8064
14865 6553 6508 5252 247 1709 9590
14866 1971 1172 602 4760 384 6114
14867 8640 2097 1662 8984 907
14868 3217 6764 1394 1577 1150 3805
14869 4546 1659 4765 6869 6783
14870 5390 9145 1619 4923 5520 6850 2284
14871 4162 3567 7094 6133 1875
14872 3261 9746 1321 2245 1729 4929 10000 2695 9481 2643
14873 2511 1026 6383 298 5624
14874 4008 7441 1908 8491 5891 7515 902 5126
14875 1769 1674 1069 4572 8968 2818 1680 1604
14876 4777 147 5849 2482 407 838 6207 2784 8325 7663 9774 8092 7270 5949
14877 1271 5181 4946 4207 2065
14878 923 3338 8000 3049 9820 5611 7277
14879 1050 9242 1574 1144 2771 6368
14880 7520 217 7392 262 720 174 4963 5131 2621
14881 2768 6527 7505 8305 110 1049 10076 4203 5560 4459 6295 3599 1356 3832 1373 4196 9189
14882 7232 4384 2795 1621 2094 137 3423 2614 979
14883 5580 1351 9094 2608 4545 2770 2909 8299
14884 4682 8781 2705 2932 9700 2345 1974 3526
14885 6752 6121 8593 10077 8204
14886 5945 823 2414 4821 5366 418 7226 10149
14887 9964 6350 1776 3582 2148 10112 5439 7800 5274 5906 3915 35 2218 2452 8292 5370
14888 6179 732 2522 5573 1027
14889 1577 3215 2971 6755 1587 1213
14890 4925 2546 2547 9791 3211
14891 673 1071 444 561 8854 4776 8419
14892 1359 9149 284 285 1902 6996 5128 93 846 3414 6336 3411 1711 8322 8400 289 4386 4168 1156 5791 5444 7189 4170 3033 5445 3079 526 854 3110 6666 980 3424 1104
14893 2959 5240 4494 778 582 635 6705 8834
14894 4794 2626 4743 851 5235 792 832 134 5399 2545
14895 174 3932 524 4921 3414 634 1695 2866 7273 1751 926 4464 8400 962 2525 133 980 981 4656
14896 5953 373 4796 757 3429
14897 1868 415 429 651 8059 4115
14898 1215 2398 6618 267 1380 6963 7968
14899 1573 6298 376 134 2730 253
14900 407 415 521 5339 2612
14901 5519 1499 5125 4705 9667 4197
14902 284 2090 171 540 165 2936 1883 2142 1098 8216 526 5310
14903 2250 3162 831 1213 158 3905
14904 472 5395 6955 4360 5206
14905 4901 5347 1974 2096 393
14906 5880 941 218 2533 691 5418 1646 1929 6344 2772 5581
14907 824 8852 2275 2816 5472
14908 7973 3763 4325 2345 6939
14909 2018 3981 757 3171 975 3082
14910 7793 384 1378 8375 3841
14911 5630 5001 2570 1364 9514 4731 8875 3590 981
14912 6214 6764 866 5270 3188
14913 9503 8942 5110 733 591 9263
14914 9563 7174 9023 643 3460
14915 6465 5502 2060 7787 8148 2242 9769 200 305 3801 7601
14916 1384 9489 289 7240 5090 1156 2373 3967
14917 3338 7501 3397 903 4729 8106
14918 5809 3205 1556 2165 1914
14919 9149 2335 4165 7105 2944 3445 1168 3505 2663 4728 9553 5926 3137 8869 5393 3593 496 836 6789 962 6629 2936 5586 1225 730 3485 1040 4596 3343 789 3125 3184 2991 5287 5258 8820 3484 5830 536 137 4259 972 939 5273 7737 3109 8087 2195 981 979 7121 987
14920 9644 9154 7914 2592 2404
14921 109 2140 9268 7257 2114 3203 3961
14922 2300 3015 1780 1037 6991 4591 9656 2647 1260 2218 2215
14923 348 1093 9030 4669 8517 1354 3324 4902 2345 1974
14924 7290 8788 6550 7078 169 4236
14925 1341 10122 97 393 485
14926 4043 4582 9968 9643 6180 1116 4762 8797 4627
14927 899 5345 3031 939 5863 6636 1278 1106
14928 4817 2699 677 5888 1801 2039
14929 4409 4798 9370 6293 9180
14930 5259 5092 6087 527 7710 4902 6257
14931 4926 660 6332 3226 3429 5142
14932 944 895 2730 8515 477 1606
14933 3793 1823 6449 5251 923
14934 4546 9955 2323 29 9005
14935 8536 3475 2434 8157 203 9303 4517 5127 8003 6468 4545 5255 8798 9043 197 7843 9828 6692
14936 4062 5827 773 10065 7429 7301 459 8004 2645
14937 601 6392 9504 2633 1916 6826 3964 417 6777 3978 5985 1352 9688 2319 371 2475 2912 4697 8914 10109
14938 5853 8314 9337 185 1646
14939 8016 1516 1517 1323 805 3049
14940 1923 102 368 808 9830 6202 3420 2961 1080 3199 9508
14941 1807 3055 2169 3858 1404 875 594
14942 2071 1364 3723 171 7349 152 293 7741
14943 8839 9518 6861 6125 2991 2764 1271 7093
14944 4043 96 8245 7581 5679 1250 1857 10008 262 7952 1439 2635 4686
14945 3869 9243 2385 907 3059 1168 7549
14946 1532 4980 1537 1538 1541
14947 944 52 9450 1153 6929
14948 42 4223 4891 9337 5 2392
14949 6154 7641 7087 4658 7961 3079
14950 6574 517 1267 3002 383 2399 2432 1619 5380 393 2143 2047 5205 3672 1096 9856 7309 1424 3641 728 254 3998 3589 2380 3673 1426 5388 174 6563 10050 3526 3109 3468 7611 2528 2798 6845 616 617 173
14951 1868 9211 4484 5470 4144
14952 2071 2191 1634 4118 5898 1457 1424 65 1427 1101
14953 355 1971 25 26 4739
14954 6164 1222 9574 2130 3370 3505 3506 1967 1168 6059 3392 5969 1914 98 4591 1145 5122 1144 3408 4822 1705 2205 2643 9118 4197 2171 3420 9267 2591 3338 2573 7276 6014 3280 6058 3482
14955 3962 6412 6055 3112 2351 1062 1028
14956 1283 3021 3783 9206 1384
14957 1028 1047 1721 189 5407 8242 3562 5409 7616 599 1930
14958 1733 6363 9199 1407 9389 8109 5185 1208 4014
14959 4695 301 316 9480 6659
14960 5869 6512 3519 3103 9407 7480
14961 3343 1490 2476 2472 2666 4575 1556 6056 8258
14962 1478 7524 5402 757 6589
14963 4321 9142 9883 3190 200
14964 4220 1839 8845 4601 2385 8783 1
14965 1418 3138 5713 4408 9536 7290 411
14966 6605 1778 1398 5735 7400 4219
14967 6360 9693 2040 3266 3299 5977
14968 1985 618 533 1363 171 3671 15 8776 208 8146
14969 5949 6551 1083 380 6812 8193
14970 2953 1752 368 9671 2426
14971 1196 2438 1777 7301 219 9032
14972 234 2657 7627 3917 3037
14973 10039 4596 85 6615 1985
14974 3169 6394 4553 6853 8310 6904 9109 2373
14975 4740 4041 4223 3728 3424
14976 6327 232 9735 8871 7619
14977 312 2515 6183 6309 6263 1071 222 2591
14978 134 9855 762 1448 6282 1298
14979 7097 3757 7474 1833 5863
14980 824 1731 5237 3190 5750 2449
14981 1074 4679 1382 5027 2545 2159 10051 134 895 1400 4645
14982 6473 8011 511 5003 1786
14983 1354 3608 5820 7128 685
14984 3541 6220 916 1807 7970 7192 3834
14985 480 4017 2070 407 6306
14986 110 2167 5968 5864 1083 7921 5082 404 6876 622 8992 6597
14987 1034 8939 10037 3907 5051
14988 6744 6692 9797 232 3301
14989 80 5907 8840 9897 4724 5620 2143 9867
14990 348 5710 2257 1448 9625
14991 8294 6398 2796 4586 293
14992 2722 3273 1497 4631 384
14993 7691 8547 6240 6263 8597
14994 8855 8739 1856 2545 5600 3655
14995 6195 1085 3851 1609 1159 6181
14996 3615 2797 7366 296 3469
14997 8056 8991 2323 10061 3341 4216 5609 7916 9422 10095 632 2962 2300 3250 3343 3436 9322 7495 7448 2205 2960
14998 9760 94 182 6293 5764 9431 6729 3731 3733 673 4000 1672 1332 4490 283 4518
14999 1384 262 1618 261 9676 134 2535 2454
15000 4028 7345 2742 598 3072
15001 1448 1380 575 6259 250 6328 2772 8022 757 5027 1439 384 6644 2735 264 302
15002 5757 9375 795 7055 1407 9556 7770 3961 2764 7692 5051 6554
15003 4940 3641 4245 8079 2251
15004 5237 3148 8775 8517 7866 9738 669 6339
15005 253 7617 686 6691 4069 1398 4207 8898 9077 671 6420 3557 90 9286 3472 6587
15006 9326 3660 1241 2522 6954 7231 2207 9572 6480 1925 5659 5321 3767 3769 4028 1363 139 2807 4173
15007 715 7402 955 9790 4896 4898 4897 7329 1881
15008 599 391 5312 384 2533 4815 7522
15009 373 598 2653 1459 1892
15010 9184 1921 2050 9690 1596 1559 6484
15011 10029 4815 9834 3310 9471
15012 3764 5785 7404 4898 8250
15013 1561 4063 2820 117 5033 9766 1143 4568 134 477 8533 7793 1462
15014 6625 1850 2090 7364 908 5484 2380 972 4510 6636
15015 6 3052 2805 4041 296
15016 3432 3492 872 2041 7465 7167
15017 7025 1308 801 4915 4065 3144
15018 3351 454 4724 4611 4951
15019 2279 721 1274 683 757 1427 2313
15020 6410 5343 6309 1444 4568 5530 10024
15021 4724 2361 3163 8460 8802
15022 4010 4105 1109 2643 4593 8415
15023 382 832 1619 373 171 5027 2890 1716 6298 3843 1308 7287 6560 9016 1682 2437
15024 10024 4522 6644 2309 269 4458 1696 481 3085 1860 4441
15025 5 4778 570 9531 7677 6355
15026 9496 9116 8608 2341 944 673
15027 3205 2657 3302 1421 3641 5550 2843
15028 398 40 9684 5422 5428 3058 1994
15029 1082 3649 4475 6905 5275
15030 899 1779 3685 4637 2902
15031 20 9579 2628 641 8429
15032 6375 2549 9250 1923 1952
15033 3111 1445 7116 218 2896
15034 6995 9845 2205 8333 3773 944 3089 1478 2603 3338 5810 3980 2011 8358 5439 2220 3370 3049 8347 8342 3872 3879 9953 3023 1766 6 8345 3602
15035 3492 3733 3950 7478 9130
15036 3268 3363 3349 4189 9889 944 1075
15037 6850 1156 7268 133 6093 6563 7121
15038 846 1355 913 3122 167
15039 9268 3562 7533 7903 608 189 4892 5052 582 1563 623 5611 9182 4111 7798 4795 7134 6095 238 1587 31 8267 9626 1659 5407 264
15040 5971 1478 2903 4200 1960 454 4887
15041 4630 456 2333 5414 1242 6270 6434 9098 6116 6 5874
15042 496 1435 4204 7250 7152
15043 2522 5702 6253 2130 4607 8754 7626 3506 2206 5974 6449 5434 2587 944 1913 899 4809 5887 4279 5840 6954 1168
15044 2112 3763 9241 10033 5756 2065
15045 3783 9949 1683 707 2331 190
15046 8838 5689 5993 8497 673
15047 3228 8044 7857 5536 205 2194
15048 3192 1587 3925 7908 315 7395 5938 1034 1403 116 2546 5179 4963 3927 7830 4391 3805 6415 1494
15049 2944 10136 3010 7169 624
15050 3021 4693 5880 2533 2830
15051 5641 7899 1204 5797 3847 1720 284 252
15052 1359 9768 2057 2229 4745 2439 9460 32 237 7394 901 9123 1798 1408 7958 150
15053 189 4896 4233 9998 9565 9901
15054 2868 3362 927 1659 56 109
15055 1308 4901 720 6200 2462 420 2362 5539 189 2345 1974 9076 2491 5355 651 4924
15056 905 5679 8025 312 4
15057 198 3259 836 1423 291 967 1175 1457 731 8013
15058 3994 8562 6183 5255 8789 6393 2308 5993
15059 5161 2119 1427 1888 1659 9201 3322
15060 1056 5426 7721 3470 3967 2752 10059 5578
15061 601 159 134 10044 1670 2545 6436
15062 535 5246 9131 262 424 3711 5866 2842 6073 3964 6301
15063 1588 3384 942 2299 789 2045 182 7531 3218 3724 1658 7467 9943 9651
15064 808 4010 3049 1168 2832 4596 7612 1132 8449 5156
15065 5917 3225 8958 2018 7500
15066 4393 5492 1141 6993 164
15067 637 4182 500 353 9620 2049 3685 9683 6408 4781
15068 4433 1679 7913 4622 9194 7242
15069 3308 8232 8318 476 6819 1680
15070 9498 2944 2266 8712 10135 10123 5194 452 2211 4923 5598 133 1366
15071 7510 6480 1594 89 1902 1901 3406 3722
15072 7858 414 4644 3104 1382 8106
15073 4626 1847 7296 6580 5421
15074 2602 2835 80 9564 2270
15075 6574 9593 1891 3126 8673 7471
15076 7731 4254 3192 7607 4263
15077 4183 5271 5402 5215 3096
15078 3547 5896 3023 275 1465 8356 8404 2047 5600 5930 3038 901 593 2157 352 2429 3303 5687 6393
15079 4710 3608 924 171 9508 5449 939 1030 5248 7121
15080 4010 8128 4335 1992 8715 3907
15081 1727 2106 6512 314 7317
15082 7034 3773 7488 1179 232 9735 847
15083 7663 9408 6816 5730 902
15084 3432 3547 3948 9958 5366 4529
15085 9804 4091 5312 753 652 4375 4430
15086 5788 4097 10047 5561 109
15087 2188 409 4901 380 1608
15088 302 3611 1284 1364 7085
15089 317 9957 1663 7037 3575 7034 5247 7119 1205 1158
15090 1647 6423 791 213 119 6746 546
15091 9050 393 7867 298 1233 5421 4738 5418 5930 5 5127 6087 130 10118 7606 1103 4707 2261 6257 8129 2371 371 3207 1270 3901 5181 9708 6131 2154 721 3034 5009 1808 1457 2489 2524 4023 3668 1641 2783 2010 1897 1065 1545 5673 8118
15092 1336 4388 2863 1087 7526 3411 165 1883 967 1424 1745 5457 2550 6445 172 173
15093 1850 2503 1460 1271 4 1250
15094 1361 6322 8084 7287 6009 6445 1021
15095 5288 6177 2805 4959 6844 1904
15096 1766 6563 1775 6394 4553
15097 2734 1427 5155 1 7622
15098 8348 1168 1322 391 2647
15099 3153 3005 2376 3246 238
15100 2533 4337 1974 7557 2999 4274
15101 7893 5380 350 7326 1249
15102 1938 821 5000 4735 5819
15103 4338 8979 7166 829 1320 164 1254 1255 7238 4056 6263 1071 6859 4293
15104 1828 5190 202 3234 285 4796 1312 174 6 4298 3724 1849 6474 3118 9126 661 241 334 2010 415
15105 2212 407 2226 1664 327 728 109 299
15106 186 2376 2368 8672 5782 8921 5936 4587
15107 4762 8378 1152 5188 1425 5228 2831 3118 4997 2896 1003
15108 9613 5957 991 3228 3040 367 6823 580 4714 1529 4536
15109 3969 407 1862 2447 1838
15110 76 1711 3171 3600 1631 2807 5444
15111 3677 2668 314 3724 2677
15112 1225 9242 239 373 972 2164
15113 870 4206 5740 1795 5837 1568
15114 6574 1075 5044 2711 3130 3753
15115 3391 1988 1912 8308 7129 10153 5033 9969 1776 4911 2218 790 171 9368 8672 584 9055
15116 1985 1024 3961 558 1918 2766 10028 3059
15117 2962 6026 2244 3066 2242
15118 2312 7105 6847 9739 916
15119 4329 5385 838 9641 2493
15120 5256 745 6033 9403 6106 6107 8833 9624 5710
15121 3611 4146 715 7830 4535 6118
15122 2474 1985 1193 6224 3348 622 6885 3778 8450 6883 5826 1988 6273
15123 5128 1089 8466 8835 926 642 5433 7189 972 3423 984
15124 5566 5510 5420 4901 8500 6655 2738 3480 2065 6143 1614 9137 6161 4232 1608 3900 6356
15125 788 1182 9525 8564 9715
15126 1302 1016 712 1988 2944
15127 496 232 7380 4769 6002 2568
15128 3586 777 1027 2376 5428
15129 2807 684 110 10000 6354 1726 611 8901 6338 6895 685
15130 5377 6883 1868 620 3164 4220 5260 3344 5729 2352 7164
15131 4555 4 2429 6503 5892 1770 1427 856 1637 981 6636 297
15132 4859 7072 4367 1270 3855
15133 4276 235 3967 110 8791 4067
15134 1156 689 3109 3467 7334
15135 272 677 8741 175 7461
15136 10114 8908 4650 4408 4530
15137 4140 4078 1823 1994 3892
15138 1647 3494 4871 5269 1673
15139 683 3161 4730 250 3569 4476 4639
15140 4682 5062 9087 3607 1752
15141 9551 5933 1222 635 707
15142 4641 4569 9433 956 9913 8243
15143 9247 3564 1510 367 10102 1206 3547 8137 7443 3508
15144 2083 3406 924 3670 925
15145 899 3234 6870 4375 2029
15146 3332 3505 5032 9607 10003 337 1168 201 1129 8484 944 3838 3819
15147 1022 2819 9437 3607 641
15148 912 2993 1075 421 1230 97 4032 4305 3729
15149 3329 3601 1196 905 2829 1407
15150 3661 2266 899 6826 3760
15151 1658 1024 8945 7522 6186 7500 2913
15152 1922 6307 3135 3543 9869 611 7190
15153 4652 703 720 1298 1630
15154 7108 4689 9331 533 2863 3723 4119 1366 5273 1276 2938 5450 7378 1106
15155 7201 346 1614 2527 9710 9602 9802 2825 1283 2533 651 3900 832 7714 368 1339 9586 384 9506 312 171 166 2740 5415 4475 6161 2380 735 3238 2284 6666 1103 6791 70 7459 2345
15156 9153 666 8789 3172 5061
15157 923 1489 750 4759 4402 4778 4119
15158 4957 6348 1250 2533 134 9052
15159 1635 4768 264 373 1943 2376
15160 5939 8286 7588 3279 1726
15161 791 702 5173 2550 1284 5203 7083
15162 5832 3763 4644 8637 4854
15163 6070 7970 4858 2503 3803 3993 1071 8538 3599 6910
15164 4946 4203 1635 2748 682
15165 3476 1984 4953 1978 6449 8363 155 871 8512
15166 351 3816 6338 349 7926
15167 5208 3810 3038 231 1075
15168 1695 1881 1028 5252 3690 4587
15169 2870 658 2338 792 9368 7065
15170 4180 1271 176 2503 3006
15171 1075 8200 642 6246 1321 7721 1609 8365
15172 2992 1490 1416 6980 143
15173 8284 5679 155 7119 411 5849
15174 7709 1308 2480 6841 6510 994 3625 527
15175 899 3505 81 2382 7435 3089 2004 6012 6777 8267
15176 2853 600 597 315 1807 2056 1587 10115 7842 6249
15177 511 4245 1 9918 8210 117 4768 3590 5656 6843
15178 2690 9692 1339 1519 1457
15179 4571 4010 88 2317 9457
15180 553 6037 3762 3969 4369
15181 4486 2533 1172 955 877 439
15182 3429 1008 8314 10117 7836
15183 8202 3755 610 2679 2446 713 8958 14
15184 3431 6854 2953 368 134 2850 1074
15185 4322 5126 1529 9406 3265
15186 6084 4248 9857 944 2507 2255 3712 2098 8827 9990
15187 6380 6368 4947 8294 3412 3418 8934 8316 1098
15188 4331 1683 7176 6068 588
15189 5482 9051 5770 7752 262 3034 9323
15190 1108 6804 80 454 4709 2708 4390
15191 7682 5779 6772 5850 1250 2091
15192 2196 8436 6 2429 6544
15193 9676 2319 8788 6073 9609
15194 2901 622 2983 8166 1868 4152
15195 1225 1875 658 4305 4208 3550 995 7259
15196 1308 1604 1008 757 7468 3006 6185
15197 1024 5774 944 899 3571 4095 6612 7613
15198 5721 8342 9464 2823 6108 2478 5118 2692
15199 7367 6304 811 808 8334 1844 544 2832 2065
15200 1533 4982 1537 1538 1539 1540 1536 1541 4983
15201 134 1342 7105 653 3501 8103
15202 1797 110 7798 1759 6648
15203 4248 4777 5559 1652 5347
15204 865 9298 851 8413 5305 394 8977 1833 5665 2521 4006 5027 264 1743 3907
15205 7090 2756 659 9384 6100 9971 4757
15206 3542 1886 6062 2032 9754 8364 78
15207 9925 4514 7358 4971 2472 3474 843
15208 5659 2711 2867 3030 4586
15209 4129 165 694 6049 171 1767
15210 8937 3259 8673 7189 8911 4042
15211 2576 3102 4220 7144 826
15212 4275 750 1111 2431 5769 2799 2342
15213 3936 8753 1039 2816 8663 9320 1074
15214 6911 827 6197 4363 5967
15215 1825 2248 2753 6677 3230 6533 2733 1833
15216 319 3754 9053 5188 2511 4255
15217 3257 5345 5823 980 297
15218 791 3111 8676 3242 1225 9415 7907 9989
15219 2478 923 9988 2771 492
15220 7313 635 2143 4787 3884
15221 1479 7698 7663 6729 6537 2388 997 134
15222 9768 3719 5076 5066 927 581 7763 312
15223 3974 2522 5765 418 6205
15224 9355 3678 2953 368 7468 7711 8893
15225 6720 2999 2550 3929 3163
15226 713 1151 2886 1585 508 113 5358 9134 8398 5400 1496
15227 4956 4231 2331 1336 5986 9264 5040 1745
15228 7582 510 1112 4928 4930
15229 539 6162 8977 9212 52 1152 2388 7576 9850
15230 228 6355 4847 9328 581 8896
15231 951 7840 8342 2959 7456 456 3387 5239 7809 2641 1689 9956 8171 3490 6432 5439 2638 7681 6736 8636 7494 2388 1107 5553 2692 7673 453 9719 2578 7671 9247 1500 9740 3705 2173 9785 6609 3358 4100 7154 7153 724 9666 1741 4630 9592 10016
15232 5979 736 7162 6595 1808 6533
15233 1779 6841 2217 9034 8743
15234 9988 5384 5765 714 687 5209 6222 8989
15235 722 5373 4638 1260 1489 382 2171 3855 9374 5829
15236 384 105 5057 1790 3465
15237 174 90 2081 4891 253 367 3111 134 2076 477 2395 1369
15238 1689 1359 5373 1448 3527
15239 2079 4140 3311 3708 521 264 9225 3043
15240 9078 5255 7647 3493 4542 146 7845 228
15241 4240 5237 5255 1570 6355 9965 312 3574 4113 2591
15242 4076 1888 8156 4022 7369 6086 6315 27 961
15243 6273 511 7903 7497 2879 2716 3799 5170 2961
15244 9776 2411 7684 7002 5509 4587
15245 3932 8380 1901 211 5079 93 5444 6336 5895 6624 7897 3259 2429 1424 1019 3079 6544 6523 1625
15246 7097 3907 1601 1274 3329 1189 6230 7320 4628 1928 9183
15247 3203 2081 3274 3455 2933 964 2233 637 10102 556 5547 2879 106
15248 3116 3753 4766 2720 3471 190
15249 1236 145 7907 882 3854 736
15250 1213 674 1582 4587 7564 6958 2527 7768 1798
15251 1604 105 8658 3783 1151 1476 4658 1332 407
15252 9466 2884 5386 3826 836
15253 2113 2112 105 649 2146
15254 1683 6973 658 3526 720
15255 7827 806 142 6625 4146 5237
15256 1359 2189 5659 8043 2191 4119 2980 1358
15257 1145 5714 6505 3049 4689 3214 195 6202 1507 8197 5286 1380
15258 204 8150 3493 5200 641 105 4760
15259 9906 78 5470 3039 4363
15260 3547 4591 373 848 3961 7644 6931
15261 4901 318 6466 2316 1669
15262 6183 7769 6017 5292 3851
15263 2143 1939 2924 409 4499 1937 1607
15264 4844 6262 7681 2643 2774
15265 895 1769 1308 8108 134 60
15266 1136 1882 9210 1359 3207 7474 1833 593 6051
15267 5278 2528 256 1851 972 6738 2503 5927 1462 8768 241 971 979 5861 9954 1308 1470 171 5648 173
15268 2711 8698 7909 2065 4684 3291 2128 4048 8957 2972 4699 1992 811 3985 6181 2221 1574 606 611 3691 1279
15269 6969 434 1054 4925 929 4241 2914 117 5866 5188 2793 1311 716
15270 4469 2753 839 4124 9137
15271 7204 8917 7214 4183 98
15272 7920 90 368 4715 441 652 4867
15273 554 2018 4041 215 5051 1499 2039 9634 2052 10094
15274 5540 7894 7327 1511 1722
15275 1685 9356 9751 7043 6590
15276 7055 7776 1803 6263 2742 581
15277 4166 2886 9 407 7238
15278 821 303 3767 5759 9829 4555 1114
15279 7835 7009 429 3278 4601 688 6593 3168 1338 3999 1149 2778
15280 1946 652 1573 4023 234 7891 6648 8767 3329
15281 8849 8888 8889 7033 4669 2373 1170
15282 6429 1683 5643 2777 1641 9362 4863 41
15283 1692 2923 5402 1658 5104
15284 3542 85 6411 456 4596 2694 2906 6879 10052 3872 8892 7174 8804
15285 5682 1075 7596 599 3756 5988 4931 2541 281 2421 10030 6551
15286 3028 410 4306 1057 7657
15287 6921 6965 3042 6267 3882 1225
15288 4129 3160 641 4148 3278
15289 6638 1846 8649 5578 2395
15290 3786 5846 1574 1952 57 2809 2563
15291 4003 3857 7536 5850 312 4720 1607
15292 5222 2726 4803 7363 1985
15293 5442 8400 9152 4584 1964
15294 1999 6476 4282 4458 1650 3968
15295 9000 6348 4149 2429 695
15296 8897 5869 5785 381 10118 9844 9240
15297 2025 2702 8785 4091 1112 200 138
15298 3236 8128 2939 384 2868 245
15299 8104 5390 4874 4868 643
15300 336 2661 4833 153 8577
15301 10067 1163 2503 757 6345 265 2159 4679 5027 4646 1573
15302 1225 4204 2990 1780 2484 2140 3387 724
15303 7868 405 9860 3497 3815
15304 521 1825 9336 9920 975 6646
15305 775 5514 3786 8832 3158 4957
15306 1619 1627 5876 5252 3138 2385 689 2446 1022 1326 1061 734 293 4173 4749 6289 4758 1432
15307 3670 5898 7189 2988 1156 1098 1021
15308 5290 5620 3796 4523 3144
15309 618 5114 1259 2994 6984 238
15310 802 10104 6370 3100 6110 1323 3184 3056 1780 4250 3772 6151 805 4591
15311 2183 9064 57 10140 4282 5280
15312 4288 5088 1595 2764 643 3460 9310 664 1926
15313 5151 1170 6550 414 477 5814
15314 180 4808 533 1850 3517 4959 735
15315 4847 4374 832 4402 1808 1669 7107 5398
15316 1186 4525 1542 7357 2557 1877 422 8643 9257 3075 2783
15317 7023 2955 5521 5497 3246
15318 3983 136 5468 2489 3668
15319 122 10134 1126 3476 2607
15320 4889 227 6906 8555 2287 8302
15321 9314 3612 1971 4853 2029 8431 5760 1103
15322 6098 3202 3265 7266 9906 2715 3942
15323 2670 368 4412 5010 6565
15324 5301 7747 1422 1646 371 3756 1549
15325 4766 3620 8056 7789 1196 560 8453 3276 1790
15326 1133 275 2572 3263 45
15327 3102 7690 8710 5909 1529
15328 4742 120 5098 2937 2613 3055 2796 4259 5447 3079 294 161
15329 899 4471 1843 3922 5821 5463
15330 2059 3155 6903 9260 114 4996 1756 8951
15331 789 10123 1868 3779 3152 6302 4214 10114 2330 818
15332 602 2840 8694 281 3287 642
15333 4431 7545 1071 7755 8291
15334 608 4641 4799 2322 1322 191 432 9612 4624 3542
15335 4663 6415 2799 1247 2060
15336 5973 713 2789 5691 7931 4717
15337 1054 2422 2573 2427 9568
15338 3756 477 57 2679 3508
15339 4859 9015 21 2676 1698 8201 2716 7651 4285 2218 2479 7074 543
15340 3868 5594 1813 1559 9064
15341 624 6854 2277 7566 4012 828
15342 746 3189 7754 5290 1481 1110
15343 9964 4369 1507 2716 2816 31 3288 8663 4456 2417
15344 7843 7714 174 1308 3474 1306 6762 4236 9144 9797 5236 761
15345 8405 1786 791 353 8891 7034 4760 4859 1831 3037 106 1959
15346 1484 3338 4400 5204 5893 9165 3880 778 4362
15347 9227 8131 3960 21 5797 755
15348 384 8540 2599 1298 4322 348
15349 1350 2302 3314 1824 1176 4423 8225 791
15350 8120 5737 4510 9858 6636 8611
15351 8549 6138 7988 3127 5531 5186 8924
15352 2024 7912 6496 3191 7488 2954 9078
15353 4393 3301 3007 6809 9358 2812 2544
15354 2443 3317 3985 4119 191 6021 5553 3160 9936 9578 2830 587 2474 9262
15355 4823 8628 2775 5871 9367 4569 5667 7491 1740 6304 8394 5905 2314 6699 2388 944 4265 4598 8128
15356 1623 3749 1768 1891 21
15357 2737 2527 4375 1614 652 6851 2200
15358 8413 1331 1332 9922 1767 9295 9865
15359 4042 439 1645 882 1980 2327 3207 1018 1446 7918 3598 7589 7827 607 2068 5181 9085 1384 4757 9279 4852 4501 878
15360 3682 1015 1223 3701 2044 531 1157
15361 3812 8642 1796 1252 1310 4425
15362 1086 1380 921 5867 4204 4476
15363 9080 6847 461 5337 330 2764 109 1659 1476
15364 131 8318 1981 6835 6834 437 10012 10101 5137 3171 2699 757 2049 1162 8734 115
15365 2393 1331 3050 404 2481 8519 1520 3855 1518
15366 1270 7019 2985 9021 5118 2164
15367 8423 5582 593 2838 1565 7733 418 917 42
15368 8230 5544 7890 1426 934 292 1106
15369 500 2791 6560 2560 4152
15370 4486 5160 373 407 3447 2840 4426 450 4956 4747 2560 944 7369 200 6902 2157 138 1270 2786 1705 7891 445 90 7092 5197 8878 1784 2647 1987
15371 5170 6302 824 626 754 2586 2617 8258 1856
15372 8516 3409 7117 1968 4860 7331 6381 5822 165 446 171 9967 6517 4463 3205 4960 4788 8006 4273 5024 6550 668 667 644 128 1982 5368 846 855 1637 856
15373 3777 764 2663 8707 7840 5118 3344 3152
15374 5204 3199 5363 944 2219
15375 10000 1589 6694 8580 10055
15376 1322 3280 6828 873 298 861 4291 220
15377 266 2533 4337 510 262 1612 7844
15378 5333 7709 7797 4067 5570 2980 8272 1123 6587
15379 5679 291 2356 7696 7720 4037
15380 3539 4545 9191 1039 5300 4627
15381 4043 9613 363 3097 1111
15382 5170 2476 9293 843 2435
15383 6198 1091 6013 1495 1496
15384 5873 384 5806 7133 9410 8199
15385 2905 5563 3150 7282 9893
15386 5190 1961 3505 6708 336 7687 8819 3483
15387 7889 3101 597 575 5501 3465
15388 4521 393 4310 527 8990 3989 553
15389 1439 2302 2925 2680 6895 4793 7861 9566
15390 298 2587 5906 7032 133 1934 2806 526 5391 5823 293 2284 6666 4590
15391 10026 6167 5779 1375 588 8123
15392 1639 3705 4125 6906 390
15393 367 446 7093 2194 171 7712
15394 939 899 637 6053 62
15395 2446 9242 558 7798 6392
15396 903 1390 2506 2803 6065
15397 1308 6508 2543 6892 6422
15398 8332 680 1155 61 1427 57 1238
15399 1652 2651 2650 3933 465 4492
15400 7947 6350 8864 7561 3574 642 2632 4296 8410
15401 2824 9666 899 1621 930 1096 7737 5061 857
15402 9816 4596 456 109 6017 3049 9003 622 10071 1988 88 4105 2214 1916 6391 4545 2936 1095 979
15403 3608 2595 1609 388 5406
15404 1858 6417 6367 10069 4940
15405 2706 652 2450 477 5649
15406 1336 307 2561 1438 1457
15407 2405 8280 4297 2073 8043 3679
15408 6887 5399 10026 6178 5339
15409 262 1828 6263 3015 134
15410 6108 4569 2472 3369 1090
15411 545 3228 1208 393 4544
15412 110 3693 6163 585 1765 477
15413 2545 2159 377 884 5077 134 4653
15414 6480 1902 3406 9314 287 3418 1096
15415 7764 1499 1257 9952 1169
15416 120 4382 1364 2796 4948 734 859 1106
15417 5027 2545 1382 264 3600
15418 2597 2842 1274 4777 373 5632 5029
15419 8100 3429 370 4686 1823 3809 6975 5159
15420 4206 1048 3911 2308 8170 5986 4061 8291 9389 1238
15421 1336 178 1462 1455 276
15422 4486 3263 3590 5033 5103
15423 1181 7494 3164 2148 5372 3338 7441 2149
15424 1860 8527 7442 2083 5428
15425 5329 2667 6453 7759 8414 766 6931
15426 7583 6356 4484 9069 6158
15427 8242 3832 1356 2267 6342
15428 10144 3206 368 7930 2689 2618 4762 4014 2467 868 879 1925 541 4867 2892 3615
15429 4636 1607 312 3101 3895 1064
15430 5727 4023 8281 420 6415
15431 1380 1797 6462 7786 2710 1050 1083 6931 32
15432 2890 40 1695 663 5135 2742 1642 8068 1462 3175 3730 1387 3494 1224 5214 1668
15433 959 5224 915 934 937 7121
15434 4896 376 586 4472 4223
15435 59 9605 249 831 9238 393
15436 5661 285 9152 7263 1098 9220
15437 5394 9125 2425 9494 6420 6818 7063
15438 232 3286 31 6661 6784
15439 3910 117 6350 2331 7942 3582 9364 3266 2438 10118
15440 4417 10087 3447 9490 7997
15441 8179 3888 2734 1726 2422 4152 4369 246 5859
15442 1196 9567 7589 1156 3934
15443 134 2319 2259 213 4037 8784
15444 63 8762 1037 882 4022 6518 6790
15445 10151 1944 4073 9833 1972
15446 2438 4305 3895 134 1357 5030 3425 1625
15447 1551 6550 3963 2833 1144 944 2096 1726 7701 3408 3105 7438 8737 8563
15448 7379 6161 5308 8084 387
15449 9404 604 8818 3901 254 6219
15450 7912 2897 7119 4328 8110 4424 1271 6957
15451 2689 9099 3511 1779 4521 2955 1827 658 2778 8259 6393 2801 6099 1122 4852 4996 2660 5505 831
15452 5727 3799 9574 3181 221 7578 9812
15453 4 1825 1136 1865 715 597
15454 7036 8949 5665 1923 4040 5002 371 7083 134 7619 5160 9867 2319 3816 234 6672
15455 8776 2362 6085 6716 6176
15456 3951 4093 792 3591 590
15457 5041 1024 4919 264 4554 5529 3230
15458 4670 4199 205 2388 3542 1500 7732 4906 5074 6497
15459 1075 7655 2956 8041 905 7189 9710
15460 115 4930 4010 2160 171 5103
15461 8999 5098 10048 3690 2302 713 4808 1196 1923 1585 6150
15462 4487 4704 5277 1647 9976
15463 2121 2349 2994 3637 3314 6970 7410 1684 604 4800 7947 3108 5954 1668
15464 663 4447 4436 8350 2142
15465 953 463 10005 1611 9884 2795 171 2659 303 9062 7183 6149
15466 1210 373 581 2272 1825
15467 849 308 6433 8843 5004
15468 2608 4545 593 600 4293
15469 4336 4715 134 9402 5037 90 9933 1781 5729
15470 4335 454 3344 7600 2663 1088 4094
15471 1254 2598 1104 3427 1105
15472 6806 3403 1797 4897 9998 2493 2114 2216 3911 9445
15473 1045 384 8445 723 5710 9625
15474 7081 2890 1274 6087 8974 1547 3253 906 5878 2982 8906 9313
15475 2290 9400 9031 8841 3202 560 1455 233 9776
15476 5402 3171 42 3429 732
15477 9724 4669 8935 1659 9913 6457 6503 446 2429 171 527 1427 5254 9742 1104 2010 70
15478 3972 2478 4017 4102 5666 8956
15479 1228 7948 8614 2323 7031 6057 5114 944 8184 8936
15480 2734 1024 962 3133 8320 9605 1369
15481 6881 2960 7626 3338 28 1112 2578 7288 4950 2643 7339 2647 7685
15482 4298 4777 1335 9512 4936 2044 998 7065 4720
15483 6496 9158 7344 9159 5790
15484 3539 384 7607 4670 1595
15485 1609 9622 3702 388 955
15486 2586 98 2056 2555 1864
15487 2766 4951 3689 4155 4591 5694 8364 3198 4803
15488 1703 2398 4264 388 229 3003 594 7739 4675 1869
15489 454 8019 5825 7463 9567 7628
15490 5708 640 2073 3599 3902
15491 368 7266 3968 2402 3511 4895 6235 6328 912 1421 15 4717 5331 3430 6838 3308 6129 134 643 8556 9389
15492 439 3053 5600 367 3039
15493 3295 7818 6257 1138 1050 3481 1928 1155
15494 9574 6026 8814 7027 9476
15495 8996 6704 1220 6423 4796 5455 1734
15496 312 5529 134 9783 4038
15497 1197 3575 6767 111 646
15498 404 4674 3851 1152 8899
15499 6206 8556 196 9927 1427
15500 1639 262 387 418 9960 4312
15501 851 7402 3438 682 642 1356 540 2867 4168 1630 134 1627 4148 5899 2 1449 2553 159
15502 9623 944 7638 3241 4932 606 2091 738
15503 4414 4375 393 197 390 4023
15504 7254 4867 581 1914 3158 6414 9899
15505 3111 2266 3505 8369 95
15506 9298 2960 3389 2243 2476 4339 454 452 57 673 3756
15507 2886 439 8531 8924 791 2807
15508 7783 1845 5602 10156 3039 6411 7403 4302 8441 4010 3274 1920 9052 1931
15509 1843 3314 4697 1475 7491 6649 7341
15510 1516 618 5119 846 8183
15511 5853 285 7196 4740 15
15512 5327 1776 2828 9974 1342 4272 7360 3082 9432 2251 10033 6 1171 793 3642 8529
15513 4849 5790 1427 5151 671
15514 1142 6993 6699 2114 9999 2338
15515 6454 2545 6504 6617 4854
15516 478 5597 9999 5320 21 2489 7924 1745
15517 641 2018 3982 3859 383 1298
15518 4129 153 658 1274 4162 1213 2027
15519 1142 10140 4144 7099 7024 4968 94 1147 1511 2861 5169 9901 7667
15520 2533 1529 262 1331 1840 5361 2089 2616 648
15521 2994 4581 4931 9579 3544
15522 1085 3483 1815 9945 3013 3283
15523 373 658 1446 3057 1157 4022
15524 3679 9891 2671 4212 6811 9527 7503 1032
15525 4007 5766 8683 10081 3289 8272 6355 1161 1239 476 3586 9233 6926 2144 5574 1500 4561 7403
15526 7497 4142 5977 84 3444 9921
15527 3711 4707 3775 6953 8755 9952 2852 2813
15528 1653 2345 1974 7123 384 379 5096
15529 4951 3579 5908 9748 7903 1514 4609
15530 591 59 3198 5818 7503 3980 3294 280 5880 821
15531 1298 1943 581 4289 9791 2323
15532 9450 3125 1994 4399 1225
15533 2260 733 407 1356 1270
15534 64 8426 6654 71 1225
15535 2207 3169 9296 311 5900 7046
15536 2707 7498 5683 10086 5482 3564 6826 1891 2588
15537 6493 6045 5014 4238 5993
15538 4772 672 6205 9077 6462 500 3294 5048 4199 9946 7059 2369 7301 8448 4718 6116 264
15539 4501 8481 32 9201 1369
15540 2255 1776 8877 1658 42
15541 622 722 7787 6594 4381
15542 9860 1512 5460 1960 2252 2503
15543 6240 7423 253 1238 1239
15544 1304 10019 3755 3374 2260
15545 7654 577 5420 380 2952 4688 3301 7146 2379 2527 6655 4337
15546 110 4593 1146 2851 3299 2388 3866 5512 4864 5170 3707 7055 7025 2879 1716 2629 2886 1971 9815 7302 7567
15547 2398 9991 9290 2543 2690 8838 6376 642 877 6385 875 2730 8916 5352 9679 3832 4375
15548 2398 2239 2529 818 9689 3968 5366
15549 4975 4742 1090 2071 3109
15550 98 3408 1253 2060 8902
15551 2851 2158 8236 4680 1635 899 5208 9078 2811
15552 8016 629 9015 4963 2989 2689 4183 1116 998 4509 2331 3362 2302 4277 9939 10142 1196 228
15553 3039 9359 2694 704 6308 2036 3626 2809 3950 1705 695 3045 231 3774 4340 8132 1266 1559 9301 563 5867 9578 52 9428 2181 1647 842 7790 5563 5857 7544
15554 4501 1612 8827 8344 3147 7103 7149 2052 2520 353
15555 1616 1923 7074 8250 182 248 3872
15556 8658 189 1054 3021 3228
15557 9923 3159 8378 7289 7786
15558 1196 7863 4081 134 477
15559 8468 5037 3372 367 3342
15560 4116 1741 312 4952 1660 508
15561 899 109 9176 1034 2687 275 2444 1356 5505 3839
15562 2069 415 8074 757 2843
15563 2609 9285 1154 1573 895 414 7857 5229
15564 1589 1409 7807 3872 2839 8908 7341 6073
15565 1667 601 5853 2674 653
15566 2148 108 185 2464 3052 167 6398
15567 2287 3163 278 9941 3064 5600
15568 298 384 2083 4430 5570
15569 6934 1691 6353 9261 9708 1024 7742 841 5651 2919
15570 4459 275 5695 6376 8971
15571 3049 2667 9875 3390 9663 246 1247 206
15572 6402 899 8556 2027 2187 1610 1369
15573 8237 3775 38 1387 39 8311 9702
15574 1647 8242 1512 3185 2754 8860 6970
15575 4797 1635 3245 5982 7433 1555 2438 8698 1652 8217 6200
15576 2643 643 7071 8899 197 3801 6340 8833
15577 262 5926 605 874 4009
15578 1889 4099 8610 8329 5442
15579 4993 5438 3338 5834 354
15580 9900 262 368 1121 4536 6143
15581 4774 7792 8737 8995 5993 417 4264 1604
15582 3675 9593 439 5600 3053 561
15583 456 703 2059 2642 2130 8588
15584 1321 9141 3924 7701 203 2065 7477 1587 2969 2527 608
15585 455 1683 7235 2135 2325 696 54 560 7670 1644 6958 9517 8029
15586 6355 1075 110 2573 6946 6419 6322 4489
15587 3072 1858 8773 8477 2417
15588 6480 1901 5128 4736 1254 4737 5587 1723 3673 2094
15589 6057 1705 5429 944 109 9455 1579
15590 5104 280 9717 7064 7814
15591 4707 5426 312 9048 368 7297 134 6487 6320
15592 1686 991 3729 3337 1641 1545 5009
15593 4432 4061 8763 234 3172 457 10063 8562 6863 5633
15594 578 6632 7212 1686 9737
15595 1491 1736 7795 3008 6036 2213 4728 3368 8828 7059 3742
15596 4250 2076 5281 1189 4255 9472 3798 6209 1090 7161 5682
15597 7963 7684 3163 373 2303 6274 8925 997 246 508 9538
15598 8150 9884 5037 8096 6316 8090
15599 1396 409 4395 1171 134 9661 381 383 720 960 4439
15600 94 2549 1359 5570 805
15601 461 2883 9229 1208 5337 9716 3947 5153 6664
15602 368 8975 1339 3031 3744 5091 3375 5 5761 6872 6564 9305
15603 7052 262 9794 2697 580
15604 3932 1901 3107 8400 4386 4169 1883 6161 1366 5248 1106
15605 4531 3973 4245 315 6553 4529
15606 134 917 1274 2140 7476 5918
15607 1262 7312 59 1456 1271 4272
15608 7459 9541 651 1787 4867
15609 9814 2270 642 7375 8388 8289
15610 902 5656 9349 6992 6897
15611 3228 4373 5489 3850 6830 753 5141
15612 9006 7568 5360 2633 8508
15613 5742 1682 6986 1020 2311
15614 2587 352 8008 736 9773 3553
15615 2253 10155 5124 3915 2222 1484
15616 9255 1740 7081 1657 1463
15617 3614 1083 110 5060 6099 1677 3964 7157 4602
15618 754 1268 8359 6148 886
15619 3414 6785 3123 129 1724 5447 1030 981
15620 6976 4141 1231 2679 6280
15621 336 5061 6329 1825 4935 4680 9504 141
15622 7888 3571 3693 3920 5884 5613 688
15623 6160 460 5032 3265 2025 5127 866 5548
15624 437 303 3311 1446 9053 1207 4789
15625 2906 5620 605 404 4498 7322 3929
15626 2493 1233 1330 5476 733
15627 1646 492 3630 5054 866 3675 4208 5331
15628 954 116 3881 153 435
15629 8748 6202 2218 622 2435 3614 7070 1444 4875 1661
15630 7274 8227 4093 2472 3869
15631 2474 2488 298 6605 5729
15632 4524 9635 1919 663 7793 2444
15633 4061 2830 3967 7248 3296 6420 3446
15634 1911 4545 7903 3408 7824
15635 903 6482 2838 732 476 8928
15636 757 2049 6677 6397 4131 5539 1172 2838
15637 1158 2027 6414 7730 833 2324 4601 8364 2057 4213 8125 2820 2073 134 8203 1669
15638 1086 6546 9248 6726 109 1047 187 6321 9886 3760 1556 2328 4837
15639 1798 2215 2606 494 4093
15640 2333 1140 4357 1908 1543
15641 9279 4923 289 967 7870 1096 2806 3422 1427
15642 6480 5511 846 97 5345 1424 5445 7334 2806 1429 981 296
15643 2824 1988 2963 5208 6486
15644 5125 9903 3895 7808 10024 3215 90 4539 2516
15645 8254 4105 2337 8749 2716
15646 96 4542 1175 3874 291
15647 216 574 6836 510 4635 8867 8905
15648 1835 430 5658 7077 4079 9725 3037
15649 1287 2764 952 8556 4069
15650 2993 797 758 170 3618
15651 2059 2784 6062 7113 4043 5876 4330 5930 1274 9696 791
15652 3787 9326 354 9772 7490 3344
15653 5252 193 9870 9950 9077 6866 2550
15654 4043 2185 3650 6 6050 2890
15655 2385 9410 9351 5574 4866
15656 2716 2332 8424 9700 1507 9619 7834 110
15657 4358 4569 6005 6224 3365 6618
15658 2925 7594 7149 8350 658 1208 3584 3057 3419
15659 924 1156 734 1099 7183 5466 7121
15660 6373 3070 4028 4331 1075 3002 2426
15661 7273 3829 8531 3195 7373 3501
15662 533 6715 1723 206 5388 4767 1105 4962
15663 2250 1550 793 9432 156
15664 2734 5438 4742 2806 980
15665 2673 4979 4728 8085 909 2081 9819 4507 2605 6747 7856 1892 5055 622 1489 5716 8078
15666 2982 1457 521 8068 1419
15667 8340 8181 3695 755 1858
15668 7685 1225 6078 2939 2886 365 2063 4237 663
15669 4100 4104 9664 1597 3906 9106 4415 7304
15670 8710 1225 6526 2114 5668 474 1884
15671 434 9203 2388 9387 1720 2431 8989 7190 8725 9011
15672 8504 1153 15 8864 6621 409
15673 6130 7497 3607 1775 7644 8316 2612 4418 6753 4484 4091
15674 5150 1250 1311 1186 1346 281 9405
15675 1009 5833 15 5930 6392 5883
15676 1154 684 5547 8543 3747 732 2374 463
15677 4317 5320 527 1746 3556 5460 639 3590
15678 1871 1641 6 3845 1427
15679 6985 8280 3160 2770 1735 9024
15680 2912 3647 715 6357 353
15681 9841 9062 1366 1277 6544 981 297
15682 1388 1118 1223 1224 1292 1227
15683 6167 3622 9050 6 6681
15684 2764 134 1288 4642 6455 7391 4935 2910 4961 4690
15685 6286 4149 5453 6348 3186
15686 2196 4699 908 5146 1448 3902
15687 5347 8863 3214 4684 869 9441 1565 4616 2763 9594
15688 3749 1050 1872 2411 9147 5185
15689 5330 415 9290 2950 1466
15690 262 1282 8640 720 813 4306 896
15691 7599 1045 7216 1196 811 174 6150 5637 2564 9117 2294
15692 7320 3807 8758 7319 7519 7731 4254
15693 1308 6 460 5455 1529 1004
15694 10051 3148 99 2193 599 7268 133 2380 5368 601 6239 4836 1636
15695 7634 6046 2752 5100 5363 4278 3653 3354 5260 46 2173
15696 5563 9744 1133 642 2956 2391 4414 5533 999 641 2914 9789 1249 312 4390 3968 4715
15697 5098 174 4582 6171 7047
15698 748 8176 749 2643 1908 8385
15699 1519 4262 7319 7320 4263 7547 9312
15700 5890 7886 7367 7170 5374 2944 8273 2266 1251 5433 914 1156 536 5446 2806 5147 2614 987 4511
15701 6700 228 1781 9431 8088
15702 5302 8094 2424 2764 441
15703 4552 3571 110 9870 234 4817
15704 150 2551 42 1208 3429 4713
15705 8957 7526 2031 4558 7638 1049 9281 8845 7291
15706 2676 1489 3675 4340 7299 5952 728
15707 7772 8878 9898 1144 4285 9408 5588
15708 2142 4446 217 886 1083 4796 3878 3729 218 1892 3313 8380 384 22 21
15709 5006 74 5166 1302 9553 8093 3919
15710 831 2312 1153 10122 1404 1527 7878
15711 8933 2475 1565 2971 7807
15712 9564 7133 1480 1563 4190 4159 1500 109 7277 4545 8174 1490 6831
15713 289 1423 5898 2614 7269 295
15714 1615 4274 167 312 171 1404 2192 5423
15715 5651 373 701 2909 3481
15716 2076 2503 6100 4745 6603
15717 523 2189 8269 171 7331 5876 133 65 6844 2058 4375 4937 3080 1101
15718 10026 555 2057 788 7020
15719 1331 879 2681 5367 6178
15720 4288 8804 6993 1551 1081
15721 7642 8417 111 7094 4460 2351
15722 7471 4734 5520 4556 6357 2355 426
15723 690 4097 5700 6171 1822 4862
15724 4958 6782 2795 291 689 5818 9270 15 855 5131 7310
15725 6402 8315 8336 10154 2213 598
15726 9917 1142 2829 10054 5909 7782
15727 1608 2708 2203 2523 946 7423
15728 6272 5047 9551 6847 1696 5857 7229 2311 2634
15729 1322 7667 3198 1504 3784 1954 3265 803 4911
15730 6224 5438 4702 2205 3610 5258 5591
15731 8536 4100 5856 8451 9423 3979 1910 6604 5814 298 720 6537 377 5262 2050
15732 6793 7299 110 9628 9199 4489 6989 4032 8938 3830 2375
15733 5725 1154 599 2976 2802
15734 4229 901 1213 1887 5870 6891
15735 4317 4392 5054 2041 6280
15736 894 8350 1897 3555 7085 2010
15737 23 1675 5682 2235 3936 4911 7316 2351 7854 715 6566 5344 1568 847 4238
15738 1829 6651 2314 9431 6925 8758 7003 9585
15739 901 6772 661 2981 2569 6650 4032 848 1434 1083 1979 728 6355 52 3288 4867 5985 1289 1544 3510 15 7094 1449 908
15740 2315 2912 7144 7051 905 1332
15741 627 2111 9584 3993 9790 6514 9242
15742 5945 3534 3854 2928 7612 4285
15743 1301 1606 7576 658 2307 2446 3283 445
15744 2924 7392 8773 1267 7833 4653 312
15745 3862 4529 2052 6171 6824
15746 7707 5891 5651 942 3626 174
15747 9076 6143 7438 331 7560 1267 3256 2096 9743 7434 4185 2820 4396 5617
15748 6708 5320 4742 513 2877
15749 4234 134 1074 211 2 5492 3228
15750 262 6152 1144 26 2458 6443 9071 1701 493 5022 5396 27 5023 10089 715 10056 4913 1702 3499 3999 9585
15751 7825 3622 4363 8956 955 1741 6704 8354
15752 3140 713 771 500 3676
15753 3205 850 540 8673 2795 1632 7579 5345 3614 7936
15754 471 1769 8031 4390 8588
15755 1196 2903 3799 4280 197 704
15756 1045 2953 3416 5089 1267 1025 5665 1743
15757 4043 2049 1271 1396 5024
15758 554 10151 80 2881 9691 2736 4819 3414 6 374 3040 5484 1587 114 4352 1018 2408 6263 3417 2248 1122 3109 2195 2807 4174 3424
15759 9380 3372 791 4014 1203
15760 7339 7386 439 641 990 2022
15761 2278 2999 4653 5077 262 2668 4883
15762 6308 9813 78 174 320 3221 144 3078 671 9201
15763 1769 1674 2757 1427 4421 3817
15764 7823 7248 1280 5249 5039 2141 5010 673 1151 3967
15765 2122 886 2690 9376 3965 1225
15766 4941 9382 3494 7884 7466 1073
15767 5205 2516 1565 2657 1075
15768 9691 6236 6355 975 3148
15769 2090 7117 5080 8216 1106
15770 8002 7472 3027 4683 6389 6038 3748 2974 7013 6909
15771 2296 8434 1026 373 2505 2374 2537 1073
15772 6030 3694 581 9707 1427
15773 6124 9862 3857 1225 373
15774 7470 2476 1090 9301 9419 3872 3039 2663 2800 2630
15775 1543 2861 1690 6678 2926
15776 10156 3720 2545 5569 693
15777 7672 3955 1578 4411 205 3980 602 6189
15778 5049 1309 1587 4183 3856 2815 6150
15779 8369 909 8614 8513 722 5844
15780 4030 4834 8241 1118 2535
15781 2930 5189 2206 593 10145 5707
15782 3355 1328 2824 4596 5400 460 18 9581 114 9399 962 5597 1018 165 446 2194 171 4960 5308 2829 3113 7287 5388 734 939 1100 856 8127 1394 5715 758 5250
15783 2090 7119 4736 289 2613 3671 1426 6844 1097
15784 5884 2812 5534 924 540 2614
15785 3974 2729 2941 654 2850
15786 8444 210 576 1439 1396 8200 6811 393 7014 10129 3733 3116 4991 4195 4769
15787 3448 1356 156 975 1545 6646
15788 6508 5252 9846 3186 1394 5873 3308 5259 3426 113 611 5792 8079 2591
15789 3631 30 1512 641 6 1178
15790 5833 1587 1045 84 1743 7530
15791 286 7869 2026 2937 1209 5443 6503 129 981
15792 231 7807 9252 1507 1967 47
15793 3073 738 6 6286 5173 879 720
15794 9046 692 9168 8497 5087 4707 2052 6452 5098
15795 2503 521 4583 1573 376 253 1851 1239
15796 6772 3619 6098 6070 3053
15797 674 7871 9511 4938 2844 8150 508 315 6317 2882 2816 703 107 3148 3288 8117
15798 3715 373 3742 2716 7679
15799 1189 1335 197 1279 9426
15800 6 3222 3259 3294 1156 2313 5388 5866 6445 981 5310 1106
15801 711 110 4889 7200 1543 789 2139
15802 9162 4631 9987 3351 4630 3402 1689 6492 746 1330 9574 8859 6237 10023
15803 1073 1269 1735 6150 4996 758 4454 3618 838 1374
15804 110 864 5627 1971 104
15805 5343 8495 6895 6338 3290 7166 3281
15806 5304 3080 8416 5328 4475 5528 9097 6424 2348 9227 4271 6601 586 1848
15807 2584 902 1875 5511 523 10045 1273 9316 1092 5443 5090 3943 2936 731 1427 1357 939 5310 5248 1030 1104 858 11
15808 7257 31 1776 3692 4475 6512
15809 9660 368 851 439 4557 5552 254 134
15810 2550 3098 3730 5003 3293
15811 3327 757 437 5873 4797 2052 2071 9525
15812 7762 3090 8323 4350 5657 4351
15813 1058 2296 1017 5163 2910 1954 5441
15814 1037 8344 8277 788 63 8489
15815 2125 426 1190 3430 154
15816 2148 7441 2149 4099 1186 7528 4809 1308 8388 4298 8182
15817 1308 3138 6989 3451 2246 109 2300 9656 557 8195 9230
15818 2543 6508 8763 7446 10017 1394 422 919 4149 7592
15819 5604 2838 5145 6254 174
15820 1018 4207 1614 1618 5 7911 5677
15821 5436 8019 10052 8369 5 321 4369 28 7476
15822 3405 1223 8237 1291 8743 2244
15823 1125 2737 945 2522 6464 9661
15824 533 2101 6217 5080 1424
15825 6985 373 5570 1891 1171 368 170
15826 6946 301 900 6769 192
15827 2467 5318 3965 1308 1885 2533 4800
15828 2354 4804 1440 3283 1146
15829 3301 5819 7638 9102 2482 1785 197
15830 575 1875 4469 1898 592 2307
15831 1657 5254 1246 6355 482 217 7464
15832 601 2595 4459 1451 4042 9938 153
15833 4861 3040 5758 8108 6591 4789 9227 4437 5854 2052 7149
15834 4688 2305 380 7654 1282 5699 4234 9589 5644
15835 2886 508 6546 3293 7685 713 8606 4144 1860
15836 7479 180 6760 8283 8585
15837 9723 5401 7029 944 9985
15838 5079 1096 2094 980 979
15839 1085 9287 7488 117 10103 1308 7218 2690
15840 9748 1861 6369 6932 5470
15841 1973 1653 5417 6225 1974
15842 1827 7526 5882 2182 8617 6297
15843 2052 8198 3432 1249 9014 6124 5712 310 642
15844 1925 10081 4931 7706 10075 5539 4548 4439
15845 3209 754 1511 6251 6343 8870
15846 9755 4861 7308 5659 414 171 5345 851 6298 5368 972 172
15847 3747 2533 2399 5361 368 3650
15848 1384 3584 3146 1171 723
15849 3367 2497 2835 2645 9367 3154
15850 90 4698 8734 9403 3009
15851 5804 2503 1862 1529 755
15852 4763 1392 1614 2533 2527 9399 1759
15853 496 1596 2431 105 2886 1158
15854 4548 657 8576 1868 753 1379 8142 1709
15855 5492 4152 7608 1608 1682
15856 109 625 80 4144 3362 1913
15857 3429 2672 5173 961 298 264 5676
15858 8481 4710 8485 5386 899 542 5155 9687
15859 4890 424 8505 6295 9182 3800
15860 3969 1608 6843 1171 4743 415 407 8069 262 3465
15861 2859 1283 628 2671 830 3869 1448
15862 373 1289 4253 2475 4164 3237 5114 4799
15863 9856 6582 508 7317 4598 841 2734 3629 1349 5681 4803 2886 7788 384 7309 1698 8797
15864 3105 3077 99 5587 536 7121
15865 7297 2953 6130 368 6138
15866 2205 4699 3063 34 9877 5554 6017 2150 1478 6372 6462 7134
15867 5261 3336 2341 4601 4741 1384
15868 2651 1071 2414 6641 4519 4434
15869 1858 790 2159 4644 6
15870 3951 6967 7466 6584 10044
15871 3864 1492 3102 899 2663 72 632 7058 2090 6480 3409 99 3670 1687 8322 1090 2215 2809 2795 967 4119 9727 939 149 8180 1688 2961 7383 748 152 6637
15872 2423 648 3932 7531 695 267 3228 5787 2305 7710 2270 6564 5650
15873 2639 3365 456 4281 2645
15874 744 5240 6292 5290 749 4138 103 1189
15875 2941 6937 3443 8701 9309
15876 2391 5249 7186 2829 10017
15877 2777 10090 10109 1607 7061 2258
15878 1717 3553 370 1074 1462
15879 384 9856 1171 4323 8199 383 3922
15880 6828 388 479 1404 1712 106 955 1569
15881 7628 9581 1989 399 9925
15882 8444 9474 3209 9807 7317
15883 2345 361 3962 4957 5311 3571 3230 4537 5621
15884 4634 6187 2999 8290 6 1704 791 55 9435 254 588 2489
15885 8399 9179 1683 2217 8391 5453 2543 903 4839
15886 10142 2787 90 1308 1085 2506 9128 1069 4664
15887 1177 3659 9540 4308 228 6245
15888 6451 4973 5048 1927 7721 1929 6809 6454 1357 2126 3237 2049 9610
15889 1396 2057 9458 3544 7084 253
15890 811 8250 3237 1155 3826
15891 622 3352 7258 9457 1478
15892 2870 6617 6317 2852 5452 718
15893 8404 4779 3603 4272 174
15894 643 1062 318 8299 969 6773 1003 9067
15895 5856 2333 2038 459 10046 944 2116
15896 5659 3316 1619 3760 8230 9835 689 6093 1357 3079
15897 1604 7502 560 9039 9065 6929 5672
15898 4432 6764 2654 234 6214 2023 4617
15899 899 81 1440 962 6918 6752 26 5590 9296 2109 6302 1140 3560 2807
15900 4247 1646 9814 1137 720 1422 3329 1608 312
15901 975 3668 5069 1667 723
15902 3339 7111 5971 722 4332 3199 5727 9148 6091 181 2287 2111 5397 373 113 6777 4846 1359 9057 5652 5275 761 2899 3903 825 8425 6682 3756 7722
15903 6292 6371 749 404 7429 3602
15904 2260 3193 2081 2150 10113
15905 9669 7053 5254 1716 7025
15906 6352 598 3382 2918 4434 1083 8199
15907 4460 5744 8861 684 5706 7487 901 2157 7135
15908 3021 7209 381 3526 7407
15909 64 7162 1976 4437 4541
15910 8370 7411 2253 2896 2447 2690 275 115 1549 6864
15911 8452 4955 3451 5498 46 5172 4158 581
15912 1421 7838 9766 7300 10133 1242
15913 1884 1696 1015 10150 156 3158 1969
15914 1478 6059 9036 4610 1198 1490 2215 2275 3067 5857 1484 9536
15915 6596 6348 8366 581 1019 2439 4830 8659 8543 2809
15916 1988 452 3380 7456 1109 1998
15917 6434 7153 7990 5193 8177 3441 7773 1448 1954 614
15918 2966 955 6061 9873 1123 85 4212
15919 6945 6923 6727 2030 415 9683 1004
15920 4476 2073 8283 7969 6193 502
15921 7031 7286 4882 2025 9890 2617 170 9330 4508
15922 2059 1336 7555 8478 6854
15923 2573 1609 6024 1075 2466 439 8111 6158 4828 2592 5981 757
15924 703 3369 10134 4770 5562
15925 4877 3711 902 1692 3060
15926 1323 4250 3184 805 4591 6202 2218
15927 6974 1965 6108 312 3602 4545 1776 1752 384 4337 4375 3802 944 4651
15928 127 9522 10028 9971 6833 6496 1383
15929 3014 10040 2710 4643 2647 766 9962 2176 7134 5256 7227 1890 7277 3790 6877 1809 3049 5773 8208
15930 2071 4736 4737 2613 3108 3079 1098 980
15931 1404 968 8242 6956 1776 1950 805 229 697
15932 1234 1960 1350 4542 4591
15933 5739 2396 560 4153 2267 5782 6555
15934 1721 206 544 5981 5594 1565 1646
15935 186 5461 563 2973 2974 5277 7105 5074 5454
15936 388 479 1077 390 6069
15937 720 262 2493 7900 886
15938 1614 5632 2325 2049 2730
15939 267 7652 2868 5213 4344
15940 4798 253 5029 8241 6965 6193 3084 604 5164 814
15941 2733 6350 5503 10103 3845
15942 10029 7133 6392 1786 9321 9441 4065
15943 4697 739 3082 6348 7090 6783 1597 6526 1607 8138 9008 1425 312 6257 6514 2273 5246 1624 9336
15944 3228 7052 542 8427 4331
15945 314 351 9472 6764 1394 109 5843 315 1866 7877 3298 238 6289 1202 9073 373 1291 1292 3217 1387 3775 2368 53 1388 1223 642 3591 396 1454 2044 367 5534 9042 1462 8105 7946 851 1224 8670 4160
15946 7116 3562 7292 1071 2319 3824 7005
15947 2104 9123 6419 437 10058 7212
15948 2399 4901 5475 1555 262 2527
15949 7273 959 926 2104 2936 1637
15950 57 8544 5570 1243 121
15951 8759 3803 1645 264 5832 5863
15952 2687 3111 1808 8139 6405 944
15953 7830 5215 7262 8258 3855 3065 8614 4703 5553 7130
15954 3329 4981 1533 793 156 1537 1538 1539 1540 1536 1541
15955 4201 4591 2443 1356 1168 8147 7385 8030
15956 3236 6286 5373 9782 4305 264 9371 4209 1018 8651 3956 3199 3430 1899 7590 3650 4505 2827 6729
15957 3236 1152 10069 1122 791
15958 2636 5098 441 3562 8348 6630 7127 5402 921
15959 9113 944 5679 830 3662
15960 4528 9157 3808 10080 7932
15961 5321 1361 2781 5484 970 1098 7741 2798 4510
15962 1374 1364 733 1137 7083
15963 4129 7238 4568 629 1311 8012
15964 2508 9278 4617 3006 9739 5153 5764 52
15965 4702 5840 9854 8415 9237 2927 8629 2275
15966 2730 3329 1641 1876 2610 5615 6130 5699 4343 8970 1573 675 2192 298 671 7407 4870 4396 3845
15967 4969 5175 9626 9266 2157 9479
15968 3086 1083 1295 1293 2044 6580 4160 3555
15969 1961 5779 1015 4804 3774 791 1225
15970 6167 6649 4019 7592 10073
15971 7575 8471 4350 6011 1920 8330 4729
15972 6293 8722 9450 3894 7624 1950
15973 3700 62 1210 439 3006 9409 723 7036 10150
15974 7715 8400 2535 6683 3294
15975 6232 5128 3938 1365 967 4119 8316 4529 1104 1106
15976 373 2605 5104 242 3228
15977 6625 2352 1387 39 2313 5134
15978 7887 5770 9992 1156 7215 358 8290
15979 6192 7701 4657 6452 9549 219
15980 3165 9672 3749 4820 2900 1090 1816 2411 7002
15981 6704 1228 713 4144 526
15982 6861 3509 134 4925 581
15983 7585 6278 2338 1964 5442 965 1019 939 856 1103
15984 719 4905 9320 2998 3955 5327 2547 234
15985 1714 1205 6547 5528 8437
15986 9783 1308 2543 7778 4029
15987 1660 682 1339 1555 2709 912 4 2948
15988 6146 7658 4400 8493 8215 4762 1225
15989 1952 439 1380 2460 9511 3742 2879 3133 5470
15990 831 2398 4799 9186 4872
15991 4306 5492 850 3409 1777 7238 3723 962 2429 3942 7570 689 3254 3421 939 2285 1106 4656
15992 6792 8542 9455 9411 4472
15993 3263 8712 1886 4580 2615 8002 3026 3169 2576 1359 7510 2751 4075
15994 3432 1853 9356 5247 384 3151 2932 2345 9695 10106 8977
15995 6618 5563 2984 9959 9630
15996 7032 8533 4544 545 471
15997 3020 4208 962 3600 691 563 1030 6637
15998 5033 97 10151 7892 2366
15999 1587 9490 1913 1914 4993 9853 9948 7404 2645 5377 2001 8634 3354 2333
16000 1543 2907 7550 6138 4529 2690
16001 393 6 1868 1622 791
16002 5974 2013 9155 3155 5668
16003 6559 1329 388 2614 3843
16004 6155 5061 5220 1271 1628 1385 848 1050 2089 6772 1833
16005 471 1776 4012 4817 581
16006 2820 3112 38 1224 3319 5155 1696 9001
16007 5 929 6847 264 2505
16008 601 1271 6469 965 2557 4439
16009 174 241 323 9040 310
16010 134 2206 3047 1911 3782 85 1168 4221 9344 9416 6982 911 8053 9457 9603
16011 1418 7750 1179 7868 6898 1269 7461
16012 3452 641 2869 81 3751 1726 2139 2056
16013 5390 6257 6659 596 4203
16014 1587 1253 174 1254 1255 1499
16015 5580 241 9395 7862 757 4832 593
16016 4236 2506 8625 801 8051
16017 262 2533 441 3160 9462
16018 7582 2446 5948 7588 7756
16019 3766 2466 6652 588 1457 2558 2352 8388
16020 4129 9423 523 3082 3411 2717 8134 133 1683 3467 1470 1075 848 1225 373 1904
16021 2331 9933 4901 2266 109 5492
16022 2345 4061 5986 1331 2622 3763
16023 1647 418 4859 1872 9458 1743
16024 5827 2623 3252 6878 7853 4202
16025 9378 203 1725 1665 7352 9809 3863 6538 7516 4450 4804 5341 158
16026 4271 3552 2357 5803 1266 3685
16027 384 262 720 642 1298
16028 5728 1554 2065 7719 261
16029 1635 7654 380 4396 134 4234
16030 5976 9349 902 387 1211 5096 5365 8313
16031 9345 7005 817 4273 1555
16032 2149 4769 2565 724 2036
16033 373 214 1423 4662 2795 5587 2980 2806 5391 1278
16034 453 9237 2019 6232 1486 869 2348 3230 3276 2070
16035 559 2704 2524 7729 832 134
16036 8167 2552 1118 4249 8567 1631 6646
16037 8482 4996 1003 406 6759
16038 281 8922 1018 1977 4665 3246 3464
16039 393 1647 476 1 6231 2491 6289 4266 609 9400 5919 10148 3992 884 5395
16040 2705 6737 3763 1695 9401
16041 1612 9231 884 5236 883
16042 9539 10096 3214 46 2812 1168 482 8927 4053 4600 2025 1136
16043 1457 5731 7044 663 8866
16044 2527 3230 9644 3927 2393 312 7584 373 361 2415 1608 1555 9755 2070 1842
16045 3628 7303 8925 673 9334
16046 5247 2380 5368 4172 293 6176
16047 390 392 229 875 3294
16048 1225 3458 3594 5929 3597 2888 683 6888 940 1356 4133 732 5501 272 264 2050
16049 6787 3333 5380 1616 7829 5093 727 540 289 531 1457 934 65 1357 973
16050 1614 1608 409 3300 6655 4902 7264 4396 8158 3526
16051 6978 3683 6698 2215 4197 2079 6199 2835 612 4366
16052 7717 4707 2143 1376 3590 3974
16053 1479 838 4859 527 736
16054 4583 307 3837 8686 8830 6653 5024
16055 5773 7496 6507 3050 4824
16056 1912 3288 9478 6450 2025 1968 10151 4436 359 9360 1781 3662 5869 4722 59 4544 6318 4109 3911 3003 1683 488 4418 1834 7611 7015 5673 5151 9725 788
16057 6364 94 1255 8254 1254 1253 1561 2663 3665 1815 994 325 7003 7611 8607 4596 56 3452 822 1507 4610 8920 2926 2640 6305 4369 9936 9752 4611 6660 6462 1911
16058 2345 9602 3604 22 2849 1973
16059 436 2250 793 9432 2918 660 1550 393
16060 441 5993 4043 3183 1841
16061 5027 673 5806 6865 8767
16062 3986 4492 3224 2047 721 1840 2442 1472
16063 6773 9997 787 3331 8667 6108 2277 6022 3141 2987 3684 10150
16064 178 8315 2157 8018 3858
16065 6344 1604 406 9248 9502 442
16066 3584 8739 3748 5111 10119
16067 4149 380 2830 217 1282
16068 3338 3661 5436 8754 3356
16069 2368 9102 2311 319 391 4929
16070 6495 4247 4419 8530 642
16071 5705 3474 1308 1565 4149 2543 10116
16072 2071 1364 976 939 3109 5248 982
16073 628 1816 684 6037 5003 507 3969 8021 7937 2786 851 2431
16074 242 10010 1254 1255 1825 1510 1511 203 3980 1024
16075 393 3614 7557 6730 3304 4808 1775
16076 5162 2608 4545 4536 264 616 71 6318 1726 4238 865 38 2844 3532 3675
16077 373 932 3492 6526 4360 1308 9206
16078 3669 3414 9450 3082 540 1630 4170 730 6629 2702 934 972 6116 1427 4174 152 987
16079 2201 3747 1646 2868 8807 2653 25 5668 4144 1866 2178 8611
16080 113 5056 436 388 390
16081 7328 6847 944 925 1092 2191 3417 171 6395 4978 7861 526 5180 7298 371 5248
16082 3362 9792 4363 8583 5514 3392 4677
16083 1143 5501 4083 8401 6280
16084 5637 5638 1034 929 7581
16085 2663 2307 4245 1044 9815 4596
16086 4797 821 8580 1854 3985 6566 4241 1009 6265
16087 1253 2206 2382 1772 242
16088 606 5729 1511 1196 6255 2438 1320 3092 2803 8679
16089 4663 6313 7928 997 2026
16090 3173 1385 6581 3178 4089
16091 189 2296 5511 9399 2093 939 2798
16092 6905 18 7094 1609 1857 1981 3457
16093 97 1335 8721 495 9265
16094 2780 1892 9910 9418 5691 2049 4126 8827 439 5 3226
16095 1542 4533 1276 4344 8637
16096 8134 1301 3960 1600 10012 352
16097 180 415 147 9525 218
16098 6939 174 2737 380 1974
16099 1223 6084 1387 1745 3563 1389
16100 3266 7865 5836 900 9448 8073 9200 4735 6772 9188 6478 963 2355 5390 6859 5134 52 2742 8816
16101 2071 5493 1096 689 7263 7936 2806 1429 5131 172
16102 1556 7687 9765 6411 499 7029 4567 1371 2227 3620
16103 4569 2266 3689 4280 5840 9816 6302 8009 6462
16104 2575 4727 2213 4985 4282 3105 1497 3627 8336 2697 10125 5713
16105 2814 2302 2419 1932 2925
16106 6108 2944 4951 910 1165 1166 8336 9897 5827
16107 6687 3982 8191 865 4088 8165 3895
16108 3684 8331 339 593 1006
16109 341 1647 1779 7873 7227 8339
16110 413 5659 2191 6322 4383 4962 173
16111 7967 1815 404 3801 3740 4822 1490 4638
16112 5702 6753 2690 477 1074
16113 8006 2812 2730 6435 4646
16114 6847 6150 7340 1417 83 95 4152 8779
16115 1816 4777 7353 7158 21 6592 1708 673 9172 7418 1274
16116 3077 4464 6518 4119 5459 1357
16117 4669 4479 4782 3310 3408 2422
16118 1573 8515 477 3646 4344
16119 131 3087 38 3208 757 4849 3905 8587 1746 884 1858
16120 3236 831 7003 7953 3624
16121 1868 1594 2745 508 5317 3370 2960 8910 8264 643 1942
16122 828 2869 4597 1323 2215
16123 3933 1493 7126 8257 10152 1962 848
16124 7388 2134 1274 7162 2742
16125 1993 4156 9303 5628 863
16126 8289 6950 1721 2304 625 902 1543 1690 1252 2608 4545 8967 2341 3126 2810 1559 2336 1393
16127 1914 5120 6934 3690 3093
16128 1087 2101 924 6 2795 8013 979 5998
16129 1283 2812 4479 3217 6764 217
16130 1196 6753 237 1971 3003 4375
16131 93 524 1902 5432 7117 3669 6480
16132 7117 9041 1424 7189 4386 734 5388
16133 3331 1202 2953 1339 1752 97 4811 8001
16134 944 7759 7091 9343 3062 3056 3785 1259 10142
16135 7577 4297 6256 4994 5204 7138
16136 10135 5721 2824 2476 1988 3373 1107
16137 30 1154 4798 694 7186
16138 3881 5233 5400 1916 4335 1690 3505 3506 1253 711 4877 5789 3365 9461 4678
16139 4430 217 3329 7336 253 3599 393 1951
16140 5735 15 6 1225 1427
16141 174 2430 2487 5308 2376
16142 3338 3233 1024 1780 404
16143 8362 1455 6116 1054 110 6566 2518 5993 3221 5487
16144 10052 1565 5184 5441 3482 1323 4212
16145 575 6073 2526 2226 3506 1253 715
16146 6213 5822 3672 4948 2525 5445 2614 1106
16147 371 923 901 4902 2587 7909 6380 2604 634 9399 167 6566 2516 3512 4745 6533 333 6718 1851 971 969 2439 9054 6519 975 5368 6522 6521 4757 2902 6524 3170 6986 4746 3110 1637 9533 3514 978
16148 5003 2493 6755 10040 1029 3869 314 1094 1777
16149 3547 1867 7776 7983 3508 3805
16150 4112 4520 9593 2607 7733 3933 4236
16151 6179 9720 3180 788 8165 384 1075 9902 2674
16152 6557 9263 2864 8046 5782 9039 1864
16153 367 4323 1974 298 9994
16154 426 4816 402 427 9210
16155 3111 1726 851 715 6222 597 363 6506 865 10021 4526 2966 4901 2720 3084 4834 8241
16156 1172 262 906 3230 3228 2771
16157 2334 7163 6226 2438 233 6648
16158 6144 8865 96 109 477 134
16159 7274 6869 8015 1587 5335
16160 2895 7581 1187 791 272 9547 1269
16161 1663 8111 253 1401 2545
16162 6179 435 9308 3207 2905
16163 625 9760 1079 4571 9108 2748 9246 9364 9484 2232 6247 6571 495 9569 2598 1726
16164 3111 5242 6887 6951 7667 88 6770 1119 2878 1545
16165 5253 4942 90 1603 420 413
16166 2298 3562 1332 4033 9755 2352
16167 596 5270 1439 8332 6573
16168 1085 1981 1158 5406 2543 229 833 560 1407 363 1455 4153 196 1061
16169 64 9556 9657 3311 1273
16170 6593 3498 9342 545 9169 9403
16171 2852 7517 2558 2899 2897
16172 1861 6205 1330 6566 8875
16173 601 337 2550 384 471 9001
16174 1249 262 6640 580 6178 4417 9452 720 2848 4838 5521 757 1524
16175 2543 1017 4 439 834
16176 672 6191 5261 4028 4972 2853 661 3614
16177 1529 8401 3138 7238 2600 65 10088 6525 5269 1638
16178 1914 3287 1168 5092 4094 6717 7515 3373 5681 9961 9072 1192 9457 2715
16179 6618 8917 1547 1360 8696 1708 653 8044
16180 576 5954 10149 2843 1271 264
16181 2267 9532 2771 7139 4422 2272 8560 3907 9717
16182 1552 5385 4555 2538 813
16183 7122 4781 1091 3549 2896 642 1384 882
16184 9615 5196 4796 3118 1204 9244
16185 8343 850 60 4197 6581
16186 2890 1619 7182 5090 1096 914 536 2380 4855 3114 171 4512 1106
16187 8344 2503 463 134 766
16188 205 5015 4312 7952 7218 715 2589 127 6075 4828
16189 262 2036 1706 9157 7320
16190 3436 3365 8308 8506 7169 424 1873
16191 8387 577 6463 468 6029 1800 4714 6990 8113
16192 8504 714 3541 3362 1350 2991 6032 1796
16193 678 892 304 330 109
16194 2545 5027 1238 265 4645
16195 6120 138 2762 6864 3000 2462 4789 755 3908 6630
16196 2325 7719 1872 3922 6167 2767 6787 1811 5236 2998 9307 9605 6447 590 3086 1292 4272 8670 1342 3804 334 2818 5331 9806
16197 9151 4306 6190 4014 3668
16198 2879 7440 1493 8544 2477
16199 1825 2325 3171 6 3669 8120 527 2429 5897 5443 1427 7333 981
16200 2883 272 7208 6184 530 847 318 4682
16201 1016 2208 1649 6778 7470
16202 846 97 9941 1026 130
16203 2161 1196 6879 9946 5829 9479
16204 7509 2384 4217 5163 4309
16205 8480 9420 10040 2897 7504
16206 130 1163 2683 521 1779 1891 1848 1862 6430 1451
16207 965 1620 3600 1156 6239 1429 1101 1105 8017 9220
16208 5691 565 6806 8967 1051
16209 3626 545 7319 9157 9156 6467
16210 5818 9270 8991 9555 2754 3343
16211 7575 1717 4492 7423 2182 1404 8330 9106 1726
16212 9617 7691 5412 96 7519
16213 83 2602 3271 9248 1939 3715
16214 3770 471 6 9566 3517
16215 2366 3449 3246 2493 2376
16216 3492 837 2198 3579 4540
16217 6504 1914 2406 5602 113
16218 810 3429 642 7330 4403 9752
16219 903 6254 407 6496 1155
16220 988 2658 1205 7298 2771 442 3053
16221 7849 4109 4108 2690 1377
16222 197 4591 3059 1799 3338
16223 368 1127 385 8998 2527 2737
16224 8290 9792 2870 3737 1930 3127 4254 2164 581 6131
16225 8405 110 4414 3761 2886 8665 3969 723 3494
16226 4796 8731 134 673 2161
16227 823 713 7813 7322 1700 426
16228 728 847 1381 7834 3974
16229 373 109 5597 1300 4009 1968 1427 6758 4792 715 1948 3176 8156 1464 5923 237 2255
16230 247 4223 7670 373 599 8682 3068 90
16231 1094 1568 5651 3740 6263 393
16232 5252 388 1769 348 2278
16233 5600 9633 373 1018 2818
16234 5120 8348 1490 90 9434 2253 371 804 704 2218 5761 2215 6787
16235 7577 8231 3021 9328 312 7712 3243 1709
16236 1409 8335 8522 7374 3801 5048 682 5968
16237 1903 262 134 673 1672
16238 1241 1823 424 944 6609 9370 7638 7510 4215 2766 1647 8969 289 7263
16239 3711 606 5747 6441 544
16240 1705 7795 6270 4699 6057
16241 1886 4771 5651 200 3620 2769 2335 6013
16242 2049 4947 10149 7561 1225 9614
16243 3984 3460 3274 9047 455 3205 7881 736 4219 2846 9807 2564
16244 3273 2641 2637 2602 3378 439
16245 523 524 4117 4960 7121
16246 1343 4869 129 393 2376 2044 9042 6681 5960
16247 3660 6873 794 273 6169
16248 3335 6464 2399 2143 387
16249 3605 1271 3868 7388 8935 8816 9642
16250 5610 4460 4177 6202 3059 6932 2215 3764
16251 8976 3367 6124 4428 869
16252 7231 2207 4279 3634 2941
16253 6465 1639 8547 6947 1797 5040 10043 1833 5538 8514 2771 6319 6748 4006
16254 399 3780 3324 2663 2049 8919 8612 1186 1085
16255 7876 5993 9169 5534 4427 42 671
16256 5394 390 253 10082 3474 1069 9127
16257 63 5569 1274 2820 2097
16258 6395 6300 1637 1225 5310 981
16259 2623 3068 5122 7983 6611 3050 2395 5472
16260 2372 393 1455 1457 3668 1898 8040 7885 975
16261 2426 5987 5616 1955 5084 109
16262 8965 4122 2928 9246 9345 5210 3991 1584 4009 6276 5484 233 6426 4556 4560 2221 5396 8089 2711 7498 5325 7423 1773
16263 3489 3799 8235 5976 7140 8869 5867
16264 9205 109 108 2833 312 130 1126 1890 7999 8905 3925 5621 2263 9089 4558 8924 6350 2082 6241 4075 7215 634 4431 7158 658 6338 1332
16265 9929 1713 3642 1291 5860 9973
16266 4987 1728 8379 5246 1882
16267 1881 3964 2503 134 3178
16268 6411 5498 4093 3065 1705
16269 721 2270 4858 368 8060 2690
16270 6995 624 5052 5988 134
16271 824 618 7841 98 2114 343 3872 4082 8361 9832 8422 6847 2337 573
16272 5662 4627 2900 5563 3245
16273 3978 3975 5985 3255 7483
16274 1662 6786 8984 2799 175
16275 994 9846 2480 1908 1403
16276 1821 8204 2715 6660 3050 3478 7070
16277 8823 4260 9540 4116 1743 10087 6079 8497 6417 5792
16278 1886 2157 1755 3553 1791
16279 18 9370 3880 6765 8100 470 663 3594 2219 9715 2829 6782 5574 4583 1163 3756 2580 2323
16280 7465 1893 5706 3162 3854 5605 112
16281 3251 114 9399 905 9571 8952 4169 395 8014 3673 296
16282 7858 2336 4338 708 6402 3271 5436 5515 2139 9854
16283 3544 647 917 851 9125
16284 5137 8276 1034 5817 1225
16285 7760 5027 376 895 2528
16286 9219 5158 5240 9770 748 5972 7723 7601
16287 286 2937 8577 2092 5791 8014 291 1634 5345 1426 6563 5466
16288 3188 4942 7599 6976 1421 340
16289 1024 75 5856 10147 1825 6940 5604 2503 1271 1777 4958 3999 7120 3228 2774 262 254 1631 731 5098 1357 439 152 7083 5061 1878 173
16290 463 1939 1788 5041 3474 3213 2543 580 7954 878 8102 391 9742 1529 1836
16291 5033 2608 8164 1462 5200 8406 264
16292 7758 3410 4654 171 5224 735 5030 293
16293 8704 7639 3251 7232 2065 9941 9724 7607 2868 6814 2218 121 166 792 126 10148 9871 5387 7719 5308 10069 7306 4691 6259 7104 6785 3673 973 8087 4237 856 6666
16294 119 8865 1675 4548 8467 3987
16295 2074 9617 5857 9552 7092 9776
16296 343 8651 6077 2776 599 7053 2967
16297 1647 9046 337 5222 5444 3468 149 4164 4510
16298 2130 6375 4228 8855 9491
16299 342 8502 1435 4398 1410 28 2218 2261 6748
16300 3670 6141 914 4119 6519 1021 987
16301 604 6593 4014 5339 8122 9966 9839 55 793
16302 8248 1354 8626 648 1075
16303 174 1479 4929 6552 4420 3006
16304 10108 5237 7008 5700 6687 540 2198 110 1759 3252 148 3544 2307 318
16305 10100 601 6186 9250 59 5932 3599 9742 732 1327
16306 4217 2302 113 1923 723
16307 7901 1170 2493 1446 43 3311
16308 7201 1473 3828 7079 7712
16309 52 8888 6325 1031 9931
16310 1179 8473 6213 298 1850 4811 1096 5869 9050
16311 3858 2487 4834 3084 9213 9665
16312 2822 2944 2832 1913 753
16313 1213 437 8704 134 9927 5947
16314 5909 4682 10034 820 4419
16315 8380 2267 3268 3049 4209 623 8428 6158 4638
16316 1460 7753 6374 439 6256 1271 4300 349 1745 424 10082
16317 673 2651 6174 8637 2545 1382 9954
16318 1208 1713 178 2135 18 1149 353 3619 289 65 934 7263 5447 2362 937 1638 294 7121 7091 2311 8884 1432 8885 4175
16319 7308 97 7032 6368 7332 836 3082 6381 7240 967 4170 1096 6398 2806 7183 172 1106
16320 8056 3780 1311 7139 9795 9535 6559 4094
16321 918 5582 8381 6588 3835 9348
16322 3702 872 7623 7048 8482 4330 3895 2393 8893
16323 3738 8801 5716 7853 9517 9561
16324 4578 1656 9043 9509 9333
16325 111 4487 5789 9680 5254
16326 643 3274 6630 9295 6924 384
16327 59 4042 52 757 575
16328 7069 7612 2497 4338 3662 393 3230 329 9476
16329 2378 6824 5948 3671 1937 4555 3101 521 4218
16330 6124 1392 9575 2955 5840 429
16331 1587 3324 90 4672 4194
16332 9018 3205 1590 4412 8889
16333 3206 8386 3015 7470 750
16334 3148 6812 21 134 4497
16335 97 3726 1271 2313 2385 66
16336 7388 384 2533 6655 7728
16337 8669 5191 1384 1170 9852 5600
16338 5722 5565 5950 8447 7994 2122 4529
16339 3399 5976 1868 10061 6120
16340 2961 3787 5437 3299 8706 2622 3391 4877 5169 5280
16341 5319 4328 10022 8656 8255 1883 7074 2086 3618
16342 1784 5110 3569 2154 4206 257 2783 5570
16343 1776 3184 4591 2218 6991 9656
16344 4770 1876 3337 1641 8350
16345 9829 4328 1994 2851 570 1369 4524 2398 4994 3448 5331 2468 739 429 7189
16346 3887 6309 234 1759 5668
16347 2770 7879 4410 8212 262 882 7033 6098 449
16348 7841 5986 2338 9226 106 1700 1228
16349 253 2159 1382 2773 264 2843
16350 1075 8648 1071 9847 4456 5024
16351 1500 683 328 660 8061 674
16352 1531 5143 707 940 2297 2421 7238
16353 3976 7443 1524 8410 4804 158
16354 720 393 9507 1766 5298 10013 5676
16355 2868 1858 673 134 3650
16356 1148 4780 1354 3608 3785 804 3103 1692 1543 941 271
16357 7674 4965 5118 4359 8907 7455 2059 3357 5193 3354 2602 8706 4467 7628 7058 632 5890 9956 4338 2176 9863 2968 2331 5840 5834 9308 3115 5323 10143 3351 94 3389 2727 7490 3324 8484 1764 2041 2110 881 7886 7367 7170 8273 7683 2584 633 3158 5964 3492 7431 7454 1485 3092 8284 2858 1726 8124 281 6316 5237 8771 8624 2301 187 4725 10146 4626 4331 9015 3139 1051 4953 1859 1129 81 3983 9558 6774 9780 8208 4587 7370 3786 9003
16358 3255 226 4623 1384 3584
16359 2560 4863 1886 4028 7394 30 5764 32
16360 1720 2612 6 4732 6503 1225 7189 1427
16361 5468 713 7295 3129 1842
16362 255 1308 3138 1937 4663
16363 2071 291 2026 4737 5587 133 9842 8896
16364 304 1455 6052 1817 5936
16365 545 2815 10064 5601 3624
16366 7720 5920 9068 3969 5289 1356 1294
16367 5693 5308 2380 3108 1637 856 1103 1431
16368 3412 7182 8029 2809 2358
16369 1846 2143 5 4505 1870 6496 2827
16370 1913 6037 4388 2718 7177 1079 1036 8330 4087 7461 3862 4557 2580
16371 1018 7232 2882 5432 2864 846 4951 2513 8322 8426 2866 1299 1628 165 1943 894 1634 2915 2103 3123 3033 852 5445 1426 6182 140 9010 1030 3425
16372 396 40 38 1223 5217 1292 6447 1291
16373 945 298 7895 3899 4811
16374 6291 63 7025 2391 123 7392 7725 9243
16375 2597 6620 5511 6788 89 7870 4387 7017 538
16376 1798 3016 3692 6162 8346
16377 8827 6472 1448 6282 9984 1075
16378 5347 8740 4369 2472 7854 1916 5171 9301 7003 3784 6630 6608 8321
16379 262 7107 2774 6255 3139 5649
16380 5512 286 1568 1364 1430 6636
16381 604 3411 1026 1683 2459
16382 6600 7577 9082 1282 2027 9757 3605 9955 273
16383 956 1133 7985 2417 616
16384 4043 1623 3549 407 1862 6259 704 1679 780
16385 5073 6257 593 1466 2028 263
16386 4119 1238 5649 8761 241
16387 309 2413 388 8750 5685 1404 2818 6970
16388 4224 7990 8422 3444 5729 5170 5283
16389 8495 3690 2503 5021 6338 5023
16390 4876 789 80 4214 10123
16391 9837 8382 4925 6908 5277 1583
16392 1744 4609 7782 8207 6014 9937
16393 7672 7524 2112 6352 4951 5612 1992 1323 2749 4616 6253 4132 3993 9328
16394 9513 237 10051 6860 6551 9468 1308 1157 1196 1667 2095 9899 8729 723
16395 4384 1090 689 133 3079 937 7183 3423
16396 439 3053 5600 2430 5512
16397 8201 558 3338 902 625 6269 57 1940
16398 2460 1057 558 5839 2061
16399 6240 900 609 5978 8005 3569 229 5033 1866 6871 3775 1449
16400 8245 7351 6622 8488 5237 3383 4154 1162 8339 9604 10025 6345 4506
16401 6124 846 5659 8213 171
16402 527 411 1329 1892 3118
16403 8676 6415 105 2369 6365
16404 6764 2852 187 919 5327 9798
16405 2812 8372 8767 3844 9413 4644 1471 1643 5782
16406 5964 2950 9789 8428 3246
16407 2414 7360 2757 6488 3029 2193
16408 764 4216 9545 3778 6224 9963
16409 2695 2244 1843 7872 10096
16410 4044 254 1461 1877 4880 9350 521 1852 1898
16411 9228 9892 362 4427 727
16412 8302 228 1784 3133 569 715 4877 6775 8554 8953 9426 4204 1172 9614 4601 323 1195 681 3148 5624
16413 3268 6884 4387 9709 8825 314
16414 8733 7278 3206 9325 5259 2307 671
16415 6004 2388 601 3784 4780
16416 754 8187 2312 1233 3207 2168 3084
16417 9712 9460 7422 9903 1287
16418 2617 6344 9836 7910 7094
16419 4483 706 4685 8289 5155 728
16420 6974 5891 2398 57 3986 4492 52 6625 2060 9781 3989 2653 581 1223 1755 7292 5622
16421 7261 2065 5366 2185 8916 1679 4418 2573 4312 236 2089 9365
16422 450 9925 3440 7989 1736
16423 9727 7194 7594 3999 8817 6594 7384 8633 5794 386
16424 757 4 3308 1875 2503 8501 9621 4555 3895 15 7556 6496 4305 2557 1270 3178
16425 95 4650 2503 9343 5364
16426 6621 658 2319 2912 1274 8232 1317 2597 1345 9251 9503 8599 1092 7119 1669
16427 4117 1773 2071 9079 1429 1106
16428 167 1043 8980 318 6199 2677 2931 6698 1916 3265
16429 1274 2365 4613 2505 4
16430 5666 8016 8999 630 5942 9851 242
16431 4414 2971 4282 3379 1543 4765 1253 2182 3652 3628 7130 2398
16432 9655 5539 3343 6507 231 5
16433 5679 3344 713 3945 4686 10044
16434 1448 7765 720 114 3895 1270
16435 9097 4395 2890 1601 2852 728 134 7911 2528
16436 1416 3626 2971 9801 337 9486 1589
16437 9999 7981 8219 1882 1508
16438 400 6882 10061 4569 3777 7916 3382 9916 7921
16439 9286 4809 9603 9899 4489
16440 9063 3017 1522 900 5556 2115
16441 7492 4728 9581 4780 9450 9745 6825 5112 3136
16442 3786 456 4954 4366 4675
16443 2527 8360 6822 1974 4430
16444 29 1051 1528 8193 1259
16445 5047 1993 1421 9279 6588 4419 1718 5395 8252 2896 2439
16446 3220 366 6506 865 1955 5584 5932
16447 2083 7298 241 5863 2248
16448 242 2229 2749 6319 9337 5255
16449 1968 9315 8577 7295 6517 4585 5254 905
16450 6787 2379 4901 8069 387 4455 720 2550 6143 4300 1103
16451 6493 7148 3002 5029 3654
16452 4130 3800 1249 682 4883
16453 374 5373 4597 3234 996 133
16454 473 6109 1299 8313 868 9433
16455 713 2793 1786 254 521 1706 740 588 3192 8551 3308 642 1158 7083
16456 4768 3614 38 3701 1344 1122
16457 4098 2029 4872 4559 6394 5058
16458 6350 213 1587 84 5680 5245 5503 4886 1705 6907 3494 5261 4110 5926 226 304 109 6661 3651
16459 171 972 2806 6544 172
16460 8265 4601 4669 1752 2427 1860 9992 4828
16461 2435 2338 5344 1427 981 4720
16462 3399 399 7066 7921 8639 8736 424 6060
16463 732 7909 1330 870 5661 9215
16464 2705 311 5044 387 531 5321 5917 6449 1888
16465 7673 2383 5038 5472 327 10120
16466 2387 1998 3786 7919 9646 4093 909 2201 704 2820 5779 2515 3092 4911
16467 6139 2325 9852 2948 9637 642
16468 6482 4657 2438 4485 373 1858 6348 5277 8486
16469 439 6259 5604 6534 2545
16470 944 7879 4901 7788 956 1397 1238 1401 314
16471 477 7327 2643 1486 6701 9383 8638
16472 1911 5868 3008 6014 6433 2816 2212
16473 951 1561 1954 7611 6877 6878
16474 3243 908 673 393 4520 2096 384 1159 1171 895 3472 3902 5428
16475 1994 3151 9243 5026 7034 3989 2653 7157 6838 1156 8521
16476 6434 830 3062 869 201 7504 9110 4197 3647 4390
16477 3969 791 6 2660 588 1418
16478 178 754 1775 4902 576
16479 8745 1050 6634 975 5243 5796
16480 6842 2970 714 3730 2527 4337 2647
16481 6408 2789 8342 3346 8308 768 785 8663
16482 4669 1875 8317 8774 6001 3073 2719 659 1253 1683 9817 1122 3973
16483 2175 2179 2181 5059 2178 2180
16484 3404 6302 2274 6108 10154 9906 4822
16485 4459 4998 2506 3496 6641 3472
16486 6027 9167 3338 9491 7134 4062 8341 9292 2205 4703 31 7258 4015 1196 842 450 1561 3352 8206 618 1487 2171 4612 9417 8728 3203
16487 6903 3873 4292 9275 1294
16488 9819 724 725 5716 2643
16489 234 7244 7927 6764 591 2493
16490 1490 904 90 3838 612 8498
16491 1162 2812 5346 4567 31
16492 1354 5511 3978 1855 3403 9468 4518
16493 1639 6393 1890 138 6753
16494 4069 5427 1384 6790 6718 6719 8401 6519 65 8332 4870 6525 4748 5742 2100
16495 1793 2666 5848 3363 3903 9800
16496 899 3026 5340 2384 8190 7979 4009 285 8466 9865 1794 5590 1882 7653 5589 7002 3924 10145 9628 1802 2613 1019 7861 1357 2619 1157 8087 7545 5268 2799 980 171 581 7679
16497 899 1797 8695 3039 682
16498 2143 4517 3820 372 1745
16499 9401 7972 8551 7201 4922 2908
16500 5573 9427 2428 2924 2489
16501 117 3163 606 8121 2839
16502 6839 1371 8615 7984 4057 1218 3834
16503 1074 6412 262 4023 2799
16504 6284 2463 9021 1267 9710
16505 5758 1817 9208 6187 4
16506 9542 2753 9339 7602 4249
16507 7968 1683 8817 1932 2303 9939 222 5406 6753 9610 9405 5603
16508 439 6601 2119 3965 548
16509 9105 9325 3605 2529 4261 926 2420
16510 1941 1448 6282 9625 643
16511 8294 10099 1266 9273 1883 8692 3951
16512 817 10139 1726 8761 2810 6621 4411 9042
16513 4412 5748 4555 2551 2615 1864
16514 2992 1160 4010 1650 3620 85 404 1954 3059 4699
16515 1112 1354 681 6760 5345 6127 8116 2614 159 9864 2537 8283
16516 7895 4266 6464 10137 7711 5073 8642 4183 6072 4522 187 1587 90 7922 1963 408 692 2853 228 4769 2491 8148 5093 3851 2298 7098 886 6355 847 626 7519 7321 7996 9084 3807 5539
16517 5522 4844 3490 35 5716
16518 8491 4070 9583 1499 2302 6295
16519 6210 1024 1168 5925 6992 5554 1776 8811 2206 514 1499 5371 5470 4277 231 8336 8556 5037 494
16520 1990 3460 10080 9915 7254 7783 588 2783 3073 2123 5162
16521 7425 6913 7531 9378 6443
16522 5492 298 410 1170 393 1957
16523 1769 7663 4434 882 2503 8392 3615 217 7823 7244 3980 420 8210 1071 8763 1456 2414 4715 2023 6618 7060 2428
16524 9653 3650 1342 1340 4354 8137 2450
16525 134 4593 1604 4270 4152 329
16526 7172 1170 6139 4439 6889 6414
16527 424 940 6923 434 7433
16528 5128 2525 6161 5212 2796 4383 2284 2614
16529 6 217 8295 1991 2193
16530 5014 5545 7701 2545 8960 2598
16531 376 1238 9201 110 4312
16532 940 8057 3221 8597 646
16533 5498 7497 4580 6673 6495 2464 6913 5187 134 265 1204
