1 1 2 3 4 5 6
2 7 8 9 10 11 12 13 14
3 15 16 17 18 19 20
4 21 22 23 24 25 26 27
5 28 29 30 31 32
6 33 34 35 36 37 38 39 40 41 42 43 44 45 46 47
7 48 49 50 51 52 53
8 54 55 56 46 57
9 58 59 60 61 62 63
10 64 65 66 67 68 69 70 71 72 73 74 75 76 77
11 78 79 80 81 82 83 84
12 85 86 87 88 89
13 90 91 92 93 94 95
14 96 97 98 99 100
15 101 102 103 104 105 106
16 107 108 109 110 111 112
17 113 114 115 116 117
18 118 119 120 121 122 123
19 124 125 126 127 128 129 130
20 131 132 133 134 135
21 136 137 138 139 140
22 141 142 143 144 145 146 147 148 149 150 151 152 153 154 155 156 157
23 158 159 160 161 162
24 163 164 165 166 167 168 169 170 171 172 173
25 174 175 176 177 33 82 178 179
26 180 181 182 183 184 185 186 187
27 188 189 190 191 192
28 193 194 195 196 197 198 199 200 201 202 203 204 205 206
29 207 208 209 210 211 212 213 214 165 215 216 217
30 218 219 220 221 222 223 224 225 226 227 228 229 230 231 232 233 234 235 236 237
31 238 99 1 239 240 241 242 243
32 244 245 246 247 248
33 249 250 251 252 253 254
34 255 256 257 258 259 260 261 262 263 264 265 266 267 268 269 270 271
35 272 273 274 162 275 276
36 277 278 279 280 281 282 283 284 285
37 286 287 288 289 290 291 292 293 294 295
38 296 297 298 299 300 301 302 303
39 304 305 306 307 308
40 309 310 311 312 313 314 315 316
41 317 318 319 320 321 322 323 324 325 326 162 327
42 328 329 330 331 332
43 333 334 335 292 336 337
44 338 339 340 341 301
45 342 62 343 344 345 346 347
46 348 349 166 350 351 352 353
47 354 257 355 356 357 358 359 360 361 362 363 364 365
48 366 367 368 369 370 371 372 373 374 375 376 377 378 379 380
49 381 382 383 384 385 386
50 387 303 388 389 390 391 392 393
51 394 395 396 397 398
52 399 400 401 402 403
53 404 405 406 407 408 409
54 410 411 412 413 414 415 416 417 418 419 420 421 422 423 424 425 426 427
55 428 148 429 430 79 431 432 433 434 435 92 436 437 438 290 439 440 441 442 443
56 444 370 445 446 447 448 449 450 451 128 452 453
57 454 455 456 457 35 458 459 325 460 461 462 463 464
58 465 466 467 468 469 470 471 472 444
59 343 473 474 475 476 477
60 478 479 480 481 482 483 210
61 484 485 486 487 488 489
62 490 491 492 493 494
63 495 496 497 498 499 500 501 502 503 504 505 506 507 508 509 510 511
64 512 513 514 495 515 516 517 518
65 519 520 521 258 522 374 523 143 524 525 526 527
66 528 529 530 531 532 533
67 534 535 536 537 538 539 540 541 542 543 544 545 546 547 548
68 549 550 551 552 553
69 554 555 556 557 558 559
70 560 561 562 563 564 565
71 566 567 568 569 570 309 312
72 534 571 572 573 574
73 575 576 577 578 579
74 580 581 582 583 584 585 586 587 588
75 589 590 591 592 593 594 595
76 448 596 597 598 599 585 600
77 601 602 603 604 605 606 607 608 401 609 167
78 610 611 612 613 614 264 615 616 617 618 619 620 621 622 623
79 624 625 626 627 628 629 423
80 630 631 632 633 634 635 636 637 638 639 640 641 642 643 644
81 645 646 647 648 649
82 650 651 652 653 654 655 210 656 657 658 659 660 661 662 663
83 402 664 665 666 667 668
84 669 308 670 671 672
85 673 674 675 676 677 678 679 680 681 682 683
86 684 301 685 686 687 626 688 689 690 691
87 692 693 694 695 696
88 697 698 699 700 701 702
89 703 704 705 706 707
90 708 709 710 409 711 712 713 714
91 715 716 486 717 718 368 719
92 720 5 721 722 723
93 724 725 726 727 728 729
94 730 731 732 66 69 733 734
95 735 736 737 738 739 349 740
96 741 742 743 744 745
97 746 747 748 749 750
98 751 752 753 754 755 756
99 757 758 759 760 761
100 762 763 81 764 765
101 766 767 768 769 770 771 450 772
102 674 773 147 774 775
103 776 777 400 778 779
104 780 781 782 783 290
105 784 785 786 787 788 789 790 791 792 793
106 290 794 795 796 797 798 799 800 801 802
107 803 804 794 805 318 806 807
108 808 809 810 811 812
109 813 814 815 816 817 818 819 820 821
110 658 240 822 823 824 825
111 81 826 827 828 829 830
112 787 169 529 831 832 833
113 834 835 836 837 838 839
114 840 841 842 843 844 845 846 847
115 848 849 850 851 852 853
116 854 855 374 856 857 858 859
117 394 860 861 862 863 864 865 866 867 868 869
118 870 871 872 873 4 2
119 823 874 875 876 877
120 131 221 878 879 880 881 882 883 247 884 885 886
121 887 888 889 890 891
122 892 481 893 894 895 896
123 166 897 898 899 900 901 902 903 904 417 905
124 906 907 908 909 910 911 912 913 914 915
125 916 917 918 919 920 921 922 923 924 533 925 926
126 927 928 929 930 931 703
127 149 324 932 933 934 935 517 936 937 938 939
128 940 941 942 943 944 262 945 946 20 947 181 948 949 950 82 951 952 953 954 955 956 364 924 957 958 162 959 960 961 962 963
129 964 965 966 967 968
130 969 970 971 972 973 974 975
131 976 977 978 979 889 514 980 981 982 983 984 946 985 505 986 987 988 989 990 991 992 993 994 995 996 997 998 999
132 1000 1001 1002 1003 1004 1005 1006 1007 173 1008 1009 1010 1011 148 404 374 120 1012 402 97 1013 1014 1015 1016 1017 459
133 1018 448 372 1019 1020
134 1021 1022 1023 1024 1025
135 1026 1027 2 1028 1029 1030 1031
136 1032 1033 21 1034 1035 1036 1037 1038
137 1039 20 1040 1041 1042
138 1043 1044 1045 1046 1012
139 1047 1048 1049 715 1050 1051
140 1052 1053 1054 1055 1056
141 437 1057 1058 1059 207 1060 161
142 1061 1062 1063 1064 1065
143 1066 499 500 1067 1068 1069 1070 502 739 1071 1072 1073 708 1074 1075
144 1076 1077 1078 1079 1080 169 292 1081
145 1082 1083 1084 1085 407
146 1086 1087 1088 1089 1090
147 1091 1092 1093 1094 1095 1096 1097 1098 1099 1100 1101 1102 1103 1104 1105 1106 1107 1108 1109
148 1110 203 6 1111 1112 579 1113
149 429 368 80 1114 1115 1116 1117 1118 1119
150 1120 1121 1122 1123 1124 1125 1126
151 1127 1128 1129 1130 1131
152 1132 1133 34 1134 1135 1136 1137
153 1138 1139 1140 1141 1142
154 983 1143 1144 1145 1146 1147 1148
155 1149 1150 1151 1152 1153
156 1154 1155 1156 1157 1158
157 289 1159 1160 1001 408 1161 1162 753 1163
158 1164 1165 1166 1167 1168
159 1169 1170 1171 752 1172
160 468 1012 1173 715 1174
161 1175 1176 1177 1178 1179
162 1180 394 25 1132 709 1181 1182
163 1183 1184 1185 85 1186 1181 150 1187
164 132 762 1188 1189 1190 1191 1192 1193 53 1194 1195 1196 758 1197
165 1198 709 1199 691 1200
166 1201 1202 220 1203 1204
167 326 659 1205 1206 1207
168 248 1208 1209 692 743 1210 1078 1211 693
169 1212 1213 1214 1215 1216
170 1217 1046 1218 1219 1220 1221 1222
171 898 105 1046 1223 1224 1225
172 1226 1227 1228 1229 203 1230
173 1231 1232 1233 983 1234 1235 1236 1237 1071 1238 1239 1240 1241 1242 1243 1244 1245
174 1246 1247 1248 1249 1250
175 1251 1252 1253 1254 117
176 1255 1256 1257 1258 1259
177 1260 1261 1262 81 1263 709 1264 1265
178 1266 1267 807 650 1268 1269 1270 1271 1272 1273 1274 594 1275
179 1276 1277 1278 1279 1280 1281
180 1282 932 1283 1284 1285 1286
181 1287 1288 1289 1290 1291
182 368 1292 1293 1294 367 1295 317 1296 350 1032 394 1297 1298 1086 1299 1300 1301
183 1302 1303 1304 1305 1306
184 1307 1308 1309 1237 946 1310 1311 985 1312 1074 772
185 1313 1314 1315 1316 921 1317
186 1318 1319 1320 729 1036 847
187 1321 1322 1323 1324 371 1325 1326 334 1327 1328 855 1 1329 1330 1331 1332 1333 1334 1335 1336 311 1337 1338 1339 273 1340 1341 785 1342 1343 155 1344 1345 1346 1347 1348
188 1349 148 1253 909 1350
189 1351 1352 1353 309 1354
190 1355 1194 125 1356 1357
191 1358 1359 1360 1361 1362
192 1169 1363 318 1364 1365 1366
193 799 1367 1368 434 1369 1370 1371
194 1372 1373 1374 1375 1376 1377 1378 1379 1380 1381 1382 1383 1384 1385 1386 1387 1388 690 992 594 1389 1390 1391 1392 1253 1393 21 1394 1395 1396 1397 1398 1399 1400 740 1291 1401 1402 1403 1404 1405
195 783 1406 1407 1408 1409 874 938 794 1410 822 1411 1412
196 77 1413 1414 1078 1415 1416 1417 1418 1256
197 1419 1420 1421 1422 1423
198 1424 53 877 792 1396
199 150 1425 1426 1427 1428 1429 1430 904 1431
200 1432 1433 1434 1435 1436 1437 1438 1439 214
201 709 651 1440 1441 1442 1443 1444 1445
202 1446 1447 1448 1449 1450 1451 1452 1453 1454
203 1455 1456 1457 1187 1363
204 79 1458 1459 1460 1461
205 1462 1415 1463 434 1418 1464 162 338 1465 1466 1467 530 717 1468 1469 1470 1471 1472 133 1473 1474 1475 1476 1477 1478 1479 966 553 1480 1481 1482 1483 1484 1485 1486 1487
206 1488 1489 1490 1491 1492 1493 1494 1495
207 1496 318 1497 1498 1499
208 516 1276 1500 1501 1502
209 1503 1504 1505 1506 426 1507 758
210 976 1508 1304 1509 1510 1511 1512 1513 1514 1515 1516 609 1517 1369 266 1518 1519 1520 1521 1388 1522
211 1523 949 1524 1525 1526
212 1527 1528 1529 1530 1531 1532
213 1533 1534 1535 1536 1224
214 1537 1538 1539 1540 1541
215 1462 1542 1543 1544 1330
216 1545 1546 1547 1548 1549 1550 1551
217 1552 374 1553 1554 585
218 1555 1531 1556 1557 1113
219 1558 1331 1559 1560 1561
220 1481 676 1562 1563 1564 353 1565 947 1566 1041 1369 1242 1522 1518 1567 1568 1569 1570 1571 1572 1573 1574 999
221 1575 1576 1577 1578 1579 1580 1387 1312 1581 1522 1075 1582 740
222 290 1583 1584 1585 1586 1587 1588 244 20 1589 1590 1004 1591 1219 81 1592 1593 1594 1595 1060 1596
223 1160 52 159 954 1597 1598
224 1599 1052 428 1600 1601
225 1602 1603 1167 846 292 1604 123 1605 173 1606 1078 1607 1608
226 1609 1610 1611 1612 1613
227 1614 1615 1616 1617 1618
228 236 1619 1620 1621 1622 1623 1624 1625 1626 1627 1628
229 1629 4 1630 1631 1632 1633 1335 1634
230 1180 1635 609 1636 1637 1638 2
231 255 1639 1640 1641 1642 1643 353 1644 1565 1645 1646 1647 364 1648 1649 924 1650 1651 1652 1653
232 1654 1655 1656 1657 1658 1659
233 1660 1661 252 1662 1133 1663 1664
234 1665 804 783 1666 1667 1668 1669 1670 1671
235 1672 1673 1674 1675 1676 1677 1678
236 1679 1523 1680 1681 1682 706 1683 1684 1685 1686 1687 1688
237 1689 1419 1690 1420 1361 1691
238 1692 1693 1694 1695 1696 1697
239 1698 1699 1700 758 1701 1702 1703
240 1704 1705 1706 1707 1523 1708 1709 1710 1711
241 1355 1712 1713 473 1714
242 1715 1716 1717 1718 1719
243 1720 1721 1722 1723 516
244 1724 530 715 1725 1726 1042 1727
245 1728 1729 1730 1731 1732 1733 1734 1089
246 1735 1736 1737 1529 148
247 1738 1739 216 1740 1180 1741
248 1742 343 1743 1744 1745
249 1746 1747 1748 1749 444 1002 1750 1751 1752 1753 1754 1755 1756 1757 1758 880 1759 1760 976 258 1761
250 1762 1763 1764 322 533
251 1765 1766 1767 1768 1769
252 1770 903 1771 1772 421
253 1773 1774 529 1775 1776 823 448 1777 1778 1779
254 1780 1781 1782 1783 21
255 1784 1785 1786 1787 1788 1789 1790 1791
256 48 1792 1793 1794 1795
257 1796 1797 1798 1799 1800 1801
258 684 1802 1803 1804 1805 1806 1807 528 1808 1809 1810
259 1811 1812 1813 1814 89
260 221 1815 1816 1201 1817 1502 227
261 1818 1055 1819 1820 695 1821
262 1822 1823 1824 1825 1826
263 1827 1828 1829 669 1830
264 1831 1832 799 1452 1833 120 1834 793 841 1835 1836
265 862 983 291 537 359
266 1837 1093 1838 1839 1101 1840 1841
267 652 1440 1842 1843 1844 1845 1846 1847 1848 1849 1850
268 187 173 1726 803 1851 1055
269 1852 1853 1854 1855 1856 173 1857 1858
270 1859 1860 1861 1356 1862 1863 1864
271 1865 1866 1867 1868 1869 1870 122 1871 1872
272 1873 1874 1875 1088 1876 1877 659 1878 1879 862 1880 330 537 1881 1882 37 1883 1884 1885 308 820 1886 1887 1888
273 1889 1718 1890 1891 1892 303
274 1893 358 1894 611 1895 1511 504 1896 1897 1898 1899
275 1900 1901 1902 1903 1904 3 4 1798 823 1905 1906 1907 588 1908 1909 1910 1911 1912
276 1913 1914 790 1915 1916
277 1917 1918 1919 291 1920 1921 1922 1923 1924 1925
278 1701 1926 1927 1928 1929 393
279 1930 1931 1932 1933 1934 1935
280 349 1936 1937 1938 1939
281 1033 308 1709 1679 1940
282 519 1941 1079 21 1942 1943 1944
283 1945 131 1756 1946 481 1287 479 1947 519 1948 1949
284 1950 1951 1952 1953 1017
285 1954 1955 1367 86 1592 1801
286 341 1956 1957 1958 1959 1960
287 1961 709 1795 1962 753 1963 1964
288 1965 1966 1872 1967 1968 1969 1025
289 1970 1971 95 684 1224 1972
290 1973 1974 1975 1976 1977 1978 1979
291 698 303 1980 896 1242
292 1981 492 341 1982 1983
293 1984 1985 1986 1987 389
294 1766 1988 1989 1990 1991 1992 1993 1047 1994 1678 1995
295 1996 955 1997 859 1998
296 431 351 1999 938 79 2000 92
297 2001 2002 1531 2003 1055
298 2004 2005 553 2006 2007
299 1767 2008 2009 2010 2011
300 1842 2012 2013 303 2014 388
301 2015 2016 2017 2018 2019
302 421 2020 2021 2022 2023 2024 1180 2025 2026 2027 2028 2029 2030 2031 2032
303 2033 2034 1206 2035 2036 2037
304 2038 2039 1962 2040 2041 2042 2043
305 881 2044 2045 2046 2047 2048 1316 2049
306 2050 2051 1661 2052 2053 1242
307 1599 486 2054 1249 2055 2056 367
308 2057 2058 2059 1362 546
309 2060 2061 2062 2063 2064 2065
310 2066 1802 2067 2068 2069 63 1728 2070
311 2071 159 1599 1800 826 1033 823 2072 2073
312 2074 288 1078 1077 2075
313 2076 2077 2078 1584 2079
314 2080 1420 2081 2082 2083
315 1775 2084 2085 2086 1247 2087 2088 2089 2090 2091
316 2092 2093 1811 2094 2095 1204
317 2096 706 89 308 2097 2098 2099 2100 2101
318 2102 303 2103 2104 2105
319 2106 2107 2108 2109 2110 2111
320 2112 2113 824 2114 2115
321 428 2116 2117 1512 921 2118
322 255 2119 2120 2121 2122 676 2123 2124 1259 262 2125 422 2126 1477 2127 423 360 576 1257 2128 1513 264 758 1316 947 1580 2129 2130 1896 2131 2132 2133 800 2134 1041 1113 2135 691 2136 572 595 2137 578 2138 2139 2140 579 2141 2142 2143 959 2144 2145 2146 2147 2148 2149
323 2150 2151 2152 2153 1679 2154 703
324 2155 1460 1742 2156 2157 2158
325 2159 1052 1321 938 303 781 165 2160 1884 2161 1963
326 1742 666 2162 2163 2164
327 832 2165 670 1726 2166
328 2167 1482 2168 2169 2170 2171 1776 924
329 2172 2173 2174 1286 270
330 2175 2176 2177 264 2178
331 2179 2180 2181 2182 2183
332 2184 2185 2186 2187 2188 2189
333 1301 2190 2191 1701 2192
334 2193 2194 2195 2196 784 130 2197 2198 1599 2199
335 2200 2201 632 2202 2203 2204 2205 2206 2207
336 1542 2208 874 452 1560
337 2209 2210 2211 465 2212 2213
338 2214 2215 2216 2217 1496 1635 2218
339 286 2219 2220 2221 2222 21
340 1796 2223 378 779 666
341 2224 90 2225 2226 2227 2228 2229 1348 84
342 2230 2231 2232 2233 2234
343 2235 2236 2237 2238 2239
344 2240 2241 1133 1371 2242 1370
345 1097 2243 2244 9 2245 1109
346 2246 2247 2248 2249 2250
347 1213 2251 1697 1692 1215
348 674 2252 2253 2254 2255
349 2256 2257 2258 2259 2260 2261 2262 21 2263 2264
350 2265 2266 2267 2268 2269 2270
351 2271 2272 2273 2274 2275 1816 2276 2277 1947 2278
352 2279 2280 2281 349 1375 2282
353 2283 2284 2285 2286 2287 2288 2289
354 2290 2291 2292 2293 726 2294 2295 2296 59 2297 662 2226 2298 2299 2300 2301 2302 1363 2303 1171 1289 2304 2305 2306 2307 2308 443 2309 2310 1807
355 666 1599 2311 2312 2313 608
356 2314 1340 2315 2316 2317 2318
357 2319 2320 367 298 2321 1196 758
358 2322 2323 2324 2325 2326 2327 2328
359 2329 2330 2331 2332 1526 2333
360 2334 488 2335 1718 2336 99 367 2337 2338
361 2339 2340 2158 2341 2342
362 2343 2344 2345 2346 2347
363 2348 440 2248 2349 2350 2351 2352
364 2353 2354 1392 2355 2356 2357
365 2358 2359 1189 2360 2361 2362
366 858 2363 2364 2365 2366 1257 2367
367 2368 2199 2369 928 703 2370 92 2371 2372 2373 1798 1940 2374 2375 2376 1794 2377 2378 2379 2380
368 2381 2382 2383 2384 2385
369 1531 2386 1196 758 2387 2388
370 2389 2390 1257 2391 2392
371 2393 2394 2395 2396 1510 1565 921 2397 2398 2399 958
372 1621 2400 1296 2401 2402
373 2403 2404 27 1253 2405
374 1175 1176 2406 1178 1177 1179
375 2407 2408 2409 2410 893 2411
376 1283 2412 2413 1665 2414 2415 2416
377 2417 2418 2419 2420 2421 2422 2423 465 2424 2425 2426 2427 2428 2429 415 142 812 2044 2430 2431 355 2432 2433 2434 422 360 426 1265 2435 2436
378 2437 2438 2439 2440 2441 2442
379 2443 1415 2444 2445 1718 2446 1464
380 650 2447 2448 2449 2450 2451 2452 2453 1113
381 2165 670 672 2454 2261 2455
382 2456 2457 1808 2458 1534 2459 1599 2324 2460
383 2461 632 2462 1583 2463 2464 2465 1248 2466 1897
384 2467 2468 339 2469 2470 2471
385 2472 2473 1443 2474 2475 345 2476 2477
386 2478 783 935 1560 2479
387 2480 2481 2482 2483 717
388 590 1702 1895 1598 2484
389 2485 2486 2487 2488 2489
390 1406 2490 2491 2492 1576
391 2493 2494 2495 2496 779 1498
392 1433 1718 144 2497 2498
393 2499 2500 2501 2502 2503 1410 85 2504 2505 84 2506 2507 1033 2508 2509 2510 291 2511 442 2512 2513 2514 2515 2516 2517 2518 2519 610 709 2520 2248 2521 2522 972 2523 2524 2068 2525 1588 2526 1726
394 2527 2528 2529 1857 2530 2531
395 2532 2533 2414 2534 2535
396 2536 177 2537 1882 1052 2538 2539 2540 2541 444 2542 1702 2543 2544 2545
397 2546 2547 2548 2549 2318
398 2550 384 2551 2552 2553 2554
399 2543 2408 210 1138 2555 277 2556
400 2557 607 2510 2558 2485
401 1523 2559 2560 2561 2562
402 2563 338 1032 1355 2564 2565
403 2566 2567 2568 2569 2570
404 2571 2572 1197 105 2573 296 2574 670
405 2575 2576 2577 2578 2579
406 2580 2581 2191 2582 2583
407 2221 1330 2584 2585 611
408 2586 2587 368 2361 2588 2589 2590
409 2591 2592 2593 2594 155 2595 2596
410 2597 893 2598 737 2599 2600 2601
411 413 2602 2603 2042 986
412 659 2604 1546 2605 2606
413 2607 1949 303 1709 393
414 2608 2609 2610 2611 2612 2613 2614
415 92 2615 79 783 2616 1287 1246
416 2617 2618 2619 1765 294
417 244 2620 2621 1718 2622 343 2623 2624 2625
418 2626 144 2592 1358 2627 2628
419 1863 1208 2286 1515 1399 2629 2455 2630
420 2631 2632 2633 2634 2635
421 220 2636 2637 2638 1285 2639 2640 2641 2642 2643
422 2644 2645 2104 2646 2647 692 2648
423 10 2649 2650 2651 2652
424 2095 2653 2654 2655 2656 2657 2658 2659 1745 1716 2660 98 2661 385 295 2662 2663 2664 2665 2666 1639 2667 2668 1448 2669 2670 2671 2672 1048 2673 2674 381 2675 2676 2677
425 2678 2679 2680 2681 2682 2683 2684 2685 2686 2687
426 2688 2689 2690 2691 2692 2693 2694
427 2695 2696 2697 2698 2699
428 2700 2701 2702 2703 2704 2705
429 2706 2707 2708 21 2709 773 2710 2711 2712 934 2713
430 2714 2715 2716 2717 2710
431 1026 2718 2538 562 2540 560 2719
432 2720 2721 2722 2723 2194 105
433 2724 2725 2726 2727 2707
434 341 2728 2729 2730 2731 2732 1736
435 2223 86 2469 2733 2734
436 224 177 2735 2736 2737 2738 673 2431 2739 2740 2741 2742 2743 2744 2430 2745 2746 181 2747 1516 2748 2749 2750 26 2751 2752 2753 1572 2754 2755 2756
437 2757 2758 2759 2760 2761 2762 2763 2764
438 2765 2766 785 1342 2767
439 395 2768 315 2769 2770 2771 2772
440 2773 2774 2775 2776 2562 2777
441 1606 2778 2779 2780 2781 2782 2783 1078 1057 666 2784
442 2785 2786 2787 2788 2789 2790 2791 2792 350 2793 2794 2675
443 1284 788 2795 2796 2797
444 2798 2799 2800 2801 1262 2802
445 2803 2804 1079 832 951 2805 318 2806
446 932 2807 2808 2809 865 2810
447 2811 2812 993 912 2813
448 1188 2615 2814 2616 1803 36
449 1884 2308 2225 214 2815 2816 2817 2818
450 2819 2820 1534 2821 2115 2822 2229 2823
451 1198 221 1201 1946 491 2275 1203
452 2824 2825 2826 2827 2828 2704 2829 2705
453 92 2830 2831 2832 1368
454 2833 2296 1826 59 2834 2835 2300
455 2836 1023 2837 2838 2839
456 2840 2841 2842 2843 2844 2845 2846
457 428 2368 2847 2848 2849 803 2850 2851 2815
458 2852 2853 2854 2855 2856 2384 2857
459 2858 1133 34 287 1414 2518
460 1661 1330 2859 2860 2861 2802
461 1766 2862 481 2863 2864 2865 2866 2867 2868 2869 105 2870 2745 2871 2872 2873 2874 955 1866 2875 2876 1243 2877 2878 284 2879 2880 2881 1204 2882
462 752 2883 1335 2248 2884 2885
463 2886 92 2887 127 893 2888 1538 2889 2890 2891 2892
464 2893 2800 2894 2895 2896 2897
465 2898 2351 2352 2899 2900
466 2901 2902 2903 2904 714 2535 2905
467 1201 1285 428 2906 879 2907 2908 2503 1276 2909
468 705 1033 1708 703 1940
469 1466 125 652 1677 2910
470 1439 2911 2912 2913 2914 2915
471 715 2916 20 2917 2918
472 2919 2482 2920 2921 2922
473 2923 800 2924 2398 2925 2926 2927 2581 2928
474 2929 531 2930 2931 400 2932
475 664 287 2359 2933 2934
476 2935 2936 2937 2938 2939
477 2458 2940 2941 2942 326
478 1176 2279 2943 2944 1561
479 2945 428 2946 2947 1636 2948 2949
480 1033 2950 2305 2951 799
481 2952 2459 2953 2954 2955 2956 2957 2958 2959 2960 2311 2961 2962 2963 2964 2965 2966 2510 2967 191 2604 2732 2968 2969 1950 1523 2970 2971 1032 2972 2973 2697 2974 2975 2976 2977 2978 2979 2980 2981 331 2982 2983 2984 2985 2986 2987 2988 2989 2990 2991 2992 815 818 2993 2994 2995 2261 2996 2997 2998 2999 2477 1949 3000 3001 3002 3003 3004 3005 1506 3006 3007 3008 819 384 3009 2661 3010 3011 3012 3013 1738 3014 3015 3016 3017 3018 3019 3020 2319 2655 3021 3022 1498 3023 3024 3025 3026 296 3027 2553 3028 3029 3030 2684 3031 1567 21 350 3032 1921 3033 3034 3035 2554
482 3036 303 388 389 390
483 1233 3037 984 2431 3038 3039 3040 3041 3042 3043
484 3044 3045 1067 2086 3046 3047 3048
485 553 2311 2482 2544 39 3049 519
486 3050 3051 65 2243 2244
487 3052 3053 3054 3055 728 3056 166 3057 3058
488 394 2390 3059 3060 2023
489 3061 1057 1321 81 82 3062 3063 3064
490 1283 428 697 2715 3065
491 3066 3067 3068 2244 3069 3070 73 619 2414 3071
492 3072 1460 2451 3073 1258
493 3074 3075 3076 3077 3078 3079
494 3080 3081 1775 3082 3083
495 2260 1180 3084 3085 3086
496 2456 581 3087 3088 3089
497 3090 3091 230 3092 417
498 2482 3093 3094 3095 3096
499 3097 2882 122 758 3098
500 3099 2433 3100 3101 2689 3102 691 3103 3104 3105 122 3106 283 954 955 2754 364
501 2906 3107 1614 488 2725 1005 3108 3109 3110
502 3111 423 3112 3113 3114 3115
503 3116 3117 1876 3118 3119 3061 3120
504 1775 2066 2670 3121 3122
505 3123 2312 2307 1593 3124
506 3125 3126 3127 1488 3128 1489 1490 1495
507 843 84 1798 3129 3130 3131
508 3132 808 854 3133 3134
509 3135 3136 3137 114 3138 3139 417 2431
510 1721 3140 1264 3141 3142
511 2005 1046 3143 3144 3145 3146 3147
512 3148 3149 3150 3151 3152 3153 3154 3155 3156 963
513 3157 3158 3159 3160 3161
514 1542 3162 3163 288 2765
515 2815 3164 983 3165 3166 3167 1572 3168 3169
516 1175 1176 1177 1178 1179
517 2295 3170 3171 2740 3172 3173 3174 2218 3175 2943 3176
518 1460 3177 936 450 2212 370 3178 1883 1884 3179
519 2915 3180 3181 3182 1766
520 1970 2907 842 809 92 664
521 3183 3184 1727 3185 2002 1531 1532
522 3186 1617 3187 3188 3189 3190 3191
523 2736 3192 3193 2080 118
524 3194 1057 2800 2598 846 3195
525 2193 1428 3196 3197 3198
526 3199 3200 3201 2431 3202 3203 3204 3205 3206 3207 3208
527 354 3209 1133 34 795 3210 167 3211 3212 754 755
528 650 3213 3214 3215 3216 3217
529 3218 3219 3194 1333 3220 3221 3222 1408 967 1289 1807 318 3223 3224 715 1171
530 3225 1724 3226 752 2516
531 1261 3227 1079 3228 3229 3222 3230 1560 3231 632 3232 3233 3234 595
532 1727 781 207 2313 3235 3236 3237 2248 3238 3239 3240
533 3241 3242 2101 1793 2491
534 3243 3244 86 149 141 598
535 3245 3246 3247 2652 1148
536 3248 1903 3249 2766 3250 792
537 303 3251 388 389 3252 3253 3254
538 3255 3256 773 778 3257 3258 3259 407 1417
539 97 2128 1595 1733 2492 691
540 3260 3261 3262 2623 98
541 2588 2098 308 3263 1430 3264
542 231 3265 3266 3267 3268
543 1547 3269 3270 1918 3271
544 3272 3273 3274 3275 508
545 3276 2298 2620 842 3277 2199 3278
546 1724 3279 3280 3281 2699
547 2919 3282 3283 846 3284 3285 3286 3287 2664
548 3288 90 702 442 3289
549 3290 3291 1196 758 3292
550 2907 432 1057 840 441 1777 932 3293 3294 3295
551 3296 3297 1360 3298 583 3299 1710 3300 3301 3302 3303 3304 2573 362
552 3305 3306 2850 3307 3308
553 1881 3309 291 2779 329
554 1355 3310 3311 3312 3313
555 3314 3315 62 3316 3317
556 3318 780 3319 3320 3321 3322 3323 3324 753 468 3325 3326
557 3327 752 3328 3329 3324 3330 3331 3332 3333 3334 3335
558 3336 3337 3338 2397 3339 920 3340 3102 2229 3341 3342 3343 533
559 2658 1718 3344 3345 1391
560 2779 3346 1952 3347 2837
561 1406 3348 3349 3350 3351 3352 2352 432 2723
562 3353 3354 2937 3355 3356 3357 244 2502 3358 2099
563 3359 3360 1705 3361 3362 3363 3364
564 2830 3365 3315 2078 3366
565 3367 780 2298 3368 3369
566 2785 2666 2079 2126 325 3370 303
567 3261 2623 1296 3371 1180
568 1188 3372 3373 468 2937 1057 3374 3375 3376 1405 2251 3377 1693 3119 3378 3379 3380 130 3381 728 3382 448 3383 3226
569 2194 1805 3384 875 3385
570 3386 446 3387 2933 3388 3389 1705 3390 3391
571 481 3392 3393 3394 3328 1470 2725 2766 3395 1452 3396 874 2653 3397 3398
572 3399 2062 367 3400 1158 1269 2168 983 1564 116 3401 3402 3403 3404 2623 2790 2968 3405 424 3406 3111 3407 832 3408 1863 3409 3113 3410 2173 192 3411 2130 3412 1613 1382 3413 3414 2174 1580 1579 3415 1897 3416 2111 1041 3417 2749 3418 1568 3419 3420 3421 3422 3043 1400 961 3423 3424 3425 926
573 3426 175 3427 3428 3429
574 3430 779 3431 3432 3433
575 3434 3406 3435 3113 3169
576 3436 2111 1249 3437 468 3438 666 3439
577 2185 3440 2487 3441 3442
578 428 1321 79 1188 136 607 3443 3444
579 3445 2338 609 3446 2337 3447 280
580 3448 3449 37 3450 3451 3385 3452
581 692 286 2044 486 2048 898 3118 3380 3453
582 3454 3455 3456 2333 3457
583 3458 2907 3061 3459 2294 3460 794 1251 3461 1181 3462 3358 3463 94
584 3464 83 3465 3466 1012 97 3408 3467
585 1276 3400 280 500 3468
586 3469 672 2859 454 3470
587 1531 3471 3472 2581 3473
588 3474 1472 2332 3182 3475 3476 628
589 3477 632 3478 3479 3480 3481 3482 3483
590 3484 3485 922 337 3486
591 659 92 3487 105 3488
592 2675 3489 3490 3491 514 3492
593 3493 3494 3495 785 1342 858 144
594 709 3496 3497 3498 134 1039 3499 3500 3501 3502 254 2522
595 3503 604 3504 2262 3505
596 3506 3507 3508 1721 792 3509 684 3510 1553 3511 3512 3513 3514 3515 1348
597 1829 1682 2097 3516 669 3517
598 204 723 1404 945 3518 3412 3519
599 1702 1882 3520 1956 3521 1186 3522 807
600 3523 3524 3525 3526 3527 1359 2664 1918 3528 35
601 3529 3530 1824 1391 3531
602 368 1460 3532 3533 379 2869 2027
603 3534 2410 3535 1358 3536
604 1784 3537 3538 3539 3540
605 3541 3542 737 346 845 3543 3544
606 968 3545 2472 3546 3547 3548 2161 173 3549 468 3550
607 256 3551 496 3552 3553 2755 3554 3555
608 2169 1067 3556 1069 3338 1070 1072 3557 739 1074
609 3558 514 2044 349 3559
610 3560 144 3138 3561 985 740
611 3562 3563 3564 3565 3566 3567
612 2000 778 2727 3568 3569
613 428 3570 148 3571 3572 368
614 3573 3574 3575 3145 3576 3181 3577
615 2505 3560 3578 1641 3337 3579 2430 498 1236 422 3580 157 3581 1895 800 2689 3582 3583 443 758 572 3584 1648 3585 282 3586 997 2145
616 3587 3588 162 54 1872
617 3589 3590 647 3591 649
618 3592 3593 3594 2175 2581 145
619 2653 2707 844 3595 3596 3480 3597 3598 3482 3599
620 3600 343 1718 2574 2562 3601
621 3602 899 3603 3604 3605
622 438 375 3606 132 3607 2945 1886 846 804
623 3608 3609 3610 1173 1636 3611 666 3403 3612 240 3613 3614
624 1317 3500 3615 341 3616 2477 2091 1375
625 3434 3617 3618 1642 3619 2815 3620 3621 3622 187
626 368 400 3623 2573 756 297
627 3624 3625 3626 171 3627 3628 3629
628 3630 3631 3632 2135 1113 1866
629 3633 901 3634 3635 2253 3636 3637 3638
630 3639 54 3640 3641 3041
631 1402 3642 2985 3643 3644 3645
632 3646 3647 2285 3648 258
633 1666 81 3649 3650 2739 1092
634 3651 3652 1102 3653 3654 2466 3655 1097
635 2396 1069 3556 3111 3557
636 2371 3656 3657 3658 3659
637 3660 1983 3661 3662 3663 3664 3665 3666 1588 3667 3668 3669 2024 400 338
638 1465 3670 3671 1330 1698 3672
639 3673 753 3674 2338 3675 3676
640 3677 132 3678 794 3679
641 1201 3680 889 3607 432 659 3681 971 3682 3683 103 3684 3685 3226 3153 3686 3687 3688 3689 379 360 3690 3691 3692 3693 3338 3694 3695 678 3189 680 2321 3696 3585 282 3342 3697 2797 3698 1566
642 3594 3699 611 3700 2854
643 1033 3701 828 3702 905
644 1852 3703 488 2191 3334 3704 302 3705 3706 955 3707
645 3708 2161 3709 3710 3711
646 3409 3712 1073 3613 1525 1651 3713 3714
647 1107 3715 1095 3716 3717 1094 1109 3718 3719 3720 3721 3722 3723
648 370 2547 3393 3724 3725
649 3726 1375 3727 3264 20 1265 3728 3729 2287 3730 1566 3731 144 3732
650 3122 3733 3734 3735 3736
651 3737 1583 321 1013 3738
652 785 3739 3740 3741 717 2655 3742 3743 3744 1802 3745 1473 3746 1474 3747 3748 1476 272 3749 3750 3751
653 1450 3752 1609 3753 3754
654 129 818 3755 3756 3757
655 339 2269 3607 3758 3287 3759 378 3760 3470 3761
656 3762 3763 1638 709 304 1681
657 3764 675 3765 3766 3767 3768 3769 1451 1437 3770 3771 3772 3773 1874 3774 3775 642 3776 3777 1627 3778 3779 3780 3781 1108 1097 659 3782 1626 3783 3784 3785 3786 3787 3788 3789 537 3790 3791 3792 66
658 3793 3794 3795 3796 3797 3798 3799 3800
659 3801 3802 3803 3804 3805 3806 296
660 669 1682 1683 3807 3808
661 3809 665 3810 1060 3656 161 3811
662 1143 2727 2733 3812 3813 1147 3814
663 3815 3816 3817 413 748
664 1451 3818 3819 3820 682
665 1835 79 3821 3822 3823
666 3824 231 3825 3267 1362 102 3189
667 3826 3827 2395 3685 3579 3580
668 3828 3829 3830 3831 3429 3337 3832
669 1548 1607 2316 2518 3833
670 2049 528 1960 2852 1721 2385 3142 1275 1171
671 1994 3834 3393 2544 1702 852 3835 3836 3837 179 3838 3839
672 1039 2759 1919 3840 3841
673 3842 3843 2126 3844 3845
674 1169 2742 3846 3847 3613 3848 3849
675 3850 1599 831 3851 3852 3853 3854 1444 1435
676 3855 474 2016 3856 3857 3018 2915 2390
677 932 167 3858 1776 2 1523
678 351 375 3859 3860 1600
679 3861 857 59 3862 350 778 3863
680 417 3864 618 680 3041 3865 3866
681 2563 936 799 3107 3867
682 1799 342 519 676 3830 1258 2136 3868
683 3869 3870 2012 3871 1866
684 3872 1811 1132 1889 303 1339 3863 3394
685 3873 3061 3874 3875 3876 379 3877 3878 3879 144 3880 3881 1498 3882 284 3883
686 79 3884 2 1726 3885 3886 3887 3888 3889
687 3890 1247 3891 2223 245
688 833 3892 3893 3894 779
689 3895 1408 3896 518 3897 3898
690 1204 3250 3899 3900 3031 1599 3901 3902
691 303 388 2179 3903 3753 2322 3904 1852 3905 3906
692 667 3907 3908 3909 1107 3715 3910 537
693 937 1644 3911 3912 3103 1249 953 364
694 525 3913 3914 3915 3916 3917
695 983 3918 3890 3919 3920
696 3921 3922 3923 2021 3924 3204 3925 921 2131 1580 1579 3101 3695 3926 3927 950 2134 2111 3928 3929 3104 923 3930 718 3931 3342 924 3932 1399 1400
697 3933 3934 935 607 530 84 3935 825
698 3680 81 3936 1289 3937 701 2818 1469
699 3938 1661 3939 3940 3158 3941
700 2907 79 3942 3943 804 3944 3945 3946
701 3947 3948 3949 3950 3951
702 3952 3953 1532 1366 3189
703 3954 3955 3956 3349 3957 1467
704 3752 3958 99 3959 3754 3960 3961 3962 242 3963 3964 3965 3966 3967 3968 3969 3970 3971 3972 3973 3974 3975 3976 3977 3978 3979 3980 3981 3982 3983 3984 3985 3986 3987 3988 3989 3990 3991
705 3992 3993 3994 3995 3996
706 3997 1287 3998 3999 359 796 4000 1776 1060 2109 4001 266 3931 4002 4003 2754 4004 960 4005 2146
707 3803 4006 4007 682 4008 4009 4010
708 4011 4012 4013 4014 3164 4015 2576 4016 908 4017 4018
709 3913 4019 1101 3914 4020 4021 4022
710 4023 3801 468 938 2159 4024
711 4025 3498 241 2315 2229
712 4026 4027 4028 4029 3901 807 4030
713 4031 4032 4033 4034 4035 4036 4037 4038
714 517 196 90 2061 4039 4040
715 1639 2119 3638 4041 4042 2122 1761 420 4043 3998 4044 2394 3578 2430 422 3924 918 4045 3925 4046 1477 639 423 2900 4047 3410 2132 4048 2131 1111 361 4049 2136 3868 4050 4051 578 579 1113 2144 4052 2145
716 4053 208 4054 490 4055 2299 1156 4056 4057 4058 350 4059 3546 4060 4061 349 4062 4063 1742 1253 397
717 4064 2581 1125 4065 4066
718 663 444 1951 4067 4068 4069 1238
719 105 3527 1802 4070 349
720 4071 139 1675 367 4072
721 1531 1196 758 3997 4073
722 256 1894 3409 612 2545 3974 3602 3418 989 2756 284 4074 4075 3883 4076 4077
723 4078 4079 4080 4081 379 4082 626 4083 4084 4085
724 1520 4086 2291 4087 2625 4088
725 798 2294 434 869 968
726 355 4089 2234 796 2145 4090 4091 2148 4092
727 1808 2480 372 4093 4094 4095
728 1165 4096 4097 4098 1481 2091
729 4099 4100 4101 351 4102 1587 3502 682
730 4103 814 2592 4104 265 2470
731 3945 37 1724 4105 3248 3392 4106
732 4107 1089 4108 2079 4109
733 1052 2224 4110 4111 2160 610 1999 588
734 3638 114 4112 3165 4113
735 4114 981 3164 1518 4115
736 4116 4079 4117 3775 4118 4119 508 3071
737 4 4120 4121 3844 1923 2111
738 667 4122 4123 2286 1853 1204 4124
739 4125 4126 798 757 4127 211
740 3209 4094 4128 4129 4130 1024
741 3651 4131 4132 1092 730 4133 4134 4135 2414 4136 4137
742 4138 4139 4140 2594 3658 4141 4142 3732 4143
743 318 4144 4145 4146 4147 61 4148 4149 4150
744 1864 1036 4151 4152 3999 4153 1559 4154 4155
745 4156 165 4157 4158 4159 4160
746 1971 988 4161 4162 2479
747 4163 3084 3139 4164 1612
748 4165 4166 260 3138 1643 1069 1510 302 2436 1380 2746 679 3417 1242 3912 144 4167 4168 284
749 4169 4079 4170 177 3710
750 832 2103 1006 4171 4172 1551 851
751 4173 4174 4175 1054 4176
752 466 842 4177 3739 251 23 4178 477
753 3355 4179 4180 2446 4181
754 60 4182 3960 1525 1775 4183 4184 4185 3776
755 4186 4187 4188 580 1089
756 4189 4190 642 3783 4191 31 30 4192 21 4193 4194
757 4195 4196 4197 2065 1870 1429
758 1204 709 4198 4199 4200 139
759 4201 4202 1709 1683 4203 4204 4205 4206 1998
760 286 483 4207 4208 4209 4210 3530 4211
761 4212 4213 4128 4097 4214
762 341 4215 2777 395 3909
763 1807 2501 4216 3158 932
764 4217 1534 4218 4219 1766 4220 4221 4222 4223 4224 4225 4226 2371
765 4227 4228 832 361 3892 4229
766 889 2044 415 4230 3336 4231 3405 4232 3412 2127 4233 1515 4003 4234 4235 956 3168 1651
767 4236 4237 1774 4238 1465 4239 3438 150 4240 935 4241 446
768 2378 81 4242 4243 4161
769 4244 4245 218 1201 879 1193 2276 2641 4246 4247 4056 1002 4248 4249 4250 4251 4252 886 980 2119 4253 812 4254 4255 4256 4257 488 1443 4258 4259 4260 186 4261 4262 3636 4263 1509 260 2745 358 4045 626 537 4264 611 1855 4265 715 1643 3340 4266 331 3228 4267 4268 2287 1111 3731 679 508 4269 4270 4271 3847 4272 4273 4274 4275 4276 3849 4277 4278 4279 4280 4281 4052 2145 4282 4283 3425
770 3297 4284 4285 4286 3847 4287 3519
771 4288 4289 4290 4291 428 4292 737 551 1867
772 2765 2161 4293 2856 3708
773 4294 2850 1906 4295 4296 4297 1794 4298 4299 2369 934 1925 2376 4300
774 3917 4301 4302 4303 2697
775 1032 4304 4305 886 2800 4306 2961 4307 494 4308 3012
776 497 4309 1368 3218 4310
777 4311 4312 3913 986 1775 758 4313
778 438 661 4314 4143 1164 607 191
779 2363 4315 4316 4317 4318
780 90 1368 4319 1769 583 796 4320
781 1799 465 4321 4322 4323
782 4324 2077 1326 1766 2536 4325 4326 4327
783 4328 1700 4329 800 4330 3437 2229 4331 3321 23
784 255 1508 4332 4333 3874 4334 2084 3922 3685 353 1067 4335 3924 4232 3203 1168 609 4336 265 1581 951 4161 1518 3696 3418 2229 4337 2927 4338
785 1194 1032 4339 4340 3001 4341 4342 1443 1360 3725 4343 4344 21 4345 488 4346
786 4347 4348 1 4349 2670 4350 4351 1880 780 4352 3605 4353 4354 4355 4356 4357 4358 1125 4359 4360 4361 1124 1891 2183 4362 4363 3058 4364 4365 4366 4367 799 4368 444 4369 4370 4371 4372 4373 4374 4066 4375 4376 4377 4378 173
787 4183 4379 2706 2946 177 1970 37 4380 85 2544 4381 4382 2698 1322 1543 4383 1462 372 3393 667 38 2890 1451 4384 4385 4386 4387 4388
788 4389 4390 4391 2609 4392
789 219 4393 295 4394 2443 898 2703
790 4395 1262 3054 4396 4397 4398 3428 2661
791 2575 20 4399 827 1923 2309 922 4051 3711 4400
792 4401 4402 1535 1422 4403 1618 4404 4405
793 4406 3708 4407 1799 3233
794 783 213 530 4408 2371 4409 4410 4411 4412 4413 2595 4272 3113 4414 21
795 4415 4394 4416 4417 4418
796 4419 1854 99 4420 3285 4421 4422 1301 4423 4424 3485 4425 4098 2322 4426 2328 4427 2180 3974 4428 4429 4430 4096 4431 2464 4432 1358 4433 2191 2488 3769 26 4148 1612 3969 2183 4434 4435 4436 4437 4438 4439 4031 2990 3012 3018 4440 4441 2323 4442 941 2976 3019 299 4443 3334 4444
797 3497 4445 4446 4447 792 4448 4196 4449 4450
798 4451 4452 1143 2727 4453 4454 2 4161
799 132 938 661 4455 4456
800 4457 1033 929 4458 4459 706
801 99 4460 4461 4462 4463 4464
802 4465 1204 4466 4467 1531 4468 4469 4470
803 4471 4472 1918 2581 4473 3708 1320 281 2175 1834
804 4474 105 2549 4475 1422 4476 1423 4477
805 1197 1132 1560 947 4478
806 497 4166 4479 1579 4480 3042 4481
807 4482 3666 773 35 4483 2433
808 2661 417 4484 4485 2396
809 2398 4486 4487 2449 4488 3675
810 650 4489 4490 519 4491 225 4492 2001 4493 575 4494 4495 3137 4496 2911 2696 1439 3400 3133 431 3078 758 4497
811 1970 4498 4499 166 2065
812 2604 4500 1867 4501 4502 3502 3205 4503 3927 4504 681 3165 2091 4337 2398 1568 3468 364 4505 3168 4506 2149
813 3607 1079 1764 436 1342 4507 4508 4509 4510
814 4511 4512 4495 4513 3725 638
815 4514 1886 4126 4515 753
816 806 4442 748 692 370 858 4516
817 1319 1561 3400 4334 1311 1864 2944
818 1886 438 1060 2615 4517 3569
819 2363 4518 4519 3669 392 4520
820 4521 1984 4522 4523 4524
821 1766 213 3150 4525 3877 430
822 4526 4527 4528 4529 4530 2405
823 4531 3030 4532 2299 4533
824 1523 4534 1880 2800 2986
825 2230 3053 4535 3400 2696 2232
826 3961 1854 2189 211 4536 3982 4537 407 4538 4242 1833 4539
827 932 4139 4540 438 4541 4542
828 4543 4544 4545 523 2334
829 1529 2868 2621 3569 3738 1962
830 784 2919 4546 3465 4547 3293
831 352 4548 1197 4327 4549
832 4550 340 4551 4552 4404 4553 4554 85 4555 4556 4557 851
833 4004 2085 1143 162 4411
834 4558 4079 4559 4560 4561
835 2369 2160 419 448 4562
836 4563 4564 4565 4566 2537 4567 632 4169 1204 2895 3656 1438
837 863 4224 868 869 1260
838 417 4568 1718 4569 4570 2622 4571 3454 338 4572
839 4573 4574 4575 4576 4577 4578 279 1638
840 2762 4579 4580 4581 3256
841 2623 3371 300 296 4582
842 1211 4583 2011 1531 1556
843 4584 4585 444 4586 3549 4587 1835 4588
844 4589 4590 4591 4592 4593
845 4594 4595 4596 1301 4597 4557 4598 4599 2646
846 4600 1859 4601 112 4602 984 108
847 1756 428 4603 274 4604 4256 4605 3312
848 2600 792 4606 2688 4607
849 4608 4609 4610 56 792
850 2736 4611 4612 3550 4613
851 428 4614 79 92 1367 1289 440 81 318 1565 569 309 312 570 179 3775 4615 4616 4617 313 4618 1663 316
852 1089 92 578 273 4619 4620
853 79 4621 4177 4622 1191 656 428 659 783 1289 2501 209 2942 2212 86 4623 1313 81 4624
854 4023 4625 1671 3305 82 1775
855 1132 4297 4626 4627 2684 1119 2
856 4628 2056 3717 2040 1109 4629
857 3905 4630 2062 4631 4632
858 2015 4633 4634 2822 4635
859 4636 4637 4638 4639 1248 2212
860 4558 4640 41 4641 3974
861 4642 4643 481 4644 4645
862 1555 1531 4646 4647 4648
863 1879 379 4649 4650 3338 4479 3111 3919 3113 3011 4651 3114 4652 592 4653 4049 4654 477 4655 3582 4656 4657 4658 4659 4660 4661 4662 1648 1650 4281
864 4663 199 460 4664 4665
865 2468 2588 676 1531 874 4666 579
866 91 4667 4668 4669 4670 4671
867 4672 2527 4673 4674 1879 609 715 4675
868 525 394 4676 4677 2306 1635
869 4678 4679 1554 919 4680 118 4681 4682 394 2431 2599 4683 4684 3198 4685 4686 4687 1637 4688 4689 968 4690 4691 4692 4364 4693 4694 4695 4696 4697 4698 2632 4699 4366 4700 4701 4702 632 4703 4704 4705 4706 4707 4708 4528 4709 4710 4711 4712 1126 1124 1125 1767 4713 1766 1123 4714 4715 4716 4378 4371 4375 4376 3395 4066 306
870 3386 4717 4517 4718 400
871 4719 932 2074 662 4720 1560 1596
872 99 1609 4721 4722 4723 4724 4725 4726
873 2190 3975 4727 2323 4728 4729
874 4730 1500 4731 4732 2094 562 560 4733 2540 4734
875 1523 1811 2403 4664 537 4735
876 3680 3997 1999 757 655 441 434
877 4736 1777 2620 4737 1800
878 4738 3037 3922 4739 639 3728 4740 1898 426 4741
879 4742 1052 803 82 3866 799 1874 4743 4744 4745 4746 2136
880 481 4644 2329 4747 4748 2989
881 3918 1707 1897 1898 4281
882 1156 2065 4555 1796 4749
883 803 4750 434 79 4751
884 4752 2088 1896 337 4753
885 4754 448 3952 81 4161
886 4755 4364 4699 4366 4756 4757 547
887 4758 4759 4760 4761 3661 4762
888 4763 1718 2589 4764 121 2347 3022 1975
889 4765 4766 1816 3409 2397 4767 505 3691 950 4768 1898 4769 3915 4049 4770 4771 4772 4655 1872 4773 4774 4775 4776 1572 1571 364 4777 4167 4005 1244 270 4741 4283 511
890 4778 4779 4780 3967 4781
891 4782 1059 4783 4784 4785 291
892 2256 4786 4787 4376 1344 867 1880 2254 4788 4789 4790 4791 4792 4793 2398 4794
893 2165 670 4795 4796 4073
894 237 3638 2168 353 2130 3407
895 2186 4260 703 1879 1718
896 15 1721 17 4196 2385
897 2238 4797 44 4798 47 2510 4799 3008 3099 4800 4801 4802 4318 1097 1840 4803 3718 4804 4805 2535 4806 4807 2824
898 4808 4051 4809 4810 544 1610 995 536 539 4811
899 1967 640 248 858 196
900 4812 2005 4813 1289 83 532 2434
901 4814 3509 4776 2412 4815 3269 718 848 2655 4816 4817 955
902 99 242 4818 3481 4819 3480
903 55 1987 4820 4821 4822 4823
904 755 4824 4825 4826 723 4827 157 4828
905 4829 4830 967 2895 2002 4831
906 4832 4833 2892 1180 4834 4612 4835
907 211 210 1138 2616 4643 4140 3383
908 4836 4126 4837 23 4791
909 1756 1287 465 808 4053 1816 2276 4838 934 4839
910 2328 4432 4421 4840 3442
911 4841 613 4842 4843 3460
912 4844 59 4845 4846 4847 3279 2381 1305 4848 4849 373 4850 2451 33 36 1323
913 4851 4852 4106 1294 4116
914 1956 3680 757 2212 1718 434 4853 823
915 2468 3821 4854 34 4226
916 4855 974 252 4856 4857
917 1174 1770 4858 4859 4860 4861
918 2783 2942 4188 666 4862 4863
919 81 676 4864 1595 4865
920 131 1756 490 4866 4867 466 1287 4868 4869 4870 1668 1946 2639
921 4871 4872 104 4873 2911 4874 4875
922 4876 1639 890 419 2802 1511 3915 361 2136 4877 4878 4167 4879 955 4661 2756 4880 3586 4881
923 4882 1542 288 4883 4884 173 391 467 4885 341 2735 3866 4886 2823 4887 2590 4888 3812 79 4889 4890 4406
924 2273 4891 1287 4892 2355 2329 4893 4894 4895 2794 3009 4896 4897
925 524 730 4898 1837 4899 264 3718 4131 1092 4900 4901 4902 1099 4903 4904 2244 4905
926 4906 3496 1208 4425 4907
927 4908 3291 2868 4909 945 500 501 2169 502 3111 1070 3518 739 4910 1074
928 470 4911 4912 1341 4327
929 4913 2024 4914 4915 315
930 1781 4916 4917 4918 4919
931 429 4920 4921 4922 403
932 3215 1355 3451 4226 4923 4924 4925
933 1765 3852 4926 3929 4927
934 4928 4929 3560 1568 283
935 294 4930 3255 530 754 4931
936 2060 4932 341 4933 4934 2356 514 2708 4935 4936 777
937 2205 354 82 1133 4937
938 338 4938 3060 2248 389
939 4939 1165 3708 2696 1861 4940 4941
940 4942 4943 3292 2001 1531
941 4244 4930 1196 758 4944
942 4945 4946 4947 4948 2872 4949
943 4950 4951 4952 4953 2985 1435 4954 4955 4956 4420 2446
944 4957 1740 407 2524 4958
945 3998 3749 4959 1474 3884
946 4960 4961 4962 4963 3357 4964
947 4965 4817 941 4966 1616 4967
948 3356 473 4968 2695 4969
949 1756 294 972 1531 2313
950 4970 4971 4972 4973 2329
951 2697 1718 4974 4975 4976 2562
952 4977 1811 1033 4978 1565
953 1109 4979 952 1966 73 1969 4137
954 1797 35 4980 1510 1636
955 2740 2087 4981 4259 4335 2042 1032
956 4982 4983 4984 4985 4986 4987 4988 4989 4990 4991 4992 4993 4994 4995 4996 4997
957 171 3059 1694 4998 1308 1986
958 1811 822 1335 628 1196 4999 4023 120 1557
959 5000 3410 5001 3532 5002 1557 691
960 5003 5004 5005 889 4253 3201 186 2168 5006 2169 501 5007 5008 5009 3111 1581 1312 680 5010 1387 5011 993 987 990 5012 5013 270 5014
961 650 4670 5015 3428 4003
962 2446 1897 1387 1581 1312 681 5016 1388 1522 682 993 988 5017 3105 2924 2484 1461 1582 1567 2752 3932 5018 3166 991 1870 4269 5019 1075 4277 4003 5020 5021 3931 5012 4050 5022 2926
963 5023 5024 5025 1640 5026 418 5027 4873 5028 2404 1451 5029 5030 5031 574 5032 5033 5034 5035
964 5036 2813 1180 3295 25 5037 5038
965 5039 387 5040 5041 709 139
966 5042 1547 5043 5044 666
967 3465 432 5045 5046 5047
968 4976 1253 5048 5049 4980 4099 3699 1584 20 5050 2431 5051
969 1735 1599 1140 5052 5053
970 2653 5054 5055 5056 5057
971 3651 4134 4898 5058 1837 5059 1093 4899 2176 3654 4133 1108 4131 1092 3770
972 803 139 1500 2248 758 4978
973 2552 5060 2047 2992 5061 2290 5062
974 5063 368 5064 798 5065 1298 784 144 5066 2431 5067 735 3730 3409 5068 2756 21 4052 1243 3043
975 210 428 5069 131 803 5070
976 1982 5071 21 5072 1537
977 5073 5074 378 5075 4555 1082 155 2525 5076 5077 5078
978 5079 338 5080 5081 5082 1626 2739
979 5083 5084 4201 4989 5085
980 5086 5087 186 5088 5089 5090 5091 789 650 943 5092 1526 1551 5093
981 519 916 5094 1880 1111
982 5095 3852 3520 4255 1866
983 5096 342 5080 5097 889 5098 3037 5066 5099 609 4104 116 5100 5101 3915 5102 4004 5103 5104
984 3496 81 423 5105 5106 1551 4136 1872
985 808 4116 5107 186 5108 5090
986 2094 148 607 432 5080 5109 5110 2905
987 5111 5112 650 5113 1342 901 5114 1415 5115 3859 5116 2226 3817 5117 3773 5118 4260 905
988 5119 5120 2563 1727 5121 517 632 4456 298 846 936 1208 5122 5123 4835 5124 5125 261 1635 3565 5126 5127 2877 758 5128 3228 5129 3915 5130 772 3847
989 3699 4944 2920 5131 5132 772
990 4351 4117 3919 1881 5133
991 5134 2757 1699 3148 5135 5136
992 1866 2396 1237 1523 4296 267 2141
993 5137 5138 1556 5139 5140
994 5141 5142 3183 5143 2068 5144 5145 90
995 1164 5146 5147 5148 5149 5150 3716
996 5151 3353 5152 3941 5153
997 5154 715 3073 345 3565
998 5155 3673 551 5156 820
999 4430 5157 1852 1701 5158 1879 5159 5160 2187 5161 5162 5163
1000 5164 5165 807 3337 261 3434 5166 3204 626 97 3221 3409 3206 5167 3102 3417 5011 5010 3931 3696 923 284 2144
1001 1304 2119 5168 2740 1894 1510 500
1002 5169 5170 5171 5172 5173 3980
1003 5174 2856 5175 932 169 5176
1004 4456 5177 5178 5052 5179 5180 5181 5182 5183 264 3955 2562 5184
1005 1742 5185 5186 5187 5188 5189
1006 5190 5191 5192 5193 5194 3228
1007 5195 5196 1629 296 2810 5197 5198
1008 466 5199 5200 4210 5201
1009 5202 5203 5204 5205 5206
1010 1137 5207 5208 4648 5209
1011 4001 5210 2747 2689 266 4210 2750 1646 5068 4283
1012 5211 409 3997 674 5212 294 5213
1013 481 5214 530 5215 488 937 1327 3252
1014 5216 2049 261 3725 772 2531 5217 5218
1015 762 5219 5220 2921 778 5221 3637 3311 5222 162
1016 4621 1289 5223 1369 1529
1017 1292 4817 5224 4479 1310
1018 4945 4027 5225 5226 4042 5227 177 3264 5228 2204 5229 5230 100
1019 2161 18 5231 5232 5233
1020 5234 5235 4028 166 5236 5237 5238
1021 5239 5240 5241 5242 2485 5243 2809
1022 5244 5245 5246 1718 5247 2108 1745 912 105 166 1208 609 4631 2446 3594 5248
1023 4391 5249 102 3481 21 5250
1024 3320 5251 4681 5252 1824
1025 3512 5253 1154 5254 5255 5256 81 4412
1026 5257 2893 216 2516 2109
1027 526 3829 4392 743 5258 5259
1028 5260 3993 1718 3975 2190
1029 1852 5261 5262 5263 5264 3983 3285 5265 5266 5267 5268 3971 5269 3985 5270 5271 5272 4443 3706
1030 633 1659 5273 635 638
1031 2212 2119 3201 2745 5274 3202 2397 302 1517 1645 1572 958
1032 3704 116 3442 4460 5275
1033 1709 5276 89 705 5277 2151 1680 5278 5279 5280
1034 5281 361 5228 4910 5282
1035 5283 5098 5224 5284 3205 3712 832 5285 5286 5287 5288 1923 508 708 4507 4049 5289 3165 3103 4775 5290 989 5291 2140 1429
1036 5292 610 5293 4826 798 2933
1037 1886 804 438 2865 2478 651 4821 5294
1038 1092 4885 1100 5295 3715
1039 5296 5297 1844 2893 5298
1040 2299 791 5299 1398 5300 1180 2259 3026 5301
1041 4295 5302 2703 3504 5303 5304 5305
1042 1531 3183 3736 1196 758
1043 5306 5307 5308 5309 5310
1044 448 5311 5312 5313 5314
1045 5315 5316 3753 1609 5170 4722 5317
1046 2482 3634 609 2684 703
1047 2661 421 1678 717 5318
1048 1766 3933 1999 81 2502 4751 4329 5319 5320 3649 5321 5322 3689 5323 370 5324 5325 4918
1049 615 5326 2126 1560 318 1416 1256 120 3787 2728
1050 583 5327 3300 5328 4106 1979 4160 5329 5330 5331
1051 2723 5332 5333 3877 3609
1052 1614 5334 3876 2161 2993 4670 5335 779 1819 5336
1053 2161 1167 3609 4368 5337 446 5338 5339 5340 1857 5341 5342
1054 5343 5344 666 5345 5346 2684 5347
1055 5348 4903 139 303 5349
1056 5350 2408 5351 5352 5353 5354 5355 2116 5356 5357 2928
1057 899 5358 367 2953 488 5359 5360 296 5361
1058 3255 3090 5362 5363 37 35 5364
1059 600 3708 4484 5365 2989
1060 331 508 5366 5255 1396 5367
1061 5368 3867 379 5369 5370 1676 3291 260 1375 186 278 2022 5371 5372 2600 5373 2433 2065 5374 165 5375 3689 360 1644 3919 4000 3100 2746 5376 5377 4049 4194 5378 5379 955 1572 5380 1113 5381
1062 4222 1601 4608 5382 1331
1063 2911 5154 609 3146 3597
1064 1680 771 1012 450 4618
1065 79 4502 92 1563 326 5176 615 3745 5383 1357 149 5384 1634 372
1066 105 4945 5385 5344 5345
1067 2096 308 1708 5277 2151 706
1068 5386 264 4803 2088 3916 1572 2143 5387 511
1069 1756 2639 490 5388 491 5389 5390
1070 5391 328 5392 5393 5394 2220 430 5395 5396
1071 5397 5398 1304 497 499
1072 481 2637 1970 2801 1702
1073 5399 1257 2128 148 3255 5400
1074 628 5401 4470 1196 758 5402
1075 655 5403 2409 145 2868 2123 2124 5078 5099 3405 1894 3919 3728 1514 5404 5100 921 2130 5405 5406 4769 2135 2939 987 4775 3884 2141 4776 2873 5407 1244
1076 5408 4926 1610 4175 2754 5409 5410 5411 5412
1077 5413 478 4247 5414 5415 1276 5416 5417 1283 5418 5419 5420
1078 5421 784 2617 19 1408 5422
1079 5183 5423 5424 2924 2629 347
1080 1903 1181 5425 127 2161
1081 2783 5426 2162 758 3104
1082 659 5427 4609 1959 5428 3189 4259
1083 2161 5429 1293 5430 3546 5431 486 5432 4431 1375 5433
1084 1708 2151 305 1683 5434 5435 5436 5437 5438
1085 5439 3877 438 5440 2728 5441
1086 5442 5443 5444 5216 5445 5446 5447
1087 1956 5448 3173 372 5449 2544
1088 1638 3226 468 5450 5451 5452
1089 5453 5454 3020 5455 5456
1090 48 5457 488 2287 400 5458 5459 2072 2098
1091 5460 2697 296 5461 590 1879 1718
1092 5462 794 148 318 2907 3305
1093 5463 4868 5464 5465 5466 820 5467 5468
1094 5469 5470 4207 5471 5472 5473 5474 5475 2009 33 3277 1335 1600
1095 4053 5388 1758 4244 2271 210 658 2419
1096 5476 1606 699 700 4328 5477 1556
1097 369 5478 165 1029 5479
1098 665 659 2311 2725 5480 140
1099 1011 5481 669 5482 1998
1100 2322 3988 5483 5484 5485
1101 4494 3857 514 2388 5486 5487 420 2562 5066 5488 4116
1102 5489 1224 5490 5491 1776 5492 5493 5494 3027 5495
1103 326 1060 754 2620 2445 787 5496 5497
1104 4870 562 186 676 1795 5498 2205
1105 3548 922 5010 4918 5499
1106 17 5500 4181 4179 839 2484
1107 92 2419 5501 4335 5502 4304
1108 2508 5503 5504 470 1992
1109 1002 5505 401 5506 770 5507 4198 5508 2952 5509 5080 5510 3622 5511 3620 2044 5512 2923
1110 5513 2555 5514 1893 4389 5515
1111 92 846 374 5516 662 5517 3616
1112 854 466 883 1278 465 5518 5519 132 286 5520
1113 5521 3502 3729 3040 3340 5522 270
1114 803 5080 2085 5523 280 4286 3695 5288 4771 2874 3930 955 5380 4052 3425 5282
1115 5524 5525 5526 666 4733
1116 290 92 4220 5527 853
1117 1184 5528 5529 5530 5531
1118 5532 5533 5534 5535 1311 847 2229 1775 3680 2431 5232 5536
1119 1356 3161 5537 325 1115 1888
1120 99 3974 5538 4420 4421 5539
1121 5540 5541 5542 5543 844
1122 5544 55 2044 3428 1949 2341 1772 1331 303
1123 4568 2259 213 1482 2462
1124 5185 5545 5546 2900 719 55
1125 1066 676 4398 1259 2434 280 1382 5547 5167 4654 954 3849 3042 362
1126 5548 5549 5550 139 5551 3659
1127 5552 5553 3014 5554 2333
1128 1496 2045 2047 2529 4431 5555 1857 4103 4834 423 691
1129 5493 4927 2263 28 2297 5556 5557 5558 622 5559
1130 2877 5560 4634 2822 5561 941 5562 912 5563 5564 5565 5566 3689 4507 1847 5567 845 728 4036
1131 2408 4491 374 5568 5311 530 2942 1670 1374 5569 1629 702
1132 1768 5570 5571 1769 3165
1133 5572 5573 5574 5575 5562 5563 5576 1443
1134 105 5577 303 5578 1826
1135 3163 5579 318 615 1703 315
1136 5580 3569 4904 5581 1120
1137 177 5582 3331 1903 2341 5583 3694 5584 5585
1138 1620 210 227 5586 4839 5587 5588
1139 5589 5590 5591 3700 2854
1140 1164 370 2311 1549 2010
1141 5592 4945 5593 5594 5595
1142 5596 5597 5598 5599 5600 5601 5602 5603
1143 4336 5604 872 1906 5605 3326 5606 529 428 2341 3244 2111
1144 5607 5608 5609 4339 5610
1145 2116 1304 258 4166 5611
1146 435 4109 252 1742 1411
1147 146 3368 5612 1826 4198 5613 2855 1723 3546 2385 4964 5614 1264
1148 5615 4423 4349 5616 5617
1149 166 255 5618 2122 2123 355 945 2923 2343 5619 1316 708 5021 772 594 5301 533 511
1150 5620 1317 5621 5622 2115 5197
1151 889 5623 2117 2063 3548 2125 499 3011 1515 948 1613 5624 1041 5289 5378 4277 5625 3880 5626 954 3584 2873 4776 4338 2147
1152 5627 5628 710 5449 5629 5630 2544 628 5631
1153 341 5582 3574 5632 1133 5633 2916 1870
1154 936 567 1170 5634 5635
1155 5636 4053 2661 2476 650
1156 5637 3063 2223 2094 3934 4622
1157 5638 1283 1284 2796 5639 880 5640 5641 1756
1158 1375 4733 4101 5642 4310 62
1159 1970 5620 5643 5644 1490 1493 1495 4037
1160 5645 3378 692 5646 693 4516 2300
1161 629 1013 3920 5504 519
1162 2787 2793 5647 2791 2062
1163 1193 5648 1289 5649 5650 4515 3358
1164 2436 3690 2746 4296 800 5651 5652 1041 5653 5654 4658 2139 1568 5655 5301 2138 1400
1165 4726 2820 1938 5656 1744 5657 5658 819 817 5659 5660 1337 2554 2180 5197 5661 2024 5119 5662
1166 5663 5664 1551 120 1908 2491
1167 5665 5666 391 1776 5667 5668 5669 1534
1168 5670 5671 4904 5672 1140
1169 803 5673 5674 5675 5676 5677 1052 5678 1605 5679 5449 1805 4514 5680 5681 2213 1182 5682 2223 3134 5683 2619 5684 4589 5685 3948 5686 5687 5688 3090 407 5689 5690 1886 5691 5209 2402 5692 4496 1141 5693 36
1170 1917 3852 2235 3228 417
1171 350 5694 342 2440 5695 4661 2139 2140
1172 220 1002 5639 808 466 5696
1173 5341 5697 609 5698 5699 5234 5700 4028 5235 5701 5702 5003 136 903 5703 2253 296 3826 5704 5442 2279 4026 5460 5705
1174 4102 5706 5707 3701 5708 5709 5710
1175 1775 1638 5711 437 5712 5713 5714 3611 1909 5715 3894 5716
1176 2547 5338 5717 5718 736 2815 3434 738 5288 5719 2091 3633 362 3849 2141 4662 5720 2873 4661 958 4881
1177 5721 5722 1526 1330 851
1178 5723 2637 2425 5509 5724
1179 4954 3815 5725 5726 3117 5727 1052 2161 938 5728 2583 2911 5729 641 5730
1180 264 1109 2244 1091 1839 5731
1181 2907 799 878 5124 779 1408 1470 5328 2473
1182 1463 779 5732 3267 5733 4466
1183 1175 1176 5734 1177 1178 1179 5735 5736
1184 1132 632 86 1801 799 5737
1185 3996 1140 4203 2065 1718
1186 2791 1951 1628 5738 4281
1187 1183 676 3941 404 5291
1188 1408 967 1120 1550 5739
1189 2038 5740 5741 4904 1368 4214
1190 2966 4154 2684 5742 5743
1191 584 5744 3379 4342 1920 4581 1305 370 5303 3588 5222 3632
1192 676 1289 609 1662 5745
1193 5746 5747 5748 5749 2304 5750 5751 4072 5369
1194 3688 5008 2131 5752 1369 3207 4235 3554 3555
1195 808 5753 5640 5754 4893 5755 5756 4496 3891 5757 5758 5759 5760 5761 2665 5762 5763 1263 5764 5765 2429 2044 5766 4231 2873 2141
1196 5767 4154 5768 5769 1269 5770
1197 5771 4482 5772 5773 3379
1198 481 3065 5774 5775 3521 509
1199 2674 5776 55 2446 1360 628 5401
1200 5777 1741 5778 5779 4441 5780 5781 554 5782 556 5783 5784 5785 5786 5787 5788
1201 3276 1599 289 5789 5790 5791 5298 5792 4187 4973 3269
1202 5004 5793 5794 5795 3169
1203 4726 5796 1609 2282 5797 3425
1204 785 2808 602 854 3413
1205 5798 5799 3957 4452 3827 5800 5801 5802 3093 5803 4515
1206 2863 233 5804 5805 5806 3335
1207 450 860 3373 187 5807
1208 1903 5808 5686 3745 1455 5809 5810
1209 4312 2178 5811 3070 4963 5201
1210 1531 5812 1196 3631 758
1211 5813 1811 4 5814 1180 1194 1629 1731 1549 3701
1212 3297 5600 1709 5815 3299 5816 2573 3031 4539 5817
1213 810 5818 1090 1443 5819 5820
1214 397 758 1143 2727 2733 5821 3713
1215 5822 4098 398 5823 1845
1216 255 2167 803 2866 2121 2120 4231 5824 5825 1265 5826 1703 5335 1967 3514 1834 2292 5827 5828 3311 5222 5829 5830 2135 5670 1014 3566 5831 4332 5832 1872 3848 2398 5833 1034 1648 2926 579 5834 3473 4400 1486 926
1217 607 2780 5835 5836 5837
1218 3745 5838 5839 845 3746 5349
1219 5176 3224 5044 2709 756 1529 1273
1220 5840 2400 5841 5842 1359 1208 5843 3890 632 5844 3666 5131 5845 1613
1221 5846 5847 5848 5849 1770 5850
1222 5851 1755 1443 5852 349 3674
1223 5853 1033 5854 5855 5856 2403 5857 4407 2097 5858
1224 5859 5860 850 5861 5862 5863
1225 5864 3147 5813 5561 5865 5732 3025 5866 620 5867 5868
1226 2060 901 884 5869 2431 1379 5870
1227 3215 2502 5871 3953 5872 5873 2452 1089
1228 4870 5874 5875 255 1308
1229 5876 3109 5877 3192 5878 4611 2753
1230 5879 5880 105 965 2445 5881 5882 974 5883 3583 5884 5885
1231 1018 5886 5887 1915 5888 1090 5889 5672
1232 2796 5890 2809 5891 3877
1233 5892 5893 5894 4840 3975 2062
1234 2670 21 3643 5895 866 5896 3625 5897 5898
1235 4416 2541 2757 394 4483 3587 5899 666 5900 5459 5573 5901 1982 5902 5903 5904
1236 4529 2627 1555 3725 576 5812
1237 5905 2740 3125 5906 5907
1238 5908 5909 2716 5910 1357 210 4939
1239 5911 3577 5912 5913 3479 2939
1240 5914 5915 5916 3293 47 5917 3 5565
1241 2419 5918 4060 5919 4052
1242 177 2933 2544 2295 5915 4299 5920 3379 92
1243 1375 171 5704 2065 4608
1244 5921 417 159 1002 846 3457
1245 4609 1732 5715 2371 5922 5923 5924
1246 4259 2430 3337 5631 2433 5373 116 1256 5925 4001 3202 5926 3689 5797 1014 360 5927 1513 5928 3409 3581 2171 1238 2131 5929 5930 5331 4234 5931 756 5932 283 1581 3848 1312 4300 689 923 4773 1388 4774 4775 3042 4776 2926 4338 5933 365 4400 5934 5935 5936 5937 5938 3423
1247 3758 2478 5663 4684 486 5939
1248 658 5940 5941 52 5942 5943 5944 5469 4538 2984 5945
1249 5946 3654 4803 5947 5948 5949 3887
1250 2465 5950 1718 166 4343
1251 1709 4241 1807 4020 2229
1252 5114 1415 2444 1416 1418 5528
1253 665 5354 5951 5952 1166 5953 3860
1254 4937 2544 4903 2501 291
1255 5954 863 4224 699 951 1923 5955 3358
1256 5956 5957 664 780 481 5958 486 5959 3502
1257 5960 3774 5253 5961 5962
1258 5963 3605 4347 5617 4727
1259 3372 656 4492 1555 4511 758 5964 5965 5966 5967 5968 5969
1260 5970 5971 986 1444 5972 5973 2133 5974 5975
1261 415 5976 2575 953 533 924
1262 366 2851 5977 5978 5231 4571
1263 912 5177 5979 5980 2097
1264 2861 5981 5047 5982 2344 5983
1265 2066 3709 5984 5400 1734
1266 4544 1879 3551 2868 1641 2168 3407 1512 3205 5985 1514 1580 1516 3930 4659 5986 2399 2755 1912 4168 5987 4074
1267 5988 5989 5279 2152 669 3807
1268 2718 770 5990 5991 5992 2630 5993
1269 5994 5995 5996 5997 5998 5999 6000 6001 6002 6003
1270 158 6004 2003 2161 672
1271 5688 6005 1375 198 2066 81 5179 6006
1272 4983 6007 4982 4984 6008
1273 6009 6010 6011 2581 2246 3831 5823 3370 6012 1845 92
1274 1661 6013 2937 374 5649 367 6014
1275 6015 4689 3803 2260 955 6016
1276 1724 2063 176 6017 4156 136 2850 6018 3611
1277 6019 6020 6021 6022 1408 4126 6023 6024 1049 5198
1278 6025 1232 2391 6026 258 415 5408 3291 5066 5168 1269 983 3164 3884 2868 353 2433 1265 1213 4047 5719 5211 6027 3928 952 6028 1570 5290 5456 3167 5022 690 1574
1279 1955 211 6029 5633 6030 971 1413 52 6031
1280 6032 2348 5124 661 938 4502
1281 6033 6034 3382 1444 2012 1844 4714 6035 2525 6036
1282 3444 4501 3561 4909 501 5523 3338 4045 426 2091 958
1283 4063 1161 6037 4432 2662 6038 737 2529 1891 2855 6039
1284 221 490 5464 6040 5465 465 1754 491 5586 6041 5419 6042
1285 6043 3144 6044 830 6045 1938 6046 6047
1286 5402 459 1895 6048 3866 758
1287 3732 6049 5314 6050 6051
1288 523 6052 2969 260 122
1289 6053 6054 428 5914 2563 433 803 2502 6055 3148 4040 1231 5758 4253 2866 6056 5168 5611 6057 2124 3866 1012 2125 6058 6059 4314 2248 3407 3408 3502 2174 3927 5931 3926 2645 5719 5289 1461 2806 6060 2926 2924 3166 2141 715 5834 6061 6062 1244 270 6063 5258 6064
1290 6065 1170 6066 4883 4750 6067 173 326 3347 3325
1291 6068 5234 5235 3003 6069
1292 5490 6070 3862 5506 1185 6071 470 5676
1293 137 6072 2581 6073 6074 6075 4090 6076 4666
1294 6077 2431 353 3688 3202 1069 6078 6079 3712 1898 302 1053 1522 3847 989 3613 3882 4168 5935 3714 6080
1295 6081 6082 995 536 6083
1296 1637 4155 6084 6085 6086 555 554 6087 6088 5783 6083
1297 483 5498 1867 6089 3312
1298 4554 5371 5563 4961 6090 21 1745 296 1904 2574
1299 1798 3821 6091 4314 4717 2510 6092
1300 6093 6094 2910 3640 2531 3955
1301 2603 578 2684 2042 1556
1302 1305 846 6095 1718 6096 6097 688
1303 4460 6098 1588 1583 3875 3493 4299
1304 2117 6057 278 2572 1028 3202 3406 296 2053 1317 2171 2288 3408 2173 2131 6099 6100 3927 5210 3926 6101 2134 5289 254 3879 1567 987 956 269 4278 958 853 960 284 1243 2928 3883 4076 6102 6103 6080
1305 6104 258 6105 675 5168 6106 3922 4261 353 676 2743 358 3111 4045 1310 2545 3112 2397 3846 3411 6107 6108 5286 4048 5719 2748 3041 6109 3586 6110 6111 772
1306 1052 6112 6113 6114 6115
1307 2499 432 6116 3737 3861 262
1308 3834 4254 6117 3272 5540
1309 6118 4512 3738 6119 1667 936 4020 2691
1310 6120 4990 4991 4992 1788
1311 6121 92 6122 2539 2488 6123
1312 4898 6124 6125 1857 2497 5324 675 6126 6127 359 4670 6128
1313 6129 5178 5357 6130 4684 6131 6132 6133
1314 1691 1689 6134 4083 1813
1315 4743 1671 778 465 1290 2765
1316 4607 6135 6136 6137 4808
1317 1363 6138 1336 6139 1457
1318 1996 6140 1335 1727 5125
1319 379 1953 6141 2737 2718 6030 6142
1320 889 1745 6143 1523 998 3425
1321 6144 4855 4525 6145 3642
1322 6146 6147 6148 5163 5159 5161 3605 4348 5460 623
1323 368 105 2446 1360 4211 1863 3536
1324 5697 6149 6150 6151 5789
1325 6152 6153 6154 6155 2302 476 184 4404 185 6156
1326 465 2796 1947 697 428 1278
1327 6157 4817 785 5337 5709 2065 2518 128 368 2005 874
1328 1970 310 485 6158 6159
1329 2503 6160 6161 1477 988
1330 1408 967 6162 868 2388
1331 845 787 1444 2403 2232 1532 6163
1332 4555 1375 2955 5869 5067
1333 4101 2065 6164 6165 5304 3582
1334 6166 3887 3727 6167 6168
1335 6169 6170 1690 6171 6172 6173
1336 2637 4527 6174 6175 6176 6177 21
1337 2237 5308 2794 6178 6179
1338 6180 6181 6182 6183 4723 6184 3968
1339 6185 2593 2953 6186 6187 6188 4674 6189 6190 6191 5992 3024 6192 3454 303
1340 6193 5408 1269 105 5752
1341 1383 1287 6194 430 6195 3745
1342 1358 2488 6196 6197 6198
1343 2907 351 6199 3322 726 6200 2295 3478 1560 5827 1961 1727 288 6201 318
1344 6202 6203 5116 417 6204 1442 2591 5899 2562 6205 6206
1345 6207 338 6208 6209 3228
1346 4806 188 5551 666 6210 2684
1347 5324 6211 6212 5326 1909 5249 6213 6046 3581 4969 6214 3887
1348 5549 1727 6215 5745 6216 750 6217 2990 6218 5040 6219 6073 1843 5559
1349 353 6220 2125 5322 4047 459 961
1350 5444 2993 329 6221 6222 1167
1351 366 6223 6224 6225 6214
1352 6226 2224 1774 3349 3323 1702
1353 703 3633 3279 444 3616 343
1354 1835 6227 4802 6228 6229 6230 3365 6231 18 6232 3239 354 364 6233 2530 2023 6234 6068 6235 6236 1332 6237 992 6238 6239 6240 1723 5430 2547 6241 1857 6242 1180 3131 87 2080
1355 6243 6244 5678 2741 562 3112 2171 6245 1537 3846 715 1580 273 6246 6059 4652 1905 5167 3416 5016 2134 3582 6247 682 3479 758 579 953 578 122 167 1249 6248 364 6249
1356 3801 5952 667 3626 444 368 2435 2461 173
1357 1296 901 2722 6189 6250 2412 6251
1358 2000 354 1796 6252 2369 6253 6254
1359 6255 255 256 5702 4332 514 3683 740
1360 5094 6256 3775 5967 4901 6257 156 4268 2069 3481 3597 3598 3482 3483 2262 4843 3594 6258 2135 6259 3189 4890 2032 6260 5301 6261 960
1361 6262 5258 2613 3829 6263
1362 6264 2138 6265 4271 5325
1363 4230 3037 1866 186 2123 353 3405 1068 6266 1014 4232 3728 920 2545 3410 3691 592 6267 5652 5229 144 2873 4776 958 1651 4168 1573 4741 4090 6268 926 3713
1364 5956 2616 1081 6269 1802
1365 3607 1776 6270 510 2149
1366 104 6271 6272 6273 6274 6275 6276 6277 6278
1367 2482 1205 38 2544 6279 6280 6281
1368 6282 2459 6283 6284 1974 903 6285 1973 2574 4926 6286 6287 1975 302 6288 3906 6289 6290
1369 6101 3485 5821 6291 2455 647
1370 1354 6292 6293 6294 2166
1371 6295 6164 6296 6297 6298
1372 6299 5295 4902 758 4136 6300 4803 2414 6301 6302 6303
1373 6304 675 6305 1885 2890 561 148 1874 4918 21
1374 1372 1702 3279 1530 519
1375 353 6306 1388 1650 6307 999
1376 2076 1288 326 1355 2916
1377 6308 2519 3467 3255 6309
1378 4911 6038 6310 1419 910
1379 947 772 4270 2925 3916 2873 3167 6311 3342 3380 6312
1380 3894 682 3928 144 264
1381 290 2240 6313 3214 720 6314 3708
1382 6315 6316 6317 4259 1356
1383 1718 6318 3057 6319 384 3009
1384 742 6320 6321 1714 56 1311
1385 2356 6322 6323 6324 6325 6326 166 6327 4712 4378 6328 4986 1400 617 5787
1386 5347 2907 4647 397 6329
1387 1355 1132 5125 1691 1727 1800 1002
1388 6330 6331 95 1769 664 6332 6333 6162 291
1389 6334 4511 1531 1245 6335 6336 6337
1390 1741 3018 3079 4915 6338 6339 6340 6341 6342 2769 2770 2771 4484 6343 2938
1391 6254 4836 6344 207 35 6345 6346 3211 354 751 666 3951 6347
1392 3279 6116 4286 4265 6348
1393 4394 3690 798 194 3297 4106
1394 4432 2207 5963 6349 99 4421 303
1395 4786 6350 6351 308 2097 6352
1396 264 2470 847 308 4753
1397 4085 6353 3455 296 6354 631 632 6355
1398 488 6250 2194 6356 1554 1001
1399 6357 5995 6358 6359 6001 6360 6361
1400 3028 6362 4813 1363 3671 6363 3865 4408 6364 6365
1401 6366 4299 6367 6368 5010
1402 6369 3358 2510 20 1982
1403 6370 6371 4669 6372 4279
1404 4460 6373 1683 4461 6374 6375 6376
1405 2594 2723 6377 528 6378 2391 1811 832
1406 2661 4566 6379 6380 1066
1407 1605 2637 6381 1198 5312 6382 6383 2740 5127
1408 972 6384 2725 532 6385 1729
1409 6386 3401 1011 1705 6387
1410 1066 4501 945 6388 1581 1312 4655 4273 3042
1411 79 1410 3873 6389 6221 4908 6390 3337 937 5286 1399 5103 5935
1412 777 4906 6391 760 4446 2621 1496 6392 5971
1413 2569 2196 6393 3349 6394 2513 6395 5543 2701 2747 5828
1414 6396 6397 1408 56 6398 1121 6399 3191 6400 6401 4184 6402 6403
1415 6404 4073 6238 604 2165 670 6405
1416 94 799 842 290 1321 846 1189 132 1355 6406 148 292
1417 1828 6407 5437 5435 5436
1418 3765 785 1342 2501 5314
1419 3216 2378 2361 6408 1560 6409
1420 932 428 79 1188 81
1421 1792 6410 3626 171 3663
1422 516 2316 1078 2502 3393
1423 1599 783 372 872 2544 6411
1424 6412 5300 5565 3450 2739 6413 6414 1461
1425 6415 4292 2110 3744 6416 1089
1426 3551 1563 947 5376 2131 800 6417 6418
1427 376 6419 1601 6420 5666
1428 2738 3829 6421 6422 6423
1429 4887 3331 105 6424 1541
1430 2967 2341 3234 3456 2246 6425 3540 6426 6427
1431 6428 1542 288 615 3 1313 5232 1412 1195 4406 6429
1432 1775 6430 6431 6432 1822 717
1433 2073 3150 6433 5145 701
1434 6434 4981 6435 5341 448
1435 1408 6436 3780 6437 6438 6439 2055 2004 6440
1436 341 661 2446 6441 4864
1437 4347 2013 5615 2327 6217
1438 4495 303 590 6442 5597
1439 980 3337 499 3924 6443 157 2889 272 3691 1582 1567 1348 6444
1440 6445 3510 178 1477 437
1441 3680 3349 2618 3244 753
1442 409 2637 1226 6446 6447 2292
1443 1358 423 932 2906 2255 2525
1444 4381 1917 1918 1471 934
1445 1462 2160 39 6448 3379 6449
1446 5141 2216 1702 6450 4319 1979
1447 5616 4780 2328 4729 6451 3706 3959 6452 6453 3904 6454 3975 6455 2036 6456 5483
1448 803 449 4981 4298 6457 4169 936 3181 4668 81 1773 1600 4750 1531 1583 1556 1113 6458
1449 460 2653 1332 6459 6460 715 6461
1450 79 3236 6462 6463 2832 4980
1451 6464 435 3866 6465 5007 5933 6110 960 4052 4091 5522
1452 6466 6467 1190 3288 1321 399 4836 6468 3094 5665 6469 1287 1716 4239 936 6470 6471 432 6472 2341 664 6473 1809 5732 140 2360 20 310 6474 778 5915
1453 1920 6475 2577 6476 4512 4562 1361 6477
1454 77 531 4599 6478 692 6479 6480
1455 6481 968 6482 6265 4964 851 6483
1456 6484 4226 6485 4381 6486 4930 3396 5141 3795
1457 3715 6487 6488 6489 6490 1109 3718 6491 6492
1458 6493 5984 2037 3255 6494 2669
1459 942 6495 5040 3147 6496 1778 2554
1460 465 2637 92 1811 846 2670 274 6497 3029 784 148 5249 1853
1461 6498 5457 600 6499 5644
1462 6500 6501 6502 662 799 6503 6504 6505
1463 1988 873 6506 92 6507 4204 5620
1464 763 1457 784 6508 3500
1465 368 1906 6509 6510 3663 1577
1466 934 1120 6511 6512 4627 1531
1467 6513 6514 277 1737 6515 6516 6517 1415 6518 6519 4490 4541 3267 6520 5733 6170 4819
1468 3337 3235 1471 3328 3897
1469 1458 1444 4964 6521 105 1209 1541
1470 2001 1555 1880 2603 3805 423
1471 2468 6522 6523 1593 6524 1111
1472 2502 6525 1413 1287 3226 1718 1661 715 6526 4383 1576 1181 785 787 486
1473 3652 6527 6528 6492 6529 6530
1474 107 6531 6532 5014 6533
1475 92 6534 6535 6536 1799 1260 2311 394 2073 6537 109 308 2066 1704 6538 1115 6539
1476 5992 6540 2581 6541 753 6430 6542 4814 6243 717 6543 3196 4793 772
1477 1207 5109 2598 6544 354
1478 1543 6545 6546 3877 6547 141 370 4189 3337
1479 6548 99 1609 4421 5963 4432 1892
1480 6549 6550 6379 6551 340 6552
1481 3520 4675 6553 2518 2068 6554 1596 486 1369 5196 35 3515 6555 1802 3821
1482 131 147 6556 6557 1945 399 5590 3085 5344 6558
1483 3654 6487 6320 3788 264
1484 2411 3481 3597 3598 5903 6559 6560 2734
1485 6561 187 6562 6563 3795
1486 6564 5470 1372 6565 6566 6567
1487 715 105 4335 6568 5802 5406 4588 772 1033 2343 1498 3879 4753 1526 5494
1488 2072 6569 126 2332 3182 1007 2621 6570 1419 3430
1489 6571 2563 932 1289 5120 3483 4843 3892 6572
1490 6573 6574 3630 335 6575
1491 6576 756 6577 4234 3031 3849
1492 6577 6578 1775 6579 2041 6580 6581 4147 2859
1493 3821 6582 4289 6583 5921 2571
1494 6584 6585 6586 6587 6588 2283 1893 6589 2301
1495 3204 3556 3111 4559 6590 3113 6591 6592 6593 4637 6594 5965 3207 3696 6595 6596
1496 4152 6597 6598 1523 1685 6599
1497 435 662 615 1560 6600 1504
1498 1408 53 334 4952 2060
1499 6601 4023 6602 6603 6604 6605 4259 1510
1500 6397 5390 1818 38 2482 1882 3520 3708 6606 1438 1333 6607 609 530 143 4552 6608
1501 6609 1973 1074 5986 3168 6610
1502 6282 375 34 2510 6611 6612
1503 6613 6071 167 6614 34 6615 6616 6617 787 6618 409 6619 6620
1504 601 3445 5509 6621 6622 6623 2248 6624 203 6496 779 6625 3588 6626
1505 446 6627 2942 6628 303
1506 1033 1677 5760 5131 6629 2689 595 6630
1507 428 3680 6631 1531 3891
1508 808 6632 6040 6633 6585
1509 632 6634 6635 6636 3029 6637 3615
1510 4027 2209 2784 1482 6638 6639 4731 492 3149 394
1511 1455 1867 435 4511 79 2 6640 758
1512 6641 3770 3775 3913 4900 5541 1095 6642
1513 37 4568 303 6643 389 962 3090
1514 2908 596 597 3319 1355 5478
1515 81 6644 6191 2015 6645 630 6646 1441 6647 691
1516 6535 1886 6648 5565 1629
1517 2098 3218 4198 6649 6650 4455
1518 166 2793 3983 5893 4460 3442 6651 3754 3705 116 2190 1454
1519 6101 1956 6652 6653 2647 5139
1520 6654 6655 2476 6025 5807
1521 16 2297 1721 2385 2852 726
1522 4535 2232 2233 1158 3381 6656 6657 6369 6658
1523 4981 1999 5958 5849 6659 1654 4325 1280 6660 1658 6661 2687
1524 6662 6319 6663 495 6664 5822 4098 3831 5823 6665 4689 6666
1525 6667 6668 1146 3403 4060
1526 5533 6543 1599 777 6669
1527 5658 6670 2997 2290 5822 1843
1528 2311 971 5441 806 972 1479
1529 6671 6672 3826 1443 4817 367 6673 514 368 6674
1530 3163 2482 3162 5729 1718 6675 6676
1531 381 1272 6677 4638 6678 6679 3316
1532 6680 6612 2261 1739 4067 6681 296
1533 5178 2044 415 3874 2120 2506 5631 3164 3998 3405 452 4827 639 360 272 832 3695 592 3415 2871 162 3929 1520 1521 1647 6682 4168 3883
1534 6683 1375 6684 5341 6685 2536 1889 3403 1879
1535 6686 3458 5227 1563 2433 502 2765 2502 3112 2397 3114 3221 1579 1312 1581 3417 1869 3106 5986 3849 1651
1536 1382 2792 5363 841 6687 6688 6689 2688 6690 792 6691
1537 5264 1301 6692 6693 899 302 3254
1538 5519 6694 325 3258 5738
1539 6695 131 274 3796 2421
1540 5074 971 445 2540 6696 6697
1541 871 3226 3855 2919 584 806 2160 2948 3146 6698 5564 6699 1168 6700
1542 6701 763 4065 6702 1700 752 6703 5220
1543 5682 4318 6704 6705 2063
1544 2273 6671 6706 351 1292
1545 6707 2674 1446 6708 6709 6710 1092 4689 4527 303 6711 6195 4946 6712 3454 2859 212
1546 4158 6713 5978 4331 6714
1547 2408 81 2391 4648 161
1548 1587 4565 6715 6716 4758
1549 5253 5255 6136 6717 6718
1550 2946 5802 4785 939 6719 2204 4918
1551 785 6720 38 6721 4381 598 2295 726 6722
1552 5247 2766 6723 3117 394
1553 6724 6725 134 1497 666
1554 6726 5534 6727 6640 2392 429
1555 79 6728 3356 241 6729 6730
1556 6731 1469 806 6732 2855 5557 2343
1557 2684 288 1811 6733 379 203 2045 6734 5494
1558 6735 6736 3269 338 6214
1559 6737 4165 6738 2572 5523 6739 6740 4771 4658 5720 4279 6741 1652
1560 319 4186 6742 2501 3936 6743 192
1561 6744 1197 753 6745 128 3507 2094 446 3821 6746 401 1599
1562 6747 6748 2547 967 3328 3455 6228 1266 166 2044 3694 954 6526 441 3403 2923
1563 1033 706 5434 1830 669 3516
1564 2911 4873 418 2230 3400 5027 3053
1565 6749 379 812 2127 626 4089 157 423 4048 5228 681 578 2147
1566 81 3338 1514 5322 1579 3102 266 2689 2750 5019 4731 2806 6270 6750 4400 960 271 6751
1567 6752 3224 6753 6754 331 1378 5592 6755 111 5907
1568 368 4511 3198 5133 6128
1569 44 6756 6757 2054 5968 1744
1570 351 6113 5172 2758 4763
1571 6758 2534 6759 6760 6505
1572 2537 3753 846 6761 6762
1573 3031 1978 6763 6318 6764 903 6285 6765 6287 6766 6767 6768 5817
1574 2311 6769 6770 2775 4109 6771
1575 6772 6773 5183 6774 1523 6775 666 2753
1576 5277 1681 2154 6776 6777
1577 6382 6778 5970 1078 3194
1578 255 256 6464 2119 6317 2433 1564 278 3619 2085 4650 6779 2287 1073 2871 1041 6780 952 3343 5655 6781 533 6307
1579 5636 2544 4565 6782 717 1870
1580 6783 6784 3834 5621 6785 5559 6786
1581 343 1460 886 296 6787
1582 5419 1156 6788 6789 480
1583 6790 6409 6791 772 1537
1584 820 148 448 374 2929
1585 466 6792 783 6793 5590 469 6794
1586 5463 220 221 1947 4891 6795 6796 5851 223 1668 6584 2393 2278 6797
1587 1246 3209 6798 2588 6799 3734
1588 6353 737 4111 2259 6800
1589 6716 4761 4758 3270 3239 3271 6801 6802
1590 6203 4899 4131 2250 70
1591 6803 1884 1133 4299 38 1662 1500 4382 318 6804 368 1920 6805 583 122 6806 787 5676 6807 3323 4198 4851 6808 6809 571 1964
1592 1666 6810 3358 2501 6608
1593 2933 2858 1661 854 666 4830 4799 6811 3030 6812 6813
1594 1773 6814 3224 2128 6815 758
1595 6254 6816 6817 3202 6818 3663 3012 2545 192 786 5286 6819 3026 1518 2926 6820 546
1596 6821 2194 1772 6822 5056 1613 6319 384 1224
1597 4427 2689 572 3882 3555
1598 4394 6823 6824 105 1659
1599 2725 6252 1765 529 6825 6826 3368
1600 1614 2662 2238 6827 6828 89 2319 4852
1601 148 448 1408 967 3328
1602 2618 6829 6830 5683 6831
1603 1502 6832 6828 6833 768
1604 322 3025 6834 21 3098
1605 256 886 676 2123 1259 2743 796 3422
1606 1690 1428 6835 6836 86
1607 2120 6056 3998 353 918 1644 1510 6837
1608 1766 34 4216 795 167
1609 3680 3061 321 4161 404
1610 6838 3201 4929 1307 1509 5962 6839 6840
1611 2098 2056 6841 6842 6679
1612 4567 1002 5399 6843 368 6844
1613 81 148 6412 6845 6846 6847
1614 5462 965 4947 484 1132 756 832 1571 2398
1615 6848 6849 31 6850 6851
1616 945 5523 1069 502 5008 3338 254 1072 6852 3557 6780 3479 683 5933
1617 3061 4647 2212 662 2303
1618 1855 6853 1439 1559 3506 6854 671
1619 1033 6855 3200 6856 6857
1620 530 4515 6858 6859 2132 3269 6860
1621 5711 6141 2168 5047 5042
1622 401 6861 4608 6101 3844 5254 3999
1623 6554 1313 318 2505 498 359 6862 3790 6863 2693 443 6864 759
1624 5249 220 6865 6025 3621 812 6866 1855 3780 3705 2062 499 4479 6867 6868 2988 6869 3114 1014 6870 1521 6871 5150 959 6872 961 1653 1652 3423
1625 6873 6874 699 1799 6875 6876 6877 6878 3379 162
1626 1802 3090 1063 4731 6879
1627 5409 303 388 389 390
1628 6799 6880 5684 6881 4156 207 1920 6882 4027 6883 6884 6885 654 2763 1302 3149 6886 6887 3666 4433 6888 894 6010 6889 4572
1629 136 586 587 5835 4550 6890 6891 4555 6892 6497 6893 6894 6895 4776
1630 1599 79 768 6896 3881
1631 6897 2125 3502 3416 2487 1174 4400 6898
1632 2735 5690 2536 2179 6469 3595
1633 6899 6900 6600 372 3134 1414 138 446 436 2778 2830 1882 5691 6901 6902 6903 797 136 1272 6904
1634 6905 3780 144 6414 217
1635 6169 6770 6906 555 556 6907
1636 1811 6908 803 1327 368 934 827 583 1583
1637 812 4929 6738 5227 499 5523 500 6909 679 682 4584 5387
1638 4463 4722 6910 6911 6912 5262 4669
1639 2212 4295 4102 2387 1939
1640 65 6527 6489 69 733
1641 6913 3800 394 5494 6914 6915 6916 821 3002
1642 6917 4640 5223 40 4641 6918 3573 173 5326 4825 76 4404 6296
1643 3184 6475 2308 666 4764
1644 2433 262 5375 951 443 4049 2750 1646
1645 5082 278 6919 3919 6920
1646 488 89 6921 845 3875 2776
1647 338 6922 6627 1208 5949
1648 6923 2803 2389 893 3473 6630 2165 6924
1649 4472 6070 5060 2041 4927 1526
1650 4608 2955 1599 105 632
1651 292 667 6925 3392 1189 3702 6926 6927 5560 6928 6929
1652 4517 4551 608 1183 6930
1653 2004 6931 1466 6416 1003 1908
1654 5463 5671 6932 3459 1039 3685 3688 3924 3204 452 6388 1382 2131 1580 6594 6933 6934 3479
1655 651 602 6419 1281 3998
1656 5121 5952 6935 6936 6937
1657 2911 6865 6568 760 3400 1439 2912 3053 418 6938
1658 3666 3667 6939 1702 6052
1659 6940 4297 1794 4456 6941 4830 1260 353 3337 3729 6070 845
1660 2949 4895 2571 6282 1005 5701 845
1661 583 1979 2541 3625 2668 3276 6942 832 6943 1531
1662 6944 6945 3374 1415 6946 6947
1663 1864 1311 729 4036 2944
1664 1094 6527 731 65 2414
1665 6948 5679 584 3923 937 360 797 1580 3206 6949 4769 1568 1249 364 4004
1666 2766 2784 2964 2540 6123
1667 4877 3633 809 3616 1968
1668 6950 6951 2378 6952 1007 5382
1669 145 916 2395 2434 945 796 3728 1881 3580 6465 5376 6740 5652 4774 4773 3420 2141 5106 6750 6953 683 926
1670 57 6954 6209 2346 1036 563 5598 6955 6440
1671 6956 6805 4515 2295 5396 6957 6958
1672 5754 6959 1882 1482 5756 6655 400 6960
1673 1886 3009 6961 6962 6963 5146
1674 6964 4761 1588 6445 188 6965 2680 6949
1675 6966 4560 2518 6860 2316 3242
1676 6967 1152 6968 6969 6970 1153 6971
1677 6632 6972 6973 6974 6975
1678 3349 3226 6976 2710 2648 6977 449 1458 1531
1679 46 4764 2814 4319 2109 5692 785 6978 3606 2684 2 6979
1680 6857 2759 6980 6981 6982
1681 6983 48 6984 2626 6929
1682 2604 1630 1887 6985 6368 2008 3884 1010 757 2225 3244 2110 3505 3195 2027 3532 132 6986
1683 4636 519 2093 6675 1180
1684 2066 6987 3 3610 1254 5071
1685 6988 6989 21 6990 3508 6991
1686 6824 2784 6992 6993 1354
1687 2706 6994 6995 6996 4945 5065 318
1688 3163 3742 936 4040 1341
1689 6997 1601 6998 6999 7000 7001 280
1690 2359 7002 2917 127 7003 7004 7005 2373 7006 5189
1691 5677 7007 176 7008 785 5209 7009 1137 7010 3090 1134 5683 5686 4027 139 4764 5207 7011 6583 7012
1692 5348 2460 370 3256 1607 3569
1693 2312 7013 254 7014 301 3390 5090 7015 7016 7017
1694 7018 2778 5300 3606 7019 7020 4222 3951 7021
1695 7022 3942 6554 2460 7023 6331 1591 7024 7025 2942 3872 2079 326 2159 615 7026 132 7027
1696 1138 1802 659 7028 5757
1697 3477 5049 7029 869 1470
1698 4973 5449 6748 2761 2044 3689
1699 517 7030 5121 6549 2741 4707 4704 7031
1700 651 3890 3919 1247 983
1701 7032 1355 878 78 2225
1702 7033 7034 7035 7036 7037 7038
1703 1504 2724 7039 1908 7040 7041
1704 4538 4606 4963 792 4280
1705 7042 1546 2501 1174 4546 7043 2581
1706 5536 2979 4759 1279 4801 7044 1219 2964 6974 3926 7045 7046
1707 7047 379 1196 758 1595
1708 7048 398 5804 2718 6418
1709 709 4185 7049 7050 832
1710 3324 1605 1800 2839 4478 3745 3895 92 1057 1727 3349 3220 2208 2458
1711 4942 343 5169 5260 2662 1854 4422 7051 7052 7053 6181 7054 3980 7055 5796 2326 7056 7057 7058 7059 7060 6182 3989 3987 7061 3967 3254
1712 7041 3104 6572 5591 5198 3313 7062
1713 7063 5255 1524 1681 1813
1714 3891 4325 1016 7064 832 1595 7065 477 1089 2629 7066 7067 4243 3063
1715 7068 1510 758 682 7069 7070
1716 1524 5989 1680 7071 7072 5437 7073 7074 305 1829
1717 4154 1523 1687 4457 7075 7076 7077 308
1718 1355 1052 5723 4241 661
1719 99 5163 2180 7078 7079 5615
1720 7080 632 3138 6815 7081 862 5543
1721 5563 5562 5246 7082 7083 7084
1722 7085 7086 5463 3891 50
1723 3151 7087 237 7088 2446 1973 5250 2574 1689
1724 4328 7089 1629 173 82 3955
1725 7090 7091 7092 5784 2264
1726 7093 6282 4927 57 7094 2263
1727 7095 7096 1891 1892 4370
1728 6196 6077 7097 1741 3230 3871 7098 1261 7099 7100 6411 7101 4941 2971 7102 7103 6981 2024 3762 3022 7104 6851 1358 7105 6935 296 6197
1729 4939 5470 7106 2808 7029 7107 1885 7108 7109
1730 5822 398 7110 5000 537 6540
1731 432 5219 322 846 7111 7112
1732 2776 7100 7113 4388 6116 2575 758 308
1733 4973 2065 1007 5978 6535
1734 6479 1008 4326 7114 4793 3630 2309
1735 5134 1122 1921 2498 7115 438
1736 7116 3228 7117 4419 2342 7118
1737 7119 1957 1958 6525 3064 182 6678 807 7120 1027 7121
1738 7122 5149 5150 7123 7124 7125
1739 3577 7126 7127 3750 6101
1740 5746 4441 7128 6089 7129 2971 2649 7130 7131
1741 2101 89 1523 5434 5279 7077 7132
1742 3125 2534 308 2981 3789 2875 5761 2250 2083 4131 728 7133 7134 7135 7136 3548 7137
1743 4836 290 1796 464 1635 7138
1744 692 858 7139 1257 427 4574
1745 7140 3181 1548 7141 7142
1746 1667 92 1321 1433 7143 7144 454 6875 6876 6200 674 1172 7145
1747 854 719 5112 55 650 3522
1748 81 7146 666 2671 3610 1803 1180 25
1749 481 1947 2636 1002 1816 4243 7147 1201 6564 7148 842 7149 4471 7150 3496 7151 7152 5069 6633 2714 7153 7154 7155 7156 4245 2275 215 293 7157 4817 6671 1749 3404 6585 4625 1391 7158 7159 1951 7160 7161 342 341 7162 7163 4543 2408 7164 5951 7165 3532 5354 7166 1375 7167 3371 523 2623 102 2683
1750 4265 6837 3031 7168 2623 7169
1751 7170 6596 5014 7171 7172
1752 692 4511 3779 4529 519 4513 637
1753 1296 901 166 6748 343 5574 1443 7173 1853 368 2446 2412 1718 1866
1754 2602 1042 519 1531 758 1557
1755 882 92 5520 531 7174 6054
1756 1761 2815 355 2746 7175 1053 2689 2754
1757 7176 7177 772 7178 1541
1758 1610 2259 1180 7179 7180
1759 4871 3290 3291 2396 1010 1079 7181 832 1247 5902 2806
1760 6464 1321 7182 4751 3438
1761 6470 4243 2332 1357 2590 5861
1762 794 7183 139 7184 7185 7186 7187 412 7188 3215 1321 656 436 3873 783 7189 7190 312 5619 4567
1763 7191 1617 1140 1253 949 394
1764 1288 3484 357 7192 4268
1765 7193 7194 6553 7195 117
1766 6990 7196 7197 4272 4554 3641
1767 4587 2990 7198 2261 2975
1768 7199 7200 342 225 5112 2207
1769 1954 794 936 7201 1342
1770 3288 79 781 290 1816 1481
1771 1772 4939 1811 2308 5506 1485 661 7202 2959 2960 3720
1772 6073 4117 4305 394 2126 1249 354 1718 2446
1773 2843 5998 2841 7203 6358 7204 7205 7206 7207 7208 6361 7209 6360 5999
1774 2482 4381 7210 4833 4978
1775 3255 2359 7211 6228 7212 6991 3313
1776 7213 5283 3618 519 3923 355 4000 2742 917 2132 3692 2746 3690 7214 462 6933 3915 691 4772 5021 993 3847 1872 7215 3420 579 6608 578 488 284 5934 4090
1777 7216 1416 3436 4126 3323 1433 2444 7217 823 799 7218 1464 5073 1764 784 86 7219 7220 7221 7141 2588 1583 2467 7222
1778 7223 3379 569 157 5449 2544
1779 1851 7224 7225 1480 7226
1780 7227 446 6162 781 656 6613
1781 7228 3747 272 1331 3278 1113
1782 7229 1550 1629 325 4679 595
1783 7230 4310 2484 1236 909 1965
1784 7067 4854 4801 2364 2684 2366 7231 7232 188
1785 4587 2115 2263 7233 7234
1786 428 3765 1352 6593 5969
1787 328 1811 2065 1170 724 1742 5213 4815 2211
1788 4212 368 7235 4147 4027
1789 7236 7237 210 1283 7238 7239
1790 1365 1125 4066 7240 2244 7241 4312 2250 7242 2534 105 1718 1107 1108
1791 6519 6026 3936 7243 4342 7244
1792 4584 92 6 758 4511 6524
1793 1531 628 1532 7245 5767
1794 260 452 1023 4235 954 955 3883
1795 423 2819 3805 1557 2134 6768
1796 529 3734 7246 428 2129
1797 3678 3386 4511 5213 7247 5475 7248 1531 1662 3286
1798 7249 3108 504 7250 2727
1799 428 79 1321 1954 799
1800 2044 2581 2024 315 7251 2098 7252
1801 3270 1437 1709 7253 3824 5567 7254 7255 7256
1802 6738 2282 1565 4089 3100 7257 361 162 4161 4772 3468 3342 998 2148
1803 432 1349 7258 7259 1268 7260
1804 264 743 7261 4137 2534 6259 2609
1805 1439 7262 5553 7263 5971 4036
1806 1772 1392 954 4260 4262
1807 7264 5850 6743 5846 5302 5491
1808 7051 6794 373 5672 6052 7265 2646 7266 5140
1809 662 3872 5439 7267 3579 2542 1437 4836 7268 4382 7217 211 1414 660 5689 7269 5916 5692 7270 1809 6024 6469 83 1743 1956 6850 7271 1027 1464 5771 6862 6026 7272 5584 139 674 688 1510 1013 165 7273 1963 1477 7274 5293 7275 7276 7277 1438 583 291 7278 7279 2568 2934 1255 6840 1239 2516 6861 3369 5311 1015 777 7280 7281 120 570 3608 4483 1273 7282 7283 7284 6164 454 7285 6874 7286 443 691 4161 7287 3311 7288 7289 7290 2925 467 4411 7291 7292 1590 6458 7293 6719 5740 6611 7294 2469 7295 5880 1912 266 7296 772 1826 5209 7297 7298 6268
1810 370 1970 1057 85 452
1811 7299 3904 7300 847 6827 7301 7302
1812 7303 2339 3564 7304 7178 714 7305 1219 7069 1819 5336
1813 7306 6543 5183 1364 7307 105
1814 7308 2517 3547 166 2988 4927
1815 1276 6554 1948 2723 3530 296 5411
1816 312 693 1588 6445 7309 4089
1817 3561 4096 5822 4399 97 611 4651 4652 708 1645 758 6577 7310 4279 4052 5014 4725
1818 3127 1491 1489 1490 1492 1494 1493 1495
1819 7308 2323 5170 7311 7312 1879
1820 3314 5958 1657 5850 7313 7314
1821 7315 7316 2348 5417 92 7255 974 662 3579 446 81 326 2819 3045 7317 210 6330 5199 7318 3061 6194 7319 796 2693 7320
1822 7321 4517 1575 5530 4170 7322 4069 7323 2804 4802 580 4421 4424 6503 7324 7325
1823 6116 7326 1365 7327 3791 70
1824 7328 3683 7329 7330 1242
1825 7331 884 2637 1327 7332 7333 7334
1826 663 7335 7336 799 21
1827 972 3342 33 4141 3350
1828 827 493 4675 3478 3775 7337 4190 1222 4615 7338 1690 156 7339 7340 3369 7341 2103 7342 6963 2679
1829 2812 2757 1599 105 190 7343 7344 3853 67 3455 7345 456 602 4083 7346 2621 7347 3824 1531 628 265 2609 320 7348 2567 4470 1196 6936 7349 5838 2218
1830 2363 5421 5215 7350 4762 2973 7351
1831 7352 7353 7354 2637 7355
1832 7356 6968 7357 7358 1150 6969
1833 7227 969 5611 7359 394 2945 6032
1834 1285 210 7360 428 842 808 7237 665 7361 884 2796 213 7362 2275 4110 1002
1835 356 3337 6985 2745 7363 6078 4000 6837 3167
1836 2053 4036 1864 1242 4723
1837 7364 1289 1409 7365 1765
1838 7366 2173 6108 462 7367 679 5010 4234 3106 6110 6904 6741 270
1839 5274 4046 1644 611 7368 7369
1840 2094 3045 6073 5395 162
1841 4408 1576 4621 1549 585
1842 7370 6046 7371 6074 7372
1843 25 6984 4439 1740 216
1844 1204 289 3682 3699 1953 1731 2469 4964 7373 7374
1845 3389 7375 5321 7376 1523
1846 1355 7377 1808 659 1883 795
1847 1853 7378 3904 2282 7379 166 4284 4104 3979 7380 3981 594
1848 1564 5404 1579 3690 3692 3846 2750 281 1872 2806 5301 3585 4337 6270 5720 7381 1912 4741
1849 5611 495 7382 3111 4479 2170 7383
1850 777 4560 1599 1032 2621
1851 7384 5351 7385 7386 3235 5823
1852 659 37 2084 4482 2482 3257
1853 7387 7388 7389 554 1786
1854 2742 1895 2744 678 3928 5021 2484 5301 4280 6904 6741 270 285
1855 7390 7391 7392 7393 7394 7395
1856 4682 7396 7397 7398 7399
1857 2735 2107 7400 7401 6072 7402 7403 2491
1858 7404 7405 7406 7407 3919 4683
1859 806 92 7408 7409 7410 207 7411
1860 666 446 139 7412 7413 5318 338
1861 7414 7415 1636 691 7416
1862 255 1879 514 3551 7083 5008 302 1517 7417 5017 958
1863 4896 2923 4989 945 7418 3258 6501 7419 7420 3903
1864 1084 394 7421 7422 7423 2057
1865 175 6265 7424 7425 7426 5013 3519 3457
1866 7307 674 858 3908 1257
1867 7427 7428 7429 1047 1821 2294 4276 7430
1868 5921 2968 1903 7431 24 7432 1970
1869 6018 6513 5684 4883 173
1870 7433 1032 5611 435 186 3164 2084 7434 2432 5976 424 3405 263 4335 3202 5356 1644 505 1514 3412 2131 7435 2309 5652 3417 6934 772 3696 3104 2731 7436 7437 7438 1400 365 270 4881 1245 5104 6062 3425 7439 7440
1871 2160 7441 2544 7442 2621 5363 7443 5471 39 2452
1872 846 628 2603 577 578 7444 579
1873 7445 6670 847 139 609 7446 3708
1874 1406 3782 7447 7448 755 1909 1223 7449 7450 1629 5612 2537 787 7442 2377 1355 768 4240 1140 7025 2481 3501
1875 6564 7451 7452 2202 3380
1876 446 4459 3326 2830 7453 38
1877 4731 3726 2343 4718 384 800
1878 3400 4926 4408 4740 5931 1581 1240 2204 7454 3479 7455 3468 1567 100
1879 787 3163 4157 3290 3291 7456 23
1880 7457 3388 7458 1011 4109 772
1881 2194 1018 7459 7460 5334
1882 2342 4137 6301 7461 2829 2824 7462 7463
1883 7464 7465 1240 2651 621 2776 2971 3247
1884 4380 7026 3933 2509 1289 192 583 7466 1636 7467
1885 7329 7468 6074 1872 836
1886 7469 4452 7470 3066 7471
1887 5711 1470 1447 4559 5955 6590
1888 1979 7472 1133 34 3342
1889 434 4671 2850 4793 7473 3438 7474
1890 4574 3388 7475 2621 1331 4079 6746 7133
1891 650 314 2250 1840 1364
1892 225 81 693 4069 7341
1893 655 7476 7477 6790 1662 2359 3163 4237 5439 3778 7478 1353 3814 1634 4886 7479 1089
1894 4946 2125 3561 3689 3203 3924 5356 1894 918 7480 920 4399 6267 4774 2143
1895 1637 632 1718 2090 3488
1896 6663 3866 2584 915 6219
1897 7481 1709 1066 3113 7346
1898 3827 3337 2168 4232 918 422 2248 4048 1519 5016 691 2136 689 1388 1522 578 579 5834 2144 4076
1899 1531 3736 1775 7482 2501 303 7483
1900 5509 2288 1895 7484 7485 361
1901 6462 1599 1032 2482 7486 1123 1918 7487 1922 3379 939 7488
1902 3556 6266 1072 1855 1113
1903 485 1375 2388 5633 4941 7489 3181
1904 4487 3134 131 5096 5416 5639 7157 7147 481 5874 7490 5464 3137 7491 7492 1164 2509 351 1528
1905 5753 2355 5757 7493 80 6054 7494
1906 2069 7495 5945 2817 4119 7496
1907 2040 2901 7497 1109 6490 5541 4134
1908 3917 7498 496 5227 2343 3409 6869 1316 2746 7499 2873
1909 478 7500 6486 7501 7502 1373
1910 7503 7091 7504 7505 173 7506
1911 1709 2370 7507 2153 2151
1912 286 674 1882 805 935 3107 1057 7508 823 7509 2332 1979 1970 7510 1726
1913 4812 7511 7512 4502 936 518
1914 632 3498 5090 3048 7513 2091
1915 778 75 1709 703 3504
1916 2368 7514 7515 2856 7516 5047 1596
1917 5112 7517 4490 3267 650
1918 7518 6491 6627 5991 1099 3051 5241 1365 3655 2177 4805 1094 7519 6991
1919 2404 394 25 7520 7513
1920 224 7200 232 226 7113 7521 225 4492
1921 6186 7522 7253 3257 7523 7524 790 4523 7525
1922 3295 6427 3532 4916 1055 7526
1923 1443 1718 2446 2528 5939 7527 6636
1924 4224 7528 7529 666 3853 7530 1659 3695 1606 1599 1078 3194 1607 1057
1925 5418 803 964 7531 7532
1926 3633 5260 7533 1879 2666 889 5227 746 7534 4501 4045
1927 7156 1295 523 417 1231 7535 6815 5950 1513
1928 1158 1235 7536 4650 2170 6740
1929 2378 6877 7537 7448 4923 5802
1930 6455 7538 931 7539 3244 4161
1931 7540 7541 6357 6002 5997 7542 7543 6358 7544 7545
1932 1201 2052 4955 1998 1863
1933 1132 327 1142 6377 7546
1934 4747 7236 1634 7528 7547 7548 3393 5393 5513 290 139 258 553 3765
1935 6900 1884 889 7549 2815 676 2505 1562 7550 1917 198 2127 7551 1691 7552 4453 1023
1936 4222 7553 326 3235 1420 5013 7554
1937 7555 6333 318 4326 6808 3293
1938 7353 1057 2562 3038 5125 4523 3675 5667 107
1939 2406 7556 7557 7558 1175 1176 5736
1940 7559 7560 7561 5317 4401
1941 2348 3859 522 7562 7563 7564 2469 7373
1942 2666 2084 7565 7566 6674 7233 21 7567 6479 3643
1943 289 7568 7025 2950 7569 1596 21
1944 7570 1970 874 3386 7571
1945 7572 399 7573 7574 799
1946 6773 6344 7259 1449 7575 5847 7260 2562
1947 7576 2322 7577 6183 116
1948 7578 1333 7579 7580 7581
1949 3236 3244 374 7582 1464 7583
1950 3947 1005 1918 1705 3545
1951 3570 5525 2670 286 7584 7549
1952 7585 4515 1771 7586 798 7587
1953 2403 7588 932 6679 7589 1393
1954 4972 7590 220 227 7591 7592 7593
1955 1114 1803 70 3832 729
1956 3400 736 2742 6388 1579 283 4973 1650 1652 7594 6751 6080
1957 7595 455 86 1283 1942
1958 415 2433 2124 639 984 7282 2394 3923 6933 2645 3165 7596
1959 2955 7597 2194 7598 5953 7599 7600 7601 7602 6217 5535 7603
1960 7604 2637 2544 7605 5493
1961 1742 4589 7606 432 934 1550 6890 7607 7608 2061
1962 7609 1947 6671 7610 224
1963 1321 7611 4610 6379 7510 7612 4243 3575 3877 401
1964 5836 7613 7174 2366 7614
1965 7157 4244 2478 7615 810 7616 7147 659 7617 5464 431 5069 6514 6716 1586 391
1966 3393 3951 1834 7618 3468 3956
1967 5455 4873 4031 3381 7619 1531
1968 1766 1321 3873 2502 211 656 7620 7621
1969 1531 3183 6163 7622 1196 1556
1970 1742 3641 2529 4431 5822 5779
1971 7623 166 368 7624 7625 682 7626 2118 7627
1972 7628 798 6428 7629 7630 6116 5842 3821
1973 7510 4240 5333 7631 7632
1974 7633 1226 7634 5212 6808 3497 6698
1975 7635 697 219 7636 7637 667 7638
1976 4902 2414 4137 2534 1365 1094 7242 1032 264 4979 13
1977 5607 2419 1201 7639 940 900 2307 353 2360 2248 7640 5287 7641 211 3930 7642 2225 7381 7643
1978 7644 1356 224 7645 248 7521 7517 7646 4490 650 394 5082 3732 820
1979 4073 5303 2041 6981 2938 7647
1980 1010 5965 3359 832 3920 2199 338 118 7648 321 3890
1981 105 7575 7649 2255 5040 5760 2202 6372 1525 5812 2836 2127 4896 1331 1066 6060
1982 6204 1537 4488 2446 7650
1983 1751 5708 6018 432 3366 2510 172 607 372 354 3877
1984 81 530 7651 3284 6839
1985 481 1460 6408 7652 2550 7653 7654 7655
1986 2911 6199 1326 1331 7656 1834 7657 7658
1987 1947 1460 650 7659 7660 2661 7661
1988 6810 432 1745 7662 5214 7663 1443 1718 5811 5440 169
1989 537 262 2263 4521 7412 1529 7664 2264
1990 4836 4514 966 5628 3367
1991 7665 6239 3531 2604 7666
1992 768 3131 2369 7667 2197 7668 5603
1993 6035 1727 5128 1347 874 3507 846 7288 4918
1994 7669 5125 5907 787 4241
1995 1867 932 936 1335 823
1996 421 586 5307 587 5107 7670 7671 7672 609 735 2858 1299 368 2952 655 6559 1232 5578 3386 370 7673 3638 3620 5597 1631 1633 898 166 2709 6105 7674 5697 6441 590 2664 7675 2969 3288 6473 7676 3477 1745 7677 2980 1253 2079 7678 1855 676 297 5875 7633 7679 7680 7434 736 7681 4563 5623 6242 6783 4103 7682 7683 7684 7685 2329 903 2417 3546 7686 2955 7687 4832 4926 4909 2736 7688 2169 5274 6266 1237 2981 946 3454 7536 5356 7689 2882 1071 5595 4200 3147 2439 7690 7691 7692 5041 7693 772 1581 1312 990 4656 3849 992 594 2754 2905 935 1399 5933 100 7694 3678 5412
1997 6425 7695 3333 5845 7696 7697
1998 7698 702 281 6913 1313 1612
1999 530 1257 2128 5977 7699
2000 5196 7700 3243 1550 1087 4142 1629 7701 2378 7702 2594 668 7411 440 5799 5113 3437
2001 6996 6378 2185 5647 4724
2002 7581 7703 4272 820 1560
2003 199 7704 7705 653 4694
2004 2116 981 2169 946 1070 5007 1074
2005 3430 3388 7706 4946 7707 7708 877
2006 5112 2797 81 530 5402
2007 5023 6563 1235 3246 7709 7710 55 6372
2008 2323 2723 1856 1078 7711 7712
2009 3380 7713 2202 7714 7715 859 3119 7716
2010 7717 6137 1435 1912 6840
2011 5427 2821 327 1333 5880
2012 3443 2451 768 846 5377
2013 4244 808 2643 481 7718
2014 1188 7719 79 842 211 435 6702
2015 7720 48 2164 3145 2065 122
2016 7721 104 7722 7723 7724 1932 7725 5866 5856
2017 1167 2161 3496 7726 4531 432 668 7044
2018 1169 7727 4342 6265 2058 5773
2019 1352 2294 1321 1861 81 628
2020 7728 6099 7328 2238 6668 7729 4929 2623 1067 4651 5365 7730 2650 2731 954 4879
2021 6617 3680 983 7385 1707 321 7731 5311
2022 497 7732 3729 3205 2731 6311 1567 3167
2023 5417 432 165 668 4733 5220 7478 4720
2024 828 7222 986 2175 1241
2025 3046 3887 7424 7425 7426
2026 4304 5574 6610 7733 7074
2027 7734 286 51 971 755 162
2028 4140 2963 6095 7735 5049 7736 519 7737
2029 6828 632 4546 7738 5561
2030 481 3801 286 2725 374 370
2031 5324 7739 1222 688 379
2032 1721 4196 792 3140 7740 2385
2033 7741 7742 1807 7743 5973
2034 4798 7744 666 7745 318 2581
2035 3922 2740 4045 3205 2086 3410 6594 921 4047 5287 1579 3927 677 1582 1567 1870 4337 924 5407 6307 4076
2036 7746 7413 3258 3438 1147 1461
2037 7747 2160 7748 2917 262 6128 4227
2038 2901 4022 264 509 7749 4768
2039 3 1970 7750 2217 4735
2040 887 2542 7751 3258 361 1583
2041 7752 7733 4501 500 2204 3168
2042 7023 3305 3181 439 799
2043 1967 1734 3062 286 1001 128 2478 7753 2502 435 465 79 183 7754 3514 2924 1366
2044 3337 2800 1504 7755 6046 5730 350 7756 7460 7757
2045 3270 2210 3746 1032 4799 5516 1166 832
2046 7492 7758 7759 7760 7761 3371 949 7762 5170 1460 4911 1745 166
2047 7493 692 7763 3074 2429 4738 4255 5255 2441 609 7764 2117 419 4673 6317 2936 7765 2269 1709 7766 4926 6712 1513 3454 2044 5460 7767 1240 1111 7768 3912 5016 5017 3166 1567 993 2924 2752 3932 5022 987 5021 6682 5012 4050 7769 2754 594 1493 100 1400 1653 997
2048 81 4071 1970 1290 172 5408 3502 7770 1691 7771 6024 7772 5717 2877 141 7647 7488 374
2049 7773 7774 7775 2338 2343
2050 842 4244 4838 7776 1947 469
2051 1879 1537 1425 4947 303
2052 370 2725 1204 161 753
2053 1052 286 139 3498 6825
2054 6828 6046 844 4307 7777
2055 7084 7778 4501 3202 1111 5016 3583 3207 5230 2925 4973 3468 740 4052
2056 81 936 3579 7267 5569 2505 1012 286 1886 79 3164 2542 3630 2725 1019 1200 7779
2057 1132 4317 4316 7780 3732 7781 2717 2686
2058 2369 6861 6231 2518 7782 7783
2059 4173 5841 4174 7784 2871
2060 2293 354 6880 780 7174 1289 1163 3765 3999 1298 664 787 6549 7785 2531 7786 6809 7787 2497 7788 2126 1596 7789 7115
2061 231 5001 7790 2868 985 2645 7791
2062 4866 1028 1151 1152 7356 7357 2582 105 1153
2063 7792 7793 7794 7795 7796 7797
2064 7798 1599 7799 4538 7800 7801 3036 6459 7802 1596 1001 936
2065 2722 2355 1295 715 5509 2655 2226
2066 7803 7277 7804 4777 939
2067 298 7805 618 5057 7806 6646 7807 772 595 646 4276 2905 7808 6014
2068 2120 5283 1311 993 4050 1652
2069 7809 1055 5928 2751 4047 3863 5335 7810 1862
2070 812 4041 2122 2433 4257 5875 3202 5356 3204 6591 2131 1579 1580 3692 6852 3588 3342 6270 683 4741 6080
2071 7811 6519 7660 2894 675 7434 7812 5832 7813 7363 3202 5356 4001 2741 4827 5193 7814 3728 715 1265 4651 2130 2126 192 4047 800 361 5377 6247 7815 691 758 2091 2630 4773 4660 3106 362 363 4505 1399 4279 365 2118 7816 7817
2072 2718 608 7818 7819 4862 5993
2073 7820 7821 7358 7822 5786 7823 2059 7824 5238
2074 2784 4258 373 3520 2301
2075 1617 4414 7825 649 3590 3591
2076 6945 6817 6822 2971 5955
2077 3979 7826 7827 7828 7829 6982 2041 7830
2078 196 6592 3626 6941 7831 6593
2079 1201 3125 21 7832 7833
2080 2152 2097 2098 706 89 5481 7834 591
2081 6043 1795 2685 4559 7835
2082 7836 7837 263 360 1776 4075
2083 6446 166 5463 7838 7839 879 3758 842 932 53 4868
2084 3502 7840 5654 7841 2562 2134
2085 3506 3508 1728 7495 7842 7843 7825
2086 583 7844 4668 3064 1225 1455 3823 4143 162
2087 1523 6773 7845 4368 6814 1710
2088 1562 3204 3918 5287 162 2111 678 5800 4910 2939 3479 923 3468 4271 5655 2926 7846 6750 363 2139 1912 6960 4784 5220 6061 5103
2089 303 388 389 390 393
2090 7847 3646 7848 391 6805 5509 210 1586 7500 651 7562 653 2312 2801 7849 7850 4941 3622 2044 1866 7851 7852
2091 255 6226 7853 133 4211 4973 2653 261 2125 945 5523 7854 3111 1070 5008 6739 4538 7048 7855 5377 5652 679 1113 5068 4273 5933 4005 4090 6102
2092 7856 7857 676 7858 7859 2454 1711
2093 3133 2478 2271 7635 7609 7860 7861 4966 7862
2094 7863 7864 5858 7865 7866
2095 370 401 1157 4020 2082 7867 7425
2096 1629 127 7868 2161 1725 6876
2097 1973 5600 1974 2574 5815 6713 3299 4106
2098 1363 2433 2746 254 2453
2099 2355 1132 7869 6955 1180
2100 81 7870 1288 2726 2724 5873 4827 1406
2101 7871 7872 2332 4381 665 6640 7186 81
2102 934 6550 1078 1057 1139
2103 6437 6749 7873 4253 1308 7287 5006 6388 3581 4051 954 7196 4281
2104 5095 7874 79 1409 82 432 7875 7876 7603
2105 3131 5672 298 2660 4109
2106 806 371 3136 7608 2065 5492
2107 105 7877 7799 3120 2899
2108 2544 2917 3351 610 7878 7879 584 89 4517
2109 7880 7881 7882 7883 1358 2488 303 388
2110 1046 5663 6854 1031 200 3588 7884
2111 941 7885 7886 2813 6860 1849 4817 2044 6090 3643 7197 184 4404
2112 4870 3132 435 7887 1006
2113 3328 446 2833 374 3443 1164 132 7888 1500 379 1418 6209
2114 1957 7117 7234 4956 7889 4441 4290 2652 7890 7891 7892
2115 4101 3549 7893 1970 768 1702
2116 5277 1311 7894 1318 2944 1240
2117 1882 2443 5757 6141 1617
2118 535 995 7895 4811 7896
2119 3872 7897 7898 5917 7899 7900 3226 7832
2120 3871 7901 5496 3709 921 3289 7902 345 1918 7903 1256
2121 1661 2543 7623 1372 7904 710 4262 7905
2122 7906 7907 3383 7908 7909
2123 1775 1002 1052 5449 3134 177 5415 432 148 566 7910 372 3349 165 79 446 768 38 39 448 327 277 3146 2562 428 429 2425 1188 7628 7911 1666 1667 936 3459 757 2501 2615 7201 2225 656 3872 3738 3244 4382 99 5441 438 286 1076 782 3148 1811 1481 5339 3569 2930 1012 7912 7913 2907 431 794 6194 7798 971 1609 290 844 2918 3494 1888 7914 5508 5761 2367
2124 7915 7916 1375 1978 2136
2125 5200 7917 1800 6627 5181 1693 2105
2126 6025 144 7918 3712 4161 1519 3207
2127 3948 1324 7919 7920 1284 3314
2128 478 2643 2275 7490 5767 237 7343 7802
2129 1446 4228 7921 6957 7922
2130 7923 2094 417 5088 5498
2131 7924 1807 160 5873 5220
2132 3012 4843 3962 7925 7926
2133 7927 7019 3512 312 5314 2385 2306 2688
2134 7928 7929 7930 5823 1934 7931 314 1845 7795 7932 7933 7934 3910 6086 4155 3483 2262 6084 4842 636 6770 3481 3597 7935 4819 3482 3598 4843 7936 3721 5813 6085 3720 3831 6818 7937 7938 4983 7939 5138 7940 7941 4982 7942 7943 7944 3018 3022 6693 2014 7945 7946 7947 7562 7948 7949 7950 7951 7952 7953 7890 1791
2135 650 4490 6828 1032 394 7954 2745
2136 1742 5700 678 3915 5382 690 5935 271 753
2137 1840 70 6489 6171 834
2138 3803 7583 5947 7834 799 5481 682 7955
2139 2631 709 1122 737 4699 4515 7956 7957
2140 7035 7958 5856 7959 7960 556 7883 6088
2141 2536 2332 2860 7961 7962
2142 1039 666 7963 4416 134 4228
2143 488 5329 2191 5170 105
2144 6507 2295 1894 7526 1691 7964
2145 7965 2816 3012 1876 1158 7966 2553
2146 7967 4111 528 6162 662
2147 7968 7969 5955 7970 7971 2993 2995
2148 1122 4376 1419 7972 1196 2469 7973 5 2939
2149 2419 7974 5168 7975 7976 5649 7977 3688 639 2171 6852 2355 2746 2131 2747 2065 991 7532 5377 3104 1461 1582 122 2806 2138 2139 4234
2150 7978 1180 2538 394 2540 560 25 2260 18 2218 7979 1939 3103 4515
2151 49 468 486 3563 192 5822 7884
2152 783 7086 977 1408 274 6334 277 7980 3162 2359 6174 2482 151 7981 1231 438 400 812 415 1076 1077 2075 7982 258 416 7983 6331 7984 7985 7986 370 2312 6236 5611 182 6493 7049 1584 2084 3923 4126 413 3734 6096 4046 918 3204 6058 3925 4827 359 7987 6594 322 1776 1060 1881 920 2129 5651 6978 162 7988 3696 5228 2111 281 7989 2229 3343 3468 2699 6750 1249 683 924 4338 3698 3421 7258 5534 7990 3464 7817 7627 6751 6532 7171 4092
2153 1669 217 1194 2761 1481
2154 7991 7908 7992 571 572
2155 769 715 6703 6463 7364
2156 7993 7083 2745 4270 5106
2157 4575 3939 1079 7994 549
2158 6371 4575 4243 2332 1085 7995
2159 7996 6188 7997 7998 4911 7999
2160 3752 3993 1889 303 388
2161 6430 8000 8001 5385 5232 2079 2697 1317 8002 6667 609 6256
2162 4244 7149 2909 1284 4248 4838 6324 8003 8004 8005 8006
2163 8007 8008 90 4523 3197 4193 3746 1143 2727 2733 627 8009
2164 8010 7035 7953 8011 7033 8012 7036 8013 6906 7418 8014 7037 8015 1130 5856 1128 7389
2165 8016 2208 8017 4060 8018
2166 2574 583 2573 2267 1978
2167 609 8019 375 2697 8020 3083
2168 1471 3094 8021 8022 3611
2169 1970 1408 806 446 8023
2170 7797 1844 651 3954 8024
2171 4390 8025 8026 2613 526
2172 8027 8028 4695 2351 4693 8029 8030 2352 4697 8031 8032 8033 4691 8034
2173 1745 5661 3069 2318 1966 318
2174 3809 8035 8036 2987 8037 8038
2175 8039 7902 8040 671 6459 61 8041
2176 8042 6964 2238 450 2684 2612 4888 2218 5564 7298 5515
2177 8043 5225 8044 7262 1599 1742 5226 105
2178 374 4224 5581 5439 1257 7081 2762
2179 6538 8045 4116 1920 8046 3413 375 6236
2180 90 8047 1548 1808 1335 1576 2901 2159 7271 4004 139 6844
2181 4552 8048 3994 2816 8049 8050
2182 658 8051 3474 8052 3512 8053
2183 6810 6603 3171 8054 8055 6551
2184 5449 4027 2311 2544 1702 407
2185 785 8056 6334 3543 3160 4673 5561 5710 3029 5366
2186 8057 8058 2523 803 8059 7441 1970 7313 2003
2187 98 3261 3262 8060 1296
2188 8061 355 3149 5512 463 7954 714
2189 1955 4112 1691 1689 8062 3297 5700
2190 33 4446 2402 8063 149 485 8064
2191 303 3429 6693 8065 5562 5260 8066 3975
2192 7103 3592 7062 4889 8067
2193 4947 1834 5823 7644 3120 3305 4373 6422
2194 1161 6498 7175 8068 3995
2195 8069 8070 8071 7094 1526
2196 8072 4416 1247 5654 2227 3588
2197 660 6705 1882 3090 4551
2198 5725 486 4383 3351 4683 2098 6075 8073 6794 300
2199 650 2285 901 6607 8074
2200 1970 5915 291 1916 1133 3090 3091 8075 2917 6826 2544 1702 7879
2201 7469 453 1196 7471 3631 758 5402 1026
2202 650 4490 2234 2204 443 3341 4274 4273
2203 977 6119 8076 8077 8078 8079 2507
2204 2641 7147 8060 879 6382 4055
2205 1471 4336 2304 448 4003
2206 1321 1798 79 8080 1196 4069
2207 5776 7809 8081 1498 3118 3025 2023 6914 25 5491 8082 5660 1112 6916 5495 8083 821 8084
2208 1661 953 360 169 364 8046
2209 4869 2655 2656 6671 1411 1879 99 1742 8085 5749 5260 2238 3905 8086 5160 7189 8087 6451 4585 8088 2756
2210 304 89 1541 1970 1903
2211 6025 259 7778 356 3444 145 5631 504 6257 6839 7367 7257 5228 4049 6247 3582 758 3168 1651
2212 876 1167 1 468 1938
2213 5862 2093 4069 2005 872
2214 1159 4349 2183 5262 3390 8089 5270 8090 8091
2215 6491 1098 5058 3651 5091 8092 2824
2216 399 428 165 1164 4836 5714 3890 2929 8093 2454 364
2217 4165 2122 3337 7778 2124 4046 4031 4587 6058 105 2128 427 1310 5619 8094 1566 2661 1369 2111 6311 3613 4337 2926 2398 3586
2218 2794 7480 8095 8096 5822
2219 2359 3742 7456 468 8097
2220 1246 8098 2628 3160 8099
2221 8100 7018 2100 1523 8101 8102 1524 7869 1940 1709 8103 8104 1680 928 5989 927 7074 1682
2222 8105 1330 8106 1484 6937
2223 4380 6545 6546 1543 8107 8108 3072 2922 674
2224 4198 1607 8109 3744 1995 8110 272 2513
2225 1481 8111 2259 4773 3280 3462 6164 1584 3998 1953 8112 7908
2226 2502 447 6005 778 2812 4 1302
2227 3371 5890 1414 1925 4517 3351 2257 486 3269
2228 6705 8043 591 3481 3598 7288
2229 1742 403 5657 5971 2388
2230 8113 969 7875 951 1192 4112
2231 8114 4204 2837 934 155 2518
2232 7844 820 8115 350 4864 6219
2233 7315 8116 889 1600 3620
2234 238 4420 3285 8117 5924 7026
2235 8118 6765 3101 8119 3300 4106 5817
2236 3628 8120 4948 343 4631
2237 338 3380 7441 1702 6025 589 8121 8122 8123 1208 1718 4308 8124 397 2290 2529 7965 7464 2047 7000 3144 6089 2582 4968 2530 5779 6405 4441 2649 396 4914 315 8067 7251 5197
2238 1180 8125 8126 2015 8127
2239 8128 81 5956 3312 659 7734 5418 3680 92 82 210 2796 6019
2240 211 799 8129 8130 3174 842 3305 8131 8132 1600 874 1627
2241 3382 8133 1470 2251 1 1446 325
2242 1657 288 5458 6386 2655
2243 1288 6020 7187 318 4934
2244 8134 417 1800 4937 4823
2245 2779 3845 8135 2018 6731 8136 8137 3666
2246 2097 2098 308 8138 706 1681 669 7073
2247 8139 8140 5630 4813 8141 4686 7784
2248 370 665 1307 983 5193 6591 2744 265 6933 8142 4277 4661 4505 5819
2249 5165 3195 8127 2027 2104
2250 5158 4432 1301 8143 5963 8144
2251 723 7271 1036 8145 8146 3428
2252 4328 5352 3532 6459 1726
2253 1033 5332 7346 1070 8147 338 61
2254 3465 4937 445 446 8148
2255 1523 3263 1683 6398 8149 5435 8150 5436 307 1687 1828 8151 7072 3386 7071
2256 2563 8152 936 7620 3743
2257 354 7364 1805 6880 2354 8153 8154 8155
2258 6217 793 4192 8156 5543 2938
2259 6186 440 1563 97 2620
2260 7258 391 8157 120 481 52
2261 428 2371 3734 5176 947 2501 1881 92 2934 211
2262 8158 4083 3655 5332 4981
2263 2780 8159 2084 329 8160
2264 79 1355 211 794 468 1207 4533 5475 4555 1414 8161 7296
2265 8162 353 6710 2262 5051 8163
2266 1966 2595 8164 8165 7136
2267 7561 3660 7253 1934 7936 1734 4473 3814
2268 4786 756 8166 2922 7411
2269 7559 8167 4930 6362 317 8168
2270 8169 3074 3859 623 3454
2271 92 4515 2585 8170 4648 4793 3496
2272 5680 8171 5432 2084 1826 8172 2709 3091 3588 3666 1409
2273 5255 8173 6849 5256 8174 5253
2274 7113 8175 976 1879 255 8176 1661 8177 432 8178 8179 5211 4917 1678 8180 7983 3997 7653 1523 2120 2121 2815 4166 8181 5091 2433 1793 4649 5006 4335 6058 1067 3728 358 6244 2127 3205 2545 4314 503 5287 8182 4653 8183 2309 6195 2748 6933 2750 1869 3104 6233 6794 7436 3711 364 2874 4506 3586 2756 4338 3421 1650 5407 4400 2144 2145 3498 285 2149
2275 1253 8184 8185 3797 7127
2276 8186 150 1207 152 430 5585 8187
2277 4960 1301 99 5266 3628 3975 3704
2278 8188 2471 1880 8189 6794
2279 8190 1251 3776 3666 8191 4627 6363 2533 3500 8192 4864 1843
2280 8193 4884 8194 5040 8195 8196
2281 5764 379 8197 7709 2730
2282 770 8198 8199 1469 8200 6164
2283 7109 5823 5747 7002 8201 8202 5813 8203 8204 3481 7485 3915 4927 4218 4162
2284 5771 8205 372 580 5931
2285 99 349 5171 5260 6453 4780 4840 7576 4422
2286 8206 1811 2518 8207 1596 1726
2287 5281 8208 534 687 2911 716 3553
2288 2119 379 812 1307 3619 7778 5375 422 4000 2692 477 1872 4775 4280 4005
2289 4514 399 3606 349 5052 7283 1040
2290 562 4945 8209 8210 8211 7051
2291 2598 504 128 584 2764 2134 84 2229
2292 3778 6413 8212 8213 7648 7341 8214
2293 7498 5509 8215 8216 8217 8218
2294 186 3724 8219 2547 715 8220 6101 8221 7242 3041 2160 361 6195 8222
2295 6886 1032 8223 703 1718 5184 8224 8225
2296 5675 4560 8226 7270 5071 8227 8228 3599
2297 4886 8229 2635 1963 8230 3301 7413 2728
2298 2862 4733 8231 2964 2965 3255 6861 2983 3656 3582
2299 2132 5450 8232 2915 6376 8233 6684 7244
2300 1758 2643 1756 808 2503 879 2637 881 1201 481 8234 4866 4965 7149 5638 1799
2301 2677 3564 8235 8236 590
2302 1565 6602 832 3504 1710 2645 4507 1846
2303 5378 1033 4262 7127 3792 1316 5561
2304 8181 5521 3922 3923 3919 1776 2204 8237 2135 4004 925 853 2144 2149
2305 1359 5584 8238 3069 102 5949
2306 5723 210 8239 5080 2537 215 3331 8240 8241 8242 6557 7007 1325 2887 2401 6885 8243 8244 812 2866 6622 1642 358 7322 4978 442 2248 6839 2044 6056 2689 5800 477 281 718 5570 3167 6164 5092 4090
2307 2071 8245 8246 92 8247 53 5748 3890
2308 5946 8248 8249 7065 839 1253 8250 1115
2309 429 3259 4180 1465 3875 6958
2310 5956 8251 432 7364 1415 8252 8253 3349 6622 3924 6058 3694 3846 2086 678 5016 5289 4655 1461 2751 6781 990 683 4003 364 924 5934
2311 1460 343 230 226 8254
2312 465 3747 8255 1844 1211
2313 6175 187 983 3654 3655 7470 603
2314 2975 7965 5966 1595 3836
2315 5721 6236 5394 3745 1413 1012 7530 7510 2 3000 517 53 2608
2316 1375 5045 4934 2698 1292 2724 1097 1092
2317 3577 1057 8256 8257 1046 2472 7874 2161 8258 2632 4237 1811 1014
2318 210 7442 6399 2895 2723 8259
2319 8260 5227 4231 26 5308 1237 7766 5992 1071 2170 1382 8261 2754 8262 3115 5282
2320 8263 8244 394 1087 8264 8265
2321 8266 2062 8262 8267 3991 1301 6498 8268 5233 7552 1867 628 8269
2322 5965 3953 2911 2820 2598
2323 2732 5257 8270 4206 4201
2324 428 92 3244 86 3158 4515
2325 1479 1444 8271 6905 1364 8272 2677 1435
2326 3107 2861 1343 4173 7459 5189 3667 6037 7445 3530 4880 325 1168
2327 3943 5175 8273 8184 5802
2328 8274 1232 2746 1242 990 8275 2399
2329 5443 1742 1718 5052 6011
2330 674 8276 1340 6800 5002 1354 691 6265 1969 7973 635
2331 6007 8277 8278 636 8279 8280 8 1062 8281 5860 6169 8282 1933 1061 8283 6172 8284 8285 8286 8287 7 555 554 1127 5785 1128 1129 1130 8288 8289 1065 557 6173 8290 558 8291 8292 559
2332 294 3255 8293 8294 1742 6755
2333 7193 2980 5895 2890 5222
2334 4808 632 3933 2469 2345 5821 7373 8295 3935 7949 6234
2335 8296 1529 1133 755 4936
2336 6683 3194 4039 1413 3394 8297 7486 2710 4101 5822
2337 5177 843 2431 8298 3454 8299
2338 2928 8300 3564 680 5543
2339 132 6333 8042 2371 8022 4451 1959 803 4743 4483 938 6966 1596 6223
2340 2544 8301 4027 3666 486
2341 6604 8302 8303 3854 3453 2229 3734 2533 1243 8304 7430 6570
2342 4971 8305 8306 8299 4590 3741 8307 3645 105
2343 8308 6828 5903 5762 4293 1046 694
2344 3674 7334 6627 2979 7780 7502 8161
2345 1285 803 5971 8309 1408 1583 3611
2346 8310 1701 3442 300 488 8311 8312 6402 3315 5233 7423 4415 8087 8313 8314 2214 8315 8316
2347 2094 1727 1906 8317 381
2348 1920 607 5081 4490 7728
2349 7892 8212 3812 4299 8318
2350 3689 5797 2746 116 8319 8320 2147 1486 511
2351 1716 7514 4083 8321 8322 1554
2352 1292 7307 1395 7886 2813
2353 7708 2707 8323 753 8324
2354 8325 6024 1120 161 2 5711
2355 637 8326 8327 567 8328 5254 8329
2356 2378 584 2821 1452 4287
2357 2116 946 3111 2170 3518 5752
2358 1523 1033 7576 6098 4463 3905 4362 8330 8331 8332
2359 709 80 5969 3389 1673 844 8333 7293
2360 8334 8335 3955 3564 1333
2361 2787 2791 5172 3354 3521 7084 257 2575 4262 4286 2744 2287 302 5288 4940 3519 6306 2752 6109 6781 954 955 3168 2756 4881
2362 4586 8336 3471 4304 7334 8337 3082 6521
2363 2797 385 3530 1329 894
2364 8338 7631 8339 1413 8078 5526
2365 5955 8340 3888 1196 8341 1394 8052
2366 1708 89 8342 7869 308 8343 7063 1435 8344
2367 1120 768 2600 6164 5613 8316
2368 8345 8346 7682 6668 8347 6851 2650
2369 8348 2040 3798 64 8349 8350
2370 5538 303 3705 3975 1609
2371 20 3563 2931 1518 1608 2425
2372 7127 8351 1978 2267 3031 1537
2373 5371 8352 6309 8353 5052 3264 1430 5025 5083
2374 3318 6389 1289 2501 1800 3934 8354 2257 3244 6790 3226 7510
2375 8355 8356 5906 7534 4509
2376 4106 1678 149 1294 170 6958 5808 264 8264
2377 6054 465 8357 6877 1728
2378 5681 193 1378 2952 2283 8051 3532 581 3087 7528 1232 8358 8359 300 2124 3923 116 3405 5274 422 3689 5797 8360 360 1317 1578 3690 7697 3730 5375 302 691 2924 689 1249 8361 5327
2379 1766 2709 2539 8042 2161 6054 1180 148 8362 2111
2380 1228 2917 4938 8363 7551
2381 7987 181 677 3584 282 1573
2382 6411 186 847 8364 8146
2383 4517 777 8365 2800 1223 5808 626 690
2384 1599 632 8366 3351 4862 367 368 8367 8321 8368 6113 8369 608 1046 1328 609 5123
2385 1775 8370 79 446 8371 943 2044 748 841 4402 6623 4079 155 367 1718
2386 941 7683 519 1640 6179 8372 3908 8373 6730 8374 130 1987 458 459 4669
2387 3979 8375 303 116 2180 4360 8320 3978 3987 4363
2388 841 4252 2581 8376 8377 707 7246
2389 2911 1603 609 6938 106 8378 8379 2697 8380 984 2562 2437 130 1613 6580 8381
2390 1029 2678 795 4216 34 3734 6798 533
2391 2864 2008 8382 4950 2907 799
2392 3759 8383 8384 7049 754
2393 2189 2191 7051 8385 698 6693 8386 8387
2394 8388 705 2370 1033 2372 703
2395 7392 2637 5628 7184 4141 8389 432 3153 5080 519 8390 3376 8391
2396 7738 8392 2622 8393 8394 8395
2397 465 5639 1276 5465 5466 4645 4243 8396
2398 7162 5397 8397 4568 2261 8398 1281 4605 379 1477 4080 1237 8399 683 284 4881 2388 926
2399 2126 1998 8400 6413 1599
2400 2907 79 983 435 3918
2401 6569 2332 7422 5635 3170
2402 6925 1428 7809 4950 4154 2193 2571 8232 1921
2403 1180 5988 669 8401 7071
2404 8402 2504 8403 8404 3158 1184 3759 7253 8405 8406
2405 1680 1679 8138 1709 89 2098 308 2151
2406 3243 4588 8276 640 4512 637 1154 5808
2407 4407 7095 3233 8407 8408 7955
2408 290 6932 4945 370 2725 1120
2409 8409 738 1775 2333 8410
2410 6616 8411 4848 412 8412
2411 5334 5359 4067 6011 1274
2412 8413 8262 5358 3024 91 8184 8040 3806 8414 8415
2413 4547 777 3097 3634 5055
2414 8416 8417 8418 8419 7379
2415 2604 8420 8421 8422 8423 8424
2416 8425 5703 5260 8426 8427
2417 2895 6141 6974 5722 4670 8428 3593 8175 2502 8429 2645 6933 3343
2418 6662 2986 5701 2697 1745 8430
2419 2085 2396 3338 7852 4050 4269 5013 3423
2420 969 8125 3873 8431 8432
2421 8433 8434 778 354 3386 408 6569 4385 753 7477 2510 4440 5943 1297 8435 4194 6977 8436
2422 4245 8437 6900 8438 6519 8439 5681
2423 1180 6664 1256 8440 8441
2424 4320 785 4083 5043 1275 3820 1057 2 1342 5719
2425 8442 8443 8444 8445 7179 2231 6821 8446 8447 6319 384 8448 8449 1449 6044 5657 5658 2337 7198 3009 3078 6670 2261 2996 3013 1739 1738 3650 5864 2997 2998 819 2992 817 2999 8450 8345 8451 8452 7682 6218 816 6664 6709
2426 8453 83 947 1515 8454 2 1646 7642 8455 6307
2427 6025 514 3116 2173 1309 6261
2428 99 8456 3901 1614 1298 5358 488 367 8262 2062 7514 8457 8306 6738
2429 92 8305 8458 1262 6029
2430 1385 8459 3994 8460 8461
2431 807 192 8462 962 6063
2432 4889 582 1999 2670 2204
2433 4158 2446 3509 1979 583 6228 456 5603 2833
2434 736 8463 5040 1496 2053
2435 7871 528 167 318 79
2436 1958 464 3612 8464 8465
2437 5074 6345 8466 2456 5478 1774
2438 6471 5688 778 2011 8467
2439 3627 5946 3259 6136 8146
2440 804 8468 4817 6286 8469
2441 2776 8470 8471 8472 5315 8256 4723
2442 3285 8473 343 8474 1715 2190 7060 3536 4420 242
2443 808 2329 1947 645 8438 7761 8475
2444 2008 7247 2261 2739 3950 1056
2445 1854 4463 3704 4443 8476
2446 6441 8477 7624 521 8242
2447 4586 3871 5402 6297 1180 8478
2448 1033 8479 6608 6933 703 5306 1432 263 3701 8480 2354 5510 6130 2651 4276
2449 5693 3108 703 1168 1220
2450 1756 879 8481 481 2637
2451 8482 6564 1201 8483 4396
2452 8484 5861 6402 8485 8486
2453 300 105 460 1843 6742
2454 4420 8487 1854 2323 3961 7052 8488 4444 3979 6651 8489 3985 3975
2455 1886 8490 7188 2562 785 3028 8491 2767 2588 4047 3581
2456 3065 8492 2604 148 292 8493
2457 803 1289 2501 5745 318
2458 6250 785 602 3190 6920 3269 8126
2459 773 1549 311 1338 2447 650 5115 4849 577 3317
2460 8494 379 356 2433 4262 2343 758 4878 5021 4276 4661 5993 7626 284
2461 1612 1920 303 4840 394
2462 2209 320 2111 90 1867 94 4099
2463 4587 3021 8495 8496 8084
2464 1701 8497 4170 641 3052 3704 1891 2537 3480 4842 1892
2465 8421 8498 3279 5687 1444
2466 8499 5509 354 2801 8500 5418
2467 4209 2697 2439 5813 5784 5787 7092
2468 310 1180 2010 6419 2216 8098
2469 7071 7072 703 5437 5435 8150 5436
2470 8501 1292 2698 5451 6150 3710 1661 6550 609 296 1196 6493 2248 4817 161 758 777 1343 1273 1769 2628
2471 8502 290 8503 5607 7660 8504 374
2472 2185 8505 4726 3440 2186 2187
2473 3116 2123 3923 7084 3552 6724 950 8418 1570 955 4776 2141 2142 4052 4881 3714
2474 2501 81 1413 8506 1272
2475 4877 6068 8507 2581 6045 8508
2476 2655 368 1882 8297 1060 3368 3690 517
2477 8509 8327 6734 1180 6512
2478 8510 5034 8511 7960 556 8512
2479 846 448 20 2343 3383 2204
2480 226 1260 2661 7184 8513 2168 4637
2481 5276 1523 8514 2151 8515 8516 308 1113
2482 1911 4290 8517 8518 4791
2483 666 3010 2853 1520 7306 4341 8519 8520 6849 5556 2450 28 6687
2484 2395 5091 1510 1644 1511 3929 4002 282 8521
2485 1355 1774 1045 3945 5563 2161 127 4531 709 8058 5744 8522 3113 4737 8523
2486 928 4669 8524 8525 4947 270
2487 2659 3992 2281 4960 5647 8526 5575 4961
2488 4146 1140 8527 4495 7000 122 1718
2489 8334 497 504 8211 508 911 8528
2490 1116 7464 8529 2990 6089 7131 5823 4441 5779 8353
2491 8530 8531 2264 8532 8533
2492 2168 1477 3407 1514 3729 921 680 7454 7791 5230 6061
2493 8534 1132 667 8535 203 8536 868
2494 8537 8538 5638 933 1287 8539 432 5678 724 6719
2495 4951 3445 4082 1235 2690
2496 8421 846 2175 2581 8422
2497 1175 1176 7557 7556 7558 5736
2498 8540 5590 4046 6233 958
2499 1120 3620 2282 5797 3203 3689 4735 1312 7815 4051 7436 1571 1243 5282
2500 1256 2635 6448 8541 8542 8543 6291 8544 4234 2136 8545 8546 8547 1563
2501 8215 2584 2196 8548 6399 8025 5545
2502 8549 8550 1297 4726 3440
2503 8551 7976 898 4028 2446 4815 8424 4293 7000 1291 8552
2504 6743 1654 1277 8553 1658
2505 808 491 1285 4765 8554
2506 1232 812 3116 1642 5811 917 4227 500 7854 3113 6869 3691 3114 2900 3730 3228 7214 950 4184
2507 1471 4027 8555 2933 4070 2504 8556 8400
2508 7167 8557 4375 4715 8558 8559
2509 8468 665 889 2119 2868 5611 5066 5168 186 424 4046 1894 6058 7987 6244 1511 609 3919 1881 3581 4266 3206 162 2111 8560 5010 3931 680 691 1569 5229 6825 7436 3342 2141 683 4338 6444 3464
2510 12 8561 1151 7356 6968 1152 1153 7357
2511 4321 5678 1288 78 2850 2887 3918 3919
2512 8460 5798 6242 7680 3550 2194
2513 4729 303 8562 388 2192 1891 389 1892 8563 4370
2514 92 97 8564 5982 8565 4935 2689 7973 4549 291 7699 6295 573 440 5799 2518 6895 2694 8566 162
2515 8567 4895 8568 6849 3512
2516 6654 3249 8215 5253 4677 1033 76 5993 4272 22
2517 102 912 949 4 2621 7567 1010 2069 7282 2018 85 2268
2518 99 1609 1701 1854 8488 1524 308
2519 1855 435 4233 4501 6058 8569 920 3692 5356 265 6936 5286 1569 2731 953 8570 284 3043
2520 6554 8571 4581 5107 560 6259 5949
2521 667 1671 2427 8124 8572 642 7338 591 922
2522 202 6046 7178 5609 6311
2523 2072 8573 8574 46 3830 8575
2524 7893 4884 8576 2894 6966 1418 1918 8248 1197 8577 1266 8280
2525 1742 105 8578 7600 8579
2526 5277 705 6776 2372 5434 308 2096 5988 2152 2098 669 5481 7955 1523 2370 3516 6599 1684 8151
2527 4903 2982 7579 8580 21 8517
2528 3134 709 3238 7917 2341 5125
2529 8581 472 594 417 632 2603
2530 2985 2446 1435 8272 8582
2531 1052 4430 5157 1716 2660 8583 1132 8584 2446 1866 8563
2532 8009 8585 397 7794 6127
2533 2295 7497 5948 8238 5949 8586 7462
2534 8587 8588 8589 8590 4996 4997
2535 1529 8591 6897 2212 84 1418
2536 6556 826 8592 6014 5664 8593
2537 6193 470 8594 2623 1156 8115
2538 6928 2505 5006 8595 452 4767 7697 4048 2134 1113 691 281 952 683 3584 5073 1355 3698 853 8596 1534 6062 6474 5937 132 8597
2539 1321 8598 3385 407 6547
2540 2326 303 389 314 5813 8347
2541 1867 5517 7268 3728 3343
2542 3874 4166 8181 5523 5102
2543 1478 862 7788 3545 8599
2544 3382 105 2311 8600 3667
2545 1078 1995 8601 440 8602 6637 8603
2546 8604 368 1084 5080 8605 2408 79 2637 8606 1287 872 7392 432 1666 6236 428 8607 3934 2503 6334 2501 1188 8535 3159 1667 936 932 7636 8608 3371 949 2865 8609 8610 2224 803 8611 7662 3186 8433 3933 5354 783 8612 3094 8613 807 5353 4116 3532 7165 3891 8614 2709 8615 6295 5694 8616 450 8617 2356 6893 4555 2867 2084 1867 278 7442 6129 7582 3817 8618 983 6835 2394 937 417 4034 5112 8619 5115 7873 8226 262 8620 7766 2567 280 8621 3286 4335 2740 918 4483 6209 5356 6058 676 1894 2127 4511 6368 626 4399 7814 612 423 4651 7446 8622 4546 2128 8623 6594 505 4266 2129 4268 7340 3834 2132 592 4048 5167 2309 2645 678 3102 1113 691 758 5022 689 7589 4658 578 5570 8624 1648 2221 5933 579 8625 4880 5380 2142 3698 1400 4280 2144 4168 2145 5103 4881 1245 2148 2146
2547 1033 8626 8627 5228 8628 1967 2135
2548 2240 842 290 3235 149 5432
2549 754 8629 4243 3463 1483 7049 4067 1584 2078 1316
2550 8116 5546 2391 820 3258
2551 5546 3863 6923 7014 8630 8435 717
2552 3481 3255 8631 3407 3887 7426
2553 8632 8633 6328 4985 4992
2554 5633 4029 8634 3806 8635 1316 5133
2555 5446 723 5773 8636 8040 3131 830 8637 5584 207 373 7039
2556 4416 4636 3953 1333 6843 4068 328 3184 529
2557 2160 5450 3256 734 370 18
2558 4928 4728 1879 256 5227
2559 2084 6237 5430 3727 8638 5752 21
2560 3345 6944 4237 8639 2893 844
2561 1473 1412 3842 4675 1474 8640 1337 3999
2562 3034 3756 1915 6046 2472 2815
2563 3393 455 846 1481 1355
2564 8641 3817 6413 8182 5136 458 2584
2565 7274 1674 8642 8612 4999
2566 255 5722 1310 1235 738
2567 1599 345 8643 6717 5557
2568 8644 1032 519 2002 627 8300
2569 5042 7288 7413 854 1548 5575 1765 4099
2570 1550 1884 610 6116 1963 2598 4666
2571 82 8645 5421 1279 2504
2572 530 6392 432 6222 2884
2573 309 312 316 8646 1542 1961
2574 478 2537 8647 7853 8648
2575 2439 8649 8650 8651 5661 8295 5175 2910
2576 1605 8652 4231 4112 2430 5512 2743
2577 1311 2053 1318 4796 8653
2578 1766 2160 638 6353 134 173 1657 1583 6725 1257
2579 4884 173 5440 2588 203 1481 3160
2580 8654 1118 8655 7827 6818 3454 6341 8656
2581 6793 8293 5795 1676 4323 701 2082
2582 630 4634 2115 2822 4635 8657
2583 4515 182 6895 97 3823
2584 6880 4369 868 8658 4549
2585 1523 705 704 5277 5869 3455
2586 44 8659 6756 8660 8661 7899 6269
2587 211 656 2502 1352 7570 7676
2588 208 8662 4059 417 8663 609 1124 4480
2589 4626 8664 6965 4801 3271 8665 5752
2590 5758 1188 2636 8666 1446 8667 3215 5159
2591 1002 2808 8668 7493 7526
2592 3550 8669 291 5092 4907
2593 4188 8305 4228 5514 8670 8671 3117 8672 5791 4265
2594 3998 2382 2296 2061 8475 4184 746 2541
2595 8673 3194 6319 7981 8674 7613 3745 6044 7267 8675 5656 8676
2596 737 446 2936 4265 8677
2597 2952 7975 8678 767 5195 8679 5180
2598 1721 2385 5256 8680 6014
2599 2544 1702 2706 6428 1963
2600 8681 127 217 666 4752 6593
2601 5683 3365 1800 2795 6752 1333 4193 3430 2065 8682 5122 3502 2686 7806 680
2602 8683 1639 8153 379 5766 1066 984 4231 5091 1234 945 1236 4909 1067 1237 5007 5008 946 3338 1317 5535 2173 504 3729 7417 425 3228 1382 8684 1581 1312 1074 8685 267 1388 1522 2289 3847 5011 2924 3931 6306 4050 5022 2484 4269 4879 2752 987 1075 1567 3166 5171 989 8686 5021 5012 992 594 4279 365 740 8687 1652 997
2603 724 345 5439 2916 8688 750 4259 8689 2576 8690 8691 22
2604 171 453 8692 1510 90 4228
2605 762 7081 8693 3589 8694 2160 846 6425
2606 8695 2914 295 499 2742 3338 1070 2768
2607 2662 2190 8696 3989 8697 1891 3704
2608 1295 409 8246 2301 7936
2609 7219 6545 1352 667 1197
2610 5598 1952 1307 8673 6860
2611 7472 8698 983 5978 4073 2454 8699 7670 8700
2612 2427 2001 1555 8585 5864 3014 4542 6664
2613 1661 319 4086 3345 1848 6332 4689 529
2614 3628 3757 2168 8701 8702 2365 8703 8704 5112 7646 6209 3504
2615 8705 6312 1178 1177 1179
2616 4466 2259 1066 4562 7539 6287
2617 7051 2446 2062 5233 4421
2618 8706 2235 8707 7275 8708 5867 6297 6296 25 4191
2619 1291 2798 8709 8710 3364
2620 6828 287 1032 2005 632 615 3931 6429
2621 3801 8711 1320 2304 8595 8712
2622 3886 725 1856 4952 4948 6548
2623 8713 6251 8714 7922 7213 8715
2624 8356 6439 8716 6067 6314 8717 4483 6712
2625 3312 6697 8718 8719 4172 1089 8720 4108
2626 2595 4271 2083 8721 572
2627 3218 632 752 2502 602 5857 448 3222 1416 7255 6841 1709
2628 5807 4975 1775 2502 4502 796 3564
2629 7604 8722 1375 6250 5773
2630 2191 3158 8106 2199 8723 4744 8435 1301 1833 3146 5561 3442 2691 8724
2631 3997 7693 8725 338 8726 203
2632 7720 2365 8703 8727 2115 2822 8657 1141
2633 3680 3895 79 3935 5128
2634 2529 6473 1189 8728 874 7258
2635 1018 3 8501 8338 8729 8730
2636 517 1114 1662 8731 3732 2899 909 8732 2126
2637 1743 5077 5078 6602 5155 1803 8733 6876 8734 7147 3312 1934
2638 144 5521 3730 1896 5229
2639 2525 8735 8736 4502 4582 5992
2640 6388 1074 8361 4655 271
2641 705 1708 928 1682 5276
2642 247 215 1321 1718 4926 2501 6976 1 609 6255 579
2643 6085 6086 6084 4155 4544 4572
2644 8458 8737 2301 144 8738 2299 4512 637 1090 1943 8462 6722 3566
2645 3585 8542 3342 283 3949 8739 3697 4300 8740 4225
2646 8741 4757 4601 8742 995
2647 2097 8743 5981 5047 8744
2648 6875 6200 6051 8745 6458 8746 1992 8221
2649 3255 342 374 4737 8747
2650 1775 54 144 648 6438
2651 8748 1615 1928 2793 2911 735 6985 797 7838 842 7097 2240 3055 2654 1807 3925 7049 8749 8750 322 1776 6441 8751 8752 1662 781 4125 8753 5220 37 4299 3379 8237
2652 782 5080 8754 932 8755
2653 863 5005 862 5665 865 8756
2654 8757 8758 325 3290 3333 2989
2655 3061 7392 842 428 92
2656 8759 8577 796 5093 5812 1556
2657 3372 2298 667 5338 6523 8760 105 777 1267 7602 8761
2658 2637 1189 5042 5667 2893 6755 5763 7764 8762 2031
2659 8763 8764 2937 1439 3649
2660 5418 5628 3215 4368 8297 1014 8765 7802
2661 8181 3435 3518 1071 739 945 5007 1510 1516 1074 270 998 8766
2662 5883 1311 4036 1652 6938 1319 1653 2911 4038
2663 5306 3386 2762 345 1796 2446
2664 8767 8768 829 303 304 3429
2665 4202 5275 8769 3199 475
2666 8089 8770 8771 3084 3455 3423
2667 884 1545 5416 5415 8772
2668 2510 8773 8774 5015 851 4918 8775
2669 3683 495 1382 3518 7437 4776
2670 7329 5722 8776 5298 8777 408 7568 4179 2317 2318
2671 5582 773 401 3666 3848
2672 2385 792 8778 1721 17 6688 6689 1972
2673 5569 1079 1898 1333 672 1795 936 5441
2674 4126 1529 8779 3062 4039 5440 2074 3348 1414 5569 173 8780
2675 2452 7187 2708 5300 8781
2676 3256 3173 806 8782 676 2235 1097 4588 3357
2677 8255 5537 1008 8783 1840
2678 4466 155 4555 1225 8784
2679 8413 1832 8785 1811 2698 4138 938 932 5841 1661 1188 2933 846 8786 8787 6015
2680 5904 2808 1335 3611 438
2681 8788 1930 1204 5966 2037
2682 1032 2581 8789 7093 1523
2683 2366 3665 8601 120 8790 2195 5362
2684 86 932 4241 1583 8791 1052 8769
2685 8792 1709 8793 1033 8102 1681 2100 6856
2686 8794 5705 3044 128 8795 1984
2687 8796 1330 1206 8797 8395
2688 1879 783 4937 2068 7632 7039 6861 6507 1903 5311 394 2005 149 6380 2065 8798
2689 7828 7648 8799 4615 3066
2690 8037 456 7868 62 367 122
2691 3577 438 5357 3717 4768
2692 4355 4421 5269 3704 3495
2693 3753 322 1455 79 6876 5715 1081 3817 2598
2694 4537 2246 7938 6425 4507 7070 1886 2427
2695 650 1286 8800 3275 20
2696 5836 3574 4581 8303 3710
2697 6453 5893 6286 4433 3254 8801
2698 8802 5728 2774 8803 8804 2218 8048
2699 3263 667 4483 4532 1834
2700 7565 7896 8789 4436 4438
2701 8805 8806 5846 2684 8807 4599 248 8808 8809 8703 2365 265
2702 3240 446 1228 5800 7073
2703 8810 262 3255 8811 7423 6018 400 8812
2704 803 936 286 1223 8813 1922
2705 5604 6398 5459 3029 2875
2706 2871 678 2229 8685 4113
2707 6163 2042 1196 577 7444
2708 8814 1342 2388 2044 6665 5561
2709 2161 7831 1408 7002 2295 192 6686
2710 967 3328 8815 4817 1295 2065 8816 6892
2711 5463 5328 6955 3633 7102 717
2712 2438 1166 2079 1864 6741 2354
2713 4031 799 1741 2460 3250 1023
2714 1373 208 3180 1863 8817
2715 8818 1507 3403 23 5812 3027
2716 2539 3504 8819 1710 4440
2717 1289 5764 379 186 4177 7386 7477 1413 8820 3025
2718 8505 5198 6572 1306 7005 6416
2719 8071 2056 8821 4594 3845
2720 7498 1452 8822 4525 89
2721 8419 1119 6773 1394 4546 3666 6164 8823 8824
2722 4184 2224 696 947 3931 4050
2723 2224 6616 806 446 132 3146 352
2724 232 1287 8503 5909 1293 4492 964 8825 8826
2725 3351 865 8756 868 2338 2254
2726 3132 131 5940 3946 2782 710
2727 8827 8587 105 3680 7343 439 4502 4441 7465
2728 356 2572 3039 5008 55
2729 394 846 335 3884 703
2730 8173 4606 8828 8829 3723
2731 2476 8830 303 3044 4036 8831
2732 2021 502 6779 1310 1074 2399
2733 8832 8063 807 8833 3795
2734 3724 5192 1772 6888 2416
2735 1408 4671 5892 2978 4800 7978 8834 8223 2686 8835
2736 2715 4511 8836 1556 2127 1557
2737 8837 6667 4897 6707 2986 5052 1251 5181 3039 904
2738 8838 846 7374 2502 5314 2607 8796
2739 8839 2319 394 8840 514 5672 6998 259 8841 628 3281
2740 8842 6771 3689 1140 6978 7631 2065 8843
2741 6879 8844 4904 4083 2165 4771
2742 6697 8845 7897 3230 8846 3119
2743 1481 2065 8847 5982 2344
2744 785 7873 3562 1800 8848 8849 1583 8850 5054
2745 3163 8851 4116 8852 3160
2746 842 2466 264 3823 3836 4828 8629
2747 255 2332 1472 1232 674 259 2430 3685 8853 5512 676 422 4001 3620 452 2742 1644 6388 758 3926 7851 4048 1111 679 5228 1872 122 1570 3420 579 363 578 5380 3873 2628 8854 3421 6904 4280 2144 2145 6249 8855 2149
2748 7004 7005 8856 3931 1275 1561 1348
2749 2500 5676 3160 844 3736 8857 6624 207 8858 789 717
2750 5608 8859 8860 8861 8862 1551
2751 1188 5914 5388 7655 3215
2752 8863 2796 5114 6569 60 239 136 216
2753 8864 2298 6559 1996 1742
2754 5342 3290 1763 585 109 5101 8749 286 1844 1281 3269 4040
2755 6536 109 7526 7127 21
2756 253 171 4297 4456 1795 8865 3743 774 4186 3563 8866 569 8867 50 670
2757 703 1940 2151 8515 3793 7073 5278
2758 2792 5073 2008 8656 2003 2455
2759 6565 4489 3617 1642 456 900 1117 3866 5832 4650 1069 3552 3112 4651 3846 3412 6388 2744 3690 2435 3691 4568 5008 426 2988 3799 2871
2760 8868 5480 8869 8870 8871 936 2225
2761 4667 1726 5196 1629 7405 1482
2762 8872 1213 1695 8873 1085 1694
2763 3997 1970 8837 1321 2616 354 2498 8874
2764 714 394 2446 6547 2126
2765 1523 1503 8875 192 2452 7568 8876 303
2766 6423 4828 8877 8878 1689
2767 2216 4818 8432 8879 8880
2768 8881 6777 3807 7073 2098 669 8101 5434 706
2769 1796 846 778 168 8882 8883 574 361 8011 2264
2770 8650 6120 8015 8884 3701 8885 8886
2771 5798 3177 3413 403 6772 4397
2772 1355 780 6231 3250 2006
2773 2916 4828 677 2905 1637 4010 930 1362
2774 3385 8887 4465 1807 1228 3694 8888 8889 3635 1826 4070
2775 8890 8114 8891 326 3569 97 1601 3697
2776 6334 8892 8893 8894 8895 8896 8721
2777 6004 1952 8897 2030 2905
2778 5785 555 6087 6088 6907 5783 554 6083 5788
2779 959 8898 6759 911 8899
2780 781 79 8900 6241 1600
2781 4126 3497 3533 446 1563
2782 6157 1422 8092 2901 8901 8165 2919 1053 6024 8902 8903 8057 1920 1733 8904
2783 3255 787 4887 8905 8906 4288
2784 8907 1385 2996 1086 1087
2785 5340 2240 8908 1592 8328
2786 3351 8909 6209 862 345 863 8910 446 4946 6634 7647
2787 5177 8367 352 1420 662 8232
2788 2905 8911 8316 2058 5993 1541
2789 6679 2652 4342 3117 6089 5786 5782 8912 5034 1148
2790 5307 7735 4178 8913 2234 5664
2791 1908 1599 6987 8365 1364
2792 519 6648 1635 5543 849
2793 7838 7839 1355 1060 8914 1766 2728 4381
2794 438 1886 84 2642 3680 5914 2563 1198 808 318 1605 428 7106 210 3163 148 141 81 432 8915 1197 8916 3436 4161 1879 303 379 389 390 393 8917 6943 3374 8621
2795 3132 215 227 8918 5443 785 4848 7042 2320
2796 4500 5965 3953 1165 2541 3819 8919 7282 6386 8920
2797 7145 8921 4806 3661 8252
2798 8922 5170 1854 2189 4426 2190 8562 2192
2799 2561 2445 8923 8924 1109 8925
2800 1180 632 394 8215 6245
2801 1753 1718 8714 4020 8926 21
2802 294 8927 8752 2446 1612 1863 3269
2803 8928 3745 7587 8929 549
2804 709 3388 341 8577 5849 2916 569
2805 3801 2807 1747 2472 3649 413 8930 4708 6866 8202 2502
2806 8931 1285 808 8932 2275 8933 7571 8934 8935
2807 8936 4192 7777 2044 8937 6981 7293 5197 8938
2808 8939 523 343 55 6446
2809 8940 3616 2735 468 8941
2810 7733 7813 2433 5224 254 918 6738 3691 6934 1582 1871 4280 4881 1245
2811 1052 1057 1415 1465 6019 1769 8942 3827
2812 8943 5949 3427 5127 61
2813 2740 8944 2900 2103 5196 1951 2653 7701 6690 4240 1332 5831 4332 7501 3228 8945
2814 400 783 5045 3038 2248 2347 6078 1599 8946 6344
2815 77 7915 3324 335 3771 2832
2816 4945 1373 2544 2917 8947
2817 1460 2294 1613 2 7437 6305
2818 2877 2868 672 670 2454 8948
2819 1175 2406 5735 1176 5736
2820 1796 2161 1474 3748 3749
2821 1283 783 4580 8949 8950 8951 519 8952 875
2822 609 1718 7486 8953 8954 8955 7835 3297 122
2823 970 962 1272 448 3769 1451 3120 262 7977 2626 6046 8956 3545 2472 2800 712 1553 105 1032
2824 391 1792 1353 8957 8958 8959 7309 3472 2526 5965 3503 20
2825 1863 1168 2581 3403 1164
2826 6238 4762 7017 8960 2251 3026
2827 7378 909 8961 5229 8732 4017
2828 3624 5895 2225 2469 8962
2829 8963 322 757 4040 7106 2111
2830 8964 3261 1156 1605 2637 8965 8966
2831 8967 3141 2600 8968 1189 562 2857 560 6691
2832 384 2261 2997 2993 2023 4130 5659 8969
2833 2044 2010 2011 1938 6834
2834 4244 7354 2356 2791 6944 8970 295 8627 8971 4260 8972 5512 1269 985 6079 156 7383 1965 3102 5382 443 2229 2141 5057 8973 3586 3421 6110 4280 4074 1653 4005 6741
2835 1194 530 4818 1775 370 1662 8974 84
2836 1880 8975 7637 6447 8976 7405 6565
2837 668 4036 448 2003 8977 8978
2838 7203 8979 8980 8981 6361 8982 5999 6000 5998 6002 5997 7542 7544 7208 7543 5994 8983 6003
2839 1278 3936 8984 1207 7401
2840 8985 3980 2190 3704 6827 8563
2841 8695 2067 8986 4517 8631 2885 1164 8987 6243 1357
2842 8988 2760 2782 8989 8372 3747
2843 3400 4738 2168 5375 3688 1237 5985 3407 1514 7854 426 192 1776 800 5931 178 3588 4910 772 3165 3418 4051 4776 282 3473 4338 4279 853 5407 4281 3882 6061 270 1245 4282 6062 6596
2844 104 8990 8892 8991 6641 8992 5454 8993 5453
2845 290 803 808 1138 2460 7718 8754 8994 1375 2661 6867 5643
2846 3188 8995 8996 3904 1879 388 389 390 4356 4367
2847 450 5642 4129 8997 8998 8999
2848 9000 3265 4406 1164 6372 7638
2849 257 2168 8181 5521 5373 261 5006 4001 3406 3689 360 946 3113 505 2746 5193 2343 6388 3011 5007 1579 3911 1645 2730 1870 122 5933 6270 6291 4004 6923
2850 478 3336 3921 2745 4335 3878
2851 5647 1879 187 3403 9001 1718 388 389 5963
2852 2008 5955 506 2697 3504
2853 6484 9002 6279 8757 9003 5993
2854 9004 9005 834 9006 835 6641
2855 9007 3923 7396 2806 6828 632 2960
2856 2661 7324 8411 5010 2731 7815 4481 9008 9009 4051 956 3849 362 999 3425
2857 9010 4742 9011 8619 1742 145 1873 4450 7832 2141
2858 1775 4779 9012 4093 6213 444 5170
2859 9013 6810 3917 4068 7977 1702
2860 2460 3745 4750 5125 701 8130 6539 9014 7413
2861 3755 9015 2116 260 4089 4399 1111 5719 281 3848 122 6291 2756 3586 1651 959 6110 6062
2862 9016 429 465 2426 1018 2383 5045 6703 7320 934 1460 1414 85 6690 2015 8621 368 4027 370 1903 3323 4180 4162 468 240 7597 7903 4307
2863 8166 5668 2165 670 400 4676 6981 9017 9018
2864 9019 1867 6256 9020 3109
2865 2790 4684 299 2528 102 2045
2866 3830 8539 1727 9021 5296
2867 736 1564 3202 1310 3925 1014 3552 919 3580 3792 505 6852 3692 459 462 2689 5800 5382 991 9022 9023 923 7310 6268
2868 303 388 389 390 99 4420 9024
2869 5578 4927 5574 9025 1982
2870 2482 2160 1481 1919 5920 6879 5612
2871 9026 1109 13 14 9027 4997 4905 9028 9029
2872 5725 1881 1132 417 1886 2980
2873 379 4886 5812 685 90 6880 2803 4299 3736 5977 9030
2874 7663 9031 9032 8614 7517 9033
2875 2933 3088 165 5042 4239 5340 4127 6798 938 5923
2876 1823 2544 4416 4101 8871
2877 2802 1132 8411 1332 9034 1033 155 1339 4096 7829 6116 4
2878 2094 4410 1924 9035 9036 3275 4300
2879 647 1494 1493 1495 3591
2880 1634 2706 8229 1255 754
2881 446 9037 4079 9038 4397 9039
2882 220 6795 4896 2502 8295 7255
2883 1865 3966 2191 3965 6451
2884 3135 3431 9040 2547 4306 3573
2885 909 9041 4017 8732 99 1609 4722
2886 4470 758 1111 1113 579
2887 3922 5631 3923 1564 918 639 2171 2131 2689 9042 4002 3343
2888 1599 2435 666 2378 3388 1811
2889 213 9043 1416 841 368 2518 9044
2890 4708 9045 3774 7937 3299 9046 3245
2891 1208 76 8948 6441 6006 9047 9048 2988 9049 9050 1618
2892 2308 417 1194 9051 4314 7456 5125 9052 5333 1800 6508 832 1257
2893 4101 160 2398 17 3512 8968
2894 213 1082 9053 6150 4227 3219
2895 2801 9054 9055 9056 2875
2896 2472 7880 1537 9057 1780 3056 4570 9058
2897 3530 8773 6447 5693 2194 21 9059 7916 6504
2898 609 7413 3159 6555 7988 9060 4667 93 317
2899 350 2655 651 6162 9061
2900 2503 82 4750 1867 4487
2901 9062 6369 7878 444 4978 9063 1289
2902 9064 8189 3480 2412 8309 9065 6986
2903 5657 6580 7830 2996 799 7599
2904 6464 7382 639 6079 4827 2234 6724 758 2123 1041 9066 3041 3848 2141
2905 3046 9067 7832 4367 303 390 4713 1873 3637 3723
2906 9068 6493 2248 308 1418
2907 1107 2828 7461 1097 6301 1613 72 4137
2908 3502 846 5848 4861 3274
2909 2510 2005 9069 4116 4323
2910 9070 3803 9071 8669 9072 8636 2395
2911 1896 3919 591 5978 5127
2912 6295 187 2336 3900 6999
2913 4307 8776 5298 1430 3455 8595 4582 2935 475
2914 3645 7708 5095 3 3498 3811 3997 3678 381
2915 5391 141 1635 3725 758
2916 2431 1224 9073 9074 2134
2917 752 1903 38 39 3379 8622 9075
2918 4681 1154 3374 8917 9076 5254 845 515
2919 1544 9077 1290 4937 4681
2920 1945 9078 2317 6233 9079 3839
2921 1012 7530 1082 99 5169
2922 3034 1435 4896 3295 9080
2923 4673 2820 4 9057 5966 2626 9081
2924 6964 9082 607 6221 2808
2925 255 1879 3336 4334 1866 7307 280 1511 3552 9083 3422
2926 9084 7727 8323 2434 4184 5180 9085
2927 3388 8642 8434 3203 4261
2928 4367 1450 513 4723 9086
2929 2112 1036 4036 548 9087 9088 9089 1784 5784 554 5788
2930 9090 9091 1971 2560 1748 4295 7413 190 2428 5530 3369
2931 9092 9093 9094 6391 1479 3667
2932 4339 4945 1718 903 1504 1156 2517 368 5670 6602 7599 7756 6755 6565 5514 4941 2231 3454 9095 4085 2800 3034 651 5378 2239 9096 2661 9097
2933 9098 2283 8594 2950 2817
2934 1849 2656 7147 9099 4058 6586 4517
2935 3737 9100 9101 8744 264 4131
2936 5170 5315 5263 1865 5270 4421 8489 240
2937 2933 8740 341 4156 7868 9102 8399 3841 6734 1174 9103
2938 9104 8243 722 790 2520 3675 1389 2700 1730 5861 761 7366 350 6681 2090 9105 23 8301
2939 9106 9107 9108 558 9109
2940 1634 2667 417 5355 2446
2941 9110 9111 8334 5334 2405
2942 8635 4511 3631 5500 8161 1328 3594
2943 290 4342 2 2561 5286 3496 2066 758 190 2510 9069 9112
2944 9113 4224 3547 5632 9114
2945 2868 8875 1062 672 6238
2946 2079 5580 20 2660 1659
2947 4622 1001 6200 35 1023 9115
2948 295 3017 6188 4945 1921 1040
2949 255 1879 6025 495 5521 8181 2123 919 3202 2871 1305 2750 4771 7709 2289
2950 943 5487 241 9116 5946 2703 909
2951 343 1879 9117 4145 1745 2335 954 912 7308 9118
2952 8141 6612 4884 173 5152
2953 253 4156 1903 7140 4307
2954 9119 9120 7181 3890 1247 3919
2955 4430 1889 8375 2079 389 6120 8144
2956 4511 4529 9121 1531 2235 628
2957 1529 3933 3161 2651 1113 579
2958 8225 9122 629 1196 9121
2959 9123 3307 152 5601 4211 1477 9124
2960 8240 803 9125 9126 3943 1750 3523 3330 608 1046
2961 1765 3146 3379 157 3467
2962 7634 9127 9128 9129 2292
2963 4942 8294 4654 4879 6794 7815 2731 7627 4657 7265 2646 9130 5140
2964 1244 9131 5179 1036 1864 9047 6740 2872
2965 8554 9132 1299 6185 9133 9134 9135 4163 105
2966 7497 9136 6492 9028 8901 9137 6490 6259
2967 2478 2637 5691 1288 803 9138 3257 947
2968 99 343 488 2062 6622 984 9139 983 277 106 8473 7948 9140 2232 8655 395 3909 2777 3908 496 3282 2282 3689 5797 5274 4399 2127 676 2343 9141 423 715 9142 3408 4048 2309 2645 9143 3285 2190 9018 8563 8489 8387 2136 5171 3974 5485 8562 2141 958 2756 5407 3283 5103 4052 4280 1653
2969 9144 9145 544 3718 9087 4136 8586 7261 732 2826
2970 4701 9146 1920 3034 8959 9147 5550 9120 3919
2971 3477 4138 6752 9148 5606
2972 9149 9150 6881 5098 9151 4821 4134 7562 884 1209 4898 5949 984 6320 2902 1108 14 21
2973 5475 3945 9152 9153 4930 2544 6073 199 3362 4673 8501 1811 8910 4937 758 2348 6966 7413 1329
2974 5446 8953 5739 8309 5913
2975 2766 2501 3155 9154 5965 321
2976 5006 500 1310 4767 7852
2977 3770 9155 8859 1718 9156 9157 5417 7823
2978 1408 6826 5382 6864 9061
2979 2502 8250 4351 2725 5597 79 8440 6699 3812 8399 7404 9158
2980 6448 1963 8229 5927 8542 4234 3848 6291 8541 8543 8955 5932 9159 9160
2981 1032 1444 9044 6238 2454 4073
2982 3606 1918 6447 3821 318 1197 5800
2983 748 1394 8643 5661 8789 3956 21
2984 9161 2695 7757 9162 9163 5298 5184
2985 6603 8712 1983 1088 7926 3994 5881
2986 3999 8257 9164 1366 2308 3090 38 1884 6723 9165 3379
2987 4106 1976 1977 6204 1360 1718 3031 4880 2267 6763
2988 4550 8120 7916 9166 895 712
2989 2308 1133 34 8639 5667 1110 9167
2990 3156 9168 7139 2834 3732
2991 9169 5863 2547 5668 8280
2992 8907 4202 2476 2446 7375 9170
2993 9171 9172 9173 9174 9175 8795 9176 6155 9177 9178 3370
2994 3330 5082 913 8022 8566 5475
2995 468 3666 3215 1599 8929 5643 8042 8115 9179 9180 4045 9073 2398
2996 1086 9181 1273 2544 1745 4764 3379
2997 351 1132 2094 9182 2586 2933 448 4937 9069 5564 7841 9183 1607 9184
2998 9185 9186 555 5785 5784 5034
2999 6561 3277 7345 6390 8958 2163 8905
3000 1196 758 350 368 4904 6236 277
3001 2501 325 2304 2584 7411
3002 3520 769 6945 9187 4517 4079 5324
3003 2125 3688 9188 5983 171 6887 4075
3004 3001 2464 2090 2225 211 9189
3005 1709 9190 1524 4154 2151
3006 3209 9191 3741 1482 877 2933
3007 5527 1009 9192 1341 1330 1807 9193 8201 1551 846 5293 3251
3008 874 9194 9195 2066 5260 8682
3009 266 4772 1646 1461 9196
3010 9197 1331 7371 4156 4209 1452 1718 9198 452 9199
3011 1001 1484 4886 5090 107
3012 6221 4627 3511 2703 9200
3013 1317 4515 3843 5314 2295
3014 9201 394 9202 4946 5345
3015 1614 3262 1292 5249 1296 7191 9203
3016 1756 1287 2728 766 4733 4169 417 9204 1204
3017 9205 1292 105 1984 529
3018 1874 9206 874 4411 8643
3019 7024 4750 5728 167 1583 1833 2948 2003 2460
3020 5691 7012 9207 3709 8635 9208
3021 9209 4470 6281 149 598 9210
3022 417 2494 1496 2666 3827 1659
3023 6552 9211 5118 6296 8232 1540 9212 3817 6836 9213 9214 8671 9215 5136 1421 4342 1523 6667 900 3329 1011 8608 6484 9216 2864 5025 9217 6511 2697 9218 5120 2178
3024 1537 6500 5379 9219 73
3025 9220 2724 9221 748 4511 4665 6540
3026 4382 7661 7756 2431 1141 1553 2403 2079 2572 2232 6657 201 3919 4023 4647 8299 602 1998 1356 2085
3027 2448 7263 8909 6522 6334 5049 5475 6209 3504 8819
3028 1841 8092 6527 264 1103
3029 6106 3924 4227 796 4735 8622 2109 7214 4455 508 5228 4161 4002 1567 4661 4004 7440
3030 8308 4950 9222 9223 2956 1716 9224
3031 1502 8153 3773 2235 676 5323 217 7765 6413 9225 772
3032 9226 610 5672 326 2584 2218 1332
3033 303 628 4470 1196 758 1557
3034 6647 534 6229 3375 9227 9228
3035 2407 9229 2375 755 1885 2216
3036 3922 3923 2131 3371 9230 5167 6934 3479 5322 6596
3037 2765 1351 1002 7731 2015
3038 5562 9058 303 9231 9232
3039 9233 1501 3244 971 5897 2501 3563 3176
3040 8263 370 526 4122 137 2311 6024 1262 4390 9234 2211 8558 2609 4392 743 5258
3041 1392 1886 4735 833 3195 8127 2027 670
3042 953 5728 2229 700 699 4162
3043 9235 9236 9237 9238 8012 7037
3044 2282 2021 7536 502 3112 3692 3698 6904
3045 9239 9240 9241 6971 9242
3046 9243 9244 7828 2079 1716
3047 1802 1803 9245 4758 4318 4315 9246
3048 177 1882 605 6074 5637
3049 5368 2052 5081 9247 317
3050 6967 1151 1127 536 8010 554 8512 1128 1129 1130 548 8293 8533 9248
3051 5677 7457 6880 8758 7284
3052 1970 1666 2544 4447 9249 7218
3053 7400 5949 1107 3715 4639
3054 3014 2041 4438 4441 6342 7465 3025
3055 4749 4259 5521 5631 6365 2446 263 4335 7536 3045 3580 2131 97 162 678 443 1645 708 281 4657 1872 4773 4776 2751 3930 6750 8104 9250 7966 1651 5103 4090 2148 3555
3056 1556 4746 1531 1557 8720
3057 6328 1611 6684 5866 3538 1131 7033 1127 8344 9251 9235 5856 8391 1129 1149 7037 3033 9252
3058 440 7394 7657 7964 1733
3059 5589 400 9253 3845 9254 46 3588
3060 823 79 5073 8329 2460 7510 5543
3061 7406 2710 5220 1600 4194
3062 2155 6738 4735 7876 955
3063 81 1545 5475 292 3606 446
3064 5453 5454 231 7139 4068 1238
3065 6876 9255 9256 8894 5479 9257
3066 7261 3 1109 6492 7134 7242 4137 8391
3067 4876 9258 1980 2820 2233 6656
3068 785 1342 1343 2791 9259
3069 1204 2020 905 9260 264
3070 9261 9262 8283 8 9263 9264 7946
3071 5147 9265 9266 4463 5150 7123
3072 1727 7744 84 2339 3025 3026
3073 298 921 772 9267 4117
3074 5648 9268 345 2518 9269
3075 519 676 2235 1259 5330
3076 7652 7219 6885 8098 595
3077 1205 81 2598 3589 615 9051 1366
3078 6544 6164 9270 4888 9105 5536
3079 1748 8904 5646 5361 9271 9272
3080 9273 2858 9274 9275 9276 2136 21
3081 3621 8972 2124 1281 8398 7813 3688 4827 9277 8569 1477 1248 3694 3205 5322 1776 3712 2086 947 322 1060 1579 1580 3588 6027 5016 4161 772 3479 6825 7436 9278 993 988 3931 2924 2926 618 3166 862 8658 3269 992 3342 4003 2752 4050 5022 578 4338 8363
3082 3489 9279 9280 6861 5603 1360
3083 9281 9282 9283 1789 9240 9284 5777 9088 1127 8288 8532
3084 4244 215 6671 1947 2355 9285 5112 3154 3149
3085 9286 2735 9153 9287 5080 1702 8252 9288 4862 4848 413 363
3086 1281 1641 4501 499 5619 4227 1565 97 1111 1023 5167 2134 4210 2141 4506 5380 1652 1653
3087 676 628 5339 452 7307 2086 5289
3088 4870 4929 4463 144 357 6724 2731
3089 7236 2425 290 888 7522 8812 9289 9290 3693 244 3330 85 9291 6897 1465 3607 3061 5214 9292 7024 7870 4719 794 3758 1605 4328 3149 1411 9293 8964 9294 1156 2503 295 2791 932 655 5529 5469 9295 1747 3080 9296 7663 5428 2563 9297 6193 1406 2831 472 5757 3328 809 465 6406 783 1287 7911 1806 5671 632 9298 9299 3177 82 9300 3348 9301 842 446 4122 2467 1186 8053 9302 517 7164 2225 4177 2907 3575 4220 912 1848 6467 1410 9303 3159 8769 9304 5914 350 456 1293 428 9305 3601 2311 9306 9307 2832 5771 656 9308 2119 674 2796 2368 5723 5639 3802 7547 92 431 2371 2714 8571 659 9309 8722 2778 3809 2851 7919 5074 4236 7476 822 3391 2849 8863 79 1284 5959 9310 161 3235 4743 318 2506 1592 1471 1255 765 8606 8037 4750 4817 3756 717 84 3358 3494 1963 782 1019 4736 9311 9312 5220 7218 8500 9313 5449 311 9314
3090 1523 1599 609 9315 4043 2049 1705 8097 8689 2084 6207 1231 2581 930 4587 4458 5561
3091 2151 1829 669 703 5857 9250
3092 4166 7435 8685 3464 6904 4280 4090
3093 3680 1415 82 1418 1464
3094 9104 9316 3702 3181 6816 687 3428 417 9317
3095 4454 3226 2922 2242 9318
3096 3945 3394 4103 2295 576 4570 1886
3097 5784 5778 5034 2410 8289 9319
3098 1166 85 4165 420 4043 1643 2394 424 9320 5928 3581 1067 3690 2053 6738 1068 5193 499 1581 1239 268 6233 2874 3713
3099 2031 670 9321 2236 2237 8264
3100 1923 677 679 678 3417 5653 4776 7791 1568 956 594 7519 853 3043 4052 1573 4075 2147 5935 4091 9322 285
3101 6711 7594 5275 1643 945 4215
3102 7872 6412 1351 8836 5300
3103 2961 9323 6668 2977 7729 2776 2971 2975 4308 4031 9324 2976 6372 9325 3018 7947 2799
3104 9326 4808 2666 9001 2044 6610
3105 5361 3967 9327 9271 4367
3106 9328 7248 1143 2727 2733
3107 8798 5888 3460 136 972
3108 1523 1683 7869 1708 3517 3808 9329 7071 3233
3109 2712 93 146 1958 5653
3110 9330 831 715 7414 2805 4339 7535 7546 1435
3111 1557 4327 9331 9332 2136
3112 489 8482 1718 4261 8582
3113 417 1332 2446 4689 5202
3114 4386 4937 5002 1778 6877
3115 9231 9232 6094 9333 9334
3116 9335 5745 6132 6128 6079 4934 145 8166 8382 9336
3117 4839 808 6796 4645 6695
3118 794 2637 210 286 2715 9337
3119 4212 5691 3279 8585 1375 4945 2127
3120 1523 1033 5434 1709 703 1683 706
3121 9162 5869 5858 1559 5743
3122 9338 2800 1523 8578 9339 104 8378 6277 735 3085 81 300 3592 5822 3403 9340 8443 26 1036 7864 2870 845 1419 8847 7399 747 3308
3123 1471 2933 394 7140 8542
3124 1140 527 2872 2243 4330
3125 9037 9341 5474 876 9342 3498 2044 7532
3126 3315 4530 9343 9344 1709
3127 9345 7470 6414 4511 6440 2058 6092 632 8560
3128 2052 1470 1260 9346 9347
3129 7186 7652 2123 3379 552 9348
3130 753 5978 1298 1617 4815 2939
3131 9349 92 2907 4723 4421
3132 8402 3244 7049 6962 1560 659 7442
3133 1471 4241 1462 120 1040 1341 4918
3134 4866 7490 5464 5639 6040 4967
3135 562 2005 4376 1046 2540 6686 560 1718 6107 338
3136 2637 428 429 7149 2426
3137 428 3034 9350 9317 9156 9351
3138 512 5749 3000 256 7897 3319 290 9352 5171 303 388
3139 8251 4517 2482 6535 1661
3140 2907 822 79 2225 211 322
3141 3087 9353 9354 2308 9054 177 7676 1120 6515 252
3142 8668 370 2223 2197 6441 2388
3143 1716 3285 99 1852 2062 1745 349 3962 3958 1720 8488 4284 9355 4150 8801
3144 7902 4186 6199 3830 3502
3145 9356 9357 4405 4162 6844
3146 6990 5707 9358 6643 7220
3147 1305 8061 4253 9359 5248 7000
3148 99 3958 4463 6910 1891 1892
3149 446 9360 5679 277 8054 1462 9361 139 265
3150 2907 803 780 6545 9254
3151 1695 1696 1692 2251 1214 1693 1694 1215
3152 8236 471 286 602 1718 2044 4583 3293 9362 8210 1731 3890 1857 2025 1022 1113 8147
3153 9363 4419 1359 9364 9365 3775
3154 148 1411 9366 5318 7597
3155 6633 207 4930 2907 6944
3156 6749 5764 4334 8972 6266 946 3580 1776 4775 3342 683
3157 528 360 9367 9368 8287
3158 9369 9370 5199 4802 6366
3159 1283 248 257 4165 1676 9371 2394 2740 626 5356 576 1257 5967 2127 2132 7446 2692 2746 2086 5288 3102 4003 4772 267 4774 2141 4506 1649
3160 5255 4196 3472 4677 8174 4439
3161 5451 6393 1415 1416 1418 2
3162 9372 9373 1785 6426 7929 7952
3163 8120 5952 413 1331 21 4272
3164 6842 7478 366 2111 7884 2880
3165 446 1324 2223 9374 9375
3166 487 7810 9138 290 1356
3167 1913 9376 2491 8719 1089
3168 9263 9281 9377 9378 9379 9380
3169 6743 5958 1011 3083 9381
3170 6881 1228 9382 4339 2440 401 4646 9383 4106
3171 6545 9384 354 3061 9385 600 405 5075 5510 5959
3172 1355 6753 1479 3899 1244
3173 3256 1293 9386 469 3858
3174 758 1962 1113 1811 2469 5652 9387 9388 3311 9389 6619 2733 1923 1347 628 3277 4240 4 120 5222 9390 7254
3175 5887 4873 5697 5027 3760 6980 3334 2710 709 1035
3176 9391 6039 9392 5660 7094
3177 9393 9247 166 5206 4880 343 1599 139
3178 70 6488 9 4768 4803 4805 3791 65 6527 69 733
3179 277 4228 4015 3616 5791
3180 6794 9130 7265 2646 5140
3181 193 9394 1185 2223 1668 783 8397 975 8157 4626 3020 2935
3182 9395 4086 9119 7181 3890 508 3317
3183 9396 6408 8335 3221 2766 2458 8070 715 552 2718 327
3184 2446 1723 1807 9397 9398
3185 1662 5873 628 81 1113
3186 3754 8922 6453 5893 3704 240 9399 2190 6827 390 1892 9400
3187 255 379 4041 3037 261 676 2282 3689 3203 3405 2923 5967 626 2132 4048 1111 5167 4769 9066 3696 4277 4878 923 4660 3711 144 3342 6291 9014 1399 9401 1652 6080
3188 2715 9402 9403 1287 194
3189 9404 4990 9405 9406 6173
3190 685 4172 9407 9408 2136
3191 1067 1069 1070 7536 1072 3011 1382 505 1579 740 1610
3192 7500 4489 8086 5853 1033
3193 9409 4511 676 1531 3269 2666 5635
3194 5168 6057 9410 7382 5747
3195 872 9411 38 461 3795
3196 7259 296 609 9412 345 2501
3197 99 2335 2499 296 1443
3198 2193 5449 1132 8833 2792 549 7587 6262 526 3829 1293 3402 3955 6937
3199 5003 949 7683 9092 143 187 6151 6150 2097
3200 5728 4733 3616 2195 2579
3201 1002 2765 785 1060 1444 717
3202 703 1523 9413 1940 8881
3203 5255 792 6310 4677 2306
3204 627 628 1532 2603 1196 758
3205 327 8492 7475 6175 6742 7720
3206 454 6200 35 6878 9414
3207 8068 4373 1378 1311 2079
3208 2015 1647 6578 7990 2658 1716 4368 8409 8377 709 5403 9415 2980 3119
3209 3677 9416 9417 9418 8178
3210 1420 1080 4119 9419 6663 7668 9420
3211 5434 1709 5988 1830 1685
3212 6600 4486 831 1599 171 3626
3213 7911 4633 6929 3388 5564 4659
3214 1981 9421 1775 1583 1800 1289
3215 1886 2814 5216 1192 8622 9208
3216 2637 1285 4766 3680 5443
3217 2537 9299 1702 3049 1629 9422 1970 9423 9424 3180 4240 2
3218 7165 5354 6095 6748 785 1342 8636 413 1081 374 468 5801
3219 1818 8804 2727 2733 8245 1143
3220 4862 9425 4203 3191 122 6099
3221 588 7253 9247 1802 1496
3222 8401 5453 6641 9426 1375 3032
3223 8852 4401 6761 3824 8133
3224 4236 3208 9427 207 9428 340
3225 7187 7188 9429 3374 346
3226 274 9430 4379 9431 9432
3227 2895 724 9433 758 5086 9434 9435
3228 2728 5992 4404 6296 2518 2808
3229 650 6890 9436 3086 1225 3494 1833 9437 7062 7008 9438 1782 2175
3230 3117 2623 9439 9440 9441 8264 3454 772
3231 705 1523 5277 9442 9415 9443 9444
3232 4901 5823 6488 69 4979 73 8238 4639
3233 967 7493 2060 9445 9446 4433 9447 3541 1298
3234 4845 8188 854 8949 9448 2724 9449 1887 4447 9363 3462 3345
3235 6550 8826 2295 8967 6955 5063 4515
3236 4236 1330 2212 8325 2728 1533 5501 9332 9450 1775 1313 9451 388 9452 670 4073 9453
3237 325 6724 8819 772 4037
3238 4243 2505 3238 9454 9455
3239 6 1244 165 92 4109
3240 2538 2784 9456 1939 3257 2969
3241 9457 2230 3526 7493 1879
3242 803 1351 407 6773 9458 160 9459
3243 4719 892 9151 8965 6054
3244 2907 9460 3064 4541 318 7248 3065 9461 4575 2606 5792 2541 9462 1807 4594
3245 3680 1355 92 82 6248 9442 4537
3246 9463 862 9464 3830 9384 9465 456 1678 5965 9466 3811
3247 6829 9467 4515 9012 4062
3248 8712 9468 9469 1617 3708 6167 3960 9470 1838 9471 4022 4131 5183 9157
3249 3830 2238 9472 3358 54 9473 4916 9474 662
3250 7972 9475 5439 9476 4335
3251 2044 9477 736 7434 3688 280 1644 505 2248 1071 1236 5985 8749 3228 3690 1041 6290 1461 283 9478 960
3252 1391 6306 844 9479 7600
3253 8157 8059 6948 456 9480 240 8393
3254 780 7246 9312 664 6946 1764 9305
3255 4839 4645 2276 9481 1502 9482 1660
3256 1690 9483 6839 537 359 6540 4184
3257 5983 1599 1766 2023 1148
3258 7766 280 832 7625 3695 1776 1579 5376 7002 4079
3259 4766 4765 9402 2368 884
3260 6404 2084 25 7093 9484
3261 6313 3012 3018 4437 4521
3262 413 9485 5728 8454 2950
3263 5189 3180 609 5170 1912 2091
3264 2299 3350 105 9472 1612 747 3031
3265 486 5956 254 659 6634
3266 9486 6791 7706 1718 9487
3267 9488 5916 3821 2010 4886 4069
3268 37 3090 38 39 1811 3379
3269 6551 9489 9490 2709 1702 4555 7019 7652 7142 8556 4183 63
3270 6860 750 8789 6955 3247
3271 7803 373 5324 1174 9491 9492 9493
3272 1982 7093 3454 3026 4036
3273 9494 1140 6556 6404 4932 5402 609 2196 3418
3274 5358 4632 1443 1718 1719
3275 5455 1165 8180 4042 3636 2430 8853 5631 983 7778 186 358 422 6209 2923 6244 6058 8177 919 537 1248 1895 5978 3409 8623 302 3412 3691 4081 6740 462 3228 2309 361 2645 2748 4049 922 6247 4770 681 3916 9495 3880 5301 363 3167 2140 2756 3473 1650 7626 509 9496 6110 4400 9497 5935 4091 7171 6103 3424 4283
3276 871 303 7122 5175 5661 8523
3277 7685 3400 8450 8345 3683 9498 6579 2911 9499 2777 9500 8449 6670 2992 817 6818 9501 2664 7675 7131 2944 9502 2023
3278 1634 5508 4012 4013 8733 6876 4014 5364 3744 6230 318 832 8919
3279 932 6232 1001 3828 2256
3280 9503 9504 9505 1509 9506
3281 9507 3195 8127 2027 2104
3282 3181 3680 9508 9509 5654
3283 4415 912 2761 9510 9511 9512 9513 6747
3284 4590 7401 659 1500 1662
3285 9514 278 3038 1069 3111 2053 748 427 2436 1578 5404 772 4878 5230 3880
3286 519 8776 9515 24 2085 1311
3287 1302 5761 5131 9516 8900 7480
3288 4381 9517 4556 2342 6719
3289 7113 9518 9519 255 257 3780 3138 1509 4231 2434 6257 7814 505 1742 6107 7369 990 3931 7815 1997 6904 4005 5934
3290 9520 4958 9521 9181 394 5109 9011 7714 6822 25 2774 9522
3291 102 8308 37 9523 5686 5056
3292 4317 1032 141 659 6880
3293 4334 3560 4231 5164 2446 3688 5322 3692 2645 3588 680 6290 3103 955
3294 3933 6846 9524 701 3935
3295 3351 863 865 9464 869
3296 1158 5611 5521 2394 2124 2234 611 5653 5017 993 9525
3297 5115 3266 4849 519 4495
3298 277 2868 379 3204 626 4227 360 6852 3712 3690 5286 6933 3102 6247 3165 4776 1573 960 284 6062 6596
3299 2502 9526 5042 8677 3324 842 5758 3159 8155 1190 9253 6550 4830 3331 215 6118 4877 6264 9527 4031 3918 3819 2679
3300 1208 2045 2046 2047 8396
3301 394 4065 9528 6977 449 303 9529 4307 5198 393
3302 2425 553 1781 34 1170 9350 9530 1247 235 3890 6811 7840 5496 8718 341 3658
3303 355 2124 2433 1579 1580 3415 1923 2309 2924 3166 4050 284 4282 961 2147 9531 6064 2149
3304 9532 5509 8215 1915 703
3305 569 6342 7242 443 3466
3306 2957 334 980 9533 984 3138 477 4270 1561 6741 6596
3307 794 1355 799 1198 854 165 1918 6825 437 2220 4331
3308 1903 2160 38 2917 177 1882
3309 9534 9448 1186 2838 2895 1807 5612
3310 2223 715 1599 187 7334 902
3311 3374 5567 1943 9535 1705 5713
3312 2808 379 1299 945 6266 7767 4771
3313 9536 9304 1947 1076 2320
3314 229 2156 226 785 4334
3315 92 3328 8293 467 9255 1464 9537 9275 4160 3566 4346 1601 7473
3316 1756 2714 7391 2909 1287 1283 3680 5463 9538 7360 5419 2639 9539 3496
3317 4407 9329 2583 3233 3644
3318 803 2670 9540 2128 5564
3319 9541 4428 4432 5963 6964 9069 4430 5162
3320 1180 1118 315 9542 9543
3321 2942 6198 571 9544 8308 9545 9546 3187 1005 4100
3322 2193 2364 3196 5530 2685
3323 9062 4958 8480 932 9422
3324 4062 4529 8706 7339 2127 9547 9548 9549 9550 1320 6440 1422 1725
3325 5630 3250 2581 1271 1160
3326 9026 21 22 9551 6297 3838
3327 5548 8310 1800 4515 2294 1531
3328 4239 9552 1608 372 9553 4156 3369 7886
3329 753 9554 5491 3025 821 8084
3330 3953 1934 9080 7943 8127 2229 72 9555 6032
3331 9556 5801 1124 698 1125
3332 5502 264 6641 2243 9 4768 69
3333 8274 7608 1230 8856 7423 6422 3485 3834 7498 2044 3454 6602 9557 6675 21 4926 4580 709 1775 983 9558 4187 772 438 1567 6067 270
3334 3358 1035 6298 394 6665
3335 9330 9559 9560 846 2502
3336 8935 4684 8689 641 609 1269
3337 220 9561 9562 255 1879 2052
3338 9563 5231 786 3626 9564
3339 1322 8389 7701 1607 9565 2513
3340 1180 1496 6347 5038 7261
3341 4182 79 448 3290 2601 8112 9566 1691 9567 9351
3342 4335 2309 5719 1242 4161 3104 3041 7374 8625 5013 2142 6328 5380 1650 4074 9568 1652 3424
3343 2161 1583 5517 1247 2204
3344 6748 2431 661 2697 609
3345 9569 9570 814 9571 8081 1498 995
3346 4642 9572 5759 4883 8040
3347 1355 5914 715 1326 1004
3348 3732 9573 4342 6991 9525 343 97 1354 5664 1734
3349 9504 4020 7967 9574 461
3350 2920 9575 1800 4608 758 1557 3228
3351 400 4029 7819 3831 4824 9065 6501
3352 4555 629 2602 628 2042 2448
3353 3255 2627 1555 3059 9576 2196 8440 937
3354 1162 21 9577 622 7237
3355 7331 9578 1201 4766 9579
3356 610 1469 3498 434 3438
3357 784 1276 1530 635 5890
3358 3991 3280 143 7378 2445 846 5949 1691 1734
3359 7318 666 1430 3460 2458 5643
3360 1018 3134 105 798 5802 5457 6387 5600
3361 7033 7035 8012 7036 7037
3362 676 278 419 5274 505 7403 4741
3363 8490 4624 7190 1330 598 6600 9318 1181 5799 9580
3364 446 9302 1012 3159 3386
3365 322 805 4304 5709 3389 9581 6371 9398 1005 3374 2886 845 8869 9582 5884 9583
3366 1523 2486 1010 9584 3387
3367 5892 8693 2358 9585 4473
3368 9586 9587 9588 9368 7 9589 9590 8277 6007 1933
3369 7847 9591 9539 2329 1622 7619 296
3370 2503 9592 884 4490 6464 9593 9594 5811 2777 4399 1317 4767 3112 3691 266 2749 994 594 5632 270
3371 7465 9126 1026 7902 3993
3372 6152 292 780 7246 1734 5624
3373 9595 9596 9597 5613 9598 2457 9599 988
3374 5249 5774 1293 5463 148
3375 3429 1993 5051 6199 5603 1678 486 3067
3376 465 7237 5671 936 3947
3377 9600 9601 3016 3393 8501 4904 9602 9243 3823 8475
3378 820 9138 1357 7086 3681
3379 4070 2316 7111 582 7700 1766 1217 7023
3380 1428 4524 4346 7163 9603
3381 3466 81 5052 799 872 701
3382 3432 354 9604 167 3503
3383 8356 3885 9605 7973 4918
3384 4747 9606 1599 4778 5698 5717 256 2356 4138 1296 4817 3891 5890 2599 2765 421 4333 2655 6116 409 3149 2665 1722 2911 896 8055 9607 371 7235 1140 9055 2980 2989 715 4547 1304 3180 1727 2591 55 3620 2122 9608 2571 92 9359 258 7983 457 4408 9609 2003 785 259 2286 8853 497 1718 9610 898 698 4926 4650 4286 6078 6079 2173 7916 609 8997 9162 5041 7692 1240 1312 6247 5012 993 3166 3848 2752 4050 1567 992 1113 4293 9611 5412 9612
3385 2359 4937 8106 2469 2482
3386 9613 9349 5994 6361 6359
3387 1474 2382 2296 8623 3862 525
3388 2715 2115 167 1862 1775 1903 3295 5172 6961 3818
3389 1970 1207 7281 624 6096 661 3117
3390 397 3018 4439 9614 1731 3541
3391 3462 290 92 4750 7364
3392 2248 136 9433 9122 9007 9615 2919 1635 4659 318 758
3393 9616 2049 5701 9617 2024
3394 9618 291 3890 2165 1710 670 2518
3395 9619 8883 9620 8496 554 555 5784 1526
3396 1634 354 6553 726 6507 9621 4466
3397 1817 9622 5337 760 2343 772
3398 6633 9623 9624 9113 6989 6419 4196 6299 8972 9625 845 941
3399 5195 1848 6671 210 1321 5496 9626 9627
3400 1198 210 432 6408 2482 9628
3401 566 316 8646 1912 162 9629
3402 9630 7540 7541 6357 5996 7545 5997 5995 5994 9349 9631 9632 9132
3403 7055 2833 296 3602 8091
3404 417 4339 9209 6069 9633
3405 7924 1529 8595 9634 3746
3406 9635 752 5338 2767 5450 5328 5925
3407 9636 5669 1474 1476 9637
3408 2502 4180 354 6203 4566
3409 1822 3255 338 6203 3494 1413 8048 1090
3410 2911 9638 6678 6409 6505
3411 5808 486 9639 1585 7602 9640 9641 5013
3412 1078 1608 8870 5675 6807 9642 5124 846 1184
3413 3327 9643 1367 651 4817 3523
3414 928 2151 1709 1682 1033 6352 930 8515
3415 9644 2074 4116 8046 4079 1112
3416 558 8278 9645 9646 9647 557 9648
3417 808 4765 481 785 9649 3454
3418 7393 2209 936 5923 9650
3419 8356 1363 1728 3915 2028
3420 1637 424 3931 2753 5230 2925
3421 3534 5574 9651 1854 2189 3731 3169 5282
3422 3445 4082 1864 9652 76 3217 184
3423 9653 54 9530 2833 9654 9655 8163
3424 2409 8096 2944 7049 9656 298 3821
3425 2457 5334 9546 1531 459
3426 4041 4738 415 5611 379 2122 5283 5284 1584 3998 3689 1510 6058 5322 3728 2545 1248 272 162 3102 2134 991 689
3427 136 9446 3646 898 8235
3428 1188 7772 7510 414 444
3429 4388 3858 8491 2460 4904 3356 241 1930 594 9299
3430 3998 609 2287 459 4735 2132 2133
3431 4027 5471 2501 7919 9657 846 2068 3328 8871 817 5659
3432 2169 3338 3556 4767 1074 1312 1650
3433 2728 798 7456 4764 1903 3473
3434 2655 9658 4394 456 1340 1222
3435 4245 3318 884 139 4895 25 3792 5950
3436 5677 9659 1167 1001 7345 1058 6575 9660 3310 5685 1343 876 4 2161 430 4015 7979
3437 1853 2795 5749 1701 2789 9661
3438 6525 3062 9662 3094 9663 4418 4224
3439 7871 83 291 4451 3833 2 2204
3440 2 3473 5543 2089 7126 9664 1294 3589 8392 772 9665 1618 5992 4399 6296 1948 9180 184 3591 649
3441 326 3492 8055 99 6690 4240 173
3442 8538 1799 148 6976 2501 1412 4573 4670
3443 1175 1176 1177 1178 1179
3444 1523 5249 6204 949 2446 8104 9666
3445 760 9667 5992 7382 7295 1998
3446 9668 1127 1129 1130 8288
3447 1807 4487 343 6250 6251 6205 1470 1510
3448 2914 2989 9669 9670 9671 1428
3449 6735 1280 4858 9672 1180 7324 9673 2204 949 5847 5526
3450 5434 6599 9674 1685 7077 9675
3451 1305 6079 5993 7051 8498
3452 6441 287 7190 3666 5372 8774 2951 361 477 6247
3453 5874 9676 896 8359 6853 858 9677 8703 1257 638 674 4975 6812 9678 4320 3032
3454 584 25 1635 9381 5867 4009
3455 5453 5454 8993 8992 591 7946 1934
3456 660 3606 8357 6024 8187
3457 195 9679 6963 5146 1420 4131 4666
3458 9680 4758 1587 972 5328
3459 3801 1583 8263 5196 1432 4240 608 5827
3460 328 7974 225 1375 5875 6748
3461 70 5810 628 3632 5949 3235 8586 9565 4540 1113 3679
3462 1287 7201 481 1811 6131 444 1460 1666 4676 974 9681 9433 7994 3465
3463 5196 785 7634 567 4142 1629 3279 1343 7917 2501 374 8905 2294 318
3464 147 7051 1294 2 9682
3465 3135 255 9683 611 2436 6839 1113 6109 958
3466 303 388 389 390 393
3467 1802 3483 4843 9684 4957 2901
3468 8128 2400 9685 1755 5419 2642 9394 351 4869 222 3134 4445 5080 976 255 5520 9686 650 9687 980 890 379 415 6105 6974 3884 1281 3578 3827 6132 676 1259 6257 3729 6079 4268 3712 6366 7851 5016 1113 2136 5010 3915 6233 9688 2141 3586 7438 3422 284 998 1652 5934 7816 4283
3469 2034 5447 2981 473 9480 1236 6782 2929 1148
3470 1446 9689 9690 5904 4300 759
3471 6050 5732 1497 779 583
3472 9691 5090 4336 8628 3398 8167
3473 9692 9693 2501 9694 5846
3474 6554 2078 842 662 2836 148 2225 9695
3475 7928 4024 9696 9697 9698 9699
3476 889 9700 2430 4262 3561 2234 9701 1511 2343 424 1316 3580 3221 1242 7791 7436 2091 953 3473 7626 9401 6741 9702 6064
3477 1583 4177 787 2501 9703
3478 6671 226 7661 6518 225 4492
3479 3150 3348 6553 7400 4938 2067 628 2074 768 2451 2292 5827 2212 326 6885 6803 4106 3848 3494
3480 7400 632 2022 8271 343 1208
3481 2598 972 3062 9704 1120 4073
3482 2952 5311 5172 368 8051 4973
3483 3448 210 4751 1766 105 466 3226
3484 1696 1692 1693 1215 1697 8872
3485 3850 4813 1428 5353 6096 688 379
3486 1766 5209 1228 9705 1134 9706 9707 2065 338 2258
3487 2458 318 2542 79 2501
3488 4224 33 3213 5306 1057 2621
3489 728 2944 6376 8233 6098
3490 6771 2971 6665 1194 3158
3491 1287 481 803 7469 9708 4368 5969 1662 9268 5337 34 463 3520 4864
3492 1505 6731 792 3513 3176 6849 2854 1264 1354
3493 8171 9709 1057 3090 1337 4039
3494 446 3449 8974 2311 9710 1079 972 9711 8856
3495 1134 6583 7902 2620 1272 9342
3496 1321 762 8195 5382 9712
3497 8279 9169 5863 7960 1127 1129 4997 554 1130 5785 1131 7034 7038 7037
3498 1855 3884 1745 2065 486 2562 1889
3499 303 388 389 390 393
3500 1437 2448 1555 629 2127
3501 7893 2660 3285 1524 8949 1378 8956 5570 5237 9658 368 2475 3297 3689 2259 6944
3502 2812 4929 5832 4335 4237 5010
3503 9713 4809 9714 4810 9715
3504 92 6500 7799 4139 9716 5221 9717 2600 9148 3567
3505 794 9138 5799 9718 1531 3631 758 3161 5966 303 1196 1556 2132 3880
3506 6799 4116 1471 2460 3094 372 2311 752 85 1767 6229 366
3507 318 8 3597 1062 443
3508 3701 301 1078 4111 1887
3509 8216 8178 981 812 2431 7536 4286 394 5992 715 9573 609 3613 5196 2630 2058 9267 5561 9719 1576
3510 2967 777 9720 1444 2021
3511 92 438 7024 8962 780 5527 5296
3512 9457 5401 758 3349 2766 676 1532 7000 2856
3513 7818 674 8753 1765 2645
3514 4088 4964 5614 9721 8680
3515 2348 936 3733 1583 6768
3516 3869 1882 966 167 458
3517 345 5966 9116 2433 430 8355 448 192
3518 628 1327 6048 6153 1904 3315
3519 9576 2549 986 9722 8381 3670 1583 1863 3228 4276
3520 1132 6399 6166 7176 2817 6107 3787 9723
3521 2952 6755 9724 508 772
3522 1577 342 562 560 8254 1302
3523 6413 1922 1258 2939 1798
3524 3291 670 9725 9726 6524 2579 4095
3525 1363 6138 3046 5268 394 4735
3526 9727 7084 3400 4739 3055 302 985
3527 9528 148 83 5576 81 9728 5176 9152 1637 5745 753 2891 9729 1603
3528 871 5144 293 965 7679 9730
3529 2758 6052 7212 5581 1339
3530 5246 6716 897 8788 2955 8711 9526 2937 8170 4631 6243 1594 941 6755 2790 2727 286 2939 5978
3531 6006 9731 67 9732 621 6578
3532 6450 2655 6748 9733 5649 9734
3533 1104 2901 3715 1094 4137 7118 6490 4979 2534 6259 9735 2177 2249 9736 6300 6301 6302 6527 9737
3534 9738 4951 3445 517 4082 5118 9739
3535 1766 6654 1767 1918 9740 7740
3536 9741 2295 1886 81 702
3537 1733 1197 9742 3912 2451 4654
3538 9743 1763 9744 3486 8850
3539 1278 889 2044 7353 1066 5442 891 136 7670 6603 501 3728 9745 505 703 715 9083 5017 4003 4880 3042 2756 5982 100
3540 9746 2259 2388 1496 4689 5971 9747 9748 9615 4008
3541 4201 9749 9750 9751 5032 9752 9186 9185 9319 9753 9754 5778 8289 9755 9756 5785 555 9757 6376 8233 6375 6098 9758 8332 4460 5782 6374 9759 6456 556 6083 6088 5783 9760 5787 7092 9761 5786 8530 7504 7505 6907 6087 554 2816 5788 6532 999 7171 9762 9648
3542 823 2235 9168 4529 4299
3543 6882 4483 3351 4351 4523 9279
3544 2502 4863 7289 163 207 1302 9763 9764 361 9765
3545 9121 6206 4895 7415 4 4108
3546 1502 1815 9766 658 9767 4838
3547 4479 7854 3435 6869 3114 1581 1312
3548 603 9768 9769 742 4392 2612 8025 2611 5258 9770
3549 1605 632 674 9092 9034 1016 9047 303
3550 9771 6059 2665 6982 2602 8009
3551 9772 2587 9773 607 6432 1231 2299 3054
3552 1043 9662 1481 9774 6034
3553 609 9775 4730 4129 1328
3554 4872 8990 9776 6278 8892 9777 9778
3555 8895 8884 9779 3887 7424
3556 1584 937 2126 360 2360 3207 953
3557 703 9780 9781 3597 3598 1560
3558 5562 5574 1443 2044 4632
3559 3680 6535 1188 465 5529 3061 2724 7753 6382 4517 1332 9782 4351 3828 2448 2602 7737 823 245 6660 5850 5849 7873 9783 1305
3560 6881 7154 6121 4893 1194 1287 9784 9785 3891 8439 5509 5510 2074 2537 368 7606 3330 1299 9786 562 9787 9788 4059 1090 2311 4545 9789 9790 9791 8217 1375 1772 9792 1294 472 4950 9793 9794 9795 9796 9797 2334 9798 9799 9800 6016 1350 9801 4419 9802 3722 9803 9172 1066 3768 3769 1451 7992 9804 6944 2395 3138 9805 6556 198 259 9806 9807 8522 2954 9808 9809 3192 3546 5878 6241 3434 2302 476 9810 9163 356 3405 4926 3574 8244 1452 2742 397 2290 4096 4128 325 359 6839 537 9811 3846 2436 7489 105 9719 4266 9812 2045 9813 9175 6635 7363 9814 9017 4174 6246 9815 3708 9816 4179 1381 2748 5228 2750 5382 4772 9022 6109 21 9817 9551 5583 7580 6110 959 6639
3561 6908 1471 6071 4364 2898 1470 972
3562 3564 8133 1085 698 1215
3563 3371 1879 1639 4260 3519 954
3564 9347 3021 8471 8496 6175 8709 670 4919 4918
3565 2322 4430 4362 2191 6451
3566 9365 207 9818 2334 1530 8585 1174
3567 1867 1368 6427 2645 3437 9819
3568 4201 8584 5024 8379 8378 2794
3569 9820 902 9821 4407 2091 52
3570 845 1428 9574 3673 3543 7784 3761
3571 659 6228 5942 486 947
3572 1636 9191 9822 9659 9823 9824
3573 785 517 4241 872 1327 6464
3574 4426 9825 9826 265 1145
3575 2328 8065 166 4463 1301 6738 2574 1612 1891 3442 3031 1852 1717 1681 7300 3977
3576 2653 3389 9398 8730 9827 9828 2800 2378
3577 1723 3192 5878 5562 9829 7897 4771
3578 9830 8257 3929 5382 1912 3588 4051
3579 438 9831 5220 5800 312
3580 3296 9775 4942 7168 6576 6713 5816 4159 5249 785 4375 1122 9832 79 6880 2334 2502 9364 5342 8210 9833 452 6182 8900 8393 8137 9834 3438 3434 9835 7386 6840 3000 3847 3103 682 3519 691 7699 6794 9836 6714 5301 4751 1273 2134 9837 3932 1461 299 1364 9723 7519 9390 5603 9807 7294 3915 20 8575 2019 3555 2341 9838 6904 6061 4280 6872 5913 9839 7265 2646 7266 5140
3581 448 618 9840 7178 4345
3582 8107 5890 5414 5449 9841 9040 1886 2231
3583 6425 1157 5916 4507 1850 1847
3584 9212 374 2212 9842 6209 5978 8626
3585 1133 6826 3368 6825 1826
3586 9377 9378 5866 9843 557 558 8291
3587 9844 9845 9846 5963 7828
3588 9847 9848 6277 4600 108
3589 9849 1658 9850 7282 486 6427 7314
3590 6835 2684 4520 3311 3313 7293
3591 1282 1283 6564 481 1947
3592 1088 9851 5401 5812 3736 2127
3593 9852 9853 3791 264 7261 4807
3594 5758 949 9854 5327 2655
3595 4608 9855 6153 7126 4532 5852 1085 4179
3596 4399 7840 9856 8688 6644 5779
3597 6585 4967 5467 4817 6633 4054
3598 801 417 4335 3702 3504 800 761 7595
3599 4142 8905 1413 3220 338 3666 407 9525
3600 349 2267 1526 7302 6827 3981
3601 615 361 2094 6890 4562
3602 783 2502 656 8962 84 851 3366 6625
3603 107 9857 9858 6082 9859 9860
3604 1688 5434 2097 6599 1682 1146 7077 3241 7132 308 703 8197 4154 7071 669 7073 3516 6598 3808
3605 4907 345 3854 5584 825
3606 2232 6657 8721 3162 2544 3379 2534
3607 9749 6008 4988 554 555 5030 9861 9555
3608 4222 9862 1742 170 6370 3305
3609 7326 1109 8440 1897 8441 2535 1104 4312
3610 5155 2482 354 274 7002 8730 659 7039
3611 777 4482 1883 1884 3146 326 938
3612 1198 2348 9579 218 148 4071 8825 92 81
3613 3305 9863 976 9864 9485 4252 255 3620 4676 2572 21
3614 5415 2637 8571 1970 980 4253 8180 4262 8398 3923 5224 5637 2742 452 5967 7814 6739 4265 7417 2584 2132 4652 4768 6740 3731 2748 682 3916 4773 572 7769 1651 1113 5387 2144 2145
3615 6516 6222 8699 9865 1183 4858
3616 799 431 151 9815 1321 4750 1496 2321 148 2452
3617 7028 6876 7002 1484 528
3618 328 2428 9126 5582 7354 9866
3619 131 8481 5638 808 1756 428 466 1284 5723 9867 1886 258 379 812 415 2867 259 1676 260 420 1866 4929 2575 3055 5375 1309 1067 2169 1236 1317 5100 5535 264 4286 462 4652 986 950 3928 8237 4276 954 9495 5834 7626 5987 365 1652 9868 7627 8876
3620 1493 1492 1494 1495 9869 7527
3621 2322 4421 3704 8469 9870
3622 8498 5914 1625 481 6491 7366
3623 6670 3005 7484 1180 7094
3624 3061 803 2119 1012 947 1557
3625 2588 1918 877 8968 9871 1775 667
3626 9872 692 5636 775 9873 9344
3627 4756 9874 9875 9860 9876 6081 6082 9877 540 543 9878 6531
3628 9879 5785 6087 9646 9880 8510 1787 8533 5856
3629 8473 5895 8414 3853 2026 9881 5992
3630 9437 210 2616 6018 2805 1404
3631 9882 211 318 326 799 322 825 1882 2544 8106
3632 3944 6471 6459 5789 5790
3633 2536 3606 85 1629 481 4733 567 8966
3634 8851 293 3220 1849 1906 9459
3635 2536 9883 140 4470 758
3636 6576 8661 7919 1297 3467 9884 9885 6093 9886 9887 6802 1375
3637 2778 5839 5480 155 6459
3638 4525 1451 874 5915 830 5812 7648 361
3639 4520 3504 672 6238 1923 9888 681 9889 3311 3313 682 679 162 9890 2701 2671 9891 7992 359 4969 9892 6336
3640 3134 2224 213 2311 661 5632 9893
3641 1792 8596 5082 1735 6593
3642 1305 9894 699 1349 4397
3643 368 2044 3471 1086 82 7221 2594 5873 7524 2371 9895 8870 1109 70 9174
3644 889 676 1237 423 1032 5228 1312 2750 1645 8685 5011 1646 3613 6871 4505
3645 9896 6594 7240 9897 9898
3646 1157 9549 2073 1798 799 7003
3647 4454 3203 2655 5249 1727 1807 2194 1998 2470 9899 5752 6860
3648 9900 6992 9582 5884 9901 5885 8092
3649 3253 8474 9902 3987 8473 7677 116
3650 314 8471 2435 8885 3218 9903 4529 886 629 7840 4062 8327 315 1229 8353 1526 9078 3454 8937 1499 3009 3908 5845 130 7830 3018 5489 9904 8196 7877 6708 7464 3881 1180 9050 715 785 1649 5565 4142 4240 9905 5644 9906
3651 2501 9907 5745 9908 9909 6640
3652 9229 4595 6963 5146 2176 3051 715
3653 7686 6670 5864 818 9910 9467
3654 1951 9911 7515 9912 611 504 6097 2584 508 394 3532 6512 25 8350 9913 3006
3655 1314 3181 2885 3745 6073
3656 9327 6183 6692 3753 2325 9914 4729 7380 6827 3975 9915 4443 1393 3981 3704 1891 2183 1892 4434 9916
3657 9499 1304 981 9917 2124 1888 1309 576 3728 4503 2396 1242 4772 5016 1646 758 5011 1522 992 1388 683 2752 993 5019 3166 2924 5012 988 1567 5021 6682 4050 5022 990 987 3932 5407
3658 4950 3381 1561 9918 4861 5963
3659 6362 3666 6835 8329 9026
3660 105 6610 2660 9919 6636
3661 1605 1057 846 610 826 3280 3223 326 3318 6406 7712 1408 2371 938 3477 147
3662 1859 4602 9522 2944 1242
3663 6903 7345 5195 2388 7922
3664 6330 9920 9921 447 1726
3665 2456 665 9492 1444 5869 7318 8903 3689
3666 2482 2634 33 3287 2235
3667 1391 6658 9922 9923 1315
3668 1727 4107 5121 8987 4862 1554 2248 9863 4141
3669 1920 5441 2308 1120 6887
3670 1012 2248 4299 2458 2161
3671 8217 4758 6450 5530 4933 6231 8719
3672 9924 8252 289 9925 6573
3673 1531 1556 1113 5212 821
3674 5109 5583 3434 9926 6839
3675 8748 4779 2230 5679 9927 4497 9928 1549 3772 778
3676 9929 7133 9930 1808 360 9827 2684
3677 9931 338 5296 9932 5098 3870 7307
3678 1543 37 8171 3740 9933
3679 6384 6123 9934 3937 9100
3680 4738 983 6852 3101 1060 2131 8094 3926 8337 3102 5719 3104 5655 5068 3422 3043
3681 9231 81 79 3061 94
3682 6147 1873 7832 2438 5806
3683 9935 1938 5656 4915 6339 2992
3684 5045 8723 9936 3256 4116 2684
3685 3746 6057 8093 5599 4050 1375 6634 1725 1023
3686 1756 3132 9937 3564 173
3687 1358 1096 8706 4133 7518
3688 737 2049 9732 537 9938 9939 296 6818
3689 5777 1526 8676 9940 9941
3690 1107 1092 3791 6490 3718 2535
3691 5705 308 6776 5460 6255 704 1887
3692 3492 9942 7190 8214 8056 5047
3693 5402 6991 8341 3071 81
3694 2790 752 3269 2623 2446
3695 3175 9419 9943 4167 8517
3696 2410 9753 9944 1784 5785 7092 3539 6087 556 6088
3697 1836 368 1164 5649 9541 7819 5965 583
3698 665 934 1408 1925 2725 9945 4101 9946 5656
3699 8074 9947 4279 6577 2539
3700 4966 1621 9948 1617 6585 5717 6886 349 2790 766 2831 1622 659 4364 4703 9949 139 5592 4862 8699 2907 5674 4027 7080 5683 3394 8466 7010 8832 3494 1989 8254 9882 5798 3108 7012 1296 7743 9950 9102 7115 9951 1635 2435 1721 9952
3701 6319 5302 2991 6664 2993
3702 4332 6464 258 3638 5168 4043 2168 6317 278 1070 2360 3338 3556 1613 178 6949
3703 736 6028 6794 2257 2147
3704 6493 1166 2959 2774 4515 1168
3705 1080 7404 3575 9953 7872 9230
3706 5632 7046 6829 1143 2727 2733
3707 6536 4341 676 1531 1532
3708 3601 1468 5985 90 133
3709 2127 947 3691 3479 2926 7439
3710 7468 5802 4583 4087 2011 567 9954
3711 803 79 2422 92 1480 170 2861 9955 720 9682 8645 148 84
3712 446 506 4299 2501 9956 3398 8493
3713 7392 781 3094 4380 9053 370 446 2003 3089 5582 665
3714 3215 5178 9719 6266 7403 2697 5759 1224 5055 5937
3715 9957 3756 399 6254 8227 1409 2072 9195 294 665
3716 9958 1244 2085 351 8204
3717 4892 5420 3609 5723 1752 1755 9676 6671 8234 2311 5449 5063 4055 5694 976 9686 4334 4043 5373 7812 420 1158 4659 5102 511
3718 1542 1603 2458 6107 9391 2584 2248
3719 9288 8036 3209 2547 8857 7619
3720 7996 7752 900 2499 3593 9959 5227 5066 6311 2289 2399 4880 6741
3721 2637 697 7238 6554 1278
3722 9286 9960 9961 6372 2263 9962
3723 9963 9132 7634 9129 9964 9965 4060 4489
3724 115 4385 3019 8719 4128
3725 99 5159 2659 1716 2281 4729 4840 9870
3726 2212 1796 7115 615 9966 9652
3727 5453 8993 8991 8992 9005 6171 9006 2828
3728 6114 4154 9967 3561 9701 9250 4201 9968
3729 389 390 303 388 393 9969
3730 2501 318 5422 1844 988 1347
3731 9970 8197 9477 502 3552 920 2545 505 1183 8385 1074 3588 1461 122 3932 1249 5933 9278 683 4234 924 6307
3732 8383 4381 341 9559 5506 9971 9972 5772
3733 1626 9672 2739 3776 3787
3734 3770 9973 1097 4131 3834
3735 3305 803 132 1798 799 8962
3736 3527 9435 7770 438 8250 2657 1583
3737 7653 378 5168 2506 2124 1281 7813 2125 918 3688 4314 576 5322 7697 8183 2109 4048 2309 1923 758 5719 2645 1113 4161 1461 952 689 578 1568 3342 3584 579 4338 3698 5407 853 2144 1244 5938 2149
3738 5081 9974 354 9975 1228
3739 5640 1745 9976 785 2044 357 420 2053 4880 2756 3425
3740 2766 7471 1810 1802 5314 1269 3701 1113 1819
3741 1189 1180 5451 9977 1145 9978
3742 3678 901 1165 9499 5434
3743 9979 3913 9980 758 1196 5949
3744 1867 186 2312 6317 7511 8416
3745 3758 92 244 2708 435
3746 692 7233 6355 3119 8189
3747 3870 8303 3854 9193 1032 4335 3189
3748 3336 891 6058 442 2248
3749 6398 5486 2018 1056 9981 6368 2877
3750 8926 3093 9982 598 2812 2540
3751 1428 832 3750 2649 7407 9983 1180 1600 7093 7669
3752 9984 1411 8699 1882 5839 8357 1020 717 7014 2126 9985 9986 693 7139 9887 9466 8757 9987 85 1678 9314 9988 8221 9989 7909
3753 3760 889 3973 6455 2180 5617 116 2282 955
3754 368 2790 373 1523 5702 1718 1298
3755 9767 1780 2758 2663 8452
3756 3244 1867 322 9549 2229
3757 3393 4906 1 245 8185 6621 9711 2161 9585 9990 7326 6623 9991
3758 3130 97 3255 6500 1196 9992
3759 4460 4461 9762 6374 6375 6376 8233 9993
3760 354 9994 4339 580 7229 6690 6318 8119 1338 8467 852
3761 8072 2435 4814 6095 9456 9995 529 7990 8377
3762 438 2788 448 1797 7106 9395 9996 2204 1534 444 2199 1748 4737
3763 9997 7043 3337 7600 4328 1742
3764 778 2838 1779 468 779
3765 4140 7246 1082 4750 2
3766 840 7898 9998 3271 5242
3767 1304 9904 8701 9405 7866
3768 8 7946 9281 8286 7418 3540 6426 6084 1785 3903 9999 5855
3769 2866 1563 3685 3560 2126 1477 3925 2127 2900 423 920 5101 1514 7369 322 8305 7697 3221 7749 7641 7257 6246 81 162 5800 6027 6247 4210 952 758 8781 3420 6825 1912 8870 3368 324
3770 378 10000 9959 10001 264 5295 8528 1241 9493
3771 2600 8173 8829 6849 8778 3512
3772 9738 4951 4082 10002 8753 2002
3773 6250 3016 2085 460 2623
3774 3791 2901 70 4803 732 10003 2414 9737
3775 3560 186 2394 3923 2740 2545 6246 1566 2750 1645 7876 6028 3880 5102 1647 2806 2926 1650 510 5014
3776 785 1342 2767 9125 2588
3777 7576 6602 2674 381 9056 1965
3778 3037 10004 8367 3696 8455
3779 5540 7119 3034 8201 609 7176 4387 10005 1483
3780 5476 10006 7482 8191 9809 6068 8888 10007 7687 9421 8084
3781 186 1529 2502 4187 8372 7829 3163 4483 983 5098 1844 6158 2165 10008 1734
3782 5764 5864 1180 10009 8485 9316
3783 194 10010 873 7145 5188 198
3784 10011 5462 4502 1565 10012
3785 1510 2132 6949 1400 284
3786 3214 10013 472 2485 1907 2813
3787 7 10014 8279 536 9368 10015
3788 10016 3347 6976 4064 3226
3789 7085 199 7474 4069 552 6941 2110
3790 7676 8824 2044 671 459 8762 3750 3564
3791 388 1813 1686 1430 393 8427
3792 10017 706 1709 931 703
3793 10018 5678 803 2637 1198 244 5472 3570 1661 79 8538 5679 3061 1188 932 1605 2536 1287 9138 479 5480 872 207 7145 10019 6574 2119 9204 6622 495 2411 263 1014 609 758 1822 7851 2135 5010 6233 4776 2926 9868 6102
3794 7359 3847 4275 10020 2603 9425 5040
3795 9447 1188 6565 2766 9382
3796 10021 8682 1835 2318 772 9955 5196 10022 4117
3797 2223 3606 3349 3938 1114 1848
3798 6266 296 739 2748 3104 3103 2753
3799 2359 2033 2045 4098 122
3800 7196 5200 3884 1582 3847
3801 3062 169 2307 832 1595
3802 10023 2529 5822 3144 6490
3803 4236 10024 4222 525 4563
3804 8708 10025 7703 22 7196
3805 6716 2681 9003 6210 7805
3806 1701 2180 7073 2097 1709
3807 9233 4165 10026 917 1564 280 3263 6591 715 2744 7697 1581 5010 5289 2091 4235 960
3808 428 697 5723 4244 210 6672 5586
3809 10027 1807 8916 4237 1734
3810 8962 2111 5654 3181 842 7221 2458 84 2229
3811 9045 10028 10029 10030 8975
3812 10031 5818 2621 4655 27 7190 2653
3813 1253 5835 4550 1903 2590 6420
3814 4571 5737 9282 571 5130
3815 7845 108 2083 8797 5014
3816 1355 4570 6602 8595 486 3950 1960
3817 4428 4421 240 8489 1891 1892 3442 3441 9914 3979 99 4840 10032 9400
3818 8913 92 10033 1662 303 1606 3382 1607
3819 1467 1764 4750 2078 5349 9091
3820 726 2294 2295 2727 6296
3821 5951 9932 3186 563 8625
3822 3997 3061 167 528 533
3823 4354 10034 8830 10035 5963 10036 2662 5148
3824 6784 3762 3012 8440 10037 9978 8094 4441 2649 5755 2112 6089
3825 2858 784 752 10038 4184 8913 2823 1060 6956
3826 5769 2168 2171 81 2130 4117 5752 951 5652 2135 1113 4161 2136 689 9478 6794 6060 3931 578 6101 3043
3827 3746 10039 10040 6531 8836 9974
3828 8263 1727 8735 10041 10042
3829 10043 7598 25 3530 3191
3830 1097 3050 264 1513 4902
3831 5180 4006 5738 909 10044 10045 8350
3832 3116 2117 2396 1067 500 2431 3111 6059 1894 832 919 5619 6078 5547 1881 3415 3915 2135 4113 7989 3343 7709 3165 10046 9525 4273 1912 6307 6872 1573 6111
3833 4142 9743 9365 1550 4101 2691
3834 10047 8419 2527 10048 5887 8138
3835 4866 1756 6564 465 221 808 3496 10049
3836 349 1363 2175 2581 5056 1274
3837 2532 6641 7477 7159 2844 8964
3838 7978 4911 2602 4529 519 1555 7101 8585 2235 629 4470 4826
3839 6789 4579 9705 9700 3761
3840 3100 2094 8068 2661 3086 5971
3841 9944 10015 10050 10051 10052
3842 10053 9559 9971 9560 5772
3843 3809 4156 189 1119 3326 5549 7912 600 8170
3844 10054 521 1375 2718 2710 7632 1355 2942 10055 9616 6681 1032 10056
3845 9138 653 10057 803 785 1188 456 2312 6900 379 3152 772
3846 1903 4841 936 2708 1826 435
3847 1792 2431 8753 1504 300 3189 6828 5907
3848 4294 5583 486 4673 10058
3849 1375 1887 4208 5254 1444
3850 2301 3064 3150 3549 1054 1583
3851 6736 3314 7395 10059 5846 7264 5849 10060 6942 1655 4325 1280 4858 4859 1657 1658 6661 10061 5580 10062 6735 7920 5847 6743 1770 9694 1654 4500 9692 5958 134 1656 5848 6660 5850 8553 10063 10039 6117 6725 9693 9850 4860 3502 7314 10064 3272 9123 6742 3927 3864 3273 4861 4717 6235 10065 3684 10066 2195 10067 10068 9672 9725 6232 10069 1391 9036 3275 1771 3274 10070 8148 1056 7520 3238 9958
3852 1671 1982 1295 4394 7754
3853 604 10071 670 6238 10072 8024
3854 7223 4592 8613 5430 609 10073
3855 1496 149 5920 2544 2917
3856 1867 290 79 3061 83 6344 6248 2587 5384 1409 10074
3857 143 187 10024 10075 9407 6295
3858 656 5211 10076 6594 1580
3859 1085 2207 5949 2903 5541 6413
3860 5633 2310 5768 6574 792 6269 4448 9722
3861 780 165 4239 661 8738 7175 1342 207 2482 4184
3862 250 318 582 10077 2741
3863 2348 79 244 1413 8591 1356 2877
3864 3210 6679 5196 7755 2431 6133 1819
3865 5389 274 6470 676 6678 6073 5728 1774 667
3866 1667 9745 10078 3001 10079 1050 7093 3533
3867 8903 1005 2036 1595 8724
3868 10080 3339 296 2728 7345
3869 379 1761 5769 2923 7369 265 4657 4973 1647 4661
3870 10081 6250 8957 4336 4507
3871 9528 9208 10082 10083 163
3872 659 5589 2359 39 4381
3873 2190 4031 8562 2192 8563 5169
3874 845 10084 2501 1600 5564 468 2727
3875 10085 10086 737 9896 8731
3876 465 3997 2072 5565 8501 785 4925 777 2674 8712
3877 2391 827 9422 1164 4626
3878 9575 7879 457 177 5337
3879 3560 9477 3579 1563 3923 4398 1235 358 1511 2689 3915 3847 4655 3613 683 1651 6307
3880 7533 6153 9928 2930 6229 4386 169 1089
3881 1011 1005 1037 1444 845 632 1315 1391 912 1920 6031 5600 5181 1308 1216 8850 9001 1213 10087 3470
3882 1180 394 2220 3611 4689 3738 3086
3883 6761 10088 5528 4502 6794
3884 667 3390 1598 8928 1 3877 5963
3885 3094 2311 1166 4785 10089
3886 8652 10090 6565 9233 1342 2084 2758 6266 985 4650 3414 950 5010 267 7791 2141 284
3887 8513 7080 9808 9809 10091
3888 7308 2666 2662 913 5260 7689 10092 2265 10093 10094 6526 512 2882 10095 891 2668 9837 7378 10096 2775 5749 514 7566 10097 7677 240 5206 6707 10098 4816 3000 6180 495 513 10099 4647 2657 3110 3555
3889 8258 5861 7906 6416 907
3890 10074 10100 6716 9508 7559 4758
3891 3680 4962 2937 10101 10102 10103 264 3614 3189
3892 6865 9499 10035 10104 2234 1318 10105 2944 2053 4988 4986 1064 3903
3893 8943 2502 3388 2347 10106 247 2084
3894 3997 10103 7141 2795 4414 5452 7407 4069 4300
3895 318 768 3572 1803 674 2889
3896 9012 6539 1850 1847 3715 2352 1109 335 10107 720
3897 2982 10108 777 983 6209 4824 5649 2645 10109 3389 5593 3504 2031 5022
3898 6929 10110 473 3834 8126
3899 8273 1196 2204 8303 353 10111 6710 10112
3900 2504 4157 1764 5677 9834
3901 5615 6885 5320 790 1718 4360 240
3902 7464 9347 6955 6579 2649 1499 7093
3903 7609 7861 5562 8663 3636
3904 1954 6054 439 6448 4886 8230
3905 803 2223 1193 8506 10113 6715 1132 5343 10114 4806 1247 794 7467 3919 7415
3906 7571 6199 901 1267 632 10115
3907 3460 1060 354 938 7365
3908 967 6378 6406 1460 10116 8384 10117
3909 2911 4873 6817 6658 2768 2650
3910 4865 38 1970 1228 8116 2444 651 1273 4624
3911 4381 3345 10118 10119 8404 6706 3997
3912 3226 5544 3636 3010 10120 9179 2197 1695 4034 6101
3913 684 5975 2004 1087 3362 5800
3914 3037 3116 1867 3408 10121
3915 10122 522 4134 6383 10123 3108 6836 7531 10124 10125 10126
3916 1321 8193 3616 446 7466
3917 932 1132 785 3801 1342 938 9429 2134
3918 650 8518 6095 379 6096
3919 10127 2224 9195 2377 374
3920 1408 1313 582 934 5675
3921 785 872 2369 1727 2199 2686 3153
3922 2527 4945 10128 2312 1446
3923 2424 749 10129 1409 3607 3758 5348 2371 3801 701 6640 3061 2725 632 5745 438 10130 2511 10131 3823 7279 2568 162 3891 10132 1164 1199 8573 123 938 5564 9819 5187 1385 720 9315 2537 1603 768 292 8167 8493
3924 6065 9410 1033 5481 2740
3925 10133 2964 1287 44 672 4791 9198
3926 1409 3606 6620 188 8161 10134
3927 1766 6013 981 4230 3291 3619 6985 186 1894 2343 4265 612 4047 715 6740 6933 2111 8684 6306 1561 8854 998 4075
3928 501 3114 5800 7454 3732
3929 481 9294 10135 10136 5599
3930 10137 2136 8206 4406 1265
3931 3134 2311 5676 161 2536
3932 3307 1289 1802 10138 81
3933 8307 6605 10139 8050 1101
3934 1005 634 6835 5118 1599
3935 2079 2697 6309 3567 8316
3936 2727 2733 323 7495 3508 1728
3937 1503 4678 2315 9491 9541 1016
3938 889 3620 1355 415 355 2575 762 4001 3694 4314 3502 1513 1316 921 7697
3939 4579 666 261 8691 2661
3940 3984 7187 9174 9504 3634 4147
3941 1629 2482 53 1481 5611 4882 2588 6091 10140 4023
3942 3855 7101 3746 8167 6631
3943 7154 3094 6389 7662 1321
3944 7637 9007 8522 1241 2553
3945 274 10141 7285 3438 9764
3946 4060 2864 1310 3556 1382 3435
3947 7689 7162 5249 2787 6365
3948 303 2469 6217 588 5828 3519
3949 7522 3134 448 7024 81 2468 1012 2563 4868 2637 3680 148 3570 9138 78 4220 1762 9802 4217
3950 4682 2800 296 5200 1208 7410 3810
3951 898 2259 1718 7988 4926 9571
3952 428 3738 378 3873 3745
3953 5684 773 608 10142 10143 4877 7872
3954 976 255 1879 1639 10144 3620 1523 257 6106 4261 7536 609 3106 362 4281 4052 2118 7816
3955 794 9459 2377 8141 9092 10145 6052
3956 1282 803 8642 2703 8043
3957 7818 861 863 3871 864
3958 2939 6101 9130 5140 7265 2646
3959 5999 7207 8982 6360 5997 7542 5995 9349 6358 5994 7209 9631 6003 10146 10147 2846 9632 8983 9963
3960 7300 2666 4426 3963 3965
3961 1175 1176 10148 7558 1177 1178 1179 5736
3962 1471 4236 4294 7185 783 3997 9384 1133 6698 2917
3963 1301 6183 4729 9870 5248
3964 7484 5779 6734 4441 10149 7239 10150 2059 8496 8938 7824 1498 821 8676 5238
3965 2637 794 428 4236 7392
3966 5155 8338 5345 8190 2915 3183
3967 445 6238 5444 5791 1182
3968 2660 2952 8262 3194 2581 2195 1056 7520
3969 397 2795 2047 8376 10151 2892 1857 9930 1803 7292 3689
3970 8184 6805 2065 3443 2941
3971 2119 1231 4738 2120 2980 1709 4044 291 5512 2021 4046 3924 442 4314 1513 1578 6852 3415 3295 1579 4378 4707 5566 3395 5241 3418 4910 3165 992 8275 1522 2398 5407 6325 959 997 4283
3972 1287 7871 407 8723 3997 2311 7868 10152 5078 4466 1414 3666 35 3093 753 2710
3973 292 10066 1862 7069 1603 1056 2029 2027
3974 1244 5179 6006 9731 10153 2084 758 576 5546 3890 308
3975 8176 1304 278 2286 1235 499 7446 715 7435 1399 5104
3976 10154 8540 4876 9844 1615 3262 940
3977 2867 2395 2742 626 427 9142 2545 6739 8094 3415 1111 3731 8684 2135 2873 4879 2141 5301 314 9568 7816 3115 2650 5535 6532
3978 146 4342 1691 1995 10155 6535 3497 4525 3151 8865
3979 7143 1418 3809 6018 2728 1324 9384 9636 2444 2797
3980 10156 863 10157 8756 5915 6813 10158
3981 7836 6227 3045 5979 8461 1403
3982 10159 5879 2469 9884 8431
3983 619 2700 761 10160 1966 73
3984 10161 6663 2079 2218 3243 8324
3985 7675 3287 2474 2530 3246 5218
3986 3876 2073 936 3898 2090
3987 400 10162 562 3215 1702 486
3988 82 1587 2685 10163 5130
3989 4388 6404 290 8273 7652
3990 1674 2892 8827 8215 6179 6256 9438 10164 8588 388 4133 1097 3791 4673 5345 10165 2089 7126 10166 2581 3721 10167 3022 8590 4964 3138 8589 4990 10168 10169 10170
3991 1774 449 1882 4515 3635
3992 10171 9781 8795 9810 8704
3993 5520 6094 6578 2437 2734
3994 1758 4244 1355 8918 481 8939 6186 8611 428 8605 7705 7571 3648 1575 2528
3995 8722 8908 795 764 4382 5676 7145 3901 10172
3996 5138 10173 1471 5963 1023
3997 102 6865 1311 1242 2926 1651
3998 1288 3249 5867 5892 1857
3999 2537 4546 4264 2898 4670
4000 1896 10155 8754 21 714 184 4404 3628
4001 3337 9684 143 7105 5385
4002 530 1500 7525 9816 4639 66 3228 3070
4003 7096 1146 7095 3233 7955
4004 3012 6238 9463 2254 4861
4005 2470 609 4286 346 6134 9030
4006 4874 9145 10174 1036 7725
4007 10175 6487 9717 8067 1967
4008 8761 1742 4945 8401 7062 9156 4074
4009 9400 3984 4729 3754 10176
4010 441 2925 4750 1467 1801 8406 799
4011 7839 2724 7024 3235 9842 327 3763 4938 128 1001 2292
4012 1666 3159 2779 412 10177 2577 5544 1549 5945 3489 10178 845 8421 8703 10179 398 1003 8305 7004 8889 2988 6150 4193 3131 10028 404 3139 8626 73 5013 3791 2415 5600 6987 7326 7089 4194
4013 7003 7974 5739 240 1554 8986 8018
4014 4956 773 1089 4625 10180 5582 1003 120 9365 793 1908 751 3667 10044 7449 9428 487 52
4015 8520 10181 4882 2625 444 1047 8493 6794
4016 1086 1297 5707 7226 1707
4017 674 2044 3636 262 6058 3165
4018 3489 9411 5340 8760 771
4019 10182 4154 2482 6442 1725
4020 6177 10183 873 10184 10185
4021 1641 736 1308 2567 7435 4270
4022 7821 972 936 938 6966 3863 8626 10186 7438
4023 2697 1745 5429 667 608
4024 10187 10188 420 547 7999 9877 10189
4025 10190 9363 4065 10191 6012 10044 9225
4026 10192 3349 4050 10193 81
4027 2637 2796 803 9138 4865
4028 169 5441 3295 7222 2706 364
4029 10120 5110 9886 5015 3726 6955
4030 1005 2499 5052 866 4913
4031 10127 8245 1886 3671 154 6427 4015 1047 8204 5093 149 1944 10194 9030
4032 10195 216 6711 6559 7101 9717 9381 29 315 10196 3279
4033 10197 7648 4190 10198 6414 3786
4034 3922 4166 352 1477 6059 272 679 4049 6311 7310
4035 8154 907 92 4734 9066 4453 851 836 4168
4036 785 1550 10136 611 1035
4037 5390 401 7401 1269 6469
4038 5680 4568 1718 2044 155 6459 7428 8130 1886 5732
4039 4973 5112 4295 5115 4849 1922 5124 6956
4040 4514 1452 6486 3198 919
4041 1368 10133 10183 7267 3498 10063 6209 5529 6514 3159 1800 7915 468 3324 1880 10199 9119 3919
4042 5351 8891 6097 7802 139 763 7912 130 2513 1187 1334
4043 9788 8662 10200 4357 4358 5818 9787
4044 4102 4198 5802 1571 7709 3278 2104
4045 6432 10193 21 1618 10201
4046 7252 777 9212 2238 4489 4374 5919 1716
4047 10202 1902 4585 1236 7484
4048 857 248 858 659 4931
4049 666 2865 10203 1678 370 3606 486 1020 10204 10205 8963 5884
4050 675 2433 2741 360 505 1923 4280
4051 438 5113 5873 5543 696
4052 1047 10206 968 3881 9908
4053 1641 10207 9170 7258 4608
4054 715 798 3734 139 758
4055 4747 3403 1879 256 2091
4056 429 2425 5370 676 3908
4057 1792 6410 8940 10208 8880
4058 6743 6660 5849 10039 666 6096 10209 2248 2499
4059 6250 2482 4265 6348 10210
4060 7062 666 1569 2581 8849 2988
4061 2733 1143 3821 1861 676 3565
4062 5186 632 4511 1196 3631
4063 2478 2765 8751 6925 7620 1471 6807 934 3601 4925 1497
4064 2443 8468 2299 737 4025 3891 277 1374 8019 8745 709 1523 7481 896 417 666 1375 1848 705 8445 704 4339 241 1990 8950 2665 2980 1298 2593 10211 9821 9049 9839 7694
4065 1948 3426 5184 1811 972 166
4066 6771 5125 3920 1766 10212 4411 4214
4067 7157 2355 9791 5097 589
4068 2728 3765 6402 698 1629 2501 379 776 10213 5561
4069 2801 1228 4195 657 1394 4474 9705 2431 7597 10214 10215 3250 6696 5600 10216 5132 10089 3602 8414 6265 2928 3603 4038 417
4070 9804 807 10217 1233 6399 2700
4071 1411 3064 1939 4771 2621 2218 6499 1180
4072 2623 881 7162 901 1012 1372 1593 10218
4073 469 9684 10219 9256 1626 9833 6944 6764 6414 8629 1617 7703 21 714
4074 1172 2359 3520 7139 1238
4075 10220 692 2728 6545 8276 8805 4597 7139 4587 6895 3836 4512 637
4076 3770 1108 1092 1094 3140 4964 6731 9682 10221 264 2243 6490 9 4768 2855 5557 2689 5731 9028 3308 572 10222 8721 5323 2082 10223 1664 7136
4077 1681 8793 2233 1158 2234 303
4078 4723 3285 3634 1701 9915 5891 4442
4079 7522 7870 9307 2425 10224 8908 1082 4751
4080 10090 10225 4643 787 3709
4081 9526 4904 1918 10011 1332 2458 9506 2242 1903 9798 86 8622
4082 10226 10227 982 1131 10228 9252 7033 7036
4083 5728 5260 2195 9725 253 3841
4084 7220 67 1218 7449 4863 10229 1742 4945 1302 9419 4998 2936 296 7832 21 6297
4085 2482 568 3 4 1775 1600 8071 5812 3736 3598 3482
4086 92 970 5050 3680 2906 3061 1313 951
4087 3108 1725 1343 1911 6578 6978
4088 514 1281 3574 4650 7625 5928
4089 10230 5754 8503 651 10231 2738 2312 2801 10232 7862 10233
4090 8963 3021 10234 6793 5154
4091 5074 488 2022 10235 5502
4092 303 4460 4461 9762 6374 6375
4093 2502 7011 2577 5432 1040
4094 3955 1775 9373 3666 2310 5260 10236 2740 6634 10142
4095 1864 9731 9047 6740 4282
4096 663 7336 8 10237 7939 5859 7942 9179 10238 10239 10240 951 1800 9380
4097 3326 5549 3243 1970 1662 3072 1702 9298 598 6879
4098 7084 6306 10241 3468 3043 270
4099 255 2119 5611 5227 1564 5274 302 9320 5985 5404 6852 1517 951 1369 4235 3912 2229 1646 2806 2874
4100 5449 872 9411 1958 3146 2224
4101 2448 519 1555 1764 219
4102 210 429 9191 4171 3884
4103 1766 1988 1767 7924 2295
4104 438 279 9473 2831 5339 8679 3898 10242 1637 5237 9466 5335 2431
4105 8065 10243 4019 4432 2697
4106 9657 1500 2220 6427 3929 10244 5551 7271 3207 779 7746 7603 4161
4107 3646 10245 4893 5064 9864
4108 7422 3290 4608 3359 2579 5834
4109 1359 10246 4550 2378 10247 9827
4110 10248 210 428 10249 2740
4111 3263 854 6471 10078 2259 10250 2501 779 7162
4112 5393 450 8223 392 6700 10251
4113 7161 1145 9507 5890 1917 10252 4784 4974 8632 5564 341 1848 9330 2502
4114 227 10253 4027 5835 8929 1244 1019 1106 3364 5396 6258 6768
4115 5529 715 10254 6275 5428 10255 2427 410 10256 10257 7109 6004 2388 851
4116 7635 2796 5639 210 4321 481 1575
4117 10258 2888 298 6199 7486 10259
4118 1718 2405 4764 1965 9435 5094 5969
4119 1635 3269 62 3915 1967
4120 3146 1557 3269 4746 2136
4121 99 2988 8947 1320 3644
4122 1886 1321 82 530 10260
4123 1452 753 1502 4210 6966 1728 2295
4124 6789 10261 10262 258 3457 1146
4125 4558 10263 4907 909 667
4126 476 5254 1444 9072 1398 3189
4127 1867 10264 9075 7288 7966
4128 1772 2699 1239 4027 1646
4129 7607 7675 828 815 2041
4130 191 1496 1983 8095 350
4131 4922 2980 2981 611 5336
4132 416 2723 147 1465 2111 2951 10265 2435 6209 3189 772 1523 7337 264 758 8919 4194 1347 2595 7425 7136
4133 5714 1337 2584 179 10266 2928
4134 712 448 1777 9909 9829 2818 7413 9153 548 9087 9089 8596 7562 10208 75 6122 1819 5336 10267 4067 2220 2134 6933
4135 4676 2409 5306 3816 9124
4136 2450 6710 5849 663 7029 1618
4137 1610 303 4148 995 3975
4138 7564 2469 8295 9706 6093 5880 9707
4139 7830 6580 7944 9347 8347
4140 758 3481 4083 10157 9090 9672 107 1847 10268 2938
4141 7802 3607 2485 8404 5888 6966
4142 8605 3601 2426 1138 5135 10269 799 6991
4143 6517 277 10270 7580 8691 10271
4144 10204 3354 6621 2089 1553
4145 2911 2308 2820 2696 1919 129 278 2608
4146 7308 7311 675 3866 3204 3925 1564
4147 6632 1203 221 808 481
4148 1002 1884 1606 1078 3194 10272
4149 196 10273 831 6888 6603
4150 8779 4622 3872 3738 5348 10018 2005 1057 4222 2514 1078 290 1186 2615 8600 10274 3579 1583 2 1013
4151 5846 175 105 3015 2065 4083 10114 9556 8133 5577 3357 10275 10276 6580
4152 10277 9961 4332 7145 2124 5009 3221 954
4153 4551 3258 6097 448 3854 9365 9408
4154 3291 6209 3504 5978 9711
4155 6534 1606 4830 1224 2090
4156 4244 9149 4966 2277 10278
4157 1777 7902 8222 4111 10268
4158 10279 9433 10228 10280 6994
4159 1081 9989 9411 2501 6648 2337 2572 6895 3835 3486
4160 4817 7719 4558 5574 309 313 1595
4161 5762 936 2068 5871 4736
4162 5215 4317 4315 9585 3548 3616 1004 876 3061 2621
4163 4085 1259 7756 768 4782 4650 5814 2128 5509 5233 5231 10281 7367 207 6338 454 9259 3930 7989 1775 849 3180 2758 1399 2378 10282 679 187 5014
4164 8263 370 6353 10283 10284 50 4920
4165 1933 9588 5859 9368 8282 9590 8278 1061
4166 1120 2519 3255 615 7495 1728
4167 5276 2456 803 5236 8342 10285 4457 7075 669 10286 327 7077 8921 5279 10287 6855
4168 665 5291 161 10288 4486
4169 10289 1599 456 8623 10290 10291 430 2011 2665 4079 4421 1634 1366
4170 6753 1765 8220 5762 2665
4171 1854 2181 1891 1892 3752 4840 4370
4172 7813 3922 420 6464 4044 2125 499 4045 639 985 832 4827 4000 3580 3712 1382 2174 5931 1869 6794 993 5290 6060 5019 3931 5020 3166 1582 1870 5018 5017 4050 5230 8854 5933 4075
4173 9685 1605 6995 7494 432
4174 10292 10293 8530 2264 5786 5782 5034
4175 5610 2796 1848 1408 10041 6394 1333 3892 7512
4176 10294 4653 2340 4390 8025 10295
4177 255 889 2758 2653 9802 7312 2604 1083 5091 8181 3405 4232 6190 3846 739 322 921 383 834 7261 3916 128 9006 5129 954 9525 2873 1912 10296 2143 3887 7424 5387 9497 6741 2988 1807 4283 4515
4178 1690 9483 1087 10297 720
4179 5235 1879 8196 9514 1747 419 349 2446 3388
4180 5562 7529 432 90 183 1252 10288
4181 9101 542 10298 4757 8741
4182 1734 5672 9257 10299 407 7802 8784 1332 10175
4183 7278 10131 2568 2209 662 442
4184 10300 5722 7099 4330 1148 6741
4185 1 8811 5293 2 988
4186 10301 1299 233 10302 228
4187 5836 2594 10303 5845 9814
4188 517 1408 10304 6804 5056 1866
4189 2319 428 1294 10305 184 1164 2200
4190 369 7142 2598 5153 5480 1821
4191 10306 3256 2725 896 9890
4192 9793 10307 7599 962 4976 7226 2665 3797 1783 10308 4408 2238 2800 5598 2244 7404 9374 5137
4193 8098 6699 10215 2311 717 7663 9366 7872
4194 1471 9526 10309 9330 935 7516 3094 5675 971 9882 5676 6807 966 159 6727 10310 10311 10312 3833
4195 3605 1369 5800 1041 5106 5014
4196 6748 120 3681 1666 10313 8079 3124
4197 795 81 1002 7572 799 326 2371
4198 1369 3492 443 3931 8686 6417 9525 1583 10314 7510 10315 574 9085 2689 7825 5189 4287
4199 7811 2074 8610 10316 807 3891 149 4583 769
4200 4644 2245 9261 3480 3483 4508 2939 5051
4201 481 2593 10317 3250 1416 3054 3854 10318 7272 3547 816 1170 434
4202 6244 2234 5228 4049 7455 1570
4203 465 8551 4492 10232 9852 5109 528
4204 666 7578 3992 9633 10319 2562 61 8838 1496
4205 8907 2594 4595 4638 10320
4206 619 13 72 2535 7118 7135 9696
4207 3433 2248 3463 1012 1584
4208 4104 1158 495 736 3291 2868 7226 3356 7813 1237 985 4769 5013
4209 81 7141 715 127 2546
4210 947 842 3244 326 321 9549 443 7453 7190 6545 8804 7478
4211 8818 9105 10321 10322 10323 10324
4212 8454 4950 7043 8699 10162 3504
4213 5804 7874 4938 8874 2782 666 205
4214 1018 934 1189 972 4040 86 84 97 3836 4411
4215 10325 8891 1776 10326 373
4216 8601 327 4511 5812 9438 9211
4217 3196 1922 89 10327 6608 10328 5965 4588 1330
4218 4916 3393 3498 1734 10329 3506
4219 1736 338 404 1255 4417
4220 1947 6042 1756 2355 2789 6656
4221 3054 3250 831 10330 5730 3514 9232 10331
4222 5475 7421 5063 5675 20
4223 8025 6647 3597 3598 3482 4842 7949
4224 3759 1796 4086 7115 754 10332 1457 8201
4225 7645 917 7434 3101 609 3690 21
4226 2718 1046 1414 400 6705 4381 4648
4227 2394 947 2130 8828 7307 779
4228 5567 10333 2475 9299 6929
4229 2666 1879 3704 10334 1301 8089 3423 1890 7713 4463 6912 3974 243 10335 3536 99 1701
4230 379 4259 1067 6266 501 4479 3338 946 3113 3435 3114 2130 1312 1074 7876 1075 1650
4231 485 5219 4117 1807 3550 10336 2160 4832 2856
4232 4747 2329 1121 5765 8304 2958 2970 7729 4035
4233 8584 10337 10338 7091 4201 10339
4234 3401 9556 4780 4969 2019 6101
4235 664 5042 9396 10340 9893 4531 1018 3134 5706 4862 3359 10341 5143 717
4236 5081 3597 4842 3483 4843
4237 2643 2329 210 225 8571 2426 10342 10343 3523 376 980 459 9921
4238 1775 7258 1555 421 3598
4239 1890 4444 3906 4434 10344
4240 9153 2501 3919 8735 7142 4299 4937 1834 3890
4241 5758 7024 1807 2294 8585 4470 5812 1557
4242 10345 5490 4293 409 1422 2740
4243 10144 7996 5521 2740 1070 9142 322 1776 3690 8811 10088 2749 5229 9525 3468 8721 2925 4506 4090 3115
4244 5908 1667 428 78 803
4245 10346 2469 7265 5879 10347 9884
4246 1078 370 935 1321 84 4031 2477 9906 7682 9554 1526 799 1113
4247 971 7147 1002 481 5757 8051 8713 1866
4248 10348 610 3466 2295 1205
4249 5169 349 10349 3984 3961 10350 5263 2282 2169 2397 302 7536 1074 5986 955 6781 4776 4880
4250 9492 8614 9059 862 1291 3344
4251 81 6141 2584 2128 427 2805 7611 2585 8805
4252 10351 781 4125 8631 4127
4253 1342 448 5124 6966 5037 785 1460 528 169
4254 8642 9384 6621 8777 10352 676 628
4255 3181 1923 572 7227 553 10353 2469 2104 2229
4256 10354 10355 10089 1076 1077 320 2111
4257 4739 422 2742 626 6244 1511 3580 181 3691 7420 986 4048 2747 4049 6247 3582 681 1872 2752 2484 4167 7626 6110 5987 4168 6872 1486 6268
4258 10062 1078 1920 2224 872 10088 3866
4259 1550 8114 9458 8735 785 1629 10007 3844 3589 1197 393 10356
4260 8802 5795 10154 7428 3168 349
4261 7393 2637 5420 4027 3686 1302
4262 444 8667 3938 7068 10357 3819
4263 10358 10122 258 9134 10359 4511 2448 7737 8263 2001 519 1761 785 628 10124 10126 2792 7518 1099 1452 4131
4264 144 3578 1641 3924 6388 3011 181 986 265 1111 3102 4210 958
4265 10360 368 105 8274 8951 4946 5052 1200 6200 9414 6723 7584 10361 10362 3300 1613 8623 4106 3292 10363
4266 823 1764 2425 1005 846
4267 10364 4510 10365 6087 4989 9699
4268 2322 1854 82 5185 799 2229
4269 9015 1158 7778 3618 1867 945 5523 7536 3338 4502 3039 6591 3340 1579 1382 4049 9066 4910 4772 281 4657 1520 1521 2806 4659 6872 959
4270 598 872 38 10366 7586 3379 2856 3564 5651 922 46
4271 10367 10368 4023 4447 217 8315
4272 3059 983 2021 4502 1811 6072 8786 8685
4273 8065 6514 1586 2363 7685 2341
4274 55 1510 97 3040 7215 956
4275 2637 842 10018 803 6633 177 5415 8539 1970 4603 4970 665 5449 4027 10369 351 4071 811 10370 1634 3255 1255 10371 301 6902 10372 10373 10374 10375 1702 4930 8271 8814
4276 5186 6928 198 7775 3498
4277 4131 4899 10164 3652 6529 7461 10376
4278 854 1132 3917 1563 826 10377
4279 10307 79 2501 2942 318 6650 8772
4280 1856 6180 6182 238 3979 5574 2322 2180 10095 4463 4421 4035 2191 2181 8331 1890 99 1852 4428 3752 5264 10378 4460 8330 1950 2323 7539 4420 1715 10379 949 6692 4647 2662 5172 2758 1854 166 7057 8488 2326 955 1301 736 6284 10380 3971 5963 1927 6452 3985 10335 4427 3536 6840 4443 3978 5260 8351 5703 7051 240 5986 956 7048 3519 3707 10013 4942 5170 3973 3704 6827 4424 3981 1891 7380 10381 8332
4281 2094 3749 3998 9694 9234
4282 9624 1289 2310 1957 335 10260 7002
4283 5213 10382 6115 8371 6975
4284 1617 1718 2044 1569 3548
4285 8557 9952 208 8160 10383 10031
4286 10384 10385 493 1832 7821 10283
4287 4259 5006 505 5041 7692 1581 1312 1388 991 4269 4050 1393 5018 5019 5017 4003 5012 3166 993 1567 5020 5021 3931 2924 2752 3697 2754 7769 718 594 3932 690 5933 7694
4288 465 481 1460 6447 2030 2137 2010 10072
4289 10071 9381 5821 6234 2531 10386 5218 9599 2464 6738 5950 1513
4290 441 10048 10387 10005 8058 6950 10388
4291 10389 1756 7673 10390 2660
4292 6464 921 1776 924 2754 2925 284 6307
4293 4041 984 917 3922 1563 116 5797 4314 3112 272 3417 6934 7989 267 283 3585 5986 3106 5103
4294 5588 6795 5389 236 4060
4295 528 859 10279 5740 9621
4296 2637 1287 350 6679 5461
4297 380 9214 4864 1354 7525 851 10391
4298 5434 6777 7071 10287 2154
4299 10107 9426 7078 1599 105 10341 3596 10392
4300 7178 1396 5256 9259 8680 1618
4301 6821 4372 216 1612 6422
4302 933 5414 7636 10393 255 5353 9015 2575 4044 8670 3038 1311 7417 5365 7446 1516 361 1518 10241 2752 10394 5013 1243 3425
4303 10395 3094 372 2850 1057 2838 1724 4632
4304 8463 3705 2324 1985 3283 2533 1716 388 2659
4305 368 10182 489 5042 943 8527 8702 10396
4306 6206 8853 3921 4166 4929 2743 1309 985 5210 3468 269 10397 2148 6268 511 10398
4307 148 2064 2917 580 2065 1870 2954 6626 2279
4308 710 912 5414 6208 5339
4309 2911 2621 6828 6815 21 10399 2600 6297
4310 458 459 682 679 7293
4311 3163 1903 2482 8926 9014
4312 10400 2304 3310 9585 9114
4313 3175 6046 7739 4022 2903 2836 1143 2733 8877
4314 1099 3783 10401 6320 1851 3380 5949 10402 3770 10403 5295 1109 2534
4315 144 1937 8625 9525 790 5364
4316 2653 374 334 1342 2588
4317 8578 158 10404 6579 3767
4318 3010 4230 8339 3576 636 911
4319 432 438 1886 5292 3527
4320 1745 3633 8581 1180 5562 912 10092 1140 6674 7480 8095 8409 8096 6286
4321 5409 472 10405 2957 3053 6865 735
4322 2300 3998 3780 3434 4001 424 2742 2127 272 6839 576 2132 4048 1858 2751 2229 758 3930 5570 533 3106 6418 3464 6741 4091
4323 2311 5311 846 4517 871 1186 1408 2709
4324 343 3891 224 4492 1204
4325 4279 1722 5237 4083 2458 2462 1316
4326 2388 2570 8478 87 2651
4327 6944 8122 440 5799 10292 9887
4328 6382 405 327 3269 5515
4329 9728 1923 1800 4040 3310 3821
4330 2256 5402 8719 10406 1170 6229 2689
4331 4142 6046 8688 750 2588 1531 3131 4948 1196 4689 8441 7070 9890 1148 10407 3119 6459
4332 6918 8170 8771 105 230 8699 7646 5291 4341
4333 8244 2865 34 3732 6071 10408 5308 5915 291
4334 1158 499 1067 1237 502 5985 1514 1071 7625 947 3101 1776 948 3690 2746 7876 6028 5980 4776 2398 9318 1651 3043 3422
4335 3372 85 651 652 2012 3237 8428
4336 2830 1018 6696 43 10409 2627 2398 7632 3473 9665 3165
4337 775 21 3532 5745 2090 8719 2528
4338 5170 1853 10410 4359 7832 10094 2397
4339 328 2160 1970 4500 5449
4340 3386 6710 470 2986 6162 95 2506
4341 6299 8304 6133 7129 3027
4342 10411 9975 4872 7458 10412 10188 7639 6272 104 6275 6278 10413 9778 1859 7358
4343 3372 1780 2603 1555 2090 440 26 7843
4344 6362 3180 9574 9670 10277 9845
4345 3668 1775 10414 2706 10415 2469 4035 9706 7046 9508
4346 10020 3756 2411 262 3750
4347 7924 1132 3049 1883 877 10351 8201
4348 1231 121 1281 2065 3689 1168 7403 6852 9644 8616 2746 317 4343 921 1863 2282 3104 3930 7820 1165 9953 1967 5010 1734 1728 1348 444
4349 9989 1165 8054 9184 10416 2136
4350 10135 1250 9364 4817 8035 8226 1626 5888
4351 9360 1414 10417 5687 10418 4939 3679
4352 3336 5227 3560 4262 501 3111 508 924
4353 2161 5049 1413 167 435 10419
4354 2862 8500 4568 1496 771 8154 10221
4355 2119 674 1429 10420 9196
4356 81 8598 370 2933 4679
4357 7 8279 10014 9590 9586
4358 6468 2640 783 1076 3061 7636 4416 4409 7197
4359 6995 1772 8369 7394 1337
4360 4134 3651 2195 10068 7518
4361 139 2940 2546 10137 281
4362 2911 8427 8250 6011 10421
4363 4758 4318 3007 6135 6688 7413
4364 9460 1628 4483 8112 10281
4365 179 757 2445 321 10422
4366 1327 632 6009 6250 4529 143
4367 5086 1411 3529 2684 6590 3708 9372 8552 3455 4534 1174 7878 4483
4368 181 1436 1886 3936 537 1033 2079 123
4369 428 81 10270 10423 79 832 4228 4532 6834
4370 7079 2065 4913 1870 10424 3285
4371 4942 8254 9447 2197 10425 4106 1176 2267 3031 10033 2399 9014 6014 10426
4372 7083 10427 3874 6985 3998 3338 1477 9141 4735 3915
4373 2815 3573 10428 5373 265 3434 4235 990 2751 728 6741 1245 6596 6532
4374 1982 3034 6398 2665 4914
4375 2591 5154 10429 9899 772
4376 6248 3934 4184 8913 952 10193
4377 79 2452 8617 6656 3908 2234 1506 1775 5221 2233 4952
4378 165 1409 84 10430 5914 3997
4379 8035 10431 8064 7562 3840 2014
4380 4555 2823 9977 379 10150
4381 148 5422 5114 1418 6240 4616
4382 23 5540 3589 5543 2377 10432
4383 221 3261 4778 2790 5249 98 941 4928 10433 3371 5096 5718 8540 1615 5875 10410 10434 5169
4384 350 877 3402 3183 758
4385 1318 4036 1864 2944 6626
4386 8065 2662 9846 5963 3704
4387 1287 448 6344 1657 2545
4388 1113 575 10435 614 628 10112 758 267 2628 9332
4389 4430 10436 4429 3904 4428 10096 7945 10437
4390 4921 4922 403 4396 4397
4391 934 9013 3295 7141 4099 6493 442
4392 933 94 2561 9051 8363
4393 941 8158 1886 1807 3934 10250 10438
4394 10360 4140 8806 1948 9887
4395 4904 7868 10246 6621 6552
4396 2066 1662 1523 5727 9596 3547 384 6419 25 2301 4306 10225 3373 1196
4397 1322 4785 5888 62 286
4398 889 9687 1304 420 2745 2740 3729 3689 1511 2748 5800 680 3418 5022 4051 4774 1651 3882
4399 1292 1298 5838 8018 2509 96 5648 6345 128 368 4506
4400 9486 7047 650 103 2636
4401 3261 10154 8540 1615 5875 902
4402 428 4625 864 4732 932 6457 3497 2505 4540 5124 2339 2229 1601 7442 5475 3631 6101 1089 5654 90 9365 1550 20
4403 368 5449 10439 2044 5248 2571
4404 5124 444 1132 1531 1113
4405 9107 10440 9284 8286 9378 1786 8285 6906 6088 556 5860 10441 9699 557 558 8290 6173 6907 5788 9109 8278
4406 3656 6833 10442 4978 9724 7287
4407 4546 9411 8040 10443 845 9074 6269
4408 2311 2615 166 7632 1718 1413 318 2518
4409 3007 5003 7062 4863 7645
4410 349 7492 609 2602 9748
4411 6573 9299 9150 8977 2248 5992 4665 592
4412 6250 844 6561 6038 1366
4413 932 3 5196 5673 8859 5567 2518
4414 8515 5438 6407 10444 1431 1687 2380 930 8149 5435 305 7072 8150
4415 10415 6346 1342 2532 2767 477
4416 5134 1817 4567 2271 2641 1203 1392 5741 2674 7874
4417 303 393 389 390 388
4418 8398 832 5535 157 5985 8749 7340 2204 6101 2924
4419 4673 3727 342 8507 10445 2536 10128 7211 10446 10447 8485 3131
4420 55 6708 817 10448 7829 7830 6580 9746 3004 2997 3147 9502 3013 8345 2041
4421 5385 1705 4562 4587 5052
4422 4566 799 3248 3460 2460
4423 10449 1731 1560 6209 6234 10450
4424 7590 7323 6887 1056 4560 4837 1921
4425 1196 1716 7885 3628 5563 9272
4426 79 10065 518 324 6330 1289 5567 2065 6677 2470 10451 7310
4427 3053 2816 1242 1998 10452 6404 2087
4428 6833 1802 3915 10365 3887
4429 1766 3312 518 2 6128
4430 4216 1549 10317 662 5530
4431 2362 5043 10453 9883 9828 6153 6155 476 10454 9174
4432 8748 2636 4943 227 210 6381 9135 480 10308 2956 5544 10455 4673 5509 9607 1304 258 3620 10456 3400 8218 3560 496 1308 7732 3138 7778 9805 1643 4260 4649 3055 4286 3552 537 359 2173 3263 3792 9141 1896 2048 462 6108 6246 6740 6165 1516 5752 8684 6247 3582 4050 8685 3519 10046 9495 5229 990 2221 5057 5301 1572 4880 7626 959 6110 1243 4052 1652 2928 1653 4881 2146 6102 7440 4283
4433 5254 4511 799 1435 9072 320 5545 94
4434 2177 7425 7897 7378 2535
4435 7147 3997 9976 2660 5921 6383 4947 7598 3530
4436 33 354 1727 8988 5800 2583
4437 343 4470 2173 3631 9201
4438 4224 785 1342 1057 7392 92
4439 6493 3258 6057 787 3171 5141 4414
4440 4131 5295 4132 1092 10164
4441 5812 4567 8616 4470 568
4442 4301 1396 10457 2625 8052 4268 10458
4443 8577 1005 6503 9691 9034 6133 9535 448 5002 3470 1062 690 6483 10459
4444 2868 2551 10295 10460 3472
4445 27 6250 4096 1420 1316
4446 9539 370 2735 2428 7604 8722 2909 811 8730 10461 806 7500 412 715 8299 900 6806 673 1855 6838 2562 916 9805 4044 1642 357 2745 7766 6244 4001 1317 262 452 796 6388 7368 6839 537 3228 1053 4653 611 1242 2750 772 266 4654 4278 6837 3698 5387 6741 9921
4447 2078 2649 1872 1606 1078
4448 5292 4101 8624 5425 4599
4449 1460 1879 6952 8438 2604 2503 9445 1981 10462 650 889 10144 8313 676 5700 353 2433 4314 1317 5009 1881 3925 609 6852 4268 444 9942 1413 5274 505 8749 5752 1041 5382 7989 758 4878 1568 9009 2699 953 4279
4450 7610 5196 785 4383 2447 5112 125
4451 9375 5690 4226 8973 10463
4452 3351 6977 4351 7561 4628 10464
4453 1188 9053 1629 2544 7799 2852
4454 8307 9035 62 7701 4
4455 6603 4304 5952 3056 8308
4456 5060 3454 3012 3018 4007
4457 2661 2972 4622 7066 8184 10465 5056 799 5992 7417
4458 6819 660 5449 6018 177 1414 7902 661 1060 2544 4222
4459 2637 2311 5663 7832 9120
4460 7354 1002 7151 2641 1276 2060 2208
4461 10466 5850 2709 711 3884 8305 5847
4462 1175 1176 10148 5735 5734 5736
4463 6804 10467 2658 1599 752 10468 4073
4464 6993 9381 6319 2997 384 4893 8613 7998 2529 2464
4465 7033 6770 1933 6169 10469 8277 8014
4466 1917 10311 2469 8182 5546
4467 4520 1594 3637 8942 9229
4468 10470 6749 1676 145 6622 10471 10472 2434 4227 1204 1644 157 5595 949 6852 428 505 5041 7692 5833 3932 2924 5018 5017 3105 579 1567 5020 4050 991 5012 594 100 4403 9115 7694
4469 9451 4923 188 966 2687 10473
4470 889 514 4041 5006 1235 1067 2125 1070 8853 6059 3926 5274
4471 103 6189 784 1204 4896 2794 8800 475 10474 9862 632 8768 394 1496 799
4472 10475 3819 10476 6209 75
4473 1188 5631 4702 1005 10477 6072 2195 968 6232 9074
4474 1496 2773 4087 10478 397 2218 5822 4098 1366 5841
4475 7441 1452 4156 9353 9581 1884 659 1870 2405 7990
4476 1082 4701 10479 1881 10306 6472 10480 4777
4477 10481 8911 951 2304 3158 6521
4478 1436 7936 7829 9795 9796 291 2203 2209
4479 8498 9205 5357 2233 3055 8592 10482 847
4480 7452 7713 7715 7332 3119 3429 3380 7714 4822 650 26
4481 6721 6690 4701 4523 396 1113
4482 10483 8590 4991 10170 10484 6120
4483 7307 10345 1208 3353 5978 6955
4484 9224 6266 739 7420 1444 3512 165 6953 4880
4485 196 5121 3039 10485 10105
4486 2408 10486 9015 812 9796 9795 520 10487 7962 259 4031 4166 4652 679 5228 4049 772 5012
4487 3345 328 10488 4930 374 477
4488 684 2724 10489 5147 10490 2069
4489 5677 4672 5196 2590 9217 9207
4490 6546 1484 938 2945 768
4491 5423 4062 3592 7062 3699
4492 1666 8943 10353 3686 6798 5677
4493 782 2518 277 1562 1641 8520 5612 2197 10491 6914 1811
4494 82 6200 35 454 6505
4495 9072 3998 943 2464 7840 6800 5221
4496 5815 338 8761 715 5650 4030 5124 3785 6450 5926 3301 8118 3031 6577 7699
4497 1489 1490 1491 1492 1494
4498 3678 2066 805 4381 10252
4499 9774 6882 4456 10492 3960
4500 1800 10493 8786 934 440 2594 5732 8201 4919 10494
4501 379 415 6105 2122 144 4233 5631
4502 4130 384 2997 1938 3025
4503 8681 5549 3466 177 1805
4504 4112 3158 286 2501 9385 1798 794 5048
4505 5449 661 2544 1164 3181 446 3209 167 360
4506 10495 1005 10496 2254 6678
4507 10497 3589 1364 3430 594
4508 808 4332 1265 3412 2130 1566 6311 10498 4270 8455 5290 8854 1243 7817
4509 2451 6574 1801 5293 4572
4510 7666 2202 3569 949 3380 851
4511 375 10499 4622 3236 254 4394
4512 7947 7896 5781 7895 1526
4513 3830 2002 8398 1659 5865
4514 6492 1966 7134 3069 3070 7261 1969 10500 1097 8901 9137 6530
4515 10311 10501 81 530 5689 5692 7026 7011 1500 1725 1484 9428 2501 10502
4516 3540 7292 3538 2460 1640 9284 3535 2911 9378
4517 842 1467 10077 9929 150 3351
4518 7286 10503 6901 6959 587 8019
4519 2455 8423 8422 10429 10504
4520 391 10505 6939 2311 806 1205 9234 2068 3185 318 9210 3379 8137
4521 6419 2482 5309 3228 261
4522 1132 4564 717 8229 5689 8366 7619 4531 3303 3765 1634 1963 1414 553 5449 1357 1970 1903 2544 1883 1884 10506 2706 10452 2444 5248 9605 968 10313 1165 1415 4477 1012 439 3351 3564 6458 528 8917 4750 2175 2581 10507 10508 3955 3956 8857 9247 4076 139 5093 666 354 10509 3098 290 443 9182 4209 3470
4523 9566 5681 667 8136 10510 8821 6547 10511
4524 3396 768 3821 146 1811 1289 81 2294 10236
4525 8642 1626 5950 6107 6617
4526 3465 6152 1473 4937 7073 669
4527 1060 6333 5677 5801 8595
4528 842 428 9138 2715 7604 10512 8066 1811 374 9800 609 386
4529 341 1883 1884 3049 3379 9348
4530 173 3616 3855 6669 1705 3479 4511 2470 1814
4531 2422 5793 6370 3800 5323
4532 255 2429 674 1158 291 495 3618 1563 3202 5523 3518 947 442 20 3729 2309 281 5018 9196 6270 4517 3168 718 3555
4533 8345 9502 4031 6579 10513 7104 2554 2337 8877 8353 5660 1526
4534 1132 10514 372 1762 10515
4535 5169 8505 6056 2124 5797 3552 1514 302 9141 5800 8237 3613 923 2873 5301 1650 4400 740 3422 5935 4076
4536 2653 8226 3492 7451 730 8672 6540 8185 611 7471 5131 3131 460 5651 1023 7276 10516 2531 2058 1572 3915 8415
4537 5449 3389 9249 142 2032 2028
4538 1001 7693 787 5565 4204
4539 1355 8490 9540 3492 10517 5124 1322 1629 9598 1406 3348
4540 934 10518 3240 2257 5142 676 628
4541 5124 7610 8225 549 8860 10519 10520 4127 1060 10415 768 316
4542 5277 5988 10287 669 304 89 308
4543 2808 1443 5069 10521 10249 7644 2942 4140 9383 609 5947 10522 10523 4919 5305
4544 2209 1415 140 2295 2 10524 8137
4545 488 1889 1718 2446 10036
4546 5279 7071 1828 305 669 5435
4547 5414 935 517 10138 6071 5675 9418
4548 10525 5520 661 5080 8754 10526 5568 2381 5921 3278 1281 10527 5770 580 3409 105 5882 8117 8424 1558 7589 3690 1745 10528 4647 620
4549 1745 10529 10530 5041 4572
4550 10531 4140 1120 9341 10528 3511
4551 1307 350 1562 2562 3337 291 2124 3780 286 782 2602 519 3155 5915 2745 8994 3038 4046 10532 10533 918 3203 3204 626 2127 2248 758 3408 832 3502 3205 5322 4000 3412 3101 3692 4940 4268 2174 2132 7282 4048 950 6328 2111 3588 2134 4161 1461 3103 2731 4775 4273 144 690 4776 4337 4880 284 2878 2879 2880 2881 6307 9568 1245 10534 6064
4552 1811 5082 2967 7030 9100 10535
4553 1766 5686 1347 3468 1477
4554 10358 10123 9218 10124 10126 591
4555 1482 552 1349 1583 192
4556 370 394 6805 1186 10010
4557 9595 3357 1523 7581 4313
4558 3852 3636 609 6860 3643 105
4559 9492 5648 609 3767 10536 7443
4560 481 7871 10493 8746 9208
4561 5368 7962 1800 6022 4596 10537 8919 10538 2806 1366
4562 3943 10539 2588 6705 1189 2064 3005 7015 8304 4714 9030 10540
4563 244 4614 10541 1669 10542 8397 2312 10178 2163 376 975 715 3499 8263 1888 1016 1028 7571 10543 4516 413 248 5408 3884 301 278 3007 8994 2470 4530 4548 7064
4564 5042 941 2431 6555 2496 2799 8837
4565 2737 8929 4523 7524 6521
4566 233 6797 2155 236 5467 7606 976 3621 1642 4166 2394 8998 353 422 4735 426 4268 4768 2133 3415 6740 3731 5800 2748 8685 268 6109 9495 9497 6872 5103 1245 10544
4567 467 7786 10545 2562 3097 10546 3697 149 141 4787 2837 7296
4568 1115 10254 6537 6276 1116 547 539 4810 9715 10412 106 10547 10052
4569 667 7618 3349 139 5349
4570 8866 147 4197 4470 3269
4571 10503 5117 707 7323 7640 2263
4572 4945 1970 1599 1799 934 785 448 5475 5053 379
4573 2637 2536 882 5506 1502 428 3677 6554 1816 658 2796 10548 2907 1946 10549 1287 7776 3801 2368 7665 5638 2728 6119 883 1002 9394 7662 783 131 3288 3680 1605 9291 8943 5771 1372 5080
4574 5478 1956 4836 10340 2765 7449
4575 2489 10550 3352 2350 2352 100 4691 4695 4687
4576 483 2675 256 10095 2943
4577 4138 586 9998 3271 3001 121 2496 25 10551 4085 4103 8312 3147 772
4578 1360 5600 3297 3298 6815 2662 1718 583 122 2622 7127 3552 10552 5018 4588 2173 10478 1975 4106 2573 2267 3031 2205 10482 594 1572 10426 8954 7692 6101 6794 7265 2646 1710 9479 10553 3615
4579 10554 3755 9922 381 1331 3589 3429
4580 3242 9250 4326 1386 3708
4581 225 7200 226 4246 2409
4582 303 6365 1854 1301 698 99
4583 105 7286 777 666 9056
4584 10555 5976 1382 5404 1578 3341 1249 533
4585 307 10556 7132 10557 5438
4586 3957 2907 7476 10269 3568 3293 2734 1542 4127 1803 3158 3611 664 3449
4587 2323 7056 8472 3983 3961
4588 2448 2044 1761 10558 7774
4589 8472 3285 5263 10559 8973
4590 9863 1726 6756 824 5289
4591 2081 2706 717 4243 4919
4592 2199 9395 10560 9627 9544 7998 1591
4593 1175 1176 7557 7556 7558 5736
4594 933 785 3312 8412 4406 562 560 5101 5898 7003 1870 361 7399 10387 2065 8858
4595 3255 4789 7774 3492 2405 6991 972
4596 5801 10561 6690 9459 8339 10562 3120 10563
4597 732 3715 6528 10564 2249
4598 3496 448 6048 7801 5649 1417 4291 2725 1357 3257
4599 768 1313 2003 1331 8810
4600 391 8958 5690 10565 654 1408 2517 4071
4601 2232 3541 1118 1292 1293 2655 1849
4602 357 5274 3924 1517 2173 4878 955
4603 9533 9000 3059 1329 10566 1229 3840
4604 6321 10567 8446 1337 10568
4605 4738 5864 2218 6664 1251
4606 1721 5614 10212 5253 3512 6717 2291
4607 10569 9883 6408 2724 4930 5124 10264 6729 6966 2 6998
4608 4870 255 9015 2433 9141
4609 4198 6650 1079 7282 6417
4610 1563 5009 7987 6079 322 3221 2134 508 3582 281 4771 6905 364
4611 1545 4023 2425 8970 1333 3732 1335 3349 937 1595 10570 6093 6094 2229
4612 9362 1382 503 505 1580 7641 1388 4269 993 3105 5021 5012 2924 4050 3932 7769 2754
4613 2331 10571 10572 4285 1638 434 10573 10001 1012 968 7230 10574 6047 3794 4665
4614 1360 5600 1973 3297 1974 2574 3298 583 1979
4615 2584 9556 2494 2025 5198 9599 5867 589 8082
4616 6982 303 388 389 390
4617 794 2636 1188 1409 1190 7778
4618 10575 2795 1331 2125 1164
4619 6185 2562 1180 5747 3034 3715 742 9034 10576
4620 692 8271 693 5439 10577 7748 1114 1435 5273 3444 2235
4621 2662 8472 303 388 389 390
4622 1249 364 9987 6221 10578 3032
4623 9476 5801 9771 9019 4211 915 898 5449 33 7801 1205 2544 8063 3049 6547 3146 3740 1361 2584 9933 623 3228 3429 838 2250 837 2030 4272 7823
4624 1506 663 10579 5181 1216 2105
4625 10141 6793 1078 169 8338 2160 8958 1207 10314 6031
4626 4070 5598 10580 3355 10581 2993 7428 922 9890 689
4627 3622 2867 626 5967 593 1111
4628 9733 1088 2969 2811 1729
4629 10582 3863 1510 8364 4161 4276
4630 3320 7516 9842 3312 3569
4631 9349 5091 7118 6642 2828 6301 4898 6320 1107 10583 6302 2901 1094 73 9737
4632 6671 8468 7498 602 21
4633 1032 9733 1357 632 130 9792 8044
4634 1541 3643 6298 6090 7527 1493
4635 1775 846 448 2710 9298 762 6269 4142 1702 143 9125 481 1287 301 2160 757 938 615 1560
4636 737 10584 346 1033 1709
4637 898 3737 5762 2566 676 8670 3651 435 1742 471 1640 1321 2505 102 8482 4943 9080 3608 3383 9460 5728
4638 8334 6296 3655 714 8092
4639 360 6128 2037 1903 1884 38
4640 1198 1201 1052 5677 5417 310 2443 7354 2964 932 2907 1848 9658 1759 1164 2637 465 8061 3072 432 1296 6436 4836 7547 5449 2537 4093 6976 10517 9288 10585 212 2458 5574 1834 2917 2544 10586 10587 7726 1661 6959 469 938 661 2872 3357
4641 3080 6956 1908 9044 3348 120 6526 10588 5802 2074 3256 5565 1342 972 6690
4642 10589 3287 3915 361 2645 939 4572
4643 2662 1891 899 99 3975 5963 240 1892 2183
4644 8804 6113 1289 10590 7473
4645 2664 7794 2650 10591 10592 7944
4646 8936 3128 3127 1489 1491 1490 1492
4647 1289 1330 6193 3351 1460
4648 92 7748 3459 1314 4116 9773
4649 374 1156 6678 4828 343 6944 4911 9575 2562 6413 10593 160 7114 10594 5308 6870
4650 1307 2396 1309 1071 612 1073 1242 954 4280 2662 3555 3423 5282 3425
4651 4515 1969 2168 4032 5181 264 1109 7261
4652 10595 4084 6292 6293 6294 7197 10596
4653 9347 4148 2323 8985 5796 7057 10597 3022 1701 1856 5264 6818 9502
4654 4236 528 5677 7385 5344 2917 10415
4655 1867 2743 1519 4772 3931
4656 389 5404 8473 1718 388 508 8065
4657 854 6985 1531 6861 1327 676 4815 9096 2487 651 5165 2562 10598 6708 7796 130 10599 8478 2907 4955 8585 9979 2719 7795 438 1605 912 3189 1240
4658 6317 5521 8181 1510 6078 97 832 5100 7446 3205 3412 2130 7340 7749 3415 5286 2134 2645 680 4770 758 337 1650 1651 4281 9497
4659 2390 8285 7862 10476 2389
4660 6106 4314 505 5377 4278 4506
4661 5131 2861 3743 6893 3044 6894 3725
4662 9276 2623 8231 6463 3004
4663 665 1032 3251 2116 5274 952 122 7381 4880
4664 9796 855 60 4083 61 3258 6575 3841
4665 378 150 9187 2065 2473
4666 9667 3480 3598 672 2693 7513 8803 8838 10383 263 2070 2019
4667 3933 530 1681 3358 2212 674 3244 2
4668 6207 1460 2451 615 8796
4669 7012 1670 8647 8699 7528 3351 5475
4670 933 1078 795 5339 3236 5830 2194 2301 4678 10600 5609 8720
4671 1742 3633 9223 5695 10601 9056 3052 10602
4672 6356 3180 8232 5254 2487 4410
4673 6804 5044 251 10603 4213 7012
4674 6274 418 2911 6272 9777 6277 3400 10604 2232 1158
4675 6680 1749 7147 1292 4643 5477 10605 7704 10100 9326 350 3371 466 351 10606 8698 3871 1639 889 5178 736 3618 2572 353 3055 3846 8685 2873 9839
4676 79 3398 10607 2248 7987 1764 1881 2037 4101 8208
4677 3185 9926 1188 7628 439 7201 7512
4678 92 1198 2907 2503 6194 803
4679 1919 2197 3278 235 82 4421 4351 3919 1560 5651 3841 6947 2134
4680 6773 2721 1296 2610 4606
4681 3909 5622 10608 6016 5545
4682 1044 9506 6617 799 3594 325
4683 5636 481 1287 1460 4487 4249 4492
4684 7442 6542 9328 161 9956
4685 2841 3227 3323 6253 10022 757 1537 3809 659 132 846 4749 938
4686 10609 7457 4672 5405 600
4687 662 6958 988 1461 4161 1089 799
4688 3830 3570 5513 468 10610 3933 2502
4689 3226 92 10481 10119 10075
4690 3085 4085 4103 113 1482 6164
4691 1047 4289 2371 10193 8626 2091 2939 8084
4692 5484 2482 2684 7466 5346 191
4693 5082 3376 8475 3393 4954 5173 1182 3548 1748 2578 10611 5369 912 8501 6236 3923 3891 5658 5249 8876 4850 4896 2396 1497 9801 5205 1726 1180 8083 7093 5038 4130 3025 6916 5495 3811 5821 7824
4694 4523 10612 303 388 389
4695 9781 5631 5071 7825 3359
4696 341 3463 4099 2248 3279
4697 3255 9520 1228 10506 4343 7808
4698 8785 9032 2381 379 3862 2295
4699 10613 3330 5509 9790 4973
4700 9187 10205 4071 6894 5506 4469 123 3556 4369
4701 5785 554 555 6087 5788 10614
4702 5098 4951 4082 7318 2576 118 5046 2896
4703 1945 5111 2639 7756 3470 6090
4704 10615 4550 2381 1411 5684 1811 9125 580 4544
4705 2598 6248 1763 4483 9783 207 9899
4706 3413 5176 9131 7256 10105
4707 394 2084 241 7774 5291
4708 5206 452 1207 2685 10616 6254
4709 9914 3906 7054 10617 8320 4434
4710 1545 5508 2940 335 2540 1474 6016 9074 10268
4711 4683 4945 5835 1342 2321
4712 2408 10618 410 9359 6609 1305 3291 2868 3857 4684 7434 6202 5274 1265 426 609 6594 4232 5100 1923 691 3165 4655 1645 1572 5933 1871 2926 5301 683 4880 10619 8422 714 284 4076 3425
4713 803 7764 662 4112 1008 666 936
4714 10277 2063 176 717 8552 8227
4715 911 910 837 906 3887 7424
4716 7871 258 530 10122 2427 145 1965 10509
4717 438 1057 2219 10620 3438 4015 3611 10621 2947 1008 5800
4718 6065 5417 4980 432 8736 8136 6459 5584 120 82
4719 10622 4261 2433 5797 302 2397 6779 3730 3418 4505 3586 270
4720 7756 1997 6712 2968 1504
4721 10623 4079 6353 10624 7047 1675 379 10625 7198 9935 1292 1293 10154 9658 370 1406 3348 4676 7384 10626 10627 10628 1307 10067 6495 10629 3056 890 10568 2794 7178 1117 3217 5656 2554 4469
4722 1033 529 4004 8758 1249
4723 5657 3454 6264 5536 1896 8462
4724 9128 665 6746 666 6542
4725 4244 1947 10196 148 2408
4726 6434 10630 10631 7323 3466
4727 5064 5592 6755 8169 3494 4747 2065 6840
4728 9798 10383 2388 5971 3026
4729 5809 139 9435 1607 3915 1734
4730 3127 2563 2907 1799 428 79 1321 2371 435 2505 94 7841 4610 1489 1491 1490
4731 8276 4596 8809 635 10220 10632
4732 10633 3934 332 79 5663
4733 6784 3108 2115 4635 10634 2652 1148
4734 1428 10635 10084 8322 7396 382 4679 4700 2915 8001 5722 1427 8000 7612 632 5424 3592 7407 8004 9126 4524 8312 10603 426 5803 10636 5446
4735 684 8300 4000 10637 6293
4736 9480 10638 1713 9228 10639
4737 9788 10640 5126 3427 5127 10641 7647 4973 7346
4738 6420 332 6476 846 10642
4739 780 1956 6464 10643 4483 5168 6861 6024 471 3849 6270 364
4740 2635 2518 5602 8542 6291 4411 6794
4741 10644 5024 7503 2172 5023
4742 5311 6222 4939 8930 7657
4743 354 6940 5441 3328 4381 1500 8037 667 6228 685 455 5672 368 6383 3163 1359 334 341 2626 827 8501 52 7835 1328 7008 8393 3430 4194 1205 367 9599
4744 4568 4899 5133 5971 8440 8441 2115 2822
4745 4516 676 628 8446 890 2999
4746 10339 4151 4439 9057 10645 7503 10646 10110 9880 303 5805 5806 1165 5515 388 1652 393 7896 7664 6088
4747 440 5799 5113 6729 142
4748 3186 469 4117 4633 2614
4749 1907 588 8201 7806 2029 4327 6214
4750 803 79 1970 2065 6545 2458 841 4388 3034
4751 260 736 3689 3406 2127 1111 122 144 955 958 3714
4752 1529 6389 2685 10163 3588 2229
4753 2432 1782 2989 9842 1401 10647 5089
4754 4253 5172 426 3916 268
4755 6250 7801 325 7569 5773 10648
4756 2563 932 2907 428 686 2502 1416 4300 2491 275 8719 10649 1551 1089 1872 2700
4757 778 1167 10650 3664 2979 8811 779
4758 1861 650 6573 8120 4626 4332 7810 10651 23 8040 5120 1824 1079 1196 7937 3631 10652 9595 590 6667 10447 4712 10653
4759 10654 1283 6104 2720 2800 4425
4760 4244 5388 7151 10302 4892 225 9403 4603 7161 6554 7975 5143 10655
4761 6891 6469 448 703 343 1940
4762 2119 6464 3037 419 3689 1578 427 423 2950 1580 2132 4048 1239 2645 3104 680 268 5933 6311 578 958
4763 6605 517 1001 8601 4 2453 7701 5980
4764 9684 10656 8668 1349 4886 7479
4765 2164 1673 294 4692 4693 3810 3351 8814 4698 4696 2779 4903 7211 1537 7551 3147 6611
4766 5155 3312 10657 9422 3564
4767 8815 2915 2254 6209 5977 5890 5581 2698 1834
4768 3477 9900 92 292 1477 3583
4769 2506 3827 5274 1776 4776 3106 3169 2142
4770 343 3765 1634 8068 9357 1718 1963
4771 1143 2480 38 598 4299
4772 8188 10647 1444 89 4295 7093 6543 9554 898 1299 9871
4773 7255 7397 1707 9527 632 10658 9046
4774 8128 416 10122 428 1948
4775 3209 2795 1796 4589 10659 10314
4776 7478 4904 6880 9549 10660
4777 6254 9553 1818 2757 4733 3064 5915 6235 2821 1527 1180 215 5451 8039 2577 7902 935 6236 628 2248 8618 8824 3100
4778 812 8180 2124 1259 1257 4652 1113 2136 2091 4271 579 4280 2145 5934
4779 7359 97 5382 6074 6864
4780 428 10661 374 82 530 4185 8264 567 2195 3818 1040 571 9395 609 4086 494 10537 1595
4781 448 7176 8071 2 487 970 4856 3823 3018
4782 1550 807 10662 2703 5939
4783 5639 1287 969 709 492
4784 8840 2085 5611 4909 958 6596
4785 6009 2042 1196 3631 1113 758 2132
4786 5929 6698 10663 581 6252
4787 9468 255 2956 3638 2431 3613
4788 661 53 2446 7962 139
4789 4398 10664 79 5567 2950 6355 10665 8719
4790 8905 1775 6282 2536 3745 7602 10142 3289
4791 1223 139 2375 806 1919
4792 9361 1918 3361 5849 6725 3502 10210
4793 10666 7931 8478 9501 10667 390 7797 10023
4794 1322 3891 7166 8389 10552 9336
4795 5714 78 10668 4890 8796
4796 1523 5203 2150 9413 308
4797 1742 1260 1032 7693 6957 4477 6630 9474
4798 777 666 9336 3458 446 10664 2634 1364
4799 6939 394 4758 1938 5491 9454 3026 1982 8593 10669
4800 5292 5581 5043 773 10012 407 3289 6072
4801 230 232 7521 225 7639
4802 77 257 1601 1208 3654 648 8164
4803 481 10670 5185 4584 7528 2919
4804 9033 2865 186 7050 3919
4805 882 8699 1601 213 1800
4806 38 1133 10671 3379 3547
4807 440 530 6411 4941 2093 1691 9486 1700 3308 4919
4808 10672 3305 4023 2502 4877
4809 5111 9403 9013 10325 5337 5754 2802 260
4810 4622 799 1060 936 2161 3198 2518 1907 582 9882 753 6874 9552 1556
4811 6471 752 9990 857 1880 1549 1213 1696 3884 6368 8002
4812 1982 632 5055 5310 10673 9250 6992 1504
4813 8186 10674 356 6486 4466 6892
4814 1237 2169 8360 1070 10675 10633
4815 7638 4707 4704 9826 2255 938
4816 2340 7163 2079 4200 4530 1689
4817 2044 1033 3453 6251 8910 6073 7253 10676 9558 5833
4818 8068 5203 8768 8800 4307
4819 3244 10088 8591 6507 3478
4820 9195 290 1438 5134 661 3827 799 10677 4239 10678 6862 452 10673 9782 7046 5880
4821 494 1879 303 388 389 390 393
4822 1563 2395 2248 7510 3113 8749 1579
4823 684 4383 10679 10680 10571
4824 3997 1409 2906 3755 3358
4825 6065 6633 4054 898 5969
4826 1599 3997 18 331 8535 6681
4827 10081 391 169 1406 188 10681 699 700 3709
4828 159 10682 6128 8104 7172
4829 9935 303 292 2053 8306
4830 2482 39 372 85 6805
4831 8573 6005 1375 7405 4381 79 2301 6462 10683 1483 3486
4832 4428 3905 10684 899 1301 5233 6183
4833 3529 6175 2918 6594 2199 627
4834 4079 4906 846 5901 4782 5672 1335 6459 3792 4304 10685 727 5551 3486
4835 9360 3309 468 10686 2933 1479 1826 3379
4836 1867 566 5073 2547 6728 2248
4837 4134 5091 10028 3653 1108
4838 2458 932 5417 1800 6457 3680 428 938 324 8593
4839 1714 4390 10110 2613 10687 6644 7614 241
4840 1201 9538 105 8874 6550 10688 10689 484 1331 7988 9901 8068 10690 9191
4841 92 10274 4633 2877 6983
4842 6114 7008 5444 10415 122 9044 2383 3315 8744
4843 224 3532 4947 5187 2788 4753
4844 5582 1920 972 7917 2801 1523 6348
4845 417 1455 9231 5654 7296
4846 807 7599 602 4955 5123
4847 5604 8915 10493 10691 6161 6908
4848 4466 6929 2350 4695 9043 9122 1601 188 4718
4849 4237 1444 7498 1302 1006
4850 4899 4133 3050 7497 1840 4902 1109 2244 4803
4851 4284 1855 891 514 7829 6580 7830 10692
4852 10693 9618 2489 173 831 5188 5904 8699 3295 25 2347 4692 6652 9639 6733 2280 4561 7133
4853 2458 5619 4502 2341 10694 9182 438 2 2204
4854 3006 7954 6440 2748 2750 8081
4855 4251 8825 2312 3617 1920
4856 10695 1414 3601 6476 86 7268 10696 9033 2000 8247 10041
4857 3784 214 6491 9020 4131 4805 5295 4132 4899 9973 3907 4133 1109
4858 3497 7474 10399 4209 62
4859 10697 969 3083 2684 4610 1042 3398 9182
4860 4332 4165 3116 1477 426 796 1897
4861 666 1413 8819 6746 9074 1487
4862 3503 604 9219 2535 74 6822 9782
4863 6029 1705 8336 7584 8440
4864 8809 858 692 10698 5540
4865 8829 6689 2857 10699 30 32 10222 5253 8174 3141 6691
4866 9197 159 10579 1411 9451 4801 10700 188 6860
4867 1661 778 4105 2655 1391 7466 8850 715 2458 440 7349
4868 4054 5506 141 1662 943 10701 1500 4197 6737 5541 4089 7315
4869 10702 6536 2973 2983 2216 7309 2978 2979 7286 10503 7613 4759 10703 8098 7667
4870 6183 4460 5893 8473 10096 8985 9355 2181 6284 3704 1890 4362 6286 4363 3602
4871 9946 10658 10704 341 3758
4872 3758 7098 655 4083 3759
4873 7639 1459 6132 2343 4342 1513
4874 2907 659 290 79 1667 433 6686 9114
4875 879 221 2715 10654 697 1198 1076 976 2407 807 1408 8888 5649 812 5668 257 260 3556 423 4399 3831 2084 992 3928 7699 923 3409 270
4876 4184 7881 668 86 7643 2 4515
4877 10148 8705 6312 7556 7558 5736
4878 6054 5680 5048 6605 3898
4879 6419 2476 1609 6651 10705
4880 4873 8737 10706 6734 9049
4881 4116 4079 785 1068 5356
4882 81 7595 2311 9540 10262 7441 846
4883 2675 9369 359 3761 382
4884 9601 10707 6429 4276 6296
4885 6666 8914 3349 2803 8162 338 666 7818
4886 1836 6410 786 3080 5113 4801 7232 10159
4887 16 5314 2437 2438 9411 4938 7002 4416 2333 10708 10709 6094
4888 10491 3265 3293 7659 8338 2197 9011 3158 1180 1807 2334 2259
4889 5465 131 221 7704 1815 9149 1755 10348 6671 233 7147 5682 4870 5215 215 5477 5069 932 7152 2443 842 2966 1180 6536 5414 1586 6513 10081 10710 820 328 6979 8438 9445 4058 394 10711 6470 6865 2230 8203 3826 5081 10712 10713 9565 9960 9205 8525 2820 896 10714 8654 5084 9903 2957 8529 6822 5750 5283 7733 7100 7729 9753 10715 10716 1731 3138 1564 1643 2868 9000 420 10717 2233 2488 1364 3078 3561 8265 6580 6579 752 10718 10513 6981 3039 5008 5193 6011 8068 3014 3040 6955 1358 10719 3879 8361 682 3912 5290 1568 1526 2927
4890 89 5481 7071 10720 1599
4891 10270 9911 5408 2104 3189
4892 1477 5732 1497 779 2290 2046 750 7015 6955
4893 1948 1840 8092 2907 936 7271
4894 2563 932 8466 5686 8851 1765 2758 343 3349 166 5432 7679
4895 737 8099 7421 3761 4945
4896 368 10698 2233 6626 714
4897 10721 10722 9974 1603 1358
4898 10723 261 4828 4401 4835 10724 10725
4899 10349 9181 3796 1428 4684 1559 729 3641
4900 3204 2248 3502 4502 5287 3927 5376 7530 912 1023 4049 4773 10726 3680 5564 2006 179 284
4901 10727 4198 2464 2892 3147 2727 61
4902 8334 9013 9219 315 8938
4903 10646 450 10728 10729 3189 10730 692
4904 3809 1355 7270 10731 10732 10733 10734
4905 1018 10278 803 8550 1385
4906 5079 4062 8615 3484 5211
4907 3655 8190 10735 3775 4190 8212 3068
4908 3034 303 1889 5721 4572
4909 5615 481 92 7677 9436 5616 7832 81 4360 3214
4910 9768 10736 10737 10687 10738 10739
4911 2441 8093 2646 3398 3514 3098
4912 230 7200 1621 10740 166 1742 9015 3618 1513 2436 9022 595 365 3464 9497
4913 9291 2127 758 1289 9452
4914 1951 3085 2290 3002 4689 8067 6840 508
4915 1201 7331 8939 8538 808 9766 2638 1284 222 210 932 236 10741 6587 10742
4916 9770 2611 3834 303 9155
4917 666 7657 5177 1363 4483
4918 1661 219 9690 6512 6535
4919 8416 6161 6022 8736 1471 3630 272 660 9158 486
4920 10743 6538 7772 8601 6496
4921 2094 9711 9660 4565 351 1407 1170 7632 3103
4922 4737 5573 6740 6063 961
4923 9726 8126 10067 10068 10065
4924 7997 8215 5548 10744 6612
4925 349 1879 2500 1355 795 7874 726 485 8595
4926 481 5474 7582 8988 1044 3360 2916 7315 7211
4927 4402 632 5005 3323 2802 441 780 82 4618 4190 4786 4003 4150
4928 3496 207 6506 9473 9284
4929 10745 976 255 9683 6464 2429 812 2044 4041 7901 2121 5611 355 6106 715 2131 1580 3228 5228 2135 2581 3879 443 2136 2484 6417 579 5171 4776 9525 9111 958 4338 5933 6872 1113 2145 1652
4930 3705 1999 84 165 8403 2586 6928 3611
4931 255 889 6025 812 736 6738 5404 739 3690 3613 4282 961 4881
4932 5416 2909 3496 5069 1756 5941 8506 3072 481 10049 3439 2965 4747 10746 9960 36 2409
4933 8487 7103 5227 5752 5041 7692 2756 4281
4934 5525 4555 9829 4288 10328 6236 765 1601 7640 626
4935 7870 1296 5699 9472 2520 5769 7565 3532 2799 6679
4936 10747 8368 7597 10748 1171
4937 4988 4989 4986 1064 8013
4938 758 1613 4541 3725 10749
4939 128 7219 4020 407 4290
4940 10348 692 2274 9841 2902 4133 5295 1092 4820 1840 4902 6488
4941 1775 5901 2216 2217 261 9390 5192 3257 924
4942 5351 5872 10750 3667 1420
4943 341 1292 9286 1272 6648 1934 4036 672 2454 8742 9281 89 6986 7418
4944 10751 10752 6654 5960 5200 1721 4468 5595 8341
4945 3358 2220 2085 6480 6653
4946 4817 6671 248 1140 1120 2486 2065
4947 10277 3532 10662 8325 5669
4948 1709 7103 1033 703 630 2016
4949 1057 4111 5792 2078 1889
4950 3843 5979 4455 4323 516
4951 1001 3256 1181 5188 4240
4952 608 1174 3358 8141 9744
4953 3295 7401 4180 1818 3687 8681 4791 8404 4194 3453
4954 10106 7093 4968 2165 9890
4955 1920 3681 1998 4067 304 5752
4956 5370 8587 1389 5551 2905
4957 2661 240 1301 5449 2191 1156
4958 4842 3483 2262 10753 3480 8906 10754 8189
4959 3871 1188 2482 938 1576 10755 3209 9680 4937 1883 2687
4960 877 10756 8902 845 2703 2854 5614 10757
4961 2355 5170 99 4421 886 3958 4729 5274 5523 5797 302 3435 2756
4962 785 9465 3484 143 9917
4963 3462 27 3860 2915 407 1874 7271 5315 9452 10758 8320 10759
4964 501 1069 1070 7854 3557 739 4661
4965 1046 8404 4112 438 921
4966 1007 1542 2240 784 5506 5728 4456 9395 1699 39 10760 4737 2161 2212 1601 7258 4107 4086 3146 1335 4791 7049 2518 453 192 3349 4406 968 8467 1726
4967 7103 4333 8972 1066 5006 4909 6266 1068 7536 3556 1072 7383 1382 4656 1388
4968 2423 1862 2867 2685 2687
4969 5995 9349 7209 7207 2840 9613 6001
4970 9844 10761 131 4642 808
4971 3548 2490 6857 10762 7346 8147 500
4972 8706 3791 2250 7497 9136 1840 4803 6489 1898
4973 10262 273 69 8092 6957
4974 9299 2199 1474 4934 8866 2443
4975 9203 1500 662 1253 10763 3631
4976 10393 7392 2368 5392 10406 965 5636 148 5706 10755 863
4977 6158 3118 3611 1498 1429 10420 3317
4978 4417 5843 5033 6170 1442
4979 10764 5507 3743 10765 8131 3842 9599
4980 10361 5862 453 320 1008
4981 5905 5808 2065 248 6773 9040 8159 7375 847
4982 10766 10141 81 127 1228 457 4904 6892 1225 9489 454 35 122 2856 2228
4983 3551 1229 3921 186 2168 5227 8015 6328 2645 6933 2749 6306 1572 1573 3882 3115 6532 999
4984 1903 10767 615 3062 10768 326
4985 3132 10769 4642 131 1947 4244 5753 478 1002 1276
4986 6279 609 600 3745 7467
4987 221 491 9578 9538 4765 2796 1757 7153 1758 481 1947 1287 1460 780
4988 4475 1422 4476 1423 3916
4989 984 2234 738 3410 1387 1581 1312 9478 1567 3931 2399 2141 989 1912 5834
4990 1355 3226 1467 84 5304 3342
4991 10625 10770 10771 10772 9732 9095 10773 3038 10592 2386 5434 2999 7794 2650 3910 10234 2554 3035 2553
4992 5591 983 10774 3589 8040 4633
4993 10775 3816 2529 4548 8347
4994 10075 5372 8618 5591 9558
4995 4403 10595 4563 3329 6634 10527 5730
4996 400 630 2340 8025 8026 5026 10776 5243 8685 1535 4391 3118 10777 2259 2175 2581 3228 9554 6075 1612 10778 5051 9227
4997 9296 10573 342 943 1772 2001 1761 1321 7586 6820
4998 1742 6786 7690 8878 1998 1709 703 1610 1940 4458
4999 3685 3775 4739 260 3406 639 3408 2127 5547 758 4048 1111 2136 9022 4775 2144
5000 92 4332 374 10661 2854
5001 889 5619 291 1881 97 951 1868 2229 925 7381
5002 7721 10213 7504 7505 7506
5003 199 5679 901 10779 6382 172 394 4568 3 4581 4 971 430 7829 7719 2587 803 452 1197 1911
5004 9105 10087 474 1392 10780 4556 4268 2609 8657
5005 81 1913 10781 6023 10782 2923 1950
5006 9458 8215 709 7178 584
5007 9141 3181 2518 485 4184
5008 4511 9370 2448 3291 10783 603 3819 3950 10784 4327
5009 328 8141 9829 8962 10328 8546
5010 8506 5215 2521 2408 294 2498 6364
5011 3140 3760 4105 1721 8052 7423
5012 27 1833 5713 86 5037 3067
5013 785 1917 6462 5194 5549 10785 3787 644 176 10760 2516
5014 10786 7113 225 8712 976 3917 2738 889 1304 6622 5375 263 4909 5008 4267 4650 1511 3695 3454 8684 2752 990 9568 7881 7177 9611
5015 10787 10252 10309 9559 9560 10228 10116 8602 9972
5016 4625 10679 8001 1428 5802 10788
5017 1479 2813 4817 8718 6101
5018 2529 2809 2870 2961 4792 847 6364 3643 3380
5019 6112 2092 8383 3466 5823 591 2090 2003 2388
5020 5758 468 3450 2260 7485
5021 2817 10789 4145 1180 10790 3085 1635 9716 10791 9747 5971 2043 10265
5022 8294 1951 2584 2853 5253 3512 9721 5891
5023 399 3244 5966 8145 8146 10792
5024 15 1396 7605 5256 10793
5025 428 4260 1866 9221 701 2204
5026 8498 1523 632 10682 4036 8342
5027 9467 3492 1497 1589 4518 1588 10794 6498 444
5028 4058 10795 1605 8929 4351 10497 8915
5029 3830 2426 3457 2333 4822 1220
5030 7645 277 1599 445 3444 7390 934 2725 874 4973 3455 486 3589 10796 3919
5031 3368 10415 1882 149 5612 1826
5032 6792 8891 5940 4686 4690 3506
5033 1316 758 4837 290 9947 4953 2764
5034 2191 1301 676 240 1358
5035 8806 4068 1984 6827 7301
5036 1002 481 9579 808 2636 9591 8502 8918 4970 7151 1287 3134 10278 854 2640 2400 1322 255 1879 1508 2431 916 186 5284 353 2433 937 263 2021 358 4046 1014 3409 2287 264 3730 2746 715 1053 1897 4448 1023 4637 9 5719 786 50 6410 5010 5289 680 8685 7876 4051 954 8665 955 3848 1541 8392 740 1651 4281 5554 9497 6061 5387 2620 6215 21 3555 8876 10121 9612 4283 6103
5037 889 6749 5007 4767 1382 1074 1581 1312 991 3166 740 997
5038 7683 2266 5136 3760 7126 8954 10210
5039 10797 1603 2937 10798 3455 8263 244 1327 3402 10135 6481
5040 343 122 2332 5582 3394
5041 2671 6034 6793 2065 1522
5042 1169 408 173 1907 5564 3616
5043 781 244 6308 10799 2838 1961 1534
5044 3904 10437 303 8065 240 388 3602 390
5045 10800 4848 2197 3666 2883
5046 2668 6738 4109 10801 1889
5047 1201 1202 1287 2909 9481 645 2223 9134 5581 221 4891 6671 2311 5080 4394 456 2737 257 2395 1235 358 5274 4940 2747 5652 5016 3479 3847 122 954
5048 6320 1107 264 1092 3715 6540
5049 1175 1176 1177 1178 1179 5736
5050 3094 7235 2933 10304 2294 1500
5051 628 370 10524 1531 1555 9881 2446 3919 7070 5195 10802 4927 1461 2629 10749
5052 6471 9069 44 8659 6756 8660 4936 47 8661 3100 7899 2248 5732 1497
5053 1855 2866 4233 7434 7382 5832 612 1868 4049 708 3043
5054 7610 1322 6966 3611 364 3385
5055 10803 9194 3695 5827 2347 3104
5056 303 390 388 389 3456 393
5057 607 1761 318 10415 10804 2098 3885
5058 4362 2013 4149 3975 116 9915 899 3254 3707 7061
5059 5914 7146 10267 10732 10805 10806 10142 7451
5060 6571 2473 4676 3462 8023
5061 976 255 1879 1639 379 145 676
5062 417 1600 303 5967 97
5063 286 1076 194 10807 10133 3944 9532
5064 6175 406 7529 7788 49 6442 2242 4864
5065 29 7378 10808 6265 5913 5993 89 9925
5066 5914 4617 179 10809 2489
5067 6129 2562 4633 10810 1148
5068 2717 2475 2065 1861 3820 9945
5069 10185 1032 2800 1677 10811 7262 10497 3374
5070 4117 562 2701 6229 537
5071 8518 10673 4006 832 1565 10537 3894 8237
5072 878 10812 1214 4926 6297 10669
5073 428 3382 1408 10587 3236 1001 4406 397
5074 8028 4685 4687 4694 7000 49 2446 10813 8029 6960
5075 3830 5732 1497 779 6512
5076 3056 3400 4535 6938 3055
5077 1301 3975 1890 2215 4363
5078 4643 7147 4870 3403 932 7704
5079 1920 165 10814 7322 3941
5080 632 10815 1855 7678 2440 4388 9441 495 4262 9171 2261 357 384 8346
5081 3758 1886 3094 4125 3061 81 2371 1769
5082 10816 7940 10817 10237 10818 3481 10052 10819 10820 9944 9237 8280 6008 1934 11 8010 9377 9698 7418 10821 1065 1129 9647 558
5083 2709 3328 3541 5922 4548 10822 8493
5084 2709 5636 148 8369 1583 3481 1504 8000 632 3017 8224 3230 10651 10754 75
5085 3532 8642 379 625 10676
5086 2528 2545 1560 1143 2727 2733
5087 6564 7331 10823 8551 1947 1287 2052 5135 3601 4241 8611 3366 6658 1508 2311 4743 9593 2122 5063 7986 1411 5611 1563 3921 7536 7854 6869 3690 443 1568 281 6682 4167 6781 6291 3421 2763
5088 941 936 6606 6384 2803
5089 5136 10824 9980 10825 10826
5090 440 4110 2518 560 179
5091 10139 6543 1811 9830 9072
5092 6582 2725 10827 10415 165 3090 8810 10804 6826 1826 1805 173 5281 3631 8357 10828 9467 5839 717 6879 9784 338
5093 10829 10830 3085 8716 6223 1180 2541 6123 1021 9381
5094 9559 10831 4070 789 8556 1156 4339
5095 10064 6735 5850 6958 7015
5096 10181 2195 2247 4520 3835 97 8342 5277
5097 674 5523 498 4314 2923 1646
5098 1028 2757 3010 10694 341 3255 2482 1165
5099 8362 4529 8585 10832 10632
5100 4071 421 4893 2265 125 7565
5101 182 970 3158 4782 2229
5102 1677 2238 850 7916 5561
5103 1047 2723 9705 1814 2424
5104 10833 5028 10834 10835 10836 10837
5105 7615 481 2639 4869 10838 3871 7117 1812
5106 4546 7404 10839 10822 2290 5822 1857 458 459 4291
5107 303 388 389 390 1889 5624
5108 1906 1197 4234 1256 9049 715 5093 7168
5109 10674 341 1812 6698 9730
5110 3088 7410 375 5687 1409 2618 7449 1808 10840 6798
5111 7775 589 3961 6547 5921 9308 4926
5112 7318 5776 79 3061 4955 2161 10382 750 9046 265 2816 3012 7131 8692 1560 5293 21 8948
5113 10792 6156 3434 10841 1348
5114 5728 628 6368 1196 10236 1556 758
5115 2062 3285 240 3283 4260 1301
5116 7500 10053 10842 9799 7799 9100 9786 9259 10843 2855 6039 8054 6567 5546 5756 4834 9638 3804 10364 10844
5117 92 354 4486 417 609 8994 8896 2079 8777
5118 5677 5711 3307 82 3460
5119 2053 1559 10604 3381 1864
5120 4644 226 1537 2667 10798 426
5121 3295 3337 4542 5984 5478 4959
5122 85 1811 149 1918 148 4581 3498 10201 6386 785 2216
5123 7546 8952 1444 2680 4518 296 6847 391 9182 139 2547
5124 10673 92 10840 5709 34
5125 10261 2329 7591 225 394
5126 854 5861 8778 2951 3092 1348 10305
5127 9624 6690 1180 3085 9181 8549
5128 10139 931 9413 1709 2768
5129 2596 1180 1635 2769 10845
5130 2430 2168 1642 983 263 945 3407
5131 6569 1472 2332 3182 2301 2727
5132 7398 9315 1269 5770 3165 1498
5133 8573 7674 432 354 4743 10804 3430 5612
5134 5650 10056 3565 10846 1733 10451 3514 5057 3479 5897 5018 7964 9567 10847 1275
5135 8616 9624 6617 3358 7875 10848
5136 3290 6020 2724 7582 2126
5137 941 10367 1879 3465 7886 1292 1882
5138 3792 7836 9535 8945 8947 4036
5139 4920 4502 303 8547 8462
5140 1852 10849 4426 7058 3965 3977 6183 10850
5141 3680 5882 10401 1477 530
5142 941 8377 954 2656 5036
5143 7174 9076 8312 10851 4209 5517
5144 331 5759 2794 304 6994 7631 1701
5145 876 6345 4593 169 364 3887
5146 6254 105 8699 5530 296 5648
5147 21 7178 714 4404 9049
5148 5609 7378 2175 2581 2584 6840
5149 3198 9728 1335 7257 3592 1033 1709
5150 2042 8734 6166 10213 1920 4581 2393 2627 2002 1775
5151 7714 1361 273 3187 1014
5152 2916 9270 3933 401 2280
5153 1277 10702 8957 7350 292
5154 286 803 8296 10422 607 3244 585 1909 8784 5672
5155 10852 3084 3455 6618 4523
5156 4945 10853 1301 5888 5615 10854 2062 4585 3979
5157 10178 5762 10139 8308 1496
5158 4531 3742 5281 7452 10855 3119
5159 235 9277 4094 3501 203 4469
5160 8918 4060 8951 5466 3474 6470 483 2301 7559 3782 146 1324 1538 8179 4817 9146 239 7083 4041 2121 2044 3651 4134 8348 4929 260 5631 2395 8181 10856 10857 1564 5512 9504 9505 10858 1642 10859 6016 3777 3770 5617 6413 2446 5059 1093 642 3654 2817 3434 10860 1235 7382 7363 3405 2190 8562 537 1248 4089 157 3905 10684 611 7368 921 6800 509 3181 3085 3950 1965 6107 2130 2013 4652 9716 4615 1053 7367 5651 4049 2748 6247 2750 5229 3334 3916 1388 4659 1571 993 5017 3166 1522 9525 10861 5072 2491 9137 2143 7261 6110 9497 5387 4052 9568 10862 4075 4283 5282 963
5161 1588 5306 5322 18 6723
5162 8470 10863 5802 4541 10864
5163 2659 10437 899 4463 3704 6184 1891 6827 3754 99 2180 8562 2192 8563 4150 5485 3976 3978 8497 6289 7301 8320
5164 528 1006 8333 55 10516 10073 2268 8959 6634 8371
5165 941 4439 10865 4981 4031 9324 5977 5978
5166 10451 10074 3029 4222 1363 6138 1703 3588 1031 5076 8411 8321 666 55 1060 2725 7002 2883 2600 1280 161 4196 8828 1583 4088 5967 7041 9567 2525 1414 370 768 2621 10352 1734
5167 9326 4747 220 10100 1745
5168 3758 3827 952 136 586
5169 7220 5528 8247 3129 340 8318
5170 4808 6969 1152 6967 1149
5171 3558 286 8943 10866 7220 2486
5172 4625 1807 2079 3937 2622
5173 1534 1467 935 10867 8524 6628 2195 9725 6232 6625 5531 2366 6448 5924 3585 7479 10065 188 8377 310 9672 215
5174 8943 6470 1534 2117 2084 639 1644 20 7641 3205 7282
5175 8343 2097 931 308 703 7073
5176 2446 935 7404 79 3117 9773 5563 938 3360 3171 868 345 5551 2451 326 912 92 845 3611 1005 2 10868 6504 552 148 6050 324
5177 2408 5520 7997 10869 5713
5178 1180 397 1635 7178 8395 9869
5179 1775 4585 6239 3346 7804 1164 8917
5180 211 3681 118 3135 3545
5181 1816 227 1443 6755 3075 6853 10529 4646 6889
5182 5600 3298 5815 3297 583 4106 1977 1979 6763
5183 6569 2332 3182 2390 10423
5184 9144 5509 8494 889 5097 379 10870 6724 609 1240 3418 4659
5185 10871 659 2637 3205 618
5186 132 1796 2460 3058 1194
5187 354 2501 3803 4385 1997 10872 1025 1089 21
5188 10873 10465 4334 2234 3473
5189 2013 10874 10559 5315 4631
5190 3589 2903 9 10875 8796
5191 5633 570 5043 149 10876 5049 1718 3848
5192 81 5180 2703 3594 1907 588 1435 3181
5193 6044 10877 3009 3005 2992 815
5194 932 2502 53 6468 439 785 8905
5195 8051 10262 7498 244 429 1368 1465 530 590 7585
5196 4816 2190 2323 3704 4428 166
5197 9291 400 3473 4472 8523
5198 1408 806 10688 10878 660 3129
5199 8998 9201 10774 7988 2825
5200 6605 8492 3382 10258 1591 8042 10006 2915 5542 3735 8791
5201 7655 9618 7221 165 1776
5202 2044 5986 5456 956 594 958 5103
5203 103 7321 10575 9862 329 4313 10879 7894 10880
5204 1 871 3801 8698 7547 5758 1716 2655 6902 3505 7895 10145
5205 3532 8433 8642 9995 691
5206 10225 5471 9386 3330 773 7551 2055
5207 1175 1176 1177 1178 1179 5735
5208 82 2502 10174 8576 1375 784 67 10881 10882 672
5209 10883 10884 1706 3819 7588 537 345
5210 139 3075 8358 8461 2446 1434 3402
5211 4032 2127 1557 7583 1216 10008 2645 987 7444 2136 9450
5212 468 453 10885 4394 8954 898 1599 1140 6250 345 325
5213 485 3533 2948 1402 10886 6611
5214 6447 6422 9424 6639 7756 5553 2333
5215 1132 1078 3194 641 8201 5567 4209 1444
5216 336 4996 4993 4994 4995
5217 10887 45 6140 4406 10388
5218 6298 6568 6405 322 21 6296
5219 10325 2501 8251 1444 10510
5220 10888 4902 1109 2828 2244 8238
5221 1503 588 10488 5582 4587 4368 10889
5222 4841 3606 1350 5108 1606 1078 1607 4039 7668
5223 5255 7605 2385 4301 8052
5224 6409 22 5646 394 9376
5225 1213 2207 2251 8133 1212 1695
5226 3871 6250 2653 3232 6860 6004
5227 650 5765 715 7093 3454
5228 9211 1565 7956 7219 570 1366 4935 5955 5499
5229 6011 8436 1148 1718 10086
5230 3215 8421 9997 300 8750 488 7062 3041
5231 2623 8752 5946 4128 8112
5232 10890 4142 6566 7678 7093
5233 112 10428 4600 10891 3045 7256 2562 3544 542 5781 995
5234 9096 10773 10892 10865 6579 7371 10893 10718 7682 6818 3018
5235 2867 495 5356 426 1580 2238 9022
5236 10179 10894 5992 8849 10895
5237 1795 2729 8445 5196 10578 123
5238 7031 6962 9553 7553 9245 2686 6603 9832 1056 8724 972 973 10709
5239 155 3818 8130 10649 2313
5240 1078 2501 6619 768 3520
5241 2911 6865 4873 6658 2972 4033 10465 4535
5242 5073 10541 1278 1614 3901 590 4189 5234 5235 1575 2957 10853 2562
5243 391 350 5874 976 9686 9142
5244 4231 4260 1068 1581 1312
5245 1034 8737 4515 4299 10896
5246 9177 9949 10897 8404 6287
5247 4817 3775 1663 8190 2596 8721 8164 1664 2082 648
5248 10178 2065 7389 10898 7388
5249 1077 2075 252 9436 9093
5250 8577 6304 10186 6425 4507 1850 1846 1847
5251 5545 2344 459 10495 74 9551 6090
5252 3294 6160 1882 1970 4299
5253 221 2273 4870 7609 10899 10900 432 7633 8499
5254 3648 6557 342 3228 21
5255 7317 4882 2563 6059 10901
5256 7747 3828 6681 2697 5242 6287 197 3220 2859
5257 6900 9440 6485 5358 5246 10902 8322 3741
5258 5283 420 4401 891 353 1237 985 9320 3728 3580 426 3928 2135 3916 363 683 1912 718 3409
5259 795 932 2094 9360 3449 1796 9639 10903 2161 5374 4126 10453
5260 116 5356 359 504 462 3038 679 922 1388 682 5229 4776 2484
5261 3622 5224 2434 7403 426 3730 3100 3479 4776 740
5262 10904 3483 2014 541 539
5263 9727 8609 9241 303 5233
5264 5434 3516 307 1146 3517 1830
5265 6819 2621 2581 4286 5363 331
5266 481 1752 3830 6334 2916 3099 5098 2680 1356 1272 8356
5267 7643 2693 9389 6895 9507 6547 10905 3437 266 10391
5268 10811 5562 949 9197 8833 2442 5563 303
5269 2966 6536 1120 2483 3530 9605
5270 485 4156 4224 9458 159 2098
5271 10906 10340 5345 434 3146
5272 10242 4904 10907 7343 851 5567 4342 7746 10119
5273 10908 1012 4576 9191 1259
5274 2225 10303 6236 2764 7510 1368 2373 9695 3611 5675 794 872
5275 8812 854 2537 6471 2446
5276 432 699 5829 10909 5311 9112 2942 4382
5277 9805 3619 356 424 5769 2021 3691 3846 6779 920 1312 5652 3930 2874 1650 284
5278 9249 832 8172 1595 6860
5279 2619 10258 1809 2061 3709 6469 2066 6542 3268
5280 10184 3073 3884 676 1532 2891
5281 2048 10315 10910 4828 1934 1143
5282 9865 583 9653 9994 3438
5283 1460 7157 8263 5420 2311 808 2641 5419 2909 10911 1816 1287 2796 2275 10548
5284 7014 6592 2369 10295 4241 872
5285 1288 1501 4730 10759 3308
5286 6382 1970 1166 7750 2160 3443 1884 1207 5672 3146 9269 1147 2111
5287 9537 5340 4976 7668 371 5433 755 9727
5288 7645 2543 2052 7624 710 1261 410
5289 4520 3311 5222 3313 10809
5290 7187 2482 1330 6922 9013 6633 5687 2677 4039
5291 4492 7735 5115 9017 2625 4214 6849 6689 2447 8329
5292 1556 1557 4999 4511 3183
5293 1032 1011 7878 703 9669
5294 1808 6726 10663 3448 4515 1796 7892 5475
5295 1852 4365 3752 3707 4427 9915 3979 8065 3334 3975
5296 465 803 2637 9882 2117 6985 10004 2433 10299 2282 3202 5797 3416 3103 3041 271
5297 255 976 8153 4739 2044
5298 873 278 6779 6311 1863
5299 197 9434 9535 2036 6314 753
5300 7818 4205 8024 7094 1275 6336
5301 1837 397 2178 4979 5543
5302 9949 4754 6101 9543 9615
5303 4511 5401 4463 1323 4495 81 6473 9148 1394 2225 753 701 947 1432 1001 6652 3460 2042 9576
5304 1342 3090 3091 139 8070 611 7068 3189 122 3694
5305 1194 706 1461 3102 690
5306 5963 2328 2191 303 7677 240 343 10912 4443 1301 390 3707
5307 9842 2629 1871 6768 361 10913
5308 7147 222 5851 10914 10899 5215 10915 10916 8644 4333 889 6013 415 2122 5283 4042 7901 8181 1563 5099 4649 2117 355 452 5220 7403 3112 626 4735 2435 1579 7417 715 5210 5651 8183 5100 5652 5653 3102 1872 4656 3468 2874 2143 6110 4198 4168
5309 81 1032 3689 9720 2661 2200
5310 803 375 4322 415 3116 4233 5006 3204 2892 505 4280
5311 10917 4391 1714 7808 10777
5312 1550 3164 2165 6238 4817 3630 2692
5313 7324 768 10918 676 937
5314 92 3147 5660 3025 8291
5315 5248 8351 9836 8984 6209
5316 9845 1320 8646 753 1406 39 2220
5317 8644 10609 7344 1162 10104 2175 1032 900 9436 1117 2317 3946 5240 3018 3019 10919 2928 3247 6957
5318 1504 1305 9040 444 1342
5319 7559 7560 849 4502 3934 799 1042
5320 1575 7323 235 10137 10920 2161 3824 2990 3495 3502 10150 4265 5335 824 1354 1394 10547 10802
5321 2482 2973 8161 7133 10921 5931
5322 1204 9148 9582 5884 3033 10922
5323 6463 9359 10923 10924 8030 2501 1460 2412 6543 244
5324 10340 1702 1011 1705 10925 726 737 8917
5325 2680 3008 319 5530 2366
5326 2298 6195 9731 2518 1502
5327 399 481 4498 862 3351 4670
5328 51 1545 2849 481 884 1287 255 2544 9289 10565 7975 2959 4490 3400 514 379 2957 6044 10926 3636 4339 4259 7434 5066 1259 2021 2169 3405 3338 1071 6594 1578 2746 2744 3417 2731 7989 3166 4775 3106 3169 5407 5282
5329 3847 6116 374 628 4470 84
5330 1273 4785 374 610 5571 3184
5331 570 4446 1044 846 9670 10927 2516
5332 4928 810 1276 10928 9552 10929 6595
5333 4621 5561 8470 5599 1432
5334 2911 896 318 10930 3976
5335 6671 5112 255 9931 2952 3891 10852 9927 249 8964 9954 521 7624 225 4491 226 523 8614 7660 220 1459 2408 227 5389 4970 10156 5350 6502 2443 3154 2329 93 2717 8188 9523 807 10712 4896 10870 8216 5342 8609 9687 3622 1232 5116 4253 2802 10399 1452 187 5206 1304 2022 2003 4255 1202 9072 3871 675 2867 5448 7498 5066 1308 2431 3138 4260 9970 2572 2608 3634 8648 10717 9556 1309 4926 358 1156 4399 626 1511 2397 715 1380 8192 1950 1689 5041 5664 5737 9495 6109 990 5021 5012 2924 6837 4050 7769 6153 2754 9839 21 5410
5336 7811 10931 8054 10839 10734 10932 9438
5337 2506 1563 5284 1392 921 5376 4046 7478 3102 4002 7258 1912 1275 740 4076
5338 4140 6176 7282 138 122 638
5339 5441 8171 4238 8075 2207
5340 3134 481 709 5798 7140 468
5341 4463 3602 240 8986 4432 6911 6286
5342 9722 97 7359 179 139 921 1775 988
5343 2502 10933 8911 7116 10258
5344 10236 6406 1811 4947 2948 7285 10934 5904
5345 343 8321 338 10779 342
5346 666 394 173 3086 3501 10935 5681 762 7220 8858
5347 10094 10936 9801 55 10937
5348 280 3406 6933 8684 1518 954 955 2755 282 5068
5349 2764 1081 326 2501 446
5350 1775 2212 4023 286 4937 7315 1143 3812 8414 2126 10938
5351 9948 692 481 6797 7593 5696 667
5352 10939 120 793 1908 81
5353 255 1639 4489 1234 500 1382 1580 2289 6306 990 4879
5354 9134 4891 10090 255 5224 715 6161 162 2111 1041 1461 7900 8455 2699 144 3092 7292 4271 648 7136 3999 6061 2148 6596 8876 6064
5355 10933 7212 9389 4973 8168
5356 4600 4785 9858 10940 4756 8653 10941 10942 10943
5357 1287 3606 1189 9984 10763
5358 5334 2431 166 10748 2581
5359 841 4383 1078 1306 8952
5360 9508 2116 5227 8181 4227 5868
5361 4515 9215 9541 3197 2068 152 2177 6355 10944 845 10390 6195 1732 951
5362 7987 5967 503 3580 947 322 162 3102 5653
5363 2611 1718 2998 2041 4669
5364 8903 2294 3569 5372 2586 9365 3466 9602 10945 9243 149 4937 4474 6484 6908 2710
5365 1018 338 8227 3170 6402 7348 4198 4446
5366 320 5632 1482 866 5984
5367 2616 3185 10946 10947 2691 2309 2553
5368 1188 5941 1671 1321 9062 4350 1172 4153 3155 481 10357 468 2502 5984 9540 438 286 4382 8446 787 4507 1775
5369 2084 3185 4000 1247 8509
5370 10332 2622 3676 4289 2922 2453 3281 6894 5132 4237
5371 10758 7412 341 9829 8796
5372 8683 5749 3860 7689 7308 512 7311 3000 10098 2666 1879 5056 9651 5561
5373 456 5094 379 2506 10904 10846
5374 2486 3823 7359 97 7405
5375 5796 1854 2189 3959 4036 8947
5376 2868 1776 122 609 6596
5377 9658 1321 4911 4259 627
5378 4024 10558 9231 9232 8650 6120 9333 3719 9334 10948 9024 6426 3538 1784 4992 10949 3540 3537
5379 7155 1201 220 1278 2963 5649 9383 6296
5380 7054 7056 7059 7061 2499
5381 254 2562 2609 743 7945 5258 3032 3824 6709 5259 6133 2612 4392 4652 7484 2614
5382 7662 10672 4323 2801 6316 7522
5383 1504 9043 4039 4689 10950
5384 497 4501 9141 1382 6079 505 4210 6270 122
5385 10238 3609 8247 10951 2808
5386 912 256 1253 2396 1510 2171
5387 3261 3262 2790 2623 7162 8540 1615 1299 5249 1296
5388 4768 10952 6489 10953 3718 1109
5389 9945 2126 2312 2937 10134 4800 188 666 6782 2929
5390 1529 1344 6783 10954 912
5391 9900 3564 8880 7429 5166 8879
5392 1667 889 1304 3400 2120 2121 812 2122 4929 1564 2430 626 7420 3116 9849 9141 2290 2464 6095 3102 1461 3421
5393 6655 8984 5424 3494 10087 2538 7427 10002 7062 2553 3639
5394 8918 37 726 6878 10955 3161 5584 4964
5395 2602 3255 2242 3667 9158 2922
5396 2853 5768 8334 8038 1512
5397 4103 5302 9515 2995 10598 7485 9554 10173
5398 10257 8712 8578 10956 7081 173
5399 9 851 772 3428 619
5400 5691 3547 10161 1998 180
5401 6569 1441 3840 1659 10957 6956 551
5402 2424 9606 10511 5136 1097 5295 2700 6528 3718 761 318 7221 10274 3098
5403 8398 4649 424 7854 423 6869 3114 3113 5288 5018 5019 5017 3105 5020 4050
5404 1198 465 2637 428 5439
5405 372 85 6805 5733 3919 4511
5406 6474 2718 144 2484 7178
5407 7066 392 8740 7447 3669 2218
5408 659 9832 8194 10185 8225 8509 8220 4286
5409 10958 8612 2502 2865 2561 10959 303 6955 3643
5410 10960 1185 1060 1884 1037
5411 4335 922 2749 4168 2146
5412 2907 92 3821 318 6690 799 82 936
5413 2762 1377 1038 8462 7298
5414 1460 10178 7441 609 10961 714
5415 8257 1503 6052 308 2097
5416 10483 8589 8650 8649 10962 8588 4990 4991 4992 4987 10168 10169 10484 1064 4997
5417 10963 1408 8171 125 10964 296 309 312 6845
5418 10431 8644 9340 2259 303 1863 10617 4840 2323 9400 1979
5419 8072 5370 7600 1541 10965
5420 10231 2116 9176 3951 6125 8017 3703 2062 488 2446 6323 10514 2044 698 8850
5421 5647 8505 304 706 4725
5422 1415 303 1418 389 390
5423 4816 3334 8946 4586 10966 4148
5424 470 2212 77 665 5449 3061 374
5425 5957 1820 92 321 583
5426 9020 1094 3791 2249 7497 4768
5427 9098 2310 4145 7151 10967 8045 8651
5428 4462 81 3322 1188 1463 5124 10264 2655
5429 10471 3680 8937 2868 5087 8372 6924
5430 8252 3769 2506 8853 1584 8181 3578 262 4046 3688 6209 3504 3689 6128 359 1014 6244 272 5985 1511 8623 7368 6678 3564 2128 7340 4268 505 425 2692 6246 7257 5167 9 5652 4161 772 1582 9022 3105 4770 6794 7374 5570 4050 5018 5020 5019 993 718 282 991 2924 3847 5022 5012 3166 5017 4003 1649 3931 2484 1870 4269 5021 3932 2752 5380 10632 2205 5933 6904 6110 960 4280 5934 2146 2148 10398 4092 1486
5431 9447 5574 38 2292 5066 394 1180 760 39 8967
5432 1807 303 388 92 4937 390
5433 3680 2348 439 936 952 3343
5434 7199 7498 4430 5157 9266 10036
5435 7254 438 92 7799 10968
5436 10969 448 1531 3736 1196 1599 2066
5437 5509 6997 3376 5619 8508
5438 10212 3774 10970 5614 10971 3141 4196 8173 792
5439 10100 9306 431 3680 655 3830 10127 1324 1956 3933 935 3756 9894 4565 3134 9711 7985 9399 2765 10113 207 10972 4153 3606 4241 287 674 5590 7547 7235 7969 1325 3765 10973 992 4655 3697 718 3698 9568 2239
5440 86 9662 4514 1192 846 468 5199 2963
5441 609 7607 3409 8386 165 3704 6827
5442 2505 916 498 3580 3728 6909 7367 144
5443 889 1231 2433 3560 261 8094 2134 1518 3479 10498 6596
5444 9290 4191 1163 5631 10956 1734
5445 2894 6976 709 9391 609 854 177 2728 4142 1057 1343 1289 1591 3821 182 7271 7588 7277
5446 4023 4504 6569 1546 92 4016
5447 4047 2314 2928 6578 577 7295 4771
5448 6295 485 2371 143 9407
5449 3188 8592 10974 10975 9379
5450 659 661 3244 86 799 9549
5451 717 10976 1258 3348 7187 2917 3890 6290 5490
5452 10439 1550 686 3532 10977 3494 5669 5434 1032 1033 583 1979 1267 6290 7807
5453 374 9792 10978 2387 1252
5454 8330 1927 5262 1701 7055 116 2192 1891 3979 4460 3704 6827 10979 8320 8489 8562 10854 3961 6374 10980 10981 7299 3707 5963 2322 8387 2190
5455 55 81 845 10507 177 6265
5456 581 1590 1734 4466 10274
5457 343 401 4083 488 166
5458 2053 7894 2944 1311 847 1320 7917 8376
5459 10927 9745 4784 3379 9710
5460 9061 9986 3420 7244 10632
5461 9466 9507 10982 4619 4346 2711
5462 2224 3497 10951 754 6744
5463 8452 3895 3250 1371 8450 5658 2337 9554 6884 6941 529
5464 1677 3295 5760 10474 3596 8941
5465 10618 5049 4784 1356 103
5466 6213 1355 95 2212 10983 7474
5467 15 4301 1721 17 3512 4677 6689
5468 1063 6426 10880 1846 1847
5469 3817 6835 6443 3750 4106
5470 10984 8927 650 10985 1992
5471 3549 417 468 1204 139 3486
5472 3605 4727 2179 2322 5553
5473 1046 5006 6078 3408 7420 5719 3915 3417 6934 682
5474 6773 8055 7283 5175 8007
5475 8561 1151 6148 3905 1149 3602 1153
5476 862 2312 10986 10987 6825
5477 3727 9364 6392 6077 8774 3726 7519 2654 5990
5478 2458 803 79 349 3252
5479 528 3209 167 932 6880 4854 7631 360 1776 169 529
5480 1156 1001 2800 6574 10988 7647
5481 10752 10648 15 16 6689
5482 574 7404 10989 6958 5326
5483 1002 354 321 1807 4515
5484 1523 3921 4233 3055 2021 7480 738 504 3552 1399
5485 1000 10511 479 137 10990 4030 10991
5486 4244 465 7155 7354 144
5487 4432 7677 4421 5147 5148
5488 7672 3378 3144 4968 6432
5489 210 803 10133 2616 5808
5490 7677 1891 2662 7058 4840
5491 10992 10993 432 2503 1287 210 7604 1349 8539 1278 4054 1886 1970 7491 4027 1882 7904 469 10373
5492 3373 2919 296 1567 1249 594
5493 871 8243 2783 372 468 2969 5423 715 1 1702 4515 5672 486 484 7802 1595 6475 7062 3164 947
5494 1289 8106 551 213 2501
5495 10994 6736 5370 7395 8856 10439 8378
5496 6215 2581 5125 2248 1734
5497 2838 6333 4831 5480 281 737
5498 9382 752 5745 7271 1474
5499 1759 8442 2973 2337 5657 2446 10877 1731 8443 8444 814 8452 4944 1307 7434 9571 3014 6984 1269 5240 4587 2990 1234 10167 424 5813 422 3405 3147 3203 6739 6388 3691 338 4117 2023 8192 5732 3414 8082 4260 6328 10995 3027 890 4654 2731 7815 122 5658 6060 3930 2873 1522 955 5230 363 2874 9014 5993 1651 365 1245 6111 4881 2118 7627
5500 7778 497 2743 6079 2397 1965 4770 4661 4269 993 3931 6682 2752 1461 4776 5012 3932 4279 509 7439
5501 10125 10728 8866 7794 2648 2528 4507 682 4772
5502 2036 7711 7374 10841 2142
5503 3034 8743 4528 9415 4093
5504 803 92 2373 3255 4406
5505 795 1808 286 7023 128 3206 6223 7044
5506 2254 5574 1647 5561 8759 3041
5507 3792 8304 5166 726 2295 2345 88 5993 1553 772 10996 6297 1618 1035
5508 1185 8051 4645 4056 193 10997 2815 5820 8910
5509 8933 9157 21 3643 6011
5510 157 2408 1354 7525 159 4275 10693 691
5511 5687 354 1133 5591 6547 3498 1531 7230 10998 1010
5512 5045 391 6332 199 165 4239 4542 5728 9585 2161
5513 2728 2332 10132 4676 3182 2544 1702 10382 955
5514 803 5723 210 1284 1138
5515 7639 2156 5178 9066 6028 1561 270
5516 355 5892 4483 4089 9141 1689 128 8719 1358 6196 6197
5517 6041 5465 1754 7154 10245 5594
5518 8399 2617 10878 10546 2771 8885 3027
5519 10749 3891 1774 8743 1765
5520 9857 1092 3715 2176 1107 4133 1136 6487 6489 2700 761 65 4902 1108 3718 4639 10583 13 10999
5521 1716 303 389 388 1889 11000
5522 675 584 1269 8181 1509 5832 2742 1894 9066 679 3930
5523 7164 8078 5219 3465 4937
5524 2843 7204 11001 7542 7544 5997 8982 5999
5525 7798 803 4529 8114 1287 211
5526 972 11002 2311 11003 787 4654 6425
5527 2572 5523 5008 1310 4767 1517 10241
5528 8334 2435 345 4528 8298 6933 4190 2303
5529 3471 5186 5187 11004 10651 1210 10397 4196
5530 2501 6480 8808 2128 2644 4598 9887 4599 9985
5531 709 576 3176 1531 1420
5532 1509 3202 2923 920 3846 3927 6108 4772 680 681 682 1574 5987
5533 4461 6374 6375 9762 4460
5534 86 1033 303 4036 3195 772 21 2828 703 7461 4753 4979
5535 5776 846 1307 7813 156 6477 1477 2114 5057
5536 6137 3481 6317 1158 6657
5537 11005 3494 2969 5176 1614 3514 1348
5538 885 2537 3690 409 4339 10978 2446 435
5539 1761 4929 3560 5521 9476 7382 918 6059 1510 5523 3846 426 921 6594 2131 3691 612 919 4768 8183 265 7749 1312 162 5652 1519 679 5653 5290 3696 594 9497 1574 5387
5540 803 2425 5758 5042 1057 788 1084 8405 2710 807 1322 785 1342 2003 1550 893 7406 11006 7632 6878 8723 6966 5124
5541 1412 5534 3428 7643 7549 207 662 3674
5542 9437 2 11007 5880 6329
5543 3388 787 1800 854 1023
5544 5254 6387 5557 3566 10792
5545 5802 5300 5331 2674 10165
5546 1772 1970 5214 8934 10909
5547 1317 470 7002 6217 4389 5585 341 7067 1727 3708 862 3466 2259 10331 1725 8984 1646 8850 2539 2803
5548 3034 2212 10656 1435 2
5549 8919 6939 10754 1540 1769 670 1056
5550 3237 448 871 752 207 806 446 1882 753 4478 11008 3383
5551 2746 11009 9884 10347 2597 1253 903 9387 11010
5552 456 4323 5098 9532 6462 3998 6141 8168 427 11011
5553 1170 5976 9977 8398 503 10274
5554 967 1331 778 18 3504
5555 11012 1253 2197 1718 325 4588
5556 7834 1679 1682 3516 3517 307
5557 5665 9279 6753 4253 2235
5558 4766 1639 7571 889 673 6025 2044 2761 8305 8935 736 3884 5553 3578 186 7434 1269 7766 5375 3203 5404 9142 7625 2871 2097 5286 3039 5752 1241 3519 5625 5993 8854 4279 1573 4076 6102
5559 10605 4244 2639 1201 5638 808
5560 4584 2245 9367 2193 5722
5561 5114 8110 9621 7273 4578 7279 2568 4483 3146 1477 3897 5196 7837
5562 11013 1201 1946 221 6633 2636 10645 11014 6168
5563 3170 2562 5136 2557 6828 3735 4817 1487
5564 5321 1714 5974 3823 3313 7633 11015 7688 5877 6242 4832
5565 4870 10200 8662 5285 8557 11016 2664 7685 609 2049 11017 2697 7638 898 5647 10551
5566 7007 370 372 943 9872 6462 7098
5567 3331 2473 9856 11018 2056
5568 450 771 674 10729 10363
5569 8352 8060 2657 303 4822
5570 4294 935 781 6071 5675 806 85 8022
5571 1523 6923 11019 9454 1923 9655
5572 5569 2701 8318 7322 9192
5573 1432 1882 7220 583 10033
5574 1523 6887 335 9845 2766 4884 6117 3893 2603
5575 429 177 11020 9711 7441 5852 3949 8418 3403
5576 676 628 2602 10416 758 1298 373 7414 7078 5248 2136
5577 2784 2627 8042 2098 139
5578 9780 10361 799 3159 417 3667 7621 6966
5579 1766 1988 4506 1767 6522 702
5580 673 3621 4929 360 919 503 950 1581 1388 3468 4003 1573 4075
5581 151 2858 5074 2312 6765
5582 11021 3051 4901 5823 1845 8266 721 6491 2446 10403 4133 5295 493 9471 3050 5126 3427 1840 2243 2244 3887 7426 1939
5583 9403 11022 175 4547 715 1944 4171
5584 1599 1289 3374 753 5254
5585 3327 1603 10231 5165 3041
5586 5784 10614 10999 8533 1153
5587 11023 9229 6236 2378 8470 1196
5588 4937 8106 3382 2482 3379
5589 372 481 1599 3850 7002 5039 7610
5590 2571 5124 1170 123 4830 6956
5591 9211 8423 9441 11024 4904 6236 3252 6004
5592 89 2097 2098 6067 5481
5593 2765 2308 3349 139 4911 10674 11025 1458 1012 97 4470 5812 6 758
5594 1032 609 8073 4477 9918
5595 10013 10929 4392 7181 3012 5133 3890 11026
5596 11027 3337 11009 9897 6777
5597 9658 9498 10231 5869 10478 10419
5598 10866 1906 10027 39 3743 3379 3103 9716
5599 10335 5647 11028 8696 11029
5600 1204 7486 2056 337 21
5601 2643 221 2275 1283 9402
5602 768 2003 609 1443 6209 3504 8819 1710 343
5603 6368 343 394 8067 3238 251 6627 5991 5672 407 2518
5604 9053 319 9223 7524 5251 4473
5605 81 2212 1970 1133 757
5606 131 808 4244 2714 1201 221 4393 2641 481 11030 6419 11031 517 1628
5607 2812 10872 8393 10844 6458 314
5608 7715 4957 1840 5564 3144 4469 3789 7001 7341 1303 8682 2534 3380
5609 2359 1970 2544 1779 5612
5610 6274 7639 979 10411 4871 9847 9522 5781 544 548 9087
5611 874 3489 969 2460 207 3655
5612 3756 444 11032 4864 4036
5613 3809 2888 2094 1727 935 2536 1970 1478 1189 2598 1060 528 3158 3368 6825 7365 1342 1811 1409 3698 947 10515 3 5686
5614 785 1332 5186 8101 5434 669 7071 5279
5615 668 1171 6762 1881 8593 393 303
5616 1307 3685 3040 2135 5289 2749 1242 3613 5456
5617 3693 6538 4817 5151 8440 9434 8716 6314 3724
5618 8943 1913 4525 4416 6411 1689 7081 5095 9223 4938
5619 2830 8382 6861 2581 2697
5620 8844 2438 459 308 11033 6116
5621 4334 7749 6267 8346 9568
5622 394 3333 5378 3501 10563 2967
5623 4360 2328 7058 6183 3602 3604
5624 1531 628 3183 758 1532
5625 3312 485 935 1800 1802 290
5626 298 11034 3933 714 6296
5627 8749 1069 8645 4002 1912 5721 7413 2824
5628 5162 3442 3871 8824 4463
5629 10101 2009 1121 5564 2344 4546 8099
5630 3675 196 6410 1249 7051 1295
5631 5672 1342 1629 5711 1470
5632 6794 4568 1909 3893 2530 5732 6347
5633 1709 4474 3744 8131 3842 1474
5634 4870 2277 1616 2329 7773
5635 3383 303 388 1247 389 390
5636 1900 1000 1591 9526 5005 4117
5637 692 693 9061 6351 1415 9636 3764
5638 9353 3010 8065 9447 6692 9280 10361
5639 427 10868 5945 4626 8853 8808
5640 2517 1305 2604 3917 10627 2738
5641 4718 832 763 3890 670 3479
5642 2044 2593 5802 3533 8270 9707
5643 1877 10677 177 2341 5449 10509
5644 2160 39 8728 3379 1884
5645 5154 394 11035 5823 1354
5646 3349 441 4294 972 6005 3148 782 6308 6942 1870 5650 10598 11036 5062 9543
5647 5281 4413 10522 2249 7134 6487 2828 6300 6259 3914 11037 2904
5648 8541 4411 8542 3845 7699
5649 3680 11038 5449 2259 10529 5765 1761 7840
5650 10439 7632 6628 1765 7173 2950
5651 1196 6128 8917 9208 1197
5652 7859 7856 7857 7858 1491 1489 1488 3127 3128
5653 6433 8415 6640 4791 1728 1734
5654 99 4430 6455 2328 8065 9399 10854 3285 2326 2190 5170 3753 2322 2180 4463
5655 915 4768 4017 11039 8732
5656 10414 7141 6466 5965 3411
5657 11040 2667 1247 389 9155 1394 3147
5658 4932 1941 9471 4022 2903 4901
5659 291 442 2248 1872 960
5660 2655 4973 11005 2065 3454 11041 2333 8418 8147 11042 8797 5051
5661 3085 400 1086 1529 4833 3919 835
5662 2623 932 794 3327 1272 4821 9512 9576 186 8373 10416 1844 2603 615 322 7840 8436 10037
5663 11043 514 4862 2735 4594 1747 2933
5664 1879 1158 7813 1581 1074 1312 10241 2873 2756
5665 5483 10762 1939 8685 3519
5666 1523 8824 6029 1775 777 9335 1472 3160 8303 10685 1180 8910
5667 827 9431 7030 6887 4070 7520
5668 676 1259 7755 9321 9654 1709
5669 4299 691 6719 6449 5218
5670 248 1766 486 4499 2710 7126
5671 4844 8641 340 6113 608 4079 1742 8337 4837 10609 27
5672 7256 2523 326 825 6545 7818 4886
5673 6024 5838 3851 6004 6372 1020 5702 9684 2546 407 8978 2741 9045 1258 1238 1496 2197 4689 11044 6578 3366 2553 4339 8106 177 370 3996 8392 10317 5331 10954 6834
5674 7249 8528 1734 6760 6505
5675 832 8172 3473 9665 3643
5676 1555 1482 4511 4560 4472 9173 2512 758 1407 1196
5677 202 3024 609 11045 9890
5678 1276 1716 2660 1105 7497 9136 1840
5679 2637 1283 1605 431 2715 10370 9683 5764 435 1308 278 1269 2394 1564 353 7813 1235 280 3203 2127 6078 758 748 2053 2288 2173 2086 3410 3221 1613 3414 1580 1579 5288 8684 1581 1312 2136 1242 3479 1522 3419 5011 924 2141 3554 2756 5407 2144 1113 3422 1573 6741 997 1244 4075 5935
5680 1002 9781 4937 2240 932 290 4981 8480 5124 6956 10443
5681 1745 5265 8973 303 388
5682 2639 2275 481 1285 2909 1283 9481
5683 808 7148 5419 645 810
5684 7871 7187 2812 2308 1811 10876 2136 3073 8719 1541 22 6297 8392 2070 10117 6859 3508
5685 1259 5649 631 598 4391
5686 4062 8959 3220 10319 903 3117 7840 7774 10527
5687 113 4265 10789 3124 4935 9493 5672
5688 3634 9228 741 10810 6421 8930
5689 1641 537 4089 9141 6079 1517 505 9066 3878 3879 3847 3468 5171 5106 740 1244 4282
5690 7125 303 388 10640 10097
5691 803 8963 9575 5506 5338 2868
5692 656 10477 1482 8916 3868
5693 1167 714 4404 4345 6636
5694 9071 9096 819 2995 314 5813
5695 11046 4754 2795 3158 5677 2778 5480
5696 664 1471 1961 1060 3280 2349
5697 10559 2013 2322 3752 5617
5698 11047 2791 7826 792 1721
5699 4904 8752 7547 2518 2389 446 2536 6236 3250 2622 3489 1864
5700 161 10377 2391 4 872 1078 1349
5701 7923 1523 1524 1681 3200 7077 7075 6919
5702 1018 4170 10192 5499 11048
5703 7745 1705 2495 8192 1783
5704 584 10718 9968 6955 290 6810 8206 7045 2378 4242
5705 10368 6557 1775 4531 1555 1196 8428 3382 7768 3131
5706 92 10247 5973 551 6897 7486
5707 8108 4245 3065 2336 10772 819
5708 11049 2746 10868 4771 5230 4293 961
5709 7741 4414 33 6694 4222 582 2906 2670 1666 3235 6846 2402 11050 1811 6879 147 4101
5710 889 9687 674 262 945 500 2742 946 2900 7369 593 7214 6328 5652 772 5010 1113 1075 1571 3042 1648 578 579 4167 683 5407 7626 3882 6872 2145 4005 5935 1245 9612 963 1486
5711 1879 8738 11051 5136 6128
5712 5520 412 5766 5283 5516 2124 97 2127 423 10524 6852 677 505 7641 1111 3102 5653 4161 2136 5016 4746 758 923 1388 1522 993 5017 5019 992 4003 4050 1582 8625 3166 1567 4277 2484 990 4879 269 5933 3473 5987 1113 6110 2144 3555 997 4741
5713 3876 8464 6961 6472 9180
5714 1867 3618 2124 452 671 4502 1248 1776 6078 1516 6810 680 7989 3696 1522 1574 8855
5715 11052 2185 5647 5169 2793 2410 832 2234 192 1776 2282 1069 676 48 310 584 10700 8610
5716 10130 127 3997 486 2069
5717 3753 3285 6910 3253 9825 4426
5718 2238 901 5468 280 3388
5719 6690 785 2581 7275 2676 1796 5406
5720 1412 3821 5564 11053 530 2212 662 7478 1510 7271 7667 1192 11054 6570 10088 10730 4410 1764 8870 6603 7966 1369 3226 2848
5721 8460 199 2193 4873 1864
5722 7162 9457 5414 4895 465 1898 5949 4579 8610 2565
5723 4791 9362 7459 9161 5248 11055
5724 2219 610 7522 11056 4971 11057 4789
5725 2030 11058 803 8718 2689 3852
5726 1529 7494 2330 5605 6773 8125 6308 8388
5727 1867 1766 2906 53 2505
5728 3255 5040 2321 2023 1498 3118
5729 4132 1096 1106 2250 1840 2244
5730 4973 2475 6978 715 8299 9217 4678
5731 889 3620 1563 5284 2124 1309
5732 970 6442 79 2 468 841 394
5733 11059 6430 8274 9339 8352
5734 3256 10633 3824 2812 7886
5735 2212 666 2377 9037 1181 3074 4373 7121 11060 7829 3379 2950 11061
5736 2611 1210 3467 5779 4822
5737 1421 10164 3701 5948 3014
5738 5112 7517 2903 1484 11062
5739 8820 9463 4118 89 968
5740 3953 2037 1033 1531 588 162 8720 4904
5741 9862 5846 6811 2878 9050 11063
5742 2952 6201 1360 176 3228 10334 2723
5743 10908 1811 11064 5900 494 753 1556 11065 1235 1196 1036 7444
5744 1296 3403 900 7997 3009
5745 6106 3038 353 7813 2396 639 5356 3011 5928 3691 1073 2744 426 3340 265 6909 3415 2747 708 6306 2752 7703 22 2755 3554 4234 924 594 3168 1574 1400 510 961
5746 9814 590 7363 10425 8424 1780
5747 3991 667 331 5242 10601 7614 3369
5748 5727 3815 5449 3760 6925 6505
5749 1716 2660 11066 5615 4360 5616
5750 11067 7303 4328 11068 10276 4119
5751 5252 320 7793 3012 6089 1930 2491 5664
5752 290 684 2501 2717 4440 1547 244
5753 6474 9694 4325 1870 4299
5754 5608 10154 11069 4823 954 11070 11071 4020 3674 8310 11072 10019 3373 3262 2005 5855 9548 6686 1087 9629 4202 912
5755 9255 667 5652 4620 8632 3428
5756 5921 417 9476 2 2311
5757 1115 6238 2645 6933 1461
5758 842 213 2458 6810 9053 1796
5759 5399 10938 147 1661 6280
5760 1175 1176 7558 5736 1177 1178 1179
5761 5163 6146 6147 2323 5796 2322 7057
5762 11054 9984 148 7309 2620 2212
5763 6841 850 799 322 4856
5764 1088 8261 5833 5411 5410 7694
5765 886 3622 2120 415 353 261 4650 5523 3111 626 5167 3915 4655 4269 3714
5766 10697 255 1879 5428 5756 4334
5767 3556 3338 4479 505 6591 2170 1581 3042 283 3585
5768 7353 446 1919 2992 6356
5769 6455 4420 8331 4421 3707
5770 11073 3630 454 8839 628 1583
5771 2991 817 818 2477 3032 8444 8083
5772 28 1721 8174 21 8016
5773 7456 244 5056 799 5659 1939
5774 3181 7103 715 3291 10134 2005 9240 1364
5775 3325 530 318 1189 11074
5776 9315 11075 2158 207 8470 714 184
5777 7477 2460 2332 6304 6406 7930 10 922 6991 2861
5778 6161 20 1647 7118 9453 5554 11076
5779 9074 3232 1460 4495 6401 5238
5780 370 5672 10299 407 6459 1596
5781 1076 139 2388 2911 5675 11077 10885 7260 10551
5782 9704 1294 4343 4198 3358 5040 6192 87 7094 2939
5783 6554 4603 1766 6755 5123 10259
5784 9299 3181 6571 5581 3177 9608 1121 9503 919 9953 2807 6612
5785 3400 3037 1641 5056 9805 891 5719 361 2939 758 4879 1572 284
5786 7672 5246 8763 1182 8267 5060
5787 2201 11078 343 5875 5577
5788 10992 5441 2796 1410 10728 1416
5789 2502 803 1190 4978 10983 3358 4478 413
5790 5683 34 1727 354 165 1805 10756
5791 2319 2038 3400 2581 8440
5792 2369 448 4381 2228 11079
5793 1283 9138 2715 5390 803 210 11080 479 2001
5794 9983 3734 288 6052 5585
5795 8807 983 3918 3890 1247 5978
5796 3801 2960 3400 3423 681
5797 4883 10814 1167 338 9191 11081 1552
5798 10057 11082 8457 2062 3000 367 368 8262 1510 1870 3166 3932 1243 740
5799 1756 221 808 481 10245 2796 4643 5415 1947 2761 4053 8463 8215
5800 4249 9222 10824 105 3138 2529
5801 438 9484 11083 7108 6933 11045 1165
5802 4310 6419 4902 1109 2221
5803 826 4925 2341 252 2210 5847
5804 1756 4867 5463 9149 7149
5805 2709 2052 5506 9011 105
5806 11084 8612 519 1530 9851 2703 300
5807 7721 4522 7090 4206 10338 10339 10337 7091
5808 5525 6829 437 7184 2964 4065
5809 6697 10080 9078 11061 10388 753
5810 86 4112 2174 4368 20 1560
5811 2127 1897 4048 2487 3868
5812 4023 2227 1881 854 1132
5813 7456 2633 6050 10475 7701 2725 2947
5814 9145 4151 10547 982 10337 8584 7721 11085 7091
5815 1406 2308 379 1513 1245
5816 3467 432 9842 6506 8389 2562 1734
5817 1848 6018 3997 11086 5801 11087 1903
5818 131 3477 1460 4870 4523 475
5819 2194 3708 4117 4431 5737
5820 8246 2238 6142 1819 9996
5821 10866 1848 487 4817 456
5822 890 984 9202 499 4650 1310 5547 7179 616 11088 9281 9284 2027 2136 989 6904 4280 1245 6596 4077
5823 10879 1033 1682 5279 308
5824 3061 428 3089 10048 211 2503
5825 495 397 8376 4098 8629
5826 2506 2395 424 5523 3552 1312 3878 1522 5017 853 8766
5827 10608 10365 3151 11089 11090 1874 7592 9517 672
5828 4333 2431 2572 2432 1643 3202 612 715 3690 3410 1041 5010 3519 6291 1652 3555
5829 4254 6024 4440 2649 7128
5830 1331 1001 1355 1808 6164
5831 11091 2571 1727 6701 11092 9722 8168 3494 2645
5832 404 1796 4342 2917 10305 845
5833 9424 1211 5604 8628 2524
5834 3620 10333 7434 1641 626 1645 2749 3930 956 5229 363 5993 2928
5835 1576 932 3732 5119 4456 6646 632 2065
5836 1194 146 10325 969 1217 2669
5837 1257 2128 1258 6794 6653 2647 5139
5838 808 5449 3494 488 2476 3154 1618
5839 5473 1414 2311 1617 3129 5634
5840 1355 1317 1461 9442 1574
5841 8155 6441 6473 7115 3235 6927 10055
5842 2421 1301 2745 501 3552 7055 2662 2399 303 3425
5843 10916 8614 2952 6755 11093 1298 8457 488 2969 6959 10057 11094 8454
5844 486 6450 1963 5926 4159 5978 9280 5330 2939 2136
5845 290 1599 6573 10944 3728 3564 1781 2859
5846 10578 2609 743 6108 6494
5847 1175 1176 1177 1178 1179
5848 81 3089 399 5677 4751
5849 1026 10331 6101 3025 1819 5644
5850 10016 1776 3319 11095 1249
5851 1414 3945 272 1551 10504
5852 99 1701 2662 1854 11096
5853 5592 2758 4568 609 9885
5854 2887 399 339 10889 3851
5855 11097 872 2933 1188 1045 737 8179 8618 7888
5856 4643 11098 131 6535 4972 2050
5857 4972 236 11099 9098 1201 1848 4053 2155 4248
5858 2893 794 2637 3680 8604 3154 9742
5859 11057 1697 11100 2198 3634
5860 245 8675 4002 8313 8312
5861 2271 481 11101 1816 6463 416 1375 7977
5862 2583 2648 8260 4404 10669 9079 275 8485 5320 3823 7775 2582
5863 6774 6335 8938 5238 5577
5864 7736 5613 1744 1551 2939
5865 783 1375 6748 2475 7414
5866 10303 846 448 192 1342
5867 10387 5898 6441 81 2476 120 1114 634 461 1307 5273 7502 6413 4342
5868 1452 633 8826 8967 10543
5869 5802 934 872 9366 9705 10366 2565
5870 7491 7331 6622 499 1073 9142 3518 3424
5871 2666 29 10008 3847 622
5872 4568 1208 5992 3228 8200
5873 1854 6912 6910 9825 3965 2323 3974 11102 3977 3972 1890 3602 9915 3603 3604
5874 5080 377 10203 8256 7676 1667 5311
5875 3497 5475 4012 4013 4014 9920
5876 3899 2482 3732 11103 2647
5877 303 390 393 388 389
5878 1713 8017 4901 3715 8461 1113
5879 3369 6802 8106 5336 1819
5880 11104 5944 9242 3675 3746
5881 1758 4747 4943 1002 884 803 1357 7254
5882 1882 1970 2160 2488 2264 156
5883 1523 11105 1885 10104 4123 628 758 2431 6569 2332 10510 6772 6380 7649 7614 6723 11106 3611 2625 10275 10112 3041 7524 8929 6192 4109
5884 1253 7683 2003 325 10416
5885 3406 8237 3102 4269 4270 7989 5986 362 1570 3042 8210
5886 3116 736 3557 6423 303 622
5887 3562 2981 257 7114 1014 3733
5888 9778 11107 4742 11108 4875 106
5889 6106 4233 5227 8181 3923 4501 639 360 5985 1579 2111 991 4269 5019 1075 1567 989 5020 3166 6307 3115
5890 1775 8176 3129 5634 714
5891 311 7254 2019 2113 824
5892 5004 11109 3530 5550 8787 11032 5065 11110 10598 7795 10712 3025 8083
5893 5677 1956 148 7255 448 79
5894 9221 7829 9819 4313 1056 5800
5895 211 2821 1337 3999 11111 10703 10503 6901 9808 6052 7384 3393
5896 3388 105 9122 2270 9366 1824
5897 4252 1005 6195 2593 487 865
5898 2311 2224 1867 2536 2378 8518 1881 5198
5899 1293 4977 2680 2823 11112 3451 8601 4
5900 1891 303 1892 4370 10862 3704 8476
5901 1392 10530 2263 9779 7549
5902 674 3080 497 3337 262 2434 278 918 1014 4827 6739 6059 2900 3690 7257 691 6233 7852 9495 9196 1294 9496 4281 740 6110 5934 4106
5903 3924 2169 4479 4227 2170 2287 187 3696 4656 10241 7197 3425
5904 6811 862 10496 5567 7325 3470 10690
5905 4983 4982 7940 1935 10941
5906 4896 7993 1308 6105 2396 3552 3729 7625 2130 10046
5907 8078 10351 2212 1477 921 10896 7865
5908 367 488 9489 7601 1811 135 486 3919
5909 931 1681 930 5279 3180
5910 673 6839 1580 3588 10539 4076
5911 11040 5056 5375 2282 1510 5619 5797 302 3581 3730 7641 5010 5016 4657 5171 533 2755 3882 740 270 6596 998 4077
5912 1534 7736 807 2248 97 9074 4100
5913 1305 8303 758 368 8699 9557
5914 889 886 10427 4041 2506 3922 4166 291 918 3689 3694 1500 1510 5985 505 442 444 102 2371 664 10285 3228 3915 5010 3585 283 5570 5017 953 5020 3166 3932 993 5012 2141 2927 530 6418 9496 3043 2147 8597
5915 754 1808 795 79 533 432
5916 9328 11113 1195 1834 4406
5917 2291 1721 1696 1694 1215 11114
5918 5574 10093 5767 2517 2862 2780 5341 1599
5919 691 1331 9763 400 5656 7094 565
5920 413 2501 7878 1727 10561 8598 4577 11115 3323 1005 1011 7620 3515
5921 9286 394 7600 1558 6011 2338 6824 3479 10193 4628 4073
5922 3230 179 572 8164 7136
5923 2323 5170 349 8472 514
5924 2066 8306 1780 3147 10524
5925 1614 8472 2323 5346 2832
5926 7223 1543 8108 4380 6545 6546 7800
5927 3756 9809 524 11116 11117
5928 9471 2903 264 5295 3913 5146 6320
5929 10807 5155 10686 4845 769 6369 2739 1513
5930 1345 10703 11118 6159 2713 6699 1958
5931 7273 4791 1357 874 3631 179 8942 1196 1461 667
5932 1189 1796 4589 1563 79
5933 3257 6501 3732 1428 1560 7431 745 6503 3668 1420 5243 3196 4369 5889 3122 5564 3616 7399
5934 257 259 7625 4878 5289 3043
5935 785 1342 2003 9811 2035 4265 4184
5936 370 4328 1257 2128 8230 1316 10314 2343 3891 3849 4234 198
5937 6513 10755 2839 1587 11119 6961 10085 4830 8576
5938 4759 9220 8804 4906 8555 8040
5939 303 388 389 390 393
5940 1865 1609 1301 99 5170 2322
5941 186 501 1248 502 129 1072 678 5289 4002 3207 3698
5942 6455 11120 9399 303 10335
5943 8220 6867 6905 2581 9856 7840 1393 5993 11121 8185 1396 8777 10551
5944 4976 294 3619 983 3618 3205 1510 3692 280 5719 508 2749 4161 5229 3479 4774 364 2141 5720 4004 6110
5945 1292 972 2524 1369 11122
5946 255 1639 889 2663 2911 8418 3111 9666 6306
5947 11123 11044 8811 9780 3351 6885 2371 9198
5948 945 1067 3435 495 2871 2756
5949 205 3481 4843 7949 4508
5950 8046 354 792 2317 2318
5951 9866 8102 5242 11124 9764 3449
5952 10933 3235 1133 9547 380 7745
5953 1962 3161 4687 6445 2522 10295 1587 7066 3801 2363 2631 4315 4688 1196 758 1289 5113 3481 3598 3482 4843 10753 9650 3480
5954 941 4231 4929 4501 4227 5797 2397 950 708 954 955
5955 481 10681 4318 9680 4317 7898 4533 8020 3083
5956 9586 9237 10819 9944 9590 3454 7866 11125 5785 8280 8282 9587 7 8279 1061 10051 10821 8291 5859
5957 367 317 486 1467 4404
5958 1097 3718 2414 4807 7135 9735
5959 11126 1194 9138 5675 7163
5960 79 325 1599 161 9320 4973 2740 1580 354 6177 678 5653 992 3519 2749 7709 4051 6682 5380 683 3473 4090 9568
5961 11127 5909 9306 2225 656 880 3884
5962 438 4764 10807 6136 758 4735
5963 6692 2474 3057 2660 2044
5964 7487 4219 7467 3366 1807 530
5965 7979 1132 9662 1776 529
5966 715 7921 10457 1965 6957 1691 3564
5967 785 1550 294 4142 1629 1343 1332 7501 11128
5968 10354 5037 368 2065 5022 1561
5969 99 8065 4630 2323 3442 10176
5970 6737 1313 10704 5047 679 7717
5971 10551 1311 2530 5867 21 1618
5972 3752 3285 3423 10334 3254 3975 7302 8091
5973 10466 3363 8826 6136 3512 2951 5256 2306
5974 1879 1639 3123 6025 5398 260 736 6936 426 4235 1569 7709 2484 4660 6311 2926 3168 998
5975 1767 3386 5055 3445 9350
5976 889 7083 1855 259 4262 676 424 3111 2343 920 3730 758 5288 950 3731 1041 1868 1113 3613 5407 4280
5977 1811 2868 672 670 2454
5978 653 6565 2801 1676 11009
5979 6605 5549 3095 1993 7197 7196 1035 10690 4553 11129
5980 10699 8829 6135 6717 9740 2951 301 4196 2854 3144
5981 8926 6217 8043 1965 1951 1603 4734 9912 2584 8465 3093 1734
5982 5890 2176 611 264 6348 3269
5983 3993 2116 2433 3338 985 5274 5986 958
5984 4421 8385 10190 10980 1301 7052 4723 1167 6087 6088
5985 1276 165 2240 2502 6113
5986 4029 7818 3092 6621 6552 10396 1603 8167 1228 1600 3641
5987 9909 2419 715 5334 2882 91 9480 7895
5988 10838 11130 9931 483 6535 1660
5989 5598 1804 7181 4864 3890
5990 9248 7724 11131 7723 10227 7722
5991 341 3061 846 448 4040 5125 552 1942 724
5992 4622 5959 1367 433 3159 5114 81 530 10677 4329 917 1052 92 1732 3280 3611 1416 10809 1945 6400 6895 11079 2111 1132 3562 9618 7025
5993 4849 3267 1986 7519 9748
5994 3638 6078 6934 269 8854
5995 2675 11132 6690 393 1879 388 389
5996 6133 650 2627 6281 741
5997 2005 5690 1807 1344 1963 89
5998 5667 666 1349 715 3224 1335
5999 3289 2653 2617 303 97 5814 8047 11133
6000 3020 1446 9830 327 1170 10318 3453 10088 3866 11134 5022 9765
6001 949 6749 116 1067 442 7987 2111 8237 5382 4002 3931 4090
6002 1448 5568 3029 1223 11135 1346 20 3597 3598
6003 1198 1138 2501 9797 9813 3288 92 5471 1225
6004 6839 10233 6107 2198 2614
6005 2838 4240 4 692 10388 2256
6006 9105 2175 2058 5993 2581
6007 470 6881 5838 340 1550 127 11136 8559 10316 176 10043 318 947 6944 301 8055 7457 11137
6008 3334 3390 303 4150 1891 10335
6009 2660 370 3349 9489 5942 9343
6010 448 1196 2911 2767 922
6011 7719 8795 6154 1389 9806 3722 10936 6153
6012 1207 5549 81 765 5176 1467 5349 3890 8699
6013 4376 1709 703 4154 9211 9720
6014 144 2703 3092 2360 6575 6246 1734
6015 675 10263 8412 9624 1364
6016 667 5844 1224 11024 2916
6017 166 7051 122 758 4003
6018 9276 197 10879 304 3455
6019 1999 794 1033 432 8267 1776 1249
6020 2443 11138 317 7449 10151
6021 940 5525 3619 7432 10686 1477 5914 1776 823 921 947 5042 10930 842 803 4515 6582 1111 3734 178 361 1661 244 4381 9085 2242 5653 952 5292 6417 5019 3293 3419 7846 2924 991 2752 3932 4050 924 2925 4338 2598 7194 510 4741
6022 936 81 9694 7066 11139 3205
6023 435 2286 5521 6059 5009 919 4000 9497
6024 5056 4260 1068 6465 3580 425 950 1581 677 4481 9008 955 5068 4273
6025 3218 3997 436 327 3389 8280 1934
6026 3532 8642 8518 5002 379 691
6027 10427 2000 37 9973 1133 2169 1644 360 97 3694 264 7767 1897 4768 9 10995 2924 3916 572 8721 4588 5387 5282
6028 8206 2007 5589 448 4040
6029 607 172 4904 5548 3473 4450
6030 3556 1070 3580 3557 1072
6031 2175 2581 292 3195 6075 2905 6458
6032 6632 2543 803 2955 1288
6033 6199 8702 11140 4752 787 2377 4406
6034 7307 351 10010 9302 943 1603 3317 3292 9461 292 3191 2691 2673 5125 6991 5198
6035 1471 5415 9489 3494 2120 2866 10427 5766 6024 7547 587 8037 4851 370 5168 4814 3827 2311 917 2433 937 2725 8323 379 5945 9492 2743 789 145 3689 626 576 3101 3690 2435 4286 2132 7367 6246 422 4048 10675 8773 5167 3911 3102 922 4300 3341 6027 6109 7436 2924 1461 988 3931 993 8686 9278 5570 2398 1075 3105 5933 4277 8142 4269 579 3207 363 1870 3848 5992 4338 8855 10534
6036 10771 9142 177 1882 342
6037 11141 1855 10427 5283 379 9477 3780 353 626 1663 5967 4735 4286 6107 463 1923 677 4274 281 1461 6444
6038 4080 4243 4692 4691 4688
6039 11003 1408 446 10240 6950
6040 981 676 3337 1259 2740 5547 1513 2127 1645 1242 1652
6041 7156 5940 79 4157 8403
6042 176 301 872 1303 2378 2767
6043 3654 11003 5693 1199 2537 4567 8949
6044 3773 6577 5993 6578 3473
6045 11142 7501 3592 7062 4020
6046 220 4747 10375 7259 3078 11143
6047 4049 5228 678 3479 6311 5016 1461 3932 3585 1870 993 364 5012 2924 1912 1243 2144 3883 3425
6048 8068 7732 11060 709 4546 785 8197 3640
6049 304 8793 1170 2216 769 4680
6050 10285 3704 10784 4915 8489 6827
6051 4625 8634 6891 120 11144 3595 3131
6052 1867 2577 128 3158 937 9541
6053 8253 6602 135 2446 5600 583 5171 11132 23 4814 3674 2347 11145 4852
6054 8896 6668 1444 3287 4734 10589
6055 5960 1196 3631 4525 4677 8008
6056 659 6655 10755 6887 2362 2360
6057 880 131 9883 482 1722
6058 7588 7277 1289 1844 7397 3890 1247 3919 3918
6059 5676 871 3606 806 1809 1527 4237 7743 588 4387
6060 1526 6545 8492 313 9982
6061 6693 1355 2458 9091 9312 755
6062 9660 1325 504 6385 508
6063 7600 7303 7756 3229 6209 1370 8637
6064 3380 8712 7510 7000 6690 8326
6065 7380 3975 5539 10095 4421
6066 97 3836 10581 11146 6238 2471 10366
6067 1865 3251 1609 1301 11147 8406
6068 3454 364 578 4280 2144 1711 284 3043
6069 889 2116 114 1761 9593
6070 11035 4339 54 105 9366 6609 2446 1360
6071 496 4501 4909 1236 1068 3338 8374 426 1066 425 1566 8684 1242 1388 4775 4269 993 5017 5021 3166 2752 4050 3847 269 6261 5411 740 100 3883 6741 997
6072 8068 2791 2044 1761 1792 196 2375 8535 10341
6073 4582 8714 2193 6870 6908 1611 8185
6074 10355 163 7529 1165 9582
6075 7118 6545 6546 1255 1807 3952 3379 9029 10725
6076 6004 1807 4515 2295 8410 3879
6077 8947 1320 5010 8295 3419
6078 674 7644 11148 799 322
6079 10015 11149 9380 554 10818
6080 187 10075 3753 1854 5574
6081 2169 1718 1357 350 8536 1031 5038
6082 5649 4821 2037 1844 5136
6083 9121 3725 1557 11150 2136
6084 6199 8169 3919 277 2229
6085 10868 294 11115 4884 1008
6086 5870 11135 1301 4443 1891 1892
6087 1165 666 11151 5180 2588 937 3184 3889
6088 11152 5757 5649 6132 2912
6089 2154 5989 1680 6597 4154 8103 1146 4407 7095
6090 1742 8682 25 11141 6153 6487 3454 9599 7823
6091 481 5098 5892 7146 3227 34 8810 778
6092 762 2359 3170 4525 8130
6093 485 1807 1811 3466 4515 2295
6094 3123 4238 9849 7697 3769 9013 959
6095 7373 10347 2398 10165 11148 605 2165 670
6096 675 4112 8181 498 1236 6060 740 2147 2204 5381 9702
6097 3191 4417 3837 11153 9423 9992 9863 3812 3813
6098 2466 2901 9471 4022 264 1108 1421 6963 69
6099 898 6435 2443 940 10242 7522 99 2995
6100 357 4501 4399 2744 1646 4270 7440 6103 5282
6101 5671 5582 2952 1848 8619
6102 785 2761 1550 1343 8305 3443 11154 4568 9303 4142 353 11155 3547 9127 9129 10161
6103 900 2768 614 2265 5246 2446 2562
6104 5752 772 4776 2873 4052
6105 5202 8767 4307 2458 2136
6106 2551 1165 3473 10517 3389 5055
6107 3803 2212 5155 3527 1123 3357
6108 7023 1600 4295 2524 3130
6109 83 753 6158 1444 758 9041 1583 1556 3631 1275
6110 7867 4752 7747 2084 3994 9177 609 3147 3683 5217 3026 1496 8451 4587 1024 8955
6111 1154 8903 9076 4714 1048
6112 667 3279 7551 5323 6890 3623 2811 10459 9906
6113 1350 1943 714 8392 1709
6114 378 7620 7283 583 3695
6115 1164 934 4537 2248 1822
6116 343 8651 2446 11156 5198
6117 1999 8307 86 8023 9063 1078 781
6118 9375 9874 10525 8343 5217
6119 2251 1697 8872 1213 1694
6120 11157 256 812 891 3337 5356 5007 6852 3011 1517 1513 609 6869 3690 6953 10046 4115 3042 6270 4774 4505 2874 2756 362 4074 9568 285
6121 374 11158 10080 11125 1375 6250 1629 186 1844 2333 9013 7866 2390 864 7668 3059 363
6122 664 777 1819 6219 6768 438
6123 1667 9191 3372 668 9342 1964 934 8276 4512 8131
6124 5774 11157 11159 7861 11160 4246
6125 2369 3382 4621 528 1798
6126 4648 128 4483 5773 1896 9013
6127 8605 11161 10555 483 4321 2052 1247
6128 5758 8305 9512 1835 3955
6129 5170 3891 1601 3085 5599 1330 8226 9950 6072 3228 4968 397 252 261 5822 7692 714 4404
6130 11162 709 6679 10178 6665
6131 10154 1615 2790 98 5069
6132 1280 3226 4511 3687 2803 7519 5010 1906
6133 881 7838 803 5758 9854 1189 4754 481 1032 1970 1272 1802 9353 7158 1140 2133
6134 2642 1816 7167 7411 3546
6135 1103 4803 72 14 7118
6136 8584 9668 10339 5860 636
6137 4823 290 528 167 5677 6472 6824 11163 1705
6138 2408 342 11154 562 7145 1032 6773
6139 7677 3958 3966 4722 11164 1718
6140 7406 9672 6232 4578 1557
6141 1253 9541 5559 7711 4405
6142 8584 10338 10339 4201 11165 11166 4600 4871 112 10428 8010 1789
6143 455 8406 5792 3845 6844
6144 2257 3258 77 81 8913 11167 2834
6145 1742 1727 7002 8383 3466 9899
6146 40 4341 8519 8520 5546 3316 8161 9598 3732 3786 1222 7510 11168
6147 3494 1768 8075 717 45 1834 3206 2685 1939
6148 5675 2425 1629 1057 4111
6149 2967 855 4515 430 4670 10288 3830
6150 6580 2990 7829 8353 9018 8937 7128 8886 7891
6151 6948 3077 3028 8895 11169 9855 1725 9781 4142 7411
6152 2493 446 8970 786 2710
6153 6282 255 10427 3922 916 2168 3866 3202 6209 1477 921 505 2288 920 4735 1776 2131 3692 3926 2134 3588 8237 5289 3930 4273 4771 3479 3104 6953 956 1249 6307
6154 1281 3038 951 1518 485 7066 3180 4004 3169
6155 8303 11170 1882 1228 6035
6156 9891 8789 10744 76 21
6157 3163 6554 2735 6174 7870 8779 10548 7027 10131 503 822 5427 4609 666 2895 2371 6954 8130
6158 11171 8412 3145 1576 5101 7371 2899 3836 8130 9066 3147 1526
6159 10040 3277 785 1342 4342 2661
6160 4728 1799 5674 11172 11173
6161 444 5791 2812 5659 5494 6916
6162 4023 10499 5073 799 825 3293
6163 667 9822 3292 1531 1113
6164 8506 3933 4806 1707 2804 983 672 1506 9332
6165 6939 2210 4801 7232 3662 2360 375
6166 4552 5258 832 10319 11174 8440 4822 7823 10826 9655 217 6595
6167 7338 4265 3506 2343 264 9
6168 808 11101 2715 6517 955
6169 187 9408 2246 2247 10816 1062
6170 5653 1601 2537 5814 4466
6171 1864 2944 1980 6265 4038
6172 1965 397 7484 10450 235 1211 712 4469
6173 11175 8499 8059 7145 10650 440 667 4517
6174 9358 3651 2469 11176 4807 264 5913
6175 5083 7526 7845 984 9107 10440 7245 6271 6275 5024 7013
6176 217 6164 728 4036 54 4904 2936 3611 8092 6919 2861 3592 5561
6177 8308 9237 9073 5912 10014
6178 10305 3161 530 7495 1403
6179 667 1599 1204 8811 8717 4753
6180 5593 7125 6289 3457 10826 99
6181 3159 165 11177 11178 7613 172 1279 1800 5677 8317 2199 2538 2480 4456 7508 3295 354 2784 1228 1280 1991 2727
6182 355 1563 186 3337 5832 945 500 5008 1512 772 4270 362 3848 533
6183 8683 10154 8503 5249 1299 4485
6184 3460 8534 4 11179 8905 1412 7411 7121 6413 442 5376 1886 7806 438 8073 9981
6185 8903 11180 3051 1303 11075 3269 4106 6117
6186 7393 1289 4125 7549 446 1009
6187 3818 5217 7298 1523 7784 6637 2761 1143
6188 2362 6401 8866 20 3830 4675
6189 3476 2092 2015 3356 3856
6190 5563 99 1856 1865 1701
6191 1688 3200 4154 5742 9674
6192 3139 8022 446 3119 9901 5885 1048 9192
6193 8935 9541 304 11181 7135
6194 842 92 4622 1265 2165
6195 5056 3921 2168 4260 4501 1067 918 1510 2127 3407 3728 576 5985 157 192 4048 1566 950 508 9066 3588 162 6027 2752 3041 269 7455 2756 740 4400 6111 4090 7439 6268
6196 5154 3853 2559 7407 11182
6197 4233 2125 4046 7814 3039 4048 5286 3206 6933 708 5289 268 2136
6198 10733 7616 220 10230 223
6199 5180 6670 79 936 2567
6200 2293 1084 1049 4520 7359 7825
6201 384 2065 10468 1857 4968 8969 2993
6202 9909 803 92 5605 290 659 79 2106
6203 301 5003 632 1718 7378 5349 11183 5561 8081 11184 5662 3027 9554 9765
6204 9187 6831 11118 2713 8098
6205 1357 2015 2269 6604 5503 6422 6947
6206 3061 79 8602 3072 10133 4241 368 5471 122
6207 3017 8953 4483 5762 4588
6208 1259 1558 3349 6356 1032 5730
6209 6822 5750 6981 7829 2041 7830
6210 5981 8625 1541 7196 4346
6211 933 7043 2660 5773 1870
6212 4388 1718 2601 6122 1854
6213 6788 5386 10116 1428 477
6214 8435 287 5452 1331 9782 8598 787 6236 4324 672 2454 4546
6215 2911 3400 1439 3053 11185 3052 3056
6216 3496 5471 2721 255 249 3620 519 1761 257 420 4044 259 9371 3561 2567 4045 4267 6839 2127 4047 6739 6328 3915 5993 4283
6217 3979 6980 3974 4443 5485 3976
6218 5463 7616 7617 1756 5388
6219 6021 8988 9689 2209 6072 4020 2069 148 4524 2225 4326 2 8594 374 7221 10088 3460 2308 4295 3232 361 7512 11186 9041 588
6220 632 662 615 1510 737
6221 2301 2727 11187 969 9957 5372 8490
6222 3255 341 10388 9942 4106
6223 768 1121 10997 7193 4251 3752 2026
6224 1920 3238 2680 11188 8161 2197 10927 5530
6225 709 8695 11189 1126 1032 1122 11016 11055
6226 4478 11008 11190 1166 2666 325 3817
6227 5391 1087 10695 3514 10847
6228 2355 338 2167 11191 10746 901 651
6229 1078 4073 672 6238 2454 9453
6230 356 1867 4502 1872 5570 283
6231 1175 1176 1177 1178 1179
6232 1853 722 11192 170 1882 1287 5246 1443 8457 3703 1298 1634
6233 787 99 932 607 8303 10318 6209 3504
6234 2189 3985 5893 4780 3967 1891 6827 8488 3975 4443 1892 9916
6235 6272 6276 134 547 548
6236 3405 5229 682 681 2229 1571 1572 4077 6268 511
6237 11193 3867 562 8153 6721
6238 7258 81 1801 3048 2311 1028 7892 11194
6239 5567 3143 10479 11195 4526 1705 184 4730 10869 5896 11196 10399 2316
6240 4814 5490 1324 6318 6765
6241 9167 4555 1718 1375 2710
6242 207 6697 8313 4813 122 953
6243 6030 466 7762 1920 2435 7547 1750 2969 1377 3298 2988
6244 6180 5266 5172 10099 3282 7051 6376 1718 8036
6245 4755 4602 6278 8281 9857
6246 8619 7250 1937 2469 2734 951 1734
6247 1618 1661 935 2248 2933 21 7404 2938 7513 2208 2598 3358 662
6248 10025 7579 7581 8580 7424 374 3887 7425
6249 876 4295 2621 1183 10314 665 1120 9314
6250 6299 2120 7752 2122 5168 145 4286 7790 8569 3406 951 4276 3421 271
6251 210 803 5568 4515 1689 6987
6252 1446 6009 651 8005 11197 1718 3472 8867
6253 2783 3215 5374 198 4847
6254 3058 166 1301 3704 3985 3536
6255 3551 3561 358 1898 8684 2629
6256 932 7147 4244 7236 5723 1947
6257 2634 778 448 3535 779 8724 682
6258 148 5348 846 1727 2620
6259 10250 11198 2308 10762 8848 11017 5404 3104
6260 5832 7814 2692 286 2225 5719 8684 1551 1872 6837 2926 2754 7769 999
6261 11199 6960 2335 1482 2205 2575 10190
6262 6471 560 1525 8762 3130 7307 2435 3293 5865 162 9389 2263
6263 4154 927 1033 1681 819 6597 5434 1709 5279 4152
6264 3455 737 6440 932 799 1036
6265 6072 9121 2042 1258 2 1897 1691 3102 690
6266 7750 8055 2311 5244 1549 6363
6267 3238 659 719 6131 4100
6268 294 9317 5921 11200 5324
6269 432 3302 417 1257 2135
6270 5520 8585 1305 4927 4657 2773 1662 1386 105
6271 354 1119 1705 4286 6459 5536
6272 1666 8674 354 4515 2294 2482 4478
6273 1287 92 428 326 795
6274 300 5875 6944 11022 10308 10627 2664 10625 3638 10716 105 11093 4932 8359
6275 2820 1483 2696 9121 11201 6515
6276 6668 8450 11202 7729 10892 6818
6277 11203 10034 1873 4355 5361 4354
6278 2724 5956 2911 4906 85 4385
6279 8383 2502 10261 7002 7027
6280 259 2929 7214 2873 4776 3042 5933
6281 2469 682 2205 5972 6072 678 3847 770 1204
6282 4323 155 2199 2369 1170
6283 4899 1953 11204 11205 5059 7914 9020 6791 7369 11126 6905 7363 10425 9814 4453 1838
6284 6123 6403 10665 3508 6859 2070 9896 8903 1967
6285 5260 303 1879 2662 388
6286 1639 889 353 918 3341 954
6287 4545 4543 1875 7836 7961 170 11206 3125
6288 8572 9483 1832 8101 4906 8040 11207
6289 9316 4198 9743 4934 1474 3198
6290 1428 4597 7139 427 595
6291 5529 9506 799 5249 1886 1800 3738 326 6787 2229 874 7310 4978
6292 10986 3910 2655 2079 2697 291
6293 6107 11208 4495 3357 4453 7807
6294 303 388 389 390 393
6295 5066 355 5356 5007 626 2397 6869 3412 3691 5652 3928 4910 3847 4771 5068 4273 5014 3226 6596 6532 7171 7833
6296 1709 1523 7923 1033 703 114 8138
6297 2800 7777 349 1718 6791
6298 3753 1891 1892 3979 3982 7826 1358 2488 8476
6299 3865 1848 6351 1292 11209
6300 3116 3324 3636 435 3827 1867 5205 1799 803 3618 5521 676 2433 2125 280 918 3204 1510 1265 4502 1248 3113 6465 5404 6591 1579 8749 921 8622 2174 8183 7641 2109 1111 2309 2645 1519 3588 1113 4910 2136 758 5654 3419 1872 683 578 11210 8854 579 6444 853 3882 3422 1400 2144 4075 5935 6062 271 2148
6301 752 5845 1613 97 3187 5978 107 4520 9373 4095 2939 6458
6302 2815 11211 983 3803 2382 909
6303 82 9506 326 799 3759 8838 354 1801
6304 5862 7469 642 7110 7471
6305 3979 5271 3705 5169 7052 5617 11029 4284 2191 11028 3975 1892
6306 218 9766 8772 11212 1236
6307 6406 294 666 8198 1415 7145 11213 1808 2212 7281 8325 628
6308 11214 4120 167 1327 7262 11215 3689
6309 1285 1355 785 9360 777 137 9318 1583 2077 2065
6310 434 6744 6072 3938 4750 7587 2942 5314 7271
6311 3605 6453 8331 4444 10979 10849 3906
6312 661 327 1029 1599 37
6313 3132 8503 4965 2273 1201 808
6314 5418 326 10039 2470 594
6315 8123 8121 3827 2248 715 2174 923 924 242
6316 9176 5179 5511 8192 1180 3593 2018 9073 1240 9756 1652 6296 1320 4036 8789 11216 2059 7824 1362
6317 2778 2735 290 5690 3765 1414 6024 3770 5091 1509 1941 4133 264 4901 4902 4768 9066 3303 7376 7381
6318 7595 374 11217 9308 9472
6319 5890 351 10037 4210 2692 1526 268
6320 8895 2537 11213 11218 8112 1001 4107
6321 5520 771 1761 519 1555 145 2395 7778 2123 2434 758 1578 4048
6322 2164 768 11219 5506 3825 11220 650 43 8520 3205
6323 5196 3532 8009 3805 3181
6324 6964 6514 1586 9680 11221 10702
6325 10410 10512 6190 3752 3705
6326 5978 4767 4655 268 2751 1574 4074
6327 1775 1853 5623 280 8460 7465 21 4556
6328 3226 803 2616 264 6085
6329 6189 5592 5890 1078 1156 5024 9216 5843 7990
6330 227 1732 7855 8616 6854
6331 4730 6408 608 1046 11195
6332 187 3633 7139 8594 10041 427
6333 8820 10183 3305 128 3866 4299 817 784 9076 2949
6334 8993 1096 3788 1106 2250 7497 9136 1840 70 6488 6489 9020 3789 10402 1102 4133 2177 834
6335 1360 1863 5136 4826 3750
6336 866 4369 666 10108 11072 4313
6337 5151 1279 4498 9451 8794 7918
6338 2714 351 4142 1292 6199 7927 1918 373
6339 246 3319 1808 3305 6940 7211 2767 4791 10083 1663 1168 5880
6340 290 8404 8674 6810 5399 2445 1600
6341 424 7536 6852 6591 715 3696 6290 3931 4300 7769 3697 924 2925
6342 9929 8630 167 4208 1763
6343 1047 3382 4219 8509 7029 154
6344 1775 3126 303 3295 6786
6345 6153 9806 10879 8396 11222 1021
6346 4945 3264 562 4372 4373 2396
6347 4652 9041 11223 6110 9225 3257
6348 9518 8964 4055 1502 210 148
6349 11157 11159 9828 200 3261 4817
6350 2329 1292 1293 6672 6748 7153 808 1756 221
6351 6535 2090 11103 11224 29
6352 6464 2168 3434 3689 4232 192 6953 2926 4505
6353 3804 2340 8025 10364 10028
6354 1745 4420 5170 10559 5169
6355 79 3323 794 6332 428 11225 3159 4299 9853 4106
6356 7258 10315 5978 11226 4445 6983 1523
6357 3448 1052 795 5478 794 399 664 7741 7365 8251
6358 4369 5215 4519 7133 5931
6359 1874 11227 10647 9684 2703 537 1866 1480 349 11228 6229 5221 4175 5423
6360 6236 7449 77 7271 1942
6361 2653 3936 2497 10811 5745 5561 755
6362 1599 752 4733 1727 5530 188 1275 4073
6363 4103 11185 1318 4587 817
6364 149 2620 7080 4937 3161
6365 2911 2812 3061 7369 3863
6366 172 1807 8839 8048 3454
6367 2021 4335 4268 3228 2871 1581 3847 4280
6368 1283 808 210 2637 1816 5419 658 2796
6369 417 10881 9056 4330 1590
6370 7062 11229 10270 6401 846 8490 1269 9395 1120 2921 4243 3358 8309 6991
6371 11230 6280 2069 9423 9992
6372 3162 1603 10937 10415 9933 5585 8862 6646
6373 468 4139 1247 3582 3597
6374 2903 1109 911 6301 4902 7118 835 6461
6375 1772 8917 5593 10167 2324
6376 4747 6671 6944 1766 9585 5924 11231
6377 349 11232 11233 8745 8019 8976
6378 6489 733 11234 4979 9 4804
6379 3825 6319 384 6606 374
6380 3088 9473 4836 165 3061 3090 1331 1184 5528 7409
6381 1512 2109 951 2111 9023
6382 10183 4979 10888 619 1969
6383 10627 4815 9605 4310 1742
6384 9326 465 2395 3338 1074
6385 1093 1108 1097 8364 6461
6386 6599 1687 703 9675 10557
6387 1726 4829 11087 8041 3196
6388 2073 6471 3548 1497 4558 667 2482 778 7748 1534 11235 2836 4445 7176 3844 338
6389 5510 6073 551 753 6745 10499 90 4978
6390 8755 9131 2579 5289 4095 2652 7589
6391 842 803 9309 432 2637 2928
6392 2307 9746 216 3245 10028 2024 3762 3009 10737 315 7251 5197 10206 25 3189 9554 486
6393 1639 2122 1302 3201 9320 422 6058 593 6267 5010 5171 2221 5407
6394 7147 10090 219 4244 7590 2271 9536 2641 4053 11236 6534 5477 10911 2907
6395 378 7043 1258 1162 6164
6396 10942 542 5781 9087 4811
6397 2907 794 878 1032 4950 2
6398 2563 6121 5080 9784 6886 2527 8571 1747 5201
6399 10632 851 7973 4918 939 4280
6400 10742 5876 9402 210 4492
6401 6658 3212 4483 5174 2615
6402 3164 5449 3054 1273 3842 1476 11237 301 2728 646
6403 1313 1002 4385 6459 2295 583
6404 105 6250 9893 152 3078 3014 1049 7470 8936 2993 2528 2623 4568 9171 9441 2530 1572
6405 487 11238 11209 2505 11239 10637 1910 9730 3404 8040 9718 1954 9966 7422 4194 5509 1014 5900 7027 667 1734 1076 440 5799 4609 684 6394 10264 3608 3818 537 1254 5382 2065 1348 799 8850 276
6406 823 2073 3382 290 92 8675 4864
6407 5523 4479 3413 325 865
6408 222 7263 6737 9436 2448 519 1264 3511
6409 7723 5031 7387 8429 7724 11085
6410 4197 6152 5829 2003 7606
6411 11240 6970 1787 8511 7960 8533 10999 6971 9109
6412 6988 1026 6616 11031 2606
6413 2623 9733 8550 5127 1691 3217
6414 3917 4626 152 7423 8355
6415 11241 4751 6133 207 4670 3881
6416 795 2094 9095 165 8245 2725 4735
6417 99 2328 8489 1891 3442
6418 2989 2914 2915 4897 6408 3264 6365
6419 705 11105 2372 10682 7869 1940 11242 8102 930 11243 7863 2150 11244 928 7864 1709
6420 11245 6645 9142 2234 5280 707
6421 7401 379 8692 1464 423
6422 11151 10713 2970 10779 6821 2959 2960 2957 384 11246 10926 813 2958 2977
6423 9662 976 7757 255 10359 7084 886 9371 5631 1641 157 6779 3341 2484 6291 2138 5387 2147
6424 5890 367 897 11247 3398 10607
6425 3268 10825 11248 4591 10385 4556 3913 3496 8737 5353 686 10626 624 11084 5002 7047 6095 10384
6426 932 1409 10951 9909 327 9703
6427 10596 1471 5775 3232 7197
6428 3568 1802 82 3705 3285 9636 6553 5383 7789
6429 2544 248 11249 974 6131
6430 1773 2516 758 3342 3932
6431 1166 2014 2547 444 3255
6432 5903 6888 4906 2446 155
6433 3170 1934 5768 8498 5359 6543 5183 8374 680 10632
6434 8307 1287 1805 1900 2482 9298 4112 1565 569 309 4886 8130 596 1077 2056 6545 2241 8646
6435 775 10369 10769 4526 6495 5274 1070 4479 3406 3409 5404 3114 2435 8654 2528 397 4097 3557 10241 4661 4278 1912 1071
6436 7042 609 4568 1851 2581
6437 590 750 1834 3998 280 8052 8632 2990 4595
6438 1887 6569 3182 6048 6012 9220 1484 8547
6439 7154 432 4406 8634 11250 3270
6440 1033 2151 6776 1813 2098
6441 8065 4420 9762 4460 3980
6442 9510 9270 1349 10730 7295 4511 1923
6443 2997 2464 2993 1938 9381
6444 2501 429 1226 6650 2889 3162 6545 8955
6445 10225 2220 11251 2607 4142 6164 10519 2232 1967
6446 2079 5292 421 1718 898 5700 6204 1802
6447 7823 6263 7333 9405 10639
6448 662 1510 552 846 615
6449 691 1819 3506 1728 1967 8189
6450 8773 9635 4568 5659 9095 8272 4007 11252
6451 99 10623 7559 7076 7677 240
6452 3905 2281 9271 4356 3375 9146 6178
6453 92 1046 2435 7524 140 9513
6454 7617 7635 11253 7147 3404
6455 1524 1822 11254 437 4627 3293 5870 5133 8315 8780
6456 7775 3078 10066 9725 6232 9726
6457 889 2282 1310 3011 5382 7989 4051 283 998
6458 5205 10680 912 5776 3856 5272 23 3993 1950 1493 9940
6459 4360 3442 3441 3704 6376 8233 8387 6827 3975 9759 11255 1301
6460 8957 9063 1970 5714 1192
6461 1288 1321 1012 1592 84 1368
6462 9228 5243 10777 4389 2611 8026 9227
6463 4435 10865 1845 314 9096 7931 10771 8265 2777 5823 11183 8701 10718 10591 8471 6495 10629 7313 6405 2769 6342 5197 4914 7251 2771 2772 2770 7925 6340 6338 8884 11256 11257 8885 3022 9018 2651 8656 3025 1499 11258 3701 11259 8327 2938 8496 7890 3023 7891 7130 6343 8898 8886 5491 4130 6339 7896
6464 1279 8611 2933 10371 11260
6465 358 4650 3202 3204 4827 3689 9141 9644 7367 11261 3102 8237 281 3103 3883
6466 207 4904 4903 517 3094 5916
6467 2382 2381 5763 20 508
6468 1505 9514 4339 5178 4568
6469 1866 9476 945 500 946 5007 919 4767 6388 3114
6470 5691 6831 7289 10703 6159 2713
6471 1071 7257 2645 6872 6062
6472 9140 10543 10303 3495 11226
6473 3979 3605 7826 2328 6183 11262 3707 3704 5963 4840 6451 3602 3442 4370 7302
6474 1903 5687 11263 7009 6616 37 1078 11264 2544 519
6475 4318 10208 10921 10473 7667 50
6476 3995 4200 2469 639 11265
6477 1180 3074 9903 4361 8525 9325
6478 2348 148 9835 6191 82 11266 514 6106 6560 11267
6479 303 6786 8163 6982 1701 7690 3457 2333
6480 7406 7726 11268 6488 7065 906 7118 7426 2469
6481 1201 6564 750 6372 318
6482 2836 1955 5281 8305 11070 10656 4065 9717
6483 10333 2579 1595 1795 3502 4470 10537 1557 8813 7136
6484 10572 11269 1584 11104 1792 2598 166 2065 580 6765 4096 171 7684 173 2026 2766
6485 5418 5112 231 7671 9288 1717
6486 1032 3945 9610 8389 2564 6166
6487 1360 5600 1973 3297 1974 3298 2574 1979 4539
6488 189 3 10517 4 6729
6489 2465 9311 10744 8776 301 895
6490 4589 84 4410 447 1591 6879
6491 8293 261 4751 938 3666 11270 4328 6137 3890 2879
6492 5064 2571 9643 7567 10545 5008 5535 6594 2929 5835 9212 11271 4879 2754 7178 5301 2799 7634 2141 11261 7568 5013 1399 202
6493 10141 3666 2585 7573 7574
6494 2330 1278 1699 5905 6706 3463 2599 1930 5120
6495 155 5584 6 2042 1596 758
6496 806 446 3252 18 2212
6497 1971 7510 401 2201 27
6498 1076 451 2295 758 9389
6499 6288 2328 1301 5963 5624 6455 4443
6500 7772 7139 692 1835 8390 4597
6501 4043 5056 5985 1515 302 7767 9320
6502 4726 5647 3440 4426 9825 7300
6503 341 632 2212 615 6630
6504 3556 1069 1070 2170 7383 3518 1074 7310
6505 1159 3398 8425 7053 5169 3963 2190 4362 7300
6506 8540 5249 3998 1234 4046 3556 500 1067 2692 9066 1872 4772 923 4051
6507 1743 4040 5676 1249 1568 6479
6508 803 481 2212 2225 530 211 3244 3579 1798 374 9692 5958 10061 11272 1195 6429
6509 4945 1970 4840 3457 6298
6510 8310 3666 11042 262 6814 4588
6511 3821 4354 1079 1595 3226
6512 3277 432 893 9893 7316 2177 3913
6513 642 6413 1420 6257 643
6514 4027 6569 2332 10723 1640 254
6515 1547 1433 9882 135 772 7568 9816 3505 8945 9267 4919 5554
6516 1357 8776 8526 395 1631 1633 8025 1796 7115 4200
6517 5447 5241 6923 9341 8997 4129 8005 6891 3228 830 2090 5038
6518 843 5480 445 3318 4299
6519 2884 1052 709 81 4751 2765
6520 3357 8642 2602 379 4495 3280
6521 2637 466 2796 2715 2443
6522 808 7148 4244 879 10389 221 481 2636
6523 4343 2343 2924 1348 6297
6524 361 438 8008 487 1023
6525 8537 785 5433 1322 1343
6526 1472 2332 3182 2301 701 3814 9493
6527 4787 3221 1333 3460 310 7093
6528 1756 5941 8502 1816 9481 11212 428 2275 432 1278 10807 1292 10054 9385
6529 854 1164 9123 82 5176
6530 2945 8733 6875 11104 6876
6531 2658 587 1183 6514 6716 3472 9833 7107 10783 775 1180 1496 5294 2815 1983 1857 4073
6532 5954 8645 709 5042 4410
6533 9745 2538 4764 7638 1702
6534 10114 1316 4227 11273 2250 7497 571 714 1800 2458
6535 1879 303 388 11000 9969
6536 2238 3126 581 4126 2094 7473
6537 6816 1995 381 2388 5677
6538 787 3722 380 4470 1469
6539 1287 2911 6199 1032 1718 2697 3494
6540 136 6437 3250 5925 3942
6541 1947 1799 2458 1140 676 6972 6351 1
6542 4045 4827 2053 1074 5719 7709 2873 853
6543 2858 3319 655 664 8022 2661
6544 5098 3891 11233 768 11193 6470
6545 3366 4590 207 10655 4241 5506 7084 11180
6546 1708 7071 1829 10287 669 1523 7869 706 5481
6547 1900 2907 79 10377 8106
6548 9235 7033 9238 5855 5856
6549 1639 5766 2123 353 2433
6550 263 2173 192 3414 7876 2529 8597
6551 7888 407 9015 8215 415 4344 675 8585 3579 2124 1642 4001 358 501 3556 3203 4286 4232 6244 537 9141 1965 6739 3902 5811 6388 2744 3340 3412 6594 1515 273 3690 758 2132 4652 4048 7367 7257 11274 1023 4769 679 266 477 6247 3582 4771 2136 681 1872 7374 4661 5102 4167 10726 2221 5106 2874 579 925 7850 5334 3284 5492 4660 5198 1399 9943 6665 7626 2753 6110 5987 6872 2145 4091 2146 2148 3425 963 1486 10544
6552 7253 5711 7014 6690 10103 5759 2690 9351 3429 5558 5051 622
6553 5063 934 5168 2433 3688 3204 5404 7257 1113 758 8275 579 6953 578 1650 1196 9497 3882 6061 2144 2145 714 961 4090 5536
6554 5734 1177 1178 8705 6312
6555 1052 2311 4101 8693 1595 9190
6556 4166 1113 7310 683 3882 6872 6268
6557 97 3836 2482 38 3379
6558 3432 1735 8857 400 10190 3493
6559 983 5546 3919 11211 9127
6560 7186 10855 6976 149 7731
6561 1854 5073 3961 513 116 10436 4443
6562 3061 3936 82 1867 799
6563 4128 2664 8327 7921 27 438 2939
6564 1357 7981 2784 9808 8084
6565 7236 1777 5212 4546 7774 2039
6566 2964 10650 3134 1588 1277 11275 4906 11276 6419 4467 4285 3669 2047 6965 7447 8157 9577 5359 851
6567 1235 8689 6284 3442 2322
6568 6738 10680 122 2603 2132 1111 162 579
6569 1718 2044 3487 4145 3034 5550
6570 2005 190 169 953 565
6571 2637 2847 4865 2907 5757 4517 2501
6572 415 5283 675 3037 736 3922 3618 5512 4263 3406 3111 6839 6869 2173 6246 4048 3101 3692 5274 9066 2748 2750 2136 7454 4505 4273 364 3169 2144 960 5987 2145 4005 2146
6573 5762 6398 8950 2665 3191 5242 5241 3029
6574 10166 7242 3887 7461 11277
6575 481 7590 8437 2271 7151 9539 1193 5416 491 1587 6536 4682
6576 2238 9040 5314 2236 5993
6577 932 882 2638 9536 2641 808
6578 9007 4029 4439 1 11278 3361 7963
6579 10123 8349 11197 9668 6461 7426 7389 2531
6580 5397 5890 4060 7677 1718 1599 1301 1719 7539 4631 8425 11082
6581 715 5524 9084 3149 9286 7296
6582 10798 3084 10961 1430 9922
6583 2831 79 2 665 2837 4525 183
6584 8678 3007 702 8764 11143
6585 1745 8764 11279 7498 6607 2664 11280 3149 1443
6586 3058 4754 2502 3134 432
6587 9352 5174 6927 10055 11281
6588 10728 450 8823 2931 5124
6589 7601 8527 4490 10039 1342 8701 1745
6590 889 9015 4044 419 1477 4227 6058 503 921 5317 8183 3931
6591 4044 4499 6783 8669 3614 7578 6355 6217 5878
6592 659 1886 3836 4145 4525
6593 138 5249 1833 166 7166 3262 6886 4526 1928 4207 8513 6116
6594 8139 9844 1877 11169 10852 4522 5159 3605 5161 145 6738 2572 3990 100
6595 6638 1198 81 11282 2094 783 3610
6596 1810 5040 3744 4101 1473 125 250 3670 819 3842 10951 8866 1474
6597 2765 5225 971 7676 773
6598 6252 5956 1204 10960 9310 10706
6599 5044 4752 2937 5426 7717 792
6600 3244 79 3562 90 11283 4504 8862
6601 1864 1036 6626 1240 1242
6602 846 7586 1858 4137 10631
6603 3477 2359 10396 6217 1362
6604 2190 11284 8562 4723 8563
6605 99 4420 2322 1854 5170
6606 2194 5803 1654 134 1204 9546 7107 10783
6607 2116 5283 499 3557 5491 4130 993
6608 207 2112 6702 4031 205 9750
6609 10097 2190 303 8562 2192 8563
6610 2124 9977 1238 4068 1689 2345 4604 11285 968 8949 1055 8808 9887 10808 4009 10845
6611 1232 7480 738 2091 3890
6612 6308 10430 10814 2489 10172
6613 1298 1716 1853 5562 488 7577 5963 10512
6614 7311 7850 5297 2281 5226 10153
6615 11286 349 889 2429 3921 5523 6779
6616 10495 975 10885 446 8904
6617 3180 3873 1670 142 2502 8040 2314 10887
6618 5421 8958 1775 3933 701 3738 4506 391 3162 39 1807 4980 9076 2540 6872
6619 7194 9528 1009 3184 9091 5732 252 6117
6620 81 530 6555 4550 5759
6621 4945 1080 20 3708 2601 6681 7421
6622 3485 450 7338 1776 2313
6623 1410 2006 10074 105 11287 2935
6624 2644 568 758 2856 922
6625 8374 6165 6321 4588 8377
6626 9741 4558 5425 127 726
6627 2867 8278 7932 3053 10817 7941 7942 3552 7989 7709 9108 4051 10293 6083 2488 3882 8290 6741 1653 4077 999 7171
6628 446 2257 9564 1595 7442 3732 9478 48 2569 3438 1563 3890 3187 4621 3479 8338 9453 3698 4567 2165 670
6629 2884 2044 750 2462 11011 8535
6630 11288 4103 2044 8081 10996
6631 2209 2378 1796 6962 10621 9183 7115
6632 530 3843 11289 455 1967
6633 6030 5675 972 10501 1134 7485 2402
6634 277 338 8460 3609 8743
6635 4512 153 637 4511 2132 3709
6636 8222 1204 5598 325 11290 10153 10211 632 2623 5131 8092 2342 6301
6637 10423 3891 10367 6671 10349 8351 290 79 9800 6295 954 1718 6217
6638 6216 9571 6793 8974 8783 4797 10895 8849
6639 1052 10474 2518 296 171 10291 8643 7512 8712 21 9048
6640 3680 803 7392 81 530 2501 1529 481 1543 6551 1413
6641 4231 6059 2053 2806 5934
6642 11127 3322 10248 1822 7599 9247
6643 9446 2413 4545 5868 8200
6644 79 1544 6248 2706 5930 1963 10794 4411 9159
6645 4368 974 9112 1557 9331 9332
6646 1375 777 1086 10886 5540
6647 3520 3810 2294 2293 6573
6648 415 498 2248 2135 3585
6649 889 114 6143 3336 5833
6650 1605 4368 3290 11291 2035 932
6651 3522 11206 2123 97 5167 5228 3582 758 579 7769 690 2145 8876
6652 97 785 1811 4919 2588
6653 1555 3292 2001 627 4817
6654 2168 186 261 9476 2430 5067 2394 3138 945 3688 3203 5797 6058 7814 4089 715 6108 7749 3011 3409 6101 3588 1645 691 2136 1646 6825 3585 6820 2927 2143 5407 4400 959 1243 2928 2147 5381 4092
6655 4460 4461 6374 6375 6098 9758
6656 2299 4981 486 2708 6079 1709
6657 2224 938 1825 7823 5559
6658 1533 8600 3877 3337 4904 785 752 1342 1343
6659 495 502 5404 3114 6388 4655
6660 1395 6133 744 11292 9405 7866 4822 2562
6661 5441 893 3485 798 5967 7359
6662 7647 6562 2825 5370 5295
6663 665 4198 3743 1473 937 2856
6664 4164 11293 4179 3966 3284 609 5993
6665 2068 4532 2929 5800 7069
6666 1731 2258 2588 616 617 618 9840
6667 1392 1965 1316 2048 443 5980 511
6668 9270 7679 832 1051 7871 6048 11070 4638 5823
6669 1293 4817 2765 5449 1287 438 9394 1886 9285 3525 2283 2643 6430 2206 2952
6670 8725 8346 9171 2810 9441
6671 5334 6362 10283 6069 2986 11294 8088
6672 2581 4470 829 1948 8718
6673 245 1033 130 606 6209
6674 11246 23 7321 6709 21 4272
6675 10730 8805 4597 7139 427
6676 5632 4906 5808 2590 370 972
6677 799 7874 2257 4961 8054 10291
6678 1104 1093 4803 3070 7242 8238
6679 5449 6250 7441 2544 1133
6680 10650 2684 1264 1537 9945 4546
6681 144 2988 4847 8092 1375 9440
6682 1432 1990 401 5663 6621 2506 713 1026 5449 3171 9977 6897 4 326 10744 3393 1906 7345 4237 674 370 286 1132 6545 2359 3492 4117 2710 3611 4083 2212 3291 845 5632 3547 4381 11295 2126 1882 139 3287 6555 1060 4911 6493 3919 5050 444 10673 750 10969 9120 4864 2724 6931 1529 701 341 6690 3858 5013 3382 10318
6683 11179 9263 3538 9380 8883 556
6684 1716 1701 6554 1609 3958 1926 1801
6685 1748 1867 3925 3738 2907 947 615
6686 3827 4112 916 498 2923 3100 1776 800 933 3042 853 4168 510
6687 4116 1342 862 5837 1553 326 1531 6223 988
6688 1198 1756 10605 1965 1541
6689 2715 9012 5080 6883 9295 6017 4494 5756
6690 4169 7225 8812 659 8762
6691 3285 6692 1301 2190 3973
6692 5264 11296 8540 5875 7308 5749 11132
6693 4419 3284 1628 8643 3249 1362
6694 255 415 3119 2136 9022 2873 4281 4881
6695 4117 1560 4483 320 1265 10864 10968 11297 11215 1703 1819
6696 1709 5988 10556 1685 931
6697 1698 7139 1238 692 346 10647 907 1791
6698 1091 9 4768 619 7461
6699 808 1284 6792 9873 7657 2078
6700 7744 10110 10154 941 92 1375 1673 1372 6054 2156 5467 7676 9416 1723 11298 3550 7687 8590 4985
6701 3947 445 768 10688 1186 85 6805 8263 10549 6119 1287 7911 5354 686 10626 10958 7047 1675 10580 2311 356 2506 2124 1866 145 5375 4045 359 626 2127 537 2086 576 609 6591 1776 2435 3112 505 6059 1579 6267 462 10315 1111 5377 2689 5652 4210 682 3582 1520 1521 579 6110 3882 2145 1245 5935
6702 11299 345 7404 4946 5345 2522 11300 10370 2510 8161 3271
6703 1587 391 4761 2983 4318 3451 7309 4923 762 4759 4011 3926 11169 5915
6704 3280 3291 5055 2525 6697
6705 3637 303 388 3041 3723 11301
6706 982 2995 2465 2653 303 995
6707 5877 1032 3454 7850 10235 11249 10647 8707
6708 374 2161 6164 2489 1249 1370
6709 1504 6250 5629 11302 2816 3012 9836 5950 1513
6710 1853 2598 4483 764 3428
6711 846 81 453 3953 3633 10968 5016
6712 420 3921 985 9320 6739 505 5359 267 7310 9165 1241 8275 5104 271 1709
6713 3061 1402 465 1188 6033
6714 4231 4767 2204 5800 5382 443 281 1872 3585 364 3931 3468 7642 6444 740
6715 8668 7087 7162 1299 368 10579 7728 4943 255 3871 10961 898 417 1204 891 2234 7417 1612 1559 3056 11303 6949 8685 955 1561 11304 6741 1653
6716 3616 9041 328 6662 3915
6717 1018 11305 11019 2044 11306 1
6718 81 11307 1882 1332 9257 3368 9933 10445 3624
6719 10558 9879 3637 3719 1788 6122 11308 2439
6720 9774 8839 3255 4806 2682
6721 10462 711 3346 7771 1871
6722 11309 6106 1419 459 1361 5543
6723 8207 5963 7123 11310 7125
6724 6547 2126 9598 2562 3054 1772
6725 692 8600 1907 4016 9899 1727 3611
6726 2223 933 4733 4240 4925 8592 1197
6727 6317 11311 649 647 3591
6728 6381 679 2750 1571 3468 2138
6729 7635 2460 11312 447 9365 6617 2833 11313 10187 9876
6730 2343 911 910 837 5229
6731 7845 97 5365 5100 7897
6732 2623 4627 4864 1718 8263 2811
6733 2043 9633 7263 3854 1531 5127 70
6734 11168 6035 8232 2933 4117
6735 10868 2653 2460 6896 909 9913
6736 1702 2002 11314 10966 5612 8429 8937
6737 1818 3733 2518 435 2242
6738 10883 9366 8769 7597 8800
6739 1198 5281 842 1460 6315 10701 4332 656 6815
6740 6467 6174 9384 7637 9635
6741 11315 2253 1331 3035 2554
6742 672 2165 670 2454 4073 6238 7814 2461 663
6743 8450 3454 3012 3018 3019
6744 9253 598 2349 4180 84 3611 10905
6745 730 10160 6492 7242 2414 8901 9137
6746 7365 1826 11281 8098 6699
6747 343 8472 10379 591 3705 303
6748 7067 8077 355 8808 9869 3838
6749 11316 6353 4209 2574 3297 903 6713 2573 3590
6750 3578 25 3290 754 6265
6751 4748 4967 9963 10146 9349 10281
6752 3002 11088 5866 6328 1180 617 616 18 7504 7505 7506 11317
6753 1180 6602 3009 8819 1710
6754 499 4000 921 2129 5376 986 4296 7454 683 2142 3422
6755 660 661 5095 5561 529
6756 5448 235 234 228 7590 225 10744
6757 2323 2185 2322 2180 1301 11318 6284 3965 3553 5248
6758 7443 394 1204 4774 3228 1551 10848 1734 1348
6759 10112 3756 777 666 2496
6760 2377 5965 832 8172 1595 6646
6761 6731 9392 4964 10275 32 7261
6762 2274 1621 9767 9519 4246 9132
6763 1294 2894 2044 7835 1256 11319 3257
6764 609 8688 187 1612 4199 3454
6765 9970 917 157 3868 1650
6766 8995 9541 5087 1987 5345 2251 1214 5181 4744
6767 7622 2603 3736 5248 7000
6768 55 4673 1154 3374 8099
6769 10824 2424 9912 458 7161
6770 10141 11320 4515 1477 921 5128 11321
6771 5098 1605 8966 1261 1660
6772 666 8044 7262 2629 1368 1987
6773 2084 10513 11021 10357 4595 7605
6774 5647 3958 9825 7300 8985 1609 6214
6775 5042 9056 1526 3457 2333 3063
6776 92 8105 1138 7189 2253 659 4382 318 141 7630 133 1174
6777 6603 5052 1280 3392 7264 81 7588 7277 1845 7583
6778 1104 1420 7339 10590 4828
6779 5168 144 5056 1563 983 3809 4001 3689 6209 6059 1477 832 796 919 5985 4000 5978 8623 322 2746 1060 6852 1382 7340 8749 505 7282 7641 1566 2134 2111 8684 3102 1519 8237 5382 7989 690 7436 3166 3848 3209 169 1249 953 364 2924 4269 3932 4050 594 3697 718 5933 5834 1651 4052 8855 10534
6780 9522 11107 106 9848 984
6781 1175 1176 1177 1178 1179
6782 3993 2189 3253 8385 9825
6783 2482 504 3379 251 10985 5223 40 1718
6784 7623 210 9680 6755 2721 10136 261 3179 4405 10870
6785 10106 11003 4567 4294 5043 4385
6786 1831 10316 4701 5372 7423
6787 354 9274 5672 497 6372 11322 4096 9638 4286 1965 715 4652 6949 691 2750 1872 4660 3880 363 2139 7626 365 9497 5387
6788 1756 481 11127 4766 1460
6789 39 4930 3178 38 771 1718
6790 4326 10082 3934 1432 155
6791 3826 11323 9403 7624 9021 5605 11324 3199 350 472 709
6792 6957 1527 7784 7708 8167 9838
6793 2359 3162 5319 1156 1164 9804 3779 3768 338
6794 2168 6057 2740 3407 268 8275 5103 270
6795 5069 1460 5502 9274 4032 9000
6796 1375 2571 81 1205 5993 9280 2136 2263 609 1196
6797 2298 4318 1132 10174 5917 47 1230 5455
6798 9310 10355 10969 2 2838 1455 7121 7316
6799 3007 4847 1718 4145 2022
6800 6561 10219 3777 10857 8894
6801 6615 4219 7985 8155 10969
6802 6736 7551 672 4758 4073
6803 10574 10263 9178 459 458 462
6804 97 3311 5222 3313 9808
6805 4398 1550 5254 11196 8486
6806 187 4351 3817 1798 9213 2405 6209 1691
6807 4902 10166 4312 3791 10952
6808 1886 10803 3236 53 327 3148 8647 1188 274 3936 2505 10395 6468 3235 428 326 11173 2310 1960 914 272 643 3747 1473 3890 273
6809 3801 5121 2765 2223 665 4761 3499
6810 645 1970 5096 5449 2276 4071 408
6811 11325 520 5227 2506 1584 1867 4232 4502 6739 3101 6116 11326 7876 5019 6109 5018 5057 989 1870 1582 4269 993 5017 1567 3105 4003 5020 5021 5012 3166 2924 4050 3932 5834 4281 1243 270
6812 1591 2008 9279 1603 8867
6813 2168 186 3407 3100 3691 192 2584 462 689 2806 1400
6814 4806 1279 584 1919 2347
6815 2464 4484 2938 1180 2529 1844 1618 315
6816 2796 2637 842 783 3136 1460 6573 9181 3078 4260
6817 10064 9693 778 831 2905
6818 428 1057 936 9091 6128 2359 7719 2919 1766 6931 1198 1799 9052 4827 6768 6391 8835 1001 2377 10134
6819 1193 7148 1283 8502 5876 9293
6820 1552 3349 5204 4824 3447 4553
6821 6676 7568 10989 5026 9351 2451 8871 7581 10595 11129 10504 7580 10669 3839
6822 4972 7975 220 1620 2636 210 658
6823 187 61 5992 4106 8669 3667 4746 9889
6824 4071 10839 410 9326 3123 650 5761 676 9056 8836 5239 3009
6825 2765 7634 166 2697 1327
6826 1181 1600 486 6823 8048 7423
6827 3288 4745 1970 10963 5144 1060 5694 2547 1183 11094
6828 8911 609 1718 2446 246 299
6829 7102 4308 2976 10715 7128
6830 468 1798 2065 5472 4853 2458 2085
6831 5442 949 11271 9001 9311
6832 2335 609 5575 5272 1863
6833 1603 10519 8215 2337 890 6107 3026 1627
6834 3922 11327 358 2740 1894 6506 4399 4314 5300 1644 4089 3580 1513 1895 3221 2288 4634 2822 6852 322 2115 800 7214 2309 6933 162 361 2645 443 2135 989 5016 3912 3613 990 2925 3932 5017 3166 2927 509 9496 3882 959 3883 4090 10398 6532 7171 1486 1487
6835 7061 2323 3984 116 1891 6451 8320 3981
6836 5252 437 1057 4534 5346
6837 1523 304 10485 89 308 2098
6838 4379 7630 3694 353 10653 2544 5612 6830 953 4514 2065 3822 6410
6839 6471 2472 6686 8258 1033 704
6840 7766 8330 1518 7299 3425 5282
6841 7652 4536 10913 8093 3226 1
6842 3975 3704 6827 7301 4432 4840
6843 1355 3680 6605 8114 10951 5125 10631
6844 676 3183 1531 4911 9658 470 949 628
6845 7084 2044 1867 6985 262 1237 3925 5967 4502 1257 4089 3695 9142 8622 7641 443 5653 4654 1872 10726 3585 11210 1912 2142 2143 5834 1651 510
6846 65 731 66 2243 2244 70 6488 4768 69
6847 1751 2796 4873 11328 4033 4123 3400 5403 4334
6848 1772 9610 4070 2562 4946
6849 1413 1882 10366 10453 7450 10142 2584 5196 1550 1629
6850 3111 6852 5752 122 8417 10894 4005 8766
6851 2781 5897 11329 4918 1968
6852 10458 5095 5496 1607 4830 5839
6853 1870 772 1360 903 9568 100 9612 7440
6854 4244 131 6564 6632 879 4998
6855 2072 10479 5943 1657 6725
6856 7002 4455 6947 11330 8598 10111 11155 7402 7910 11331 1027 6613 4255 8229 5331 8542
6857 4233 4166 1510 8750 1514 5535 3228 6246 2134 2135 5653 6953
6858 1088 352 8364 6257 1306 8541
6859 9373 10801 2487 3230 3659
6860 1853 255 199 8712 1833 6749 608 7570 7986 10734 2122 9477 1584 9369 1796 7115 780 3409 6591 3114 3101 3695 2513 2512 2548 1001
6861 6817 9360 3158 872 203 213 1223 149 6558
6862 11332 6147 2044 6038 9000 6372 8632 9317 7273 7428 3799
6863 2274 11159 1816 10928 5415 9963 11333 4248
6864 3774 10648 6135 1818 10744
6865 3609 11334 10795 7478 11335
6866 4414 7093 3085 5217 2631 1180 10290 6248
6867 9343 2580 4373 7180 10394
6868 1244 4442 3457 591 1216
6869 10942 7822 9859 10298 9857 9858 1879 107 4756 11165 542
6870 5428 1456 5651 125 1702 5129 2030 368
6871 8596 5480 327 2854 9706
6872 226 1375 8548 84 803 3226 4578 2209 2561 8376 1899 9381 1718 6526 7621 5869 2319 93
6873 367 8068 255 4114 3400 4231 2396 116 5797 10394
6874 4335 7747 1705 6067 8818
6875 1358 7714 8279 3119 7930 9367 6337 9377 8286 557 558
6876 3372 6132 2518 2655 119 1834 687 145 155 1710
6877 6627 6459 9816 4173 1332 5672 2518 8784
6878 428 709 8177 3349 1166 979 8339 315
6879 5480 10488 1342 1545 6619
6880 4845 6112 2395 7778 21 2229 2755 2927 959 6110 4168 4091
6881 2320 4492 8540 2284 8934 1609 3917 6295 8583 10465 6254 1999 5548 3997 8321 5196 1629 4 1727 610 6885 822 772 2072
6882 444 7968 11336 4027 5506 2161 10156 3267 11337 1836 4142 667 876 4676 4593 4633 10657 10210 3877 2767 457 7219 2115 4635 6140 855 8657 3674 7661 9420 2518 9585 9480 9856 8440 4762 7781 4400
6883 5337 166 752 7162 6104 2802 674 3116 4043 676 186 5097 260 2169 500 946 9666 9141 5007 576 2127 267 4774 100
6884 931 8947 4036 267 2349 81 1796 2697
6885 2042 2132 1883 4886 1113
6886 684 2849 6964 7893 2746 2604 3781
6887 9125 5427 3734 8420 1330 7530 11338 8307 11339 2254 4791
6888 5058 6568 2758 11340 3454 7690
6889 5677 10138 5362 9437 11320 9601
6890 444 7892 5133 863 3660
6891 3392 7488 2019 5043 7679 3356
6892 724 10795 9258 419 5119 2514 8702 561
6893 6736 874 2161 6726 938 11009 8082
6894 7105 11341 26 2488 10645
6895 703 1680 2153 1681 1523 1709
6896 2655 4305 11342 10443 1937 2134 3588
6897 2735 10615 3494 11267 9703
6898 11121 11343 468 10477 3170 1920 773
6899 9833 9719 8000 6667 3017 3034 6870 7326
6900 394 10713 25 6670 1444
6901 1175 1176 5736 7557 7556 7558
6902 668 5462 6051 4015 324 4904 318 3611 5136 5732
6903 5186 962 4667 4523 8462
6904 3083 6210 10406 1880 5564 4467 44 11344 8659 6802 7899 2686 778 1497
6905 2161 1027 2072 3497 10304 8461 8723 1411 7825 4402 2044
6906 6778 8616 10247 11068 489
6907 5394 8711 8548 7969 11345 6026 11346 6476 11326 11313 5776 11347 1627
6908 303 388 389 390 393
6909 1586 1587 1588 6404 9541 10947
6910 1863 1301 10013 4430 11348 5483 10617
6911 2169 4767 3580 2929 2134 4655 282 3342
6912 4636 1012 10018 286 3502 787 2377 318 326
6913 7629 1004 10134 10414 752
6914 832 785 286 1342 6745 3863
6915 6633 5754 3261 2427 2338 2019
6916 789 5789 8986 4432 4463 5963
6917 2263 1561 330 1240 25 4020 6265 8817
6918 1971 310 8162 4504 8115 779
6919 3483 297 1718 122 8301
6920 1355 803 7392 92 3094
6921 4128 398 488 2794 299 1863 2326 240
6922 7276 3561 6747 2171 2446 7000 7220 924
6923 2538 562 560 785 1343 1940 9573
6924 785 1342 7618 2017 4974
6925 2119 5287 374 787 4107
6926 10815 3438 6555 8714 6498
6927 5690 8162 3366 1600 1810 7195
6928 9072 525 494 2815 8989 10435 3780
6929 9677 8704 11349 5118 857 858
6930 9202 8306 10620 4401 25 2012 2777 6580 10539 10822 6981 10050
6931 3733 3328 610 10059 77 1970
6932 2090 149 1662 2235 7973 4918
6933 9505 1700 3840 1934 11350
6934 2964 2983 666 2682 4315 5711 6223 6734
6935 3053 2911 896 1311 6645 10976 3400 7862 241 4034 750
6936 3224 10366 8000 1370 6260
6937 8398 2124 3202 3203 3204 5356 9141 423 1895 6724 3581 3502 758 8094 2132 5210 2692 1111 5167 5752 361 5228 5653 5010 1582 3165 4973 6417 2873 578 282 4168 6061 2145 4091 270 6596 7171 6080
6938 6018 1203 2641 7155 7147 220 7148 227 2275 4645 225 10308
6939 7421 2269 872 92 9680 7741 8099
6940 1428 6667 3034 8272 5543
6941 4984 6008 9619 8883 9620
6942 3946 9374 4264 1718 4816 6623 2267 5205
6943 2907 9974 10890 803 3159 6055 10951 9528 10871 5675 5676 5109 10620 81 10270 10312 2352 1276 8977 983 1531 1532 1862
6944 1994 1574 9582 5884 5885
6945 8108 4380 5519 9062 1270 4548 7019 10976
6946 1780 8197 3403 9982 8631 1407
6947 4634 2822 4635 3834 8657
6948 782 2964 8952 3564 8119
6949 5176 4745 7027 1583 1418 1013 7280 313
6950 7195 7062 4039 2460 3280
6951 4642 6633 10261 4943 6556 7498
6952 1325 1332 515 2703 5304 9041
6953 2849 1060 2887 3764 2293 11351 1012 10460 2656 1375 7868 992
6954 6457 1408 1007 4737 4572 1185 3310
6955 10672 2653 7003 4039 2126
6956 11352 5723 227 658 491 9937 10302 6587 225
6957 1547 1038 8008 3349 1765
6958 4585 7766 500 7417 6909 4656 4657 6682
6959 7447 6516 8756 11353 216 674 7464
6960 10525 936 1011 4040 2489
6961 7560 11002 794 3830 149
6962 10267 2766 2712 9967 11296 4189 8252
6963 4541 4540 417 4733 8747 10570 7121 5810 2598
6964 3758 7062 3592 1409 3611
6965 9364 3637 3632 1111 5048
6966 9253 4849 10706 728 568 1036 4036
6967 496 4909 4650 501 5007 1113
6968 2788 8736 831 1011 5892 8791
6969 2906 92 81 1802 11354 10531 3465 5687 2211 435 2124 8141 2433 2923 1066 2692 2871 5651 2111 4770 10240 2255 4338 1243 3161 4741 4090
6970 1807 2 2391 427 934
6971 7353 399 5728 528 6617 9934 435 4117 8243 2621 4120
6972 9924 3717 2040 1107 3715 23
6973 1289 7051 303 6163 2042
6974 1060 1583 583 2223 2536 10453 4769
6975 5611 2394 2125 278 918 5006 3689 5967 2171 1265 3112 8192 2132 1477 3690 576 689 9278 122 3848 5933 1650 3464 9401 6418 6249 1245
6976 7924 10672 6486 1032 6602 1917 1327 3315 7583 7647 3465 3255 4886
6977 2725 10264 3694 7840 4753
6978 11355 8031 11356 4691 8029
6979 6513 10700 8604 120 2821 7349 5249
6980 1668 1287 932 2641 7154 879 7860 9539 10548
6981 7308 368 343 9396 4670
6982 5418 11357 10688 2895 3152
6983 637 1599 9359 11301 710 845 3806
6984 5221 537 8564 1875 7326 3069 3791
6985 328 6457 4514 4730 139 5001 686 1674 7165 5354 1415 10526 7143 143
6986 857 448 6129 3242 3708 633 10577 3480 3481 703
6987 3188 2205 5278 1829 3517
6988 2574 1974 6713 5816 3302 1975 3031 3590
6989 6995 2619 1886 3183 1060 11358 8962 3812 1147 5517 783 4153 4112 11306
6990 6033 872 2341 1433 7145 5679 11230
6991 486 5600 718 7566 5330 1718
6992 2675 3371 7162 1848 1296 9457 7307
6993 8555 3295 11359 1414 2540 3778
6994 5453 5454 8993 8991 8992
6995 1560 4670 7045 7046 8097
6996 3673 3369 5567 2859 9535
6997 6633 2472 4906 5671 7441 6737 1669 5972 11360 2003 726 2294 6552 6072
6998 3633 98 1194 2972 5052 8525 6668
6999 10587 11072 8097 6810 6603
7000 8062 1902 2301 4040 3498 7049 5922
7001 769 10977 10892 3897 632 11247 10421 7128 3247 1914
7002 7307 8491 584 10799 6509 468 167
7003 3448 497 6317 4739 3202 918 4827 3690 5287 6933 3165 5933 683 997 284
7004 1292 9532 1750 9290 9565 11084 2084 3998 260 2394 2432 262 1563 3406 832 2125 2436 3340 3728 2086 2133 7282 1369 122 2132 955 4776 578 4880 1912 1243
7005 482 5628 3328 432 5165 8074 292 9522 7372
7006 1774 5630 11281 6727 165 5042
7007 7832 2870 11136 4960 3905 11361 2191
7008 11159 2639 2637 803 9072 2817
7009 918 5009 3102 8237 1522 2924 689
7010 4297 1792 791 3701 3098
7011 11289 4929 3578 424 626 11362 4047 4081 1240 1242 5993 4505 1561 11363
7012 11364 3103 10689 7140 4787
7013 11365 9138 2425 2615 5636
7014 792 3512 31 6731 7065
7015 4407 3644 1709 8407 8151
7016 3202 3412 3730 3692 1572
7017 249 1305 4494 5243 8969
7018 7518 6491 3651 4134 1098 4898 5058 10402 5059 6320
7019 4394 486 4158 8834 2205 11227 7404 5739 1375
7020 4937 1484 2563 932 6194
7021 5348 81 4039 4483 3785 9230 2021 4520 97 7271
7022 6203 11366 5371 900 5056
7023 4852 488 5397 1639 3001 7053 3519 3423
7024 1333 10445 6439 3625 10739
7025 846 3991 1333 7106 8977 9987 3181
7026 2065 1915 1411 6026 368 6353 1748
7027 1880 4596 3862 58 59 2382 2296 4513 3336 7778 495 280 1477 947 3691 6328
7028 10866 1811 10296 10585 5125
7029 10442 3619 1562 1170 5978 2990 5933
7030 148 1140 8188 2939 7014 303
7031 7818 6222 2522 4806 10956 4698
7032 8992 5191 9343 3806 10778 3699 57 5229
7033 1323 842 4170 2950 10471 4826
7034 8699 11314 5396 9037 3891 468 5589 5690
7035 3888 11367 2558 6475 4062 468 6159
7036 4755 8584 4201 8990 6278 9847 8281 10226 9714
7037 8240 2661 3037 7075 4334 1168 3263 2130 609 5522
7038 21 9551 1111 9332 2136 22 7197 10596 6281 3725 2132
7039 1556 758 1531 3183 5812 1196
7040 7950 8010 9999 2645 264 1787 3582
7041 666 6471 5390 8206 81 379 9373
7042 1027 4564 1256 6755 1408 39
7043 301 715 5807 3564 2767
7044 8740 4482 4938 6710 311
7045 1270 308 11368 4023 4180 1718 9317
7046 446 5153 4222 663 7867 687 637
7047 9903 5305 4280 712 2963
7048 464 303 10531 10175 10584
7049 1155 3460 8645 2803 7994 846
7050 105 6009 4441 702 9158
7051 6805 5097 11369 8825 6565 2003
7052 8144 5149 7124 303 388 389
7053 1605 1287 530 3349 481
7054 5196 936 932 79 281
7055 10138 11370 1001 5196 7917 4 4210 6016 938 5047 9517 8243 3804 1915 6567 1833 5981 7468 6690 10958 701 11146 7415
7056 9520 8454 6723 11371 2301 303
7057 7392 8677 432 9216 10246 6366
7058 166 1662 1619 2670 1268 81
7059 9558 7908 384 1731 772 9267
7060 8943 1433 1415 4512 153
7061 11372 3307 4326 3372 2252 11319 10884
7062 519 832 2562 6769 2 4969 4073 6011
7063 6655 9171 400 9043 11373
7064 56 2511 1577 2161 8110 7279 709
7065 1146 10720 10536 6920 2697 1036 609
7066 1407 5867 2838 3094 2041 761
7067 8174 2688 192 3889 11374
7068 9694 10062 7314 3189 185
7069 432 368 5553 4256 3226 1863
7070 2294 198 862 9257 7403 4558
7071 7289 10703 3308 8797 2146
7072 10668 8351 4763 4332 5449 1882
7073 1057 11375 2248 5395 4793
7074 3756 3086 2010 3004 6993 6224
7075 7464 7243 1526 8886 9738 4951
7076 1414 9608 717 1576 7844 6200 35 10647 1550 2544 127 5561 7501 2893 10071
7077 11066 4352 8590 8549 5882
7078 6120 4987 4996 4993 4994 4995
7079 368 3876 105 609 2053 898
7080 965 9920 4978 7365 9003
7081 11066 5591 1033 3284 7417 1355 9484 8643 10008 9890
7082 3979 10013 6707 303 11376 2328 4432 3985 4444
7083 5036 2074 370 6413 5740
7084 8175 146 9084 11048 10459
7085 3738 7840 1674 379 832
7086 1236 4815 9792 4264 6099 2800 3853
7087 4570 10167 1711 10678 6429 3344
7088 2443 709 4862 6810 6516 19 1957
7089 6565 2371 3384 4199 11172 10453 8114 320 9383
7090 3309 3809 11230 10042 8834
7091 5398 2044 983 7434 6779 2871 10243 958 8817 8387 2659 1651 1301 1852 3423 5282
7092 4622 1600 5809 552 3255 1408 3498 4406 6237
7093 1613 4950 10332 9881 7806 11377
7094 665 3765 7441 7868 9893 2706
7095 2501 81 3063 3742 610 7045
7096 23 9684 459 6921 6677
7097 4929 2334 2394 2020 424 3112 5535 3692 8457 2630
7098 6434 11378 1864 3247 7379
7099 842 468 921 443 4094
7100 2841 7203 6002 9349 9631 7541 7205 8982 10146 9630 6361 6359 10147 11333 4943 3633 5998 7544 7207 4053 10605 9539 5587 10742 6001 11217 9613 5995 1848 7543 11379 5470
7101 5540 10851 845 5543 6621 662 2518
7102 2527 2703 147 11380 785 1342 1332 6667 7180 1896 2626
7103 4489 7747 3255 10805 2021 4001
7104 4692 4686 4687 2898 4690 11356 1131 1127 1130
7105 10946 388 389 390 393
7106 9028 3887 7425 7426 7461 7554 2704 11381
7107 4177 5052 8915 10563 3560 1366 4621 1289 3836 82 247 2377 5978 8130 3311 5222 3313
7108 6005 912 5417 1047 4423 9618
7109 3352 992 8816 2350 1360 3756 6987
7110 6470 9731 81 4101 9601 2373 3616 7431 6049
7111 3146 7233 11382 2004 8414 6768
7112 2225 1335 5534 4610 8464
7113 7052 2322 11255 2190 2180 3904
7114 4376 1939 2161 1166 5576
7115 2867 5523 3111 1581 4273
7116 8411 4631 6609 1363 2869 8798 8119 398 55 11383 1718 3298 2574 6765 3304 1635 717 6764 3848 3494 8941 580 5307 2833 2621
7117 441 448 303 4884 6887 10172
7118 2243 3832 7134 3069 2824 6529
7119 705 4882 5975 9013 2468 1033 2086 7411 552 666 3845 2825 529
7120 4830 8699 178 5307 3278 3486
7121 966 6727 3934 167 938
7122 1533 2907 5649 4153 983 5450 3480
7123 6308 668 7553 9991 4578 68
7124 943 378 9852 3595 6575 11384 9853 8660 4936 6757 2054
7125 5278 1683 1681 7071 930 6407 3517
7126 2895 9609 8251 1189 2429 11332 1807 537
7127 3805 423 430 2225 3189 4084
7128 5004 8902 1696 8334 9952
7129 785 8122 8425 5013 3457 2333 3429
7130 808 3215 4404 3258 10504
7131 5671 6832 4140 5594 11385 3496 10505 6994 5187 8710 2081 6200 6535 5077 11330 6505
7132 8244 5581 3743 609 2002 1531 628 5401 296 3447 5424
7133 1852 3752 1701 2062 11029 3753
7134 1523 7507 1524 1681 1709 704 2097
7135 609 9942 8043 3928 8685 10632
7136 11154 4315 2681 724 2001 4946
7137 5616 1852 4430 3705 3984 6976 10096 11386 2180 10860 7677 2326 8922 4422 2621 2190 7052 3453 9597 6562 5617 11284 5317 3553 5523 1863 1857 3975
7138 1460 2103 7342 11387 1726 5904
7139 6015 2651 1711 374 1834 10830
7140 177 4027 2094 1903 2160 38 1826
7141 2765 3606 661 4236 3312 148 1502 8021 3255 4334 4513 8809 918 2740 4227 1776 1060 3690 7641 5933
7142 5392 8539 567 7853 4239
7143 4260 5008 3405 4081 11210 6947
7144 2715 10138 10492 519 6538 2862
7145 3770 6320 5295 1092 6491 4134 730 2824
7146 4116 9883 1001 173 10695 6427 6709 8906 8329 5827
7147 1431 9603 5857 10287 7073
7148 6248 5582 3256 974 6570 3999 3331 5837 778 3710
7149 935 1800 796 7987 7784
7150 7443 1917 3943 8535 877 1918 7173 10896
7151 8977 4402 6961 1356 1055 335 3892
7152 4103 1333 5399 6123 4224
7153 4848 3806 10971 7989 7684
7154 3886 2071 2788 712 4902 1109 2244 7844
7155 2887 1375 1775 701 1444 5056 2710
7156 6602 9044 6941 1795 9987 7474
7157 7093 10195 4441 216 8688
7158 1180 686 2896 7189 379 1635 1079 9881 6477 8263 105 8381 4342
7159 560 610 2161 6310 2855 1811 4101 3333
7160 2661 567 1538 9113 5872 3257 2938 1874 4652
7161 210 3830 2765 3531 10156 2783 10799 7490 5630 5307
7162 8308 5293 2221 11380 346 11249
7163 27 4501 2397 2134 1041
7164 11388 11176 5194 3848 3849 3106 7916 756 8544 4234 649
7165 3905 303 4432 8492 2089 6455
7166 758 4342 3715 397 8486 5649 3454
7167 11389 5873 4790 5145 1023 1734
7168 9015 353 7625 2048 1073 6101 3342
7169 1375 5234 6282 3199 1643 8062 2999 4588 2531
7170 721 11328 10035 9607 2079
7171 5360 10322 9283 109 108 4756 9874 4757 984 10298 111 9857 107 9858 9848 7526 9876 10940 10942 6531 8741 3544 6081 6082 7358 110 11107 7822 9859 9877 9878 8742 9860 10239 10321 1935 10941 4809 535 536 539 540 543 541 11390 10943 547 11391 542 5781 9714 9875 11085 6271 10226
7172 528 4100 1603 8518 6096 8167 10695
7173 1156 1804 417 695 2458 6151 3575 3552
7174 7968 3865 497 504 508
7175 9710 2907 1321 82 3325
7176 975 7653 5110 9546 216 6341 8656 7484
7177 10741 220 10899 236 225
7178 2256 785 1342 374 9173 2468 10088
7179 5414 3257 79 2248 11373 2923
7180 703 304 930 2098 2097 1523 8062 2343 9250
7181 4515 1063 5020 4084 4666 7841 92
7182 2641 10541 1292 854 2637 3134 4492 10625 10388 651 1418
7183 536 4051 9087 9088 6578
7184 5998 2843 7204 7542 6358 6357 10146 7203 7205 6361 7544 7545 7209 6360 8983 7543
7185 8489 5169 2185 5647 8505 2191 240 5963 10424
7186 210 7151 10967 1543 6788
7187 1107 1108 6490 6488 3718
7188 1925 845 10228 10787 4327
7189 784 1565 4290 993 2333
7190 11094 1742 317 1702 6045 486 10388 6157 9172 5822 400 5320 2446 8067 8634 397 9456
7191 1002 6186 11315 6104 11392
7192 9766 2430 8853 5631 4089 4771 681 2806 9525 5106
7193 4244 8932 10074 10761 1756
7194 889 3622 5764 3341 6780 2371 11283 6331 926
7195 10772 10592 5238 10718 9941 6955 7243 6579 8084 3027 821 9906
7196 256 9687 357 5375 1516 1566 7709 4051 1647 8854 5014 6596 7171
7197 338 11393 155 430 6966 11394 1196 3631
7198 1727 10866 10561 872 9548
7199 131 1946 10849 1856 5512 2282 1879 423 2397 302 6779 8192 6028 2756 2143 959 5987 3423 5282
7200 6582 7236 1599 676 7600
7201 1882 5397 2660 4945 8242 3547 5690 4563 1086 7954
7202 81 86 823 962 1734
7203 7406 10586 8420 10587 8758
7204 5508 11206 8825 8001 1626 3780 3398
7205 1805 354 4956 10388 5929 529 3667
7206 1262 7893 6921 139 3708 3079 5656 6046 308
7207 1307 7000 3689 3111 4479
7208 1005 2349 1335 7064 5220
7209 10368 239 3922 2868 3618 2396 3011 2171 503 1073 3691 8183 364 7381 1364 8324 2146 2148
7210 889 9015 918 3204 2171 2109 951 5800 2135 1858 6953 3611 6444 4741 1486
7211 2184 6548 6948 9052 173 4073
7212 5751 4795 2793 2233 4987
7213 8812 5799 9367 9043 397 3792
7214 9124 2996 6815 2997 2998 3005 3792 184
7215 1609 11395 9825 3963 8562 8563 11102 2192
7216 2451 199 7560 827 632 11322 7988
7217 311 3236 947 5563 1198 4589 4836 1716 533 3611 795
7218 972 4737 698 10444 265 473 666 778
7219 10467 4785 2435 11396 11265
7220 3061 1835 2916 4184 9677
7221 11147 4126 8677 1289 1881 803
7222 9320 4089 2053 1514 6594 1566 361 1312 1872 5017 953 6750 4050 2924 993 5019 987 1912 4506 5933 9702
7223 8386 799 8538 417 82 7322
7224 1446 11111 4104 5889 105
7225 1523 54 52 900 4377 8154 8841 2472 2598 9045 4791 3907 562 5738 10829 8311 4897 3084 10882 3418 8275 7404 5575
7226 1822 8305 3249 3699 4901
7227 6899 6883 607 2074 2933 6436 8253 6885 2065
7228 5475 3163 5296 10353 8601 1273
7229 1742 2661 2092 5815 6213
7230 1188 4313 2312 8093 6602 11367 9694 3630
7231 278 3038 5007 322 2282
7232 6652 695 8917 5254 701 2333 696
7233 8644 1032 1886 2621 7949 6960
7234 9841 2277 8133 76 21
7235 8509 11325 1520 7980 4315
7236 7222 3956 851 6719 5499 6760 7040 9812 4453 1087 7973 10459 11239 10660 4280 2648 3515
7237 692 857 634 4512 3258 637 1968
7238 1746 4869 9403 11397 9683 2285 7670 1761 4166 5521 2123 471 353 2433 1388 8685 1568 2730
7239 10292 1948 10253 444 4374
7240 10705 10944 1444 9122 1659 6618
7241 938 1052 77 5302 2
7242 92 9411 434 10397 354 4101 10311 5185 709
7243 6072 9909 857 4040 2068
7244 1523 11398 2920 3292 3738 545
7245 10411 7245 1116 4875 10428 112 10181 11391 4243
7246 1626 7341 326 3780 3294 84 3957 9045 1796 9257 9125
7247 79 3159 8604 8113 4750 528 167
7248 1756 2909 1285 6554 3871 4945 949 4467
7249 1104 1107 1136 4804 8165 7118 10583
7250 4135 8010 851 4918 10391
7251 7446 992 2091 2730 8142 4879 5102 7215 3932 7374 4662 3167
7252 3770 4899 2902 6320 3766 3427
7253 7144 6723 675 2282 8361 4004 362 1651
7254 2757 6627 1208 2496 1613
7255 9231 2896 379 303 9387 619 4038
7256 11399 1733 394 4324 2021 7428
7257 8768 5510 6200 3638 8805
7258 381 3455 9950 10215 11400
7259 2229 9181 723 9080 11401
7260 3486 936 3795 4800 8161 190 2684
7261 1855 4165 144 186 5008 1515 5547 922 3732 5456 6307 1573 5935
7262 5698 8472 11402 609 4426
7263 6749 4112 116 3412 4296 7641 740 4075 1573 3713
7264 89 38 9472 4930 8316
7265 2952 1661 343 4093 488 1301 3334 4443
7266 1897 1053 1898 5731 14
7267 1335 2516 1689 618 4418 10042 6646
7268 3875 397 6982 4537 1291
7269 2190 2537 3547 1414 2540 717 753
7270 1057 1060 2458 10038 1601 1082 8338 169 10352 3746 1171 777 666 3359 6063 961
7271 6378 1188 5501 244 318
7272 2272 5413 222 6632 268 4270 3106
7273 871 7185 1970 5965 370 5037 9454 1414 2311 1408 3854 173 4323 3809
7274 1001 787 2377 8958 3270
7275 8133 1214 7138 2105 3041 9049
7276 1180 8305 6670 5864 7924 10418
7277 4027 11403 2544 5449 1174 8902 3049
7278 342 4745 11404 3309 417
7279 611 4022 1506 4638 5136 7336
7280 6673 1717 86 2988 2161
7281 11199 6292 10457 9625 4666 6294
7282 3877 5090 10352 7789 6679 1711 9890 2454 11405 10937 2424 5675 737 4142 2332
7283 2386 898 2112 1837 5193 3340 4310
7284 2890 10519 2243 10160 3928
7285 4841 10119 8440 819 4940
7286 338 343 10810 1363 10551 1742 6339 10071 1551 7857 1872
7287 367 1414 1359 1807 2504 5055 6840 173
7288 6768 438 3349 2209 662 799 5293 2111
7289 7778 7382 360 8251 2248 3502 5287 7641 3207 6290 2229
7290 1301 2190 5963 3536 3442 9914
7291 5607 5610 631 5700 2094 2574 9347
7292 7561 163 746 7994 9464 4575 4536 7802 5904 3711
7293 3704 99 3440 3442 3441 7301
7294 2914 9671 2915 8972 5722 2204 4369
7295 1599 3357 4864 7484 21
7296 2690 11406 1362 8526 1709
7297 2987 1928 2265 7539 7710 5609 8122 10094 8430 349 1745 6204 7689 1854 10790 1701 8385 3536
7298 374 2468 4716 4713 4371 306
7299 502 1382 1074 4776 954 955 2756 1651
7300 655 5433 486 5475 6620
7301 2863 4239 4761 6516 6445 8072 6801
7302 4023 6605 3047 7813 8300 1010
7303 5609 5744 143 7469 3631 758 4658 1452
7304 3366 5048 4821 109 7526 8626 8791
7305 325 4882 2778 1807 10272 318 5732 1883 598 128 753 10268
7306 10474 1857 845 4905 2704
7307 5529 4845 7007 3286 5257 6004 8971 896 5964 5829 3804 5765 886 1439 3053 257 290 8061 1047 983 1707 6440 1561 5013 4368 5993 1864
7308 1423 2196 8440 8094 8436 1303 6297 714 184 4404 4554 1493
7309 9996 5052 11156 949 3269
7310 8051 7087 9519 225 2329 2355
7311 6068 5597 5302 3009 9337
7312 6059 832 4000 2086 8622 6800 5719 5016 5652 5382 10498 8275
7313 2911 1731 5921 632 7468 1275
7314 2074 370 3601 5045 10907
7315 5752 4441 5217 2928 1526
7316 8702 374 3292 7737 1656 1761 5336
7317 1523 8101 308 703 1709 4808 3516
7318 4244 1756 10769 1201 4395 491 5723 1203
7319 6884 49 1165 3337 1613 3954 3955
7320 8468 632 2079 296 1572
7321 2982 3003 2624 8689 7532
7322 1549 584 8644 1772 7262 6223 1599 1032 3853 3131 2044 7000 2446 2236 2237 4950 7756 11382 1504 11326 3666 5131 4946 2441 7706 6190 2781 9241 1618
7323 105 4945 11049 10084 10157 1718 6560 122
7324 4752 4004 3527 1251 1810 11095
7325 261 4166 3618 1477 7640 4000 947 921 4296 1111 677 5800 3915 4161 4210 1858 689 283 994 4658 3697 9196 578 1650 6444 960 6110 4741 5938 511
7326 9705 139 5633 2294 5496 5516 4571
7327 10151 11207 4446 1339 8803
7328 6344 2766 2784 11137 1599 345 6925 1775 777 6345 2920 1803 6723 5242 8819 368 4298 4769 2928
7329 210 9402 1754 5678 1285 2909 658 9519 10992
7330 945 5619 6594 3101 947 4268 265 4049 682 5654 4731 1520
7331 1599 367 10000 1823 4482
7332 11407 9172 259 1066 917 3922 1069 502 442 3409 5404 5193 2248 3729 3101 3692 5187 1312 8142 6781 9009 5301 4878 6270 5986 2873 594 958 5933 4167
7333 6493 1584 9455 25 3391
7334 1977 1976 4106 1978 6763
7335 2324 19 4420 161 1334
7336 9555 11408 7928 9697 9696 7952 11409 6173
7337 11368 2242 2740 5298 6504 471 5612
7338 9213 8157 8921 1364 3519
7339 11161 2637 5513 7731 8059 2764 1861 6709 530 3164 1798
7340 632 4666 6292 1348 8327 2938
7341 2434 7766 3729 1518 2601 1242 1561
7342 5327 10602 2023 11208 8496 384 6670 2261 10004 894 2385 591 4130 7484 8495 2044 10056 6851 7343 6461
7343 1535 4402 3666 1678 9495 8797
7344 5196 3 1629 3171 4
7345 1108 1097 3181 4899 6320 591 9073 5912 2534 1148
7346 889 262 6057 3342 925 4506
7347 6471 2259 3463 3823 1594
7348 8312 2094 2199 934 935
7349 11237 1629 10291 4210 3858 2479
7350 3240 4483 9362 3735 1197
7351 99 5170 1701 5169 349 4463 10854
7352 2808 10609 4385 3287 1409
7353 1900 6727 79 394 3898 11387 1847 938 3480 3481 3482 2944 1171 1885
7354 9897 686 11084 9433 6157 9972 11327 1834 5967 5672 7802 11063
7355 10395 1460 3866 11410 9553 8646 46
7356 92 5348 143 2907 286 8606 81 1081 7628 79 966 2428 1321 1057 5063 5915 799 4410 6998 1905 4609 11220 4084 438 9463 867
7357 7055 11255 8319 7380 8320
7358 1599 9343 10458 1033 1709
7359 2907 369 290 11411 4750 84
7360 394 8397 148 2412 166
7361 99 5796 1701 812 3618 3922 2394 4046 5356 3846 6388 4771 9022 364 2399 5834
7362 2708 3368 2360 1496 5686 6698 4213 1345 2713 8432 3394 10762 6830 4777
7363 3236 6442 8604 933 3240 3496 211 7410 7676 414 2588 9658 4406 5685 11412 5047
7364 8263 198 6573 2446 6809
7365 898 1296 5701 609 2079 4200
7366 2723 6319 3579 7945 8471
7367 1087 8536 2861 2624 8236 6101 10577
7368 9261 10 3537 1331 5030
7369 6375 4461 9762 6374 1525
7370 6175 1012 4065 519 2448
7371 1644 3100 322 6591 443 6871 4776 9525 9115 9921 9531
7372 609 86 903 3343 3847
7373 1751 148 2717 884 8762
7374 3904 4722 6451 4724 4725 1891
7375 7560 1472 2586 6549 3944 2725 2594 7744 1763 6476 8485 352 9946 1676 7359
7376 1180 3085 11413 10418 6216 1731 9833
7377 379 11414 4649 5832 422 3688 626 4232 2127 919 204 676 1531 1532 1579 6782 8094 2132 4048 5167 1113 691 3928 1582 758 2136 2806 990 579 5022 4269 4273 6306 5020 2924 2752 6781 578 5021 5012 3932 1461 1870 1567 3105 989 987 3166 4050 3473 4074 9568 2144 1245 5935 9531 3714 7439
7378 240 5147 303 5963 6349 389 3442
7379 8365 770 7756 1591 10600 157
7380 9599 2997 1938 3025 8969 6297 1618
7381 6318 6767 1360 5574 9104 898
7382 6569 2332 3182 7073 1829
7383 7321 2280 6202 6255 9549 3025 8698 5231
7384 2206 9671 10103 8130 7404
7385 1002 2641 1392 2214 3034
7386 7569 6162 81 1307 2663 794 842 936 10024
7387 803 2502 3236 3858 7044
7388 10670 9556 8426 4927 4659
7389 2828 6300 6301 3718 9735
7390 102 632 6488 2856 6296 23
7391 6956 758 11415 3542 2108
7392 2717 3382 5045 4934 11416 11417
7393 2431 2044 3594 296 21
7394 3276 9372 1208 2044 2446 9072 11347
7395 9711 7550 3187 2603 568
7396 10626 624 5002 8441 3834
7397 8215 117 273 11089 2781 605 768 5345
7398 470 1637 374 1717 2446 9147 7096 6367 7178 6296
7399 11418 432 2640 3558 1313 1138
7400 166 5288 8684 3588 4656 4657 4973 690
7401 6861 4538 290 1409 11419 3365 1995 4106 5504 6101
7402 1301 99 9916 3705 11348 1891 2326 8801 9288 7057
7403 2779 11253 8419 10612 6195 4933 354 7879 7669 1332 1500 4079 785 1342 2664 4117 3997 1957 3295 1223
7404 5173 11135 6749 3592 5561
7405 8007 5661 9344 5117 2317 627 10676
7406 10915 10786 8506 10301 11352 10196 976 9686 114 2148
7407 2510 488 5448 261 141 8508 1301
7408 11420 1269 3034 1435 1197 3847
7409 5368 2116 379 3922 3444 5512 3923 3038 3688 3204 1965 2900 1896 6388 4399 3846 3203 5167 3588 4772 1872 7455 923 3930 6794 562 3697 4234 4777 3169 3473 1651 7626 6904 6110 4090 3883 6062 3425 10398
7410 808 4892 1285 5876 1752
7411 7832 11421 290 4750 1301
7412 9326 8293 448 128 1354
7413 8098 2216 10307 10450 11422
7414 10312 11423 2489 5675 4099
7415 3945 11097 7406 2710 10586 9173 11006 6231 771 10358 11025 3266 10142 3825 5348 3265 4511 4916
7416 1033 11424 3644 5482 8408
7417 260 1866 2431 3998 4262 5224 1509 2572 2396 1237 2923 6079 1565 426 3846 1316 3101 2692 4652 3915 4049 266 1519 5653 691 5012 4773 6781 4880 5380 1399 6904
7418 413 1862 7065 906 477 908 837
7419 8388 10215 10883 11287 7252 2193 1928
7420 3404 444 8046 6523 86 6208 9209 469 10184 5745 7460 7601 5649 7892 3504 4037 2019
7421 4033 11107 5606 1864 555 4313 909 5788
7422 4845 9684 5583 6838 2815
7423 9155 8324 1043 11253 3997 10909
7424 4857 3295 8486 714 7926
7425 722 666 3824 7719 2333
7426 2907 79 132 82 2458 799
7427 4461 4460 9762 6375 9758 3602
7428 6025 379 4165 4001 1965 6328 6247 682 5229 4775 4234 362 4168
7429 9538 1799 880 2643 4765
7430 477 1711 10678 6429 2482
7431 1500 4684 3161 5547 2114 4016 2699
7432 10574 9425 6023 1257 2449
7433 6908 446 1962 11425 11150 9332
7434 6822 2958 7100 9903 10865 10624
7435 53 2634 2635 10284 970 2728 8106
7436 582 3681 2620 6413 97 2911
7437 3007 1236 3084 563 7922
7438 8927 1123 374 9045 8146
7439 2911 2912 11077 7256 9500 2820 11335 2417 2230 8568 332 3593 11426 8579
7440 5894 6827 9870 7301 11348 3707 10381 8801 393 3973 3704 9265 4148 8091
7441 6939 4681 936 10377 2178 8702
7442 11038 11427 7516 9408 8335 2916
7443 6592 171 8994 252 1599 9855 9485 1705 2920 4562 3038 4311 831 1230
7444 7560 439 6054 244 7487
7445 2396 1070 8684 1518 680 956
7446 10547 547 10323 11390 536 4602 7358 542 544
7447 2474 5359 25 7093 1180
7448 4423 3752 4376 11284 1709 3704
7449 3526 2256 3314 3287 1560
7450 7651 7423 3349 5047 1017 909
7451 1132 5541 9 666 4312 1331 9286 5247 394 4658 9895
7452 2737 5590 118 400 286 54 1811 2044 4538 2023 3027 7296 3999 4588
7453 5723 3149 888 7062 5448 3336 4262 2432 7080 10855 2743 2169 7625 426 1380 1023 4655 8721 4271 9495 7626 1243
7454 338 11017 3147 6718 1742
7455 824 2834 2037 1691 618
7456 3404 4323 1909 2313 931
7457 1754 466 1816 2395 2126 10125 1691
7458 1716 6989 3854 10318 451 903 9085
7459 8933 4868 79 1342 870 3626
7460 850 10925 187 4512 1782 1853 10058 5273 8718 9843 2058 5993 7725 3189
7461 5668 4562 10984 8498 3034 1435 303 4570 11411 9167 9456 9466 1166 7931 2929 3841 7484 52 7234 6577
7462 1766 370 768 1415 9888 5222 443
7463 7638 6436 7637 2523 7608 11428 9465
7464 375 7553 203 1801 6644 4047 364 4300 9997 921 666
7465 11429 10748 1038 3374 11338
7466 10187 5778 11149 3831 8015 10820 7090 7372 11041 4521 11231 9756 1063 5787 8531 5034 5788
7467 38 598 4299 11430 5190
7468 8489 428 3351 5581 2915 5248
7469 794 667 5808 318 921 936 5965 11431 3957 1467 7021 9890 3104 2711 6157
7470 4511 7023 1731 552 714 8901 8165
7471 873 5171 1904 1635 7925
7472 2831 11225 77 6187 4082
7473 136 586 7086 1032 370
7474 4373 1718 5406 9898 6676
7475 1385 7499 1837 264 2069
7476 4906 6807 9294 10701 5254
7477 450 8555 651 394 3666 3085
7478 5069 11385 2272 7151 4489 2446 2226 9054 703
7479 7115 3933 9524 661 938 4189 1727
7480 9280 1375 9054 2544 1305 486 676 1531 3475 1963 3303 3509 5251 1256 3301 11380 3738 1798 5221 825 1976 2573 2267 718 8739 6270 2398 8543 3697 8544 2136 1180 394 723 4130 3342 5936
7481 1833 5372 1302 3036 9081 2683 11290 10738 5380 8130 5249 9717 851 4918 3887 6440 2058 5013
7482 3218 7646 1288 650 81 10035
7483 4750 3954 6145 715 3504
7484 3360 1401 10194 10944 845
7485 6054 1047 2158 8591 23 6175 4187 8092 4298 3073
7486 842 79 2502 933 3633
7487 1201 210 428 9072 9438
7488 1756 3062 658 2329 882 1460 1287
7489 1973 2574 5815 6765 3302 1975 3299
7490 4978 11432 4170 286 1076 8382 1880 5527 10685 7088
7491 5978 2939 1320 315 1576
7492 1164 715 666 85 1120 468
7493 11330 8795 2016 11066 6455
7494 10541 3801 781 3948 1357 8171 9709 3682 11264 354 1805 4836 2402 33 6535 783 9988 4854 10272 5207 11263 528 3090 5209 6470 11138 11433 10686 935 215 2311 9276 6437 4671 2467 8035 4433 1766 6880 1598 664 8810 10659 2665 290 8950 310 1536 6005 5798 4589 5673 8449 8551 3810 2072 7672 786 9564 10775 7449 9288 768 530 1172 2527 6474 5471 7211 5584
7495 11390 9860 547 10323 542
7496 3535 4390 7332 10564 9237 5859
7497 5202 8270 1435 7578 3034
7498 10918 5236 3564 11004 4975
7499 10397 866 845 753 5475
7500 675 9807 6627 5521 353 2815 5371 9176 4173 4262 3561 3434 358 4286 4314 6839 715 3228 8685 3613 269 4775 2752 5301 956 2072 5013 4279 4281
7501 82 3244 84 3611 6807 6617 5924 2947
7502 4319 3607 2767 3569 8098
7503 870 3633 5177 166 8416 7904
7504 5119 50 6391 3387 9584 11434 1110
7505 6671 8241 4251 448 7630 5763 11435 374 10135 5142 676 1690 1107 3050 97 4503 6540 8925 4198 10765 11431 2243 1475 1565 2516 65 5546 9028 4905 7554 6110
7506 715 8196 11436 248 9977 423 2926 3701
7507 11437 7319 11034 470 7191 1034
7508 226 6310 3229 2501 5126 2877 1775 4661
7509 934 967 3328 3158 9095 6705
7510 6423 8877 1682 9347 2650
7511 5264 9306 1057 2223 2851 9315 9354 666 1736 3367 3922 7619 3692 3689 6594 2131 3100 4079 4332 6101 3696 3146 1860 1112 1711 2939 3473 1496 9905
7512 2298 11438 651 5668 3498 264
7513 9447 1231 9015 4230 2044 4041 4738 259 8972 4231 4261 5521 9663 7434 4595 5822 5423 3405 2742 4314 5356 6839 1644 7987 3846 302 6388 1881 609 322 3730 2746 2132 3228 4048 6 5167 3731 3102 4161 3868 758 6290 6866 953 2873 283 3847 993 578 579 3586 1650 2144 284 4281 2879 2878 2880 2881
7514 4027 1882 7437 10886 7989
7515 3532 6789 2697 5597 1225 1163 4538 3131 5198 6206 6090
7516 11439 5544 187 8715 2971
7517 1194 969 366 4485 5610 8093
7518 4943 10887 3767 701 4633 7840 187 11182
7519 1293 7164 9421 2571 10132
7520 4401 6520 1058 326 3931
7521 2376 5632 1207 8098 2058
7522 7268 417 2598 3744 3670 272 552
7523 3655 11204 2294 264 2733
7524 1833 5691 5565 2292 1142 5215 9082 486 122
7525 1615 8683 7308 1879 5749
7526 9447 166 1717 10035 5575 99 4061 4463 8525 2624 3053
7527 1599 1766 5952 737 7406 1595
7528 1342 6787 2757 9527 1196 1557 572
7529 10262 11194 5327 2263 10910
7530 873 7667 1050 2584 7133
7531 1883 1884 4750 702 3583
7532 4887 5763 479 5098 9790
7533 11440 11430 508 8442 8445 6991
7534 2396 609 2079 9962 1023 1871 9568 4074
7535 2984 3995 2876 4837 3996
7536 350 10154 2790 912 4911 9001
7537 10455 520 7778 458 459
7538 9824 9823 10664 8795 10936 2302 5990 10399 9362 92 8797 9172 10826 9655 7092 281 11441
7539 1351 10590 132 1132 319
7540 8234 1665 8243 4567 8644 3328 1060 1033 5694 6685 4397 55 10855 3943 5598 8616 6791 2218 428
7541 9680 6513 11119 2258 8958 2001 2002 3608 1531 627 1196
7542 1107 3051 264 1092 3715 1109
7543 1283 5941 210 428 9820 10548
7544 481 1884 7432 784 312
7545 79 2637 210 1481 2491
7546 803 1529 210 2670 237 4624 807 3745 4925 3877 5546
7547 2453 2199 3 10022 7253 11112 3171 7508 2378 903
7548 3397 7579 4184 4927 7196
7549 1766 6976 394 4198 10765 1995 9988
7550 11075 10857 2915 4864 6413 11091 3453 3641
7551 4584 11442 6217 8088 3041
7552 5155 408 10257 726 8556 5359 1350
7553 7541 8979 8980 2844 10147
7554 1358 6396 303 2488 6198
7555 1639 6591 2645 3165 1872 5171 6904 3882
7556 6926 99 1609 8232 2557 296
7557 4563 844 5459 128 196
7558 196 10488 4816 2501 7696
7559 2485 10419 6670 6709 4130
7560 794 2000 799 7284 303
7561 1642 358 2343 6739 7435 922 3582 7552 714 4074
7562 1761 6057 1067 5007 423 3011 2171 2545 1014 8854 9254 2144
7563 7578 4840 4420 7880 8462
7564 92 2618 5571 90 4239 1172 3438 81 7284 7246 783 7640 10077 8908
7565 9741 7377 10063 2584 681
7566 2002 628 9331 2136 1
7567 3291 3164 3688 2171 4227 921 6594 2129 9093 3690 7641 3479 3697 2925 9009 2926 364 4337 9401 6061
7568 615 2308 876 7413 10934
7569 3794 9005 834 9006 835 7242
7570 2669 1766 2292 3337 755 702
7571 79 1188 6605 2005 2308 567 1811 8166 486 2916
7572 1276 7147 7151 4053 481
7573 2185 4726 5647 8505 3440 9381 4725 7424 9027 11268 2705 7426
7574 82 465 2224 3382 1607
7575 666 4182 6943 10851 8618 2859
7576 3061 1324 5675 7022 9681 3640 161 2993 1164 7971 664 1052
7577 8768 8776 10087 475 1554
7578 3764 9636 8325 9881 1807 10355 5220
7579 1676 3827 2431 3922 9805 8398 2394 2742 2740 3504 4045 1510 2436 6739 3340 3846 1380 3414 3692 5210 4768 1516 1461 2138 4278 5456 2139 364 6270 2140 955 740 853 2146
7580 7023 10113 10588 1273 5125 863 861 864 308 831 4023 8046 866 5958 134
7581 4549 10235 9407 5664 3098
7582 3780 4046 5322 7906 2248 6107
7583 9560 368 1800 4817 4 2504 1984 3269 486
7584 11419 11338 10664 7789 576 758
7585 8552 2715 782 6469 5488
7586 3871 1853 5672 185 4345 300 211 1718 772
7587 3605 899 10860 3283 3972 4424 8986 1891 6910 3979 10176 4443 9400
7588 2311 2 7603 552 4797
7589 3288 370 1292 2728 659 6554 2206
7590 11165 9776 5030 3544 10 1153
7591 8315 5794 785 1012 2200
7592 5324 4523 7524 8172 1503
7593 6209 1811 1732 9164 9621 11180 5565 3748 326 10299 700 2518 10177
7594 9677 11443 11444 10346 5300 768 5879 3790
7595 676 917 916 4398 2572 1067 3924 427 2584 7420 1238 7257 772 4770 7699 2756 1399 2145
7596 499 5375 272 7536 2740 1014 3112 3692 1309 3011 1073 1580 1858 3041 2499 1582 2806 1871 364 924 1651 2928 510 1243 3043 3422
7597 2797 3162 6602 5792 7630 2388 3250 5925 9641 1196 986 839
7598 6928 1843 1249 661 325 3466 1583 5826
7599 401 8366 2378 11445 8470 3193 10954
7600 7867 48 6941 10814 4884
7601 800 1566 1111 4655 3103 8849 2147 10606
7602 9502 8367 3264 448 6422 8877
7603 6382 6433 5543 10963 7537
7604 371 4865 7269 1903 2482 2094 6854 3257
7605 5253 10699 5255 4449 6136
7606 4452 5422 3070 9024 10861 7462
7607 10208 2164 11367 2558 5681 50 1792 5565 1725 7706
7608 2619 3607 4754 10990 4886 5809 4546
7609 6867 3406 11446 3113 3111
7610 2942 4783 6569 4814 11447 8088
7611 8222 4368 4906 6738 2098
7612 10280 576 4824 5001 829
7613 633 6466 3472 7107 8703 6554 799
7614 428 79 11448 799 9080
7615 5186 8710 3364 2700 9028 6440
7616 5876 9903 3800 10924 1472 2768 7991 4587 2346
7617 846 4912 4386 318 84
7618 225 9820 1879 3620 3618 2433 937 157 8967 2130 425 5210
7619 10287 1829 669 5434 2152
7620 517 406 6937 3486 2524 6290 7295
7621 5260 166 1443 737 3563 7000
7622 3791 10947 4312 1092 1107 65 733 10953 2088 1841 8211 9980 3832 5948 3939 9717 2595
7623 846 1355 6890 9977 8729 5373 6928 4466 6892 9167 8816 1225 9946 6508 6459 842 2518 10528 6746 10388 5144 893 3289 1723 2460 9809 9565 3936 11449 7987 2586 485 1080 2255 7669 10757 2655 6425 408 1560
7624 9690 1523 1375 5475 2341 1575 3708 9398 3205 4947 10662 10996 9375 308
7625 2581 3481 1274 9405 3457
7626 1357 9597 4117 1617 6011 1710
7627 11237 5449 4240 9580 6652 20 5093 11182
7628 1293 2790 10423 7885 8457 1939 728 4036 394 8525 7262 955 4123 2583
7629 4120 1776 169 4121 529
7630 138 1309 499 6266 1237 7307 592 10498 9401 6249
7631 561 4384 8390 5901 3374 4398
7632 1756 842 658 1947 645 210 6588
7633 3451 10395 192 3269 5732
7634 3629 8832 717 5045 11450
7635 2559 2097 11391 10773 4043
7636 92 5943 5688 9459 1811 139 1018
7637 883 3382 1886 6484 8196
7638 525 8145 8364 8146 9196 8210 11451 6259
7639 9722 4287 7094 3409 2469 281 2388
7640 1442 9732 5202 5577 3996 7925 9322 2628 11264 2581 1635 3564
7641 3733 1607 2377 11420 3492
7642 3653 3788 11452 5948 11453 7554 2828 6529
7643 10962 8650 6120 336 4987
7644 8230 1963 8229 7479 11454
7645 15 17 8968 1264 2855 6039
7646 9934 8803 1375 2157 3181
7647 6609 1032 4585 5052 1033
7648 3278 1936 2502 2238 9774 2832 3398 1012 5952 737 6411 8753 9634 9094
7649 3132 10741 5586 6633 5069 4053
7650 10322 10940 9860 4756 9875
7651 499 1068 3111 1070 1310 7536 3011 7383 5404 1073 6431
7652 9237 8280 8284 10819 9169 1933
7653 7208 8981 7207 4748 2052 710 1261 5408 379 691 7294
7654 9521 10587 11104 6964 9680 4758
7655 933 5121 2621 9365 3306
7656 1182 1186 5475 8598 7305 583
7657 6923 1792 1018 7831 2259
7658 3764 1337 1433 5383 1418 7280 162 1464 379 3507 6880
7659 1748 2458 1613 2387 6884 48 4297 1792 5119 4456 6941 6510 6593 791 10813
7660 9414 7408 4142 11203 2064 4483 9966 3953
7661 6976 4272 172 9321 7714 3119 3228
7662 4502 1883 1884 3520 5691 10118 1345
7663 1842 10416 148 6442 1725 2248 3845 8577
7664 2659 7748 6362 8696 11147
7665 10296 6416 2048 3700 7706
7666 105 377 1032 5475 3250 292 3351
7667 221 808 2641 1285 842 2909 882 3680 1284 11455 428
7668 7084 3683 496 1310 5171
7669 4332 2168 4259 419 435 2126 3924 2343 4232 423 1510 3408 427 2132 4227 8684 1113 10498 2699 579 5301 5104 4881 4282
7670 1301 4942 4443 7599 6827 8091
7671 754 7483 11046 446 4465 11456 3360 2489
7672 308 1611 3196 89 8138 10879 2098 8101
7673 710 4332 6025 519 8853 9805 8409 8360 5365 1238 3667 3731
7674 7726 8694 127 8337 4537 1725 2479 6442 3877
7675 8888 413 7188 8334 7252 2238 9734 3727 7871 758 1196 4919
7676 600 2563 3546 6476 2111 3956 530 7416 11457
7677 8652 1999 7404 2969 1637 3917 11446 5511
7678 803 2637 466 2715 7199
7679 1330 11458 10985 4641 7535 4483
7680 9056 2395 5066 7812 5006 358 1067 331 1069 1014 2343 1071 3846 500 2746 592 4653 2754 4281
7681 1392 11459 3147 7093 11460
7682 3312 6209 1802 2645 407 1726 155
7683 856 11458 6917 5223 11461 4641 8454 10471 4640 40 7064 1582 8919 2469
7684 3173 5346 9462 9464 5694 77
7685 10039 846 4289 10175 327 5202 1689
7686 2732 4244 4870 221 2273 3132 7665 131 10914 10230
7687 1680 5434 707 705 1681 6777 8792 1682 5280 1708
7688 9280 1159 4045 4227 1014 3925 10153 8114 2925
7689 4750 5680 9037 2481 5601
7690 351 1052 11074 6940 5837 10158 785 2562 703 6815 828 3412 2435 464 7367 3414 9274
7691 946 7854 5193 6740 6261
7692 2505 3580 7257 1923 2309 281 2138 2139 2140 2755 5720
7693 2655 4158 1979 6243 8168
7694 11029 6692 2189 3253 8385 2326 3963 3254
7695 11302 2544 3594 11280 5088 2427 2911 520 8772 8994 5656 562 3010
7696 7356 10974 1151 1152 8561 11462
7697 7605 9791 2385 10998 9946 7093 5218 4561
7698 3959 4421 6183 8487 5539
7699 5215 2363 6897 10610 7866
7700 343 1742 6104 3995 10470 2591
7701 746 9434 8716 6385 2803 2804
7702 1999 5136 6678 4826 3954 3955
7703 2505 6727 2830 1132 1413
7704 4027 525 99 8322 2953 5752
7705 8598 7676 2671 3198 400 666 6425
7706 8920 530 598 4483 2034
7707 2715 11463 1523 5013 8945
7708 1198 932 9360 846 1479
7709 231 9622 1857 591 4689 3481
7710 5677 934 10871 528 167 169 1599 3354
7711 1175 1176 7557 7556 5734 5736
7712 6464 1000 5766 1564 3951 2125 3688 918 1532 2128 427 920 5322 758 6 1556 1238 5931 3926 3206 7851 178 7415 691 1113 2136 9332 2982 9331 6290 7699 1388 6825 3419 988 2924 5017 2926 991 993 1461 992 6794 8686 3207 1567 3931 5012 2752 3932 6682 1870 1582 9059 4106 5834 4338 8007 618 3063 3430
7713 1634 92 6420 11238 4411 9074 276
7714 7259 8825 131 221 808 2654 4134 8265 10715 9973
7715 10243 8062 3065 1940 3441 1526 4443
7716 5918 6463 9056 5459 5241 2993 2994 3006 3837 7971
7717 3460 780 2933 7120 4731
7718 1233 2429 2121 3557 1073 6261 2751
7719 4314 920 8622 10995 8686 2924 10726
7720 5073 1355 1188 11134 752 448 7587 8860 1800 6433
7721 5124 128 4237 3003 1903 2710 3258 244 374 1824
7722 7517 5081 10853 2077 6015 1677 350 11464 3121 3837 7097
7723 2232 6657 7222 8549 11413 3027 572
7724 11059 6104 5647 2185 4082 8505 4950 5870 6685 4421 1146 4443
7725 6671 9937 10747 228 222 7820 4058 4943 11436 3525 11465 3619 1787 4987 10614 7959 1400 6061 5014 9109
7726 871 5691 173 4406 8432 3567 4777
7727 2503 4485 2225 290 1409 1197
7728 8279 10817 8284 10293 554
7729 8162 139 5814 3001 2798
7730 3305 1726 3323 1812 4299
7731 3796 1677 2268 4689 472
7732 1481 794 1529 2502 7483 784 788 128 692 1414 2762 2740 5431 632 661 2615 440
7733 8701 1599 8537 4243 2590 11466 3028 9226 4906 3681 2588 10299 8094 2563 11287 3852 11070 3131 407 1900 3589 8718 6440 8314 8790 3761 3726 866 11441 7078 2471 11467 4918 8676
7734 3496 1544 6330 5475 3498
7735 3182 2482 2088 7260 5599 6674 1452 3817 11195 1420 4664 9558
7736 2062 3705 2180 3753 3963 11252 3984 2684 5893 10981 4426 1765 11029 3968 5646 4463 3704 2189 8562
7737 4702 8928 11062 5961 8124 5089 3897 6809 6318 6765 421 7806 122 7513 530 9426 5132 1056 5489 6926 11468 4191 1429 10420 5121 6344 8688 5779 9018 517 798 938 4339 903 10352 11469 3008 3596 3615 627 4073 2454 11470 672 2165 2868 3725 10112 670 10941 7070 10276 8213 2627 8867
7738 342 5081 2380 2154 703 1940
7739 8903 1943 6726 3589 615 825 2229
7740 2015 3356 5560 6262 9181 1297 742 1210 772
7741 3634 6178 7431 10435 614
7742 3160 7211 921 7628 3360 5120 4023 2348 374 4626 10088 4958
7743 148 7665 1886 2503 1283
7744 1701 1609 891 6738 3922 8181 3579 2740 3688 1265 2282 3100 6724 2545 3695 1776 715 1312 1369 1249 924 1912 6307 510 5103 5935 6062 5014
7745 7871 3450 7652 5714 5715
7746 7540 7861 2840 2843 2841 2842 2844 2845 6357 11333
7747 2530 5217 1499 55 2651 10149 5013 621 4951 5279 4082 5434 10556 2374 10286
7748 1343 6666 9148 6690 3666
7749 7464 1525 3018 4440 4441 11471
7750 6748 11227 11411 2025 2105
7751 4216 795 2619 4004 6195 4125 7655 9565 5924
7752 10162 415 11232 1181 2867 6690 2394 2433 4262 3924 422 2397 3692 9197 4740 3112 260 5752 1868 4081 772 7989 4051 954 955 3711 4281 4400 9497 3424
7753 2907 79 3323 81 1881 6950 3830 10377
7754 6353 913 6016 5189 2057 11110 185 76 5867
7755 9719 11021 6853 6495 9358 10568 3005 2800 5835 2664 3004 3006 5595 11472
7756 86 1723 3533 4832 10007 5878
7757 7842 10665 7495 3508 10690 3643 22
7758 772 6440 691 621 21
7759 4587 4435 11303 1526 2961
7760 2739 10857 7341 6107 6247 6110
7761 8223 1345 6159 2713 6699 529 6801
7762 2460 11067 341 1295 7220 768 354 5808 3507
7763 5809 8479 9779 7010 7630 1826 3379 8646
7764 2451 4562 6459 3131 1765
7765 3442 3254 99 3705 7302
7766 10931 495 7673 3556 3406 1581
7767 1287 3288 3630 699 2805 2728 517 10964 1867
7768 4642 444 4868 10928 227 11191
7769 3170 325 3653 5967 640
7770 163 9528 8246 9950 1344 2212 3866
7771 211 932 4023 244 9549
7772 10047 3651 4134 6491 11473 3784 1098 11204 2044
7773 4862 2673 662 11474 10569 166 6798
7774 8385 4463 2013 4430 9846 6911 3973 899 2180 8801 6455
7775 2316 290 2229 51 7712 6798
7776 530 7272 2292 688 3354
7777 5439 189 11475 6998 2865 1832 8253 7394 6850 1260 1357 2920 1224 9575 1776
7778 2785 5696 11476 1878 8085 5065
7779 261 1235 3205 3410 3343
7780 7023 3182 9033 6158 2332
7781 435 3866 6406 846 5326
7782 92 6605 82 9728 1583 9842 947 2204
7783 8277 10441 7953 11477 6906 10215 6085 6086 4155 3481 3597 3598 3482 2262 4819 8906 9698 4508 9064 11478 4842 7949 7951 11377 5035 10753 11479 8512 5860 3538 9240 12 7943 8027 6426 10949 3537 10816 2166 11480 11 6173 7935 9699 8292 2352 559 8533 5785 8282 6087
7784 3683 3202 5009 796 20 6933 1518 952 5387 5935
7785 504 3339 3505 9072 508
7786 1782 105 10812 6944 488
7787 11253 5362 2945 666 5049 5569 2862 5433 3215 2161 3016 3310 10609 698
7788 874 9506 5211 9703 11194
7789 517 4241 1407 5675 5676 6807 935
7790 1032 3188 7345 261 1857 2905
7791 9797 9629 4819 8906 4128 459
7792 8357 11481 2010 9347 1497
7793 3163 3606 85 3801 1918 4222 785 3809
7794 8177 105 9127 11128 1811
7795 4101 1273 5496 1726 4300
7796 4747 1530 5842 459 354
7797 11482 1954 2702 2254 6229 2692 3679 276
7798 736 3337 9190 7987 796 1881 426 1511 6571 1965 5009 10905 3690 11483 4299 2479 2204 6027 443 1521 5106 7852 1912 4890 3473 3698 6904 6269
7799 417 2311 4517 9034 10988 10576 3502 9952
7800 2800 1363 3218 7597 3455 1782 8104 7784
7801 8038 2853 2600 9876 6691
7802 10751 8738 10735 9803 9833 7551 2048 11484 1951 6141 3786 7648 3794 1965 1316 1896 911 910 836
7803 3135 3054 1166 1482 1168
7804 300 2919 4378 7624 2052 9010 2286 1613
7805 1460 11156 8507 6674 2449
7806 976 379 4749 11325 10427 7901 2122 1676 2506 3827 917 5224 2433 7382 1406 4045 452 1248 3408 8622 1316 5322 2923 3729 5167 2748 3102 4772 952 3165 1521 364 7310 3343 3349 2469 3473 4400 3043 5935
7807 10049 2165 670 8058 604 4811 8358
7808 8538 9301 5639 2425 7154 1718 5550 6713 1979 3590
7809 699 862 5955 9783 6408 1960
7810 92 1802 3280 441 7587 11368 6404 4140
7811 10062 1531 672 10407 341
7812 1375 5760 610 3666 5563 1146
7813 7387 9522 978 10941 5781
7814 8302 4856 7562 2698 7656 1366 800 1992 672 670 2454 8221
7815 1140 122 1617 6690 4672 715 4880 5574 6499 11485 1001 1718 841 8787
7816 10367 303 10512 11429 1879 388 389 390
7817 1510 6936 281 10637 3042
7818 5081 99 4104 2572 2162 7199
7819 2598 10175 3611 8420 7413
7820 4950 1302 9435 4239 1060 8484 4567 5581 4904 7442 4213 133 1718 155 921 2478 2458 1799 210 721 1529 9629 82 723 7965 5113 4440 4441 10149 1764 1500 2316 6233 7574 2313
7821 351 39 1032 10267 10774
7822 1339 4149 8909 4142 81 9125
7823 10517 3349 8736 3741 794 8970 446 4239 3226 1171
7824 7662 3715 2658 4901 72 9554 5217 4572
7825 4024 10558 9232 2873 4776 122 240 7053 1244 303
7826 5680 5063 448 50 827 3565
7827 3181 5225 5226 7747 6077 251 2560 1356
7828 4687 860 861 863 4209
7829 4183 9 4768 8913 10952
7830 676 1867 495 916 5009 7987 4502 1510 1477 1514 947 8622 8183 951 5800 2111 6027 2229 3207 2699 3342 6750 578 6820 3421 510 1055 4076 926
7831 1375 860 864 868 444 334 3666 6380 609 9745 3667
7832 4099 326 5292 5631 2584
7833 5975 6890 9509 1957 1601 3181 2725 118
7834 2815 5006 500 9666 4089 5653 5289
7835 9375 5177 4684 3120 2 2651 6578
7836 5362 177 1532 11393 7512
7837 6836 1422 1423 69 2828 7461
7838 1002 932 8647 4244 7592
7839 11237 8296 8405 9384 1060 1607 8045 1184 565
7840 5170 3745 6363 2518 7802 3021 10591 1046 6723 3498
7841 6784 2562 4392 4390 741 1709
7842 1001 5196 5565 381 7345 4
7843 7267 81 8908 1548 1189 1867 3579 2160 7570 659 262 7363 8470 1477 3728 4502 97 2923 5322 1060 800 2692 5651 6949 5377 922 691 988 718 6417 5570 3711 4167 1912 6444 3422 6418 11486 3425 10534 7440
7844 10780 9173 6825 1647 2361
7845 2725 1500 3214 1360 893
7846 7331 9133 4817 11487 5754
7847 1437 1835 1415 2132 577
7848 9260 1917 1782 6125 9101
7849 1201 221 1198 6748 409 4027 3137 5064 8051 2502 11488 4221 11202 5890 3601 9886 715 1001 1705 6247 1005 4582 6870 1653
7850 11107 7245 104 6271 8281 11489 7845 9778 1116 4755 9975 9776 10413 10188 9847 9848 1115 6124 11490 8378 4795 11491 979 11108 11492 11493 6278 9777 9139 8379 5182 1931 10254 10411 984 8380 6274 9338 10428 10935 8892 10412 3201 3116 3037 8248 5360 107 9857 420 6272 8990 8576 112 4043 9858 109 108 4757 7526 4756 10298 9874 6273 6275 10942 9876 6531 8741 110 7358 7822 11226 6364 11394 10186 3544 11494 9877 6082 9714 9878 9713 4809 4810 9715 535 538 540 543 9283 10322 9859 10940 111 8742 11495 1935 10239 539 547 536 10941 9860 11390 10943 541 4051 996
7851 10791 1796 1583 5762 6346
7852 3694 7316 6459 1596 3933 10306 8978
7853 3547 9508 2807 125 7750
7854 783 7911 2796 4865 1078 3194 448
7855 1175 1176 10148 5736 7558 5735
7856 2475 5385 11496 11145 9010 9918 2403 928 4670 10426
7857 918 6101 5106 6750 1650 4283 511
7858 7434 4263 5008 3113 1380 3916
7859 8086 7063 1523 11497 8921
7860 1970 4140 2969 667 7676 105 2689 5698
7861 1196 778 5812 11198 5113 2821
7862 7722 7723 7724 5855 11131 10227 4600 5856
7863 10339 11498 8590 4987 10169 8649
7864 7430 25 9846 5149 983 10072
7865 7260 10357 7768 3951 10676
7866 7660 11499 226 1408 7255 938
7867 8529 3685 3921 2086 2171 2131
7868 5403 1613 9556 18 361 3079
7869 3541 1289 5155 9435 2067 7193 7195
7870 8889 6281 8556 4906 408 1161 2950 3268 11500 4529 10563 2343
7871 4728 5847 3619 4263 5523 3409 7625 8972 6388 260 3560 2053 1581 4270 3479
7872 8277 7 5859 8279 8280 9368
7873 124 287 11445 5092 11015 5374
7874 7484 3074 184 2968 2419 11192 4441
7875 5718 5249 98 2418 1614 2641 7311 8139 4778 4485 8540 5169 3095 7352 3633
7876 2540 560 2838 6191 954 742 9175 10776 2290 2529 4431
7877 930 1709 703 3241 1524
7878 6607 1360 2446 7000 5248
7879 804 8202 6131 9508 4416
7880 3449 7319 3090 3091 10782 374 311 2691 4731 10581
7881 4452 1513 9650 3148 8870 9080
7882 9827 1002 2790 5888 4776
7883 5414 5051 9655 632 10826
7884 882 4279 4511 5812 9049
7885 2563 6248 9672 444 2332 3182
7886 1260 2915 9855 1523 2134
7887 126 9990 755 8048 912 8204 1710
7888 1877 6738 1301 2323 3704
7889 8454 6956 4025 2877 4313
7890 3925 20 3580 2225 3221 948 322 4000 7214 309 4112 7871 313 3588 2111 1519 9075 281 11501 3207 2926 1595 9014 8854 2136 4338 4108 3043 510 4741 6751 11486 511
7891 3293 3219 1471 770 3328 9691 21
7892 530 661 2160 3268 1607 2377 9662 846 92 2922 486 7304
7893 11388 3302 1975 11502 7168
7894 3061 5094 5300 5048 4140 3787 4979 2815 9333
7895 432 1636 3929 6921 2216 7305
7896 3447 2178 6165 9282 1097
7897 465 2636 5723 6042 1201 808
7898 3523 3991 11503 9594 7795
7899 310 1500 168 9192 443 3468
7900 920 82 905 1603 10788 9332 758 11504 11505 3070 5922 800 9284 2136 10880
7901 7499 6014 10584 3353 4265 2188
7902 2637 5639 6564 11160 11476 1723 2961 11445 10007 3550 7688 4231 2741 186
7903 10249 1956 481 517 5506 1774 3194 5042 1883 4844
7904 1267 651 652 7099 1012 11083 8999 1844 2697 10846 1703
7905 5921 5762 10829 11506 8557 381 417 8447
7906 343 4145 1307 11380 367 6181 7000 5248
7907 3094 132 2503 9852 3331 1630
7908 5063 4294 11423 1766 9384 4040 5628 4884 1006 583 666
7909 254 1018 4332 2896 5010
7910 1766 6248 7620 5530 11507
7911 370 3328 9637 970 3843 2294 11508 4286 1167 8921 932 6313 8383 936 602 2161
7912 6996 2468 2086 9373 4975 8069 1595 785
7913 2294 3173 11121 412 9294 7411 1060
7914 876 1060 6333 6345 6313 1287 1629
7915 2409 6179 8852 10902 4940 5056 949 1204
7916 2742 302 7417 2871 5301 3168 1651 740 9497
7917 2210 4470 3631 1113 4861 3274 444 10192 3725 5222 4172 1057 1657 576 3864 9036 911
7918 7022 846 252 5582 3947 3256 3331 4782 3337 2594 8782
7919 5260 2666 388 10367 3993 4622
7920 777 338 1032 2197 3666 1888 1706 3611
7921 2670 7260 1940 703 974 8102 7228 1435 1032
7922 2655 1223 11509 5022 8948
7923 803 9125 1629 3090 149 9193
7924 6254 1527 4294 6071 4555 11227 10312 5561 1871 8184 8634 325 11510 4179 4194 8729
7925 9149 3622 1640 259 1511 302 9655
7926 9349 2640 11511 5590 6104 7624
7927 6363 3668 7330 10084 1985
7928 932 465 8538 428 139 1989 4733
7929 2194 7666 4036 11442 1980 1653
7930 2116 675 4334 945 1074
7931 3211 6880 207 666 795 846 8942
7932 1599 1032 1272 2290 4431 7930
7933 5700 6944 6673 5442 333
7934 3054 5122 6885 3891 11512 1599 25 7547 1046 6930 7647
7935 2963 3581 9729 1512 2205
7936 665 3181 1185 370 1078 9509 10515 3257 843
7937 4406 827 753 4388 1918 9116
7938 4816 3305 8402 781 9882 1196 758 2838 5990 335
7939 308 2096 8138 2100 2151 2097 7955 5481 1146 8103 6598
7940 10352 7789 6071 4884 11513 2199 1408 6933 6157 1079 5093 5129
7941 4836 2735 8577 10468 3244 2159 5293 533
7942 444 3666 10989 1485 10603
7943 7571 1259 832 2806 10913 21 1493 11036
7944 2074 519 2001 4555 8729 6890 5196 1446 7103 2448 1555 10529 9576 4233 8836 3923 9851 7862 4001 4046 626 4399 2127 423 7403 7014 11230 2132 5564 1242 3419 7900 4506 3473 2881 284 1574 2144 6061 2145
7945 1766 1767 4141 338 2157
7946 142 2395 705 1164 4243 4529 6079 2177 1108 304 4935 4907 5558
7947 9441 2529 8082 7243 9018
7948 10548 3801 8730 1817 5519 2413 1138 9623 3873 7904 7189 3715 1109 4902 3914 11037 13 9735 2534 2828 14 7463 11514
7949 11154 11399 11515 6773 7915 11507 1028 1983 5051
7950 600 2482 9104 9798 2529 10209 2530 10386 628
7951 4489 210 318 81 440
7952 2819 6427 6620 2685 10134
7953 7615 10761 7616 131 8645 2271 7147 932 1201 5388 1815 478
7954 146 5306 1428 5054 1252 3877
7955 665 10145 4938 4733 2598 777 197 10845
7956 215 9883 1478 865 9464 867 1534 1549 2254 9376 779
7957 1349 11128 3279 1452 11516 11517
7958 3527 1802 2132 1196 1109
7959 5913 5013 11518 22 10669
7960 3465 3938 5726 10217 5281 2654 763 5862 2442 650 9717 9074 5022
7961 1796 1989 3449 8908 4624
7962 5114 7216 1418 7280 3436
7963 11279 4779 1292 8540 10342 350 2790
7964 481 432 8730 5348 2308 468
7965 514 1304 5066 4043 1564 1643 357 1317 6936 3040 3729 5100 7733 1242 1113 4279 998 4077
7966 2696 273 2993 9347 3247
7967 632 81 11470 1113 7632
7968 2194 5202 828 5701 4579 10215 11046 10883 8322
7969 370 1970 5672 6413 7802
7970 3287 1808 5672 341 10784 6438
7971 6240 1375 11519 11199 3642
7972 1523 7067 2907 79 2097 2923 2221
7973 8122 6319 2497 6590 2446 6670
7974 872 1001 5196 3 4240
7975 2741 7039 10365 5325 2604
7976 6548 8068 3077 2189 2190 8562 3965 10617 8563 4464
7977 438 318 5584 6905 4935
7978 9419 3357 2538 10602 5547
7979 2519 975 858 8134 4513 9321 6364
7980 5565 942 1833 11520 9335
7981 55 2446 4479 7417 2399 4880
7982 8664 3736 354 1807 1133 3211 46
7983 294 5846 5848 5850 5849 2966 2037
7984 8895 8838 7799 6413 2600 10027 1702 1231 99 2316 8023
7985 1204 10021 3865 3890 8282 729 2079
7986 6579 2661 6755 5514 9056 8643
7987 438 936 327 326 84
7988 9299 5047 2584 915 508
7989 1681 1683 8355 8603 8547
7990 6555 10811 10998 7464 8027 1123 3045
7991 9649 885 105 5352 10626 166 1329 3329 400 11218 2205
7992 4816 1289 2446 4815 1360 2528 9826 1154 3374 5254 3280 4264 3234 5992 10391
7993 122 99 2895 3666 9058 1140 799
7994 1941 4900 911 906 7426 6461
7995 2721 1180 8334 4957 10356 5543
7996 634 8276 1772 10353 6612 1702
7997 1431 7844 4668 5857 303
7998 8450 11521 8345 2664 3076
7999 692 9476 8104 6440 308 4391
8000 6964 9166 8907 10611 10897
8001 3630 7972 5046 7708 8207
8002 11522 1742 5458 3949 9795 5550 2566 11523 2087 2238
8003 1292 2656 5563 9956 7886
8004 972 2391 846 9097 5346 6844
8005 660 3809 10203 10923 1758 469
8006 9487 3015 3225 7127 6209 1710
8007 11511 4945 1032 523 341 7486 1537 187 1375 6828 368 709 2571 2544
8008 417 7790 2867 3636 355 2745 2125 6266 424 10675 1060 7446 503 626 5651 1923 5800 162 2111 6780 9022 3103 5450 5570 2141 2399
8009 5509 291 10130 2901 6209
8010 1545 1204 2591 10462 459 1515 2265 11158 260 7821 105 1772 2800 5574 3007
8011 6806 4851 5648 318 1801 486
8012 792 29 2789 720 438 4345
8013 1180 11151 3245 7832 779 2553 2554
8014 3496 2404 1941 4530 6059
8015 11524 2957 2961 8451 2664 10770 8452 10771 11396 890 1631 9594 3630 335 10622 9570 3004 11488 10566 11202 11521 7682 2999 3495 6563 6668 3701
8016 4750 5745 4239 1925 938
8017 7950 11480 11149 8010 1784 7939 1933 6426 10835
8018 7762 374 379 2 1013
8019 9957 2225 2850 4040 81 6603 5569 3159 655 2094 2934 169 2248 9763 5922 9636 1418 6897 1583 3134 207 4483
8020 7052 11395 3961 4780 4840 10979
8021 11525 8731 4911 144 7527
8022 7221 4454 19 4903 5892
8023 1970 1903 2501 4595 968 5564
8024 3163 354 2518 7577 155 3489
8025 4332 609 4524 1611 7076 3188 2986 1688 4154 11017 3454 10557
8026 7552 3978 4420 6911 3975
8027 6397 2084 8535 1796 486 1364 5939
8028 1780 9533 4087 4031 9324 3541 11021 7829 2041 7794 7944 2650 6818 10167
8029 10124 1305 6114 105 5993
8030 11523 6996 5186 5187 2238 6142
8031 2412 1154 8917 8833 3377 7428
8032 854 947 10886 7631 1469 846
8033 399 2311 2312 2341 3310 9585 3820 203
8034 6037 79 2482 3392 3498
8035 8102 10682 1709 5989 1682 1683 1316 10287
8036 10991 2981 9315 329 6555 3333 1775 331 4974 417 7810 7765 9190 2926 2905 7922
8037 8908 1802 3527 1289 3569
8038 3153 3209 2502 9831 3942 3215 468 4784 1998 7921 6625 196 11283 3255 666 6299 11315
8039 7299 7576 1435 11348 7465 8495 10862 6916 8083 5238
8040 432 3124 8725 8816 671 4555 4222
8041 5482 3233 5481 7096 8407 4407
8042 7448 8471 9553 6223 1371
8043 1995 3569 6617 1502 1811
8044 5398 7083 8972 496 6079 9141 7814 3915 6101 4161 1923 4910 8685 144 6417 5018 4050 3932 4879 990 991 5021 2752 5012 5020 1461 3847 5019 988 1567 4003 989 2484 997
8045 81 6605 530 3326 552
8046 7294 8955 4028 11311 4539
8047 1244 7256 10153 304 1001 2911
8048 10144 6105 1308 676 3998 5976 424 2923 272 2127 5193 748 1517 592 4769 3915 9066 2749 2751 1242 3584 7846 2873 303 10544
8049 5984 3999 2483 486 161
8050 10734 7168 3062 9829 9452 11526 11410 10758 2818
8051 5628 8809 2510 654 6606 2759 438 4299 11082
8052 11487 6534 2765 432 6513 11119 11527 11528 4258 2066 2258 9623
8053 4487 6128 9449 1060 6761 3244
8054 10982 9733 11478 2905 9925
8055 3215 8025 6769 112 60 8088 6648 3481
8056 730 1104 1094 10198 244 2482 1465 6464 572 5323 10223 3735 10593 3454
8057 10662 1537 791 7425 3891 594
8058 15 8846 17 4117 6732 353 2433 6710 21
8059 8422 2003 3048 2070 3900
8060 8293 6690 11529 6134 1360
8061 3801 2311 9608 338 1223 11264 5852 4700
8062 1260 2431 4031 1312 4270 3847 1572 5068 4234
8063 2937 1358 1772 4948 5624 5743 21
8064 968 6217 6326 7241 8608 10429
8065 938 770 90 9384 7235 3853 1726 1599 326
8066 4066 1292 4817 61 11406 3891 7240 306
8067 3523 3444 5408 144 6369
8068 4513 1305 4841 728 6986 2727
8069 105 25 1496 7093 2260 3086
8070 11530 7945 9347 8126 3021 10225
8071 803 5153 2510 412 5337 7441 8366 10565 7457 3054 5082 8306 10022 486 2299 4926
8072 10288 1456 7648 389 5130 303
8073 5444 831 6004 7840 7600 2919
8074 974 11178 252 6660 5849 4857 5826
8075 9234 20 7272 3845 9466 1776 9706 1 5880 9453 8493
8076 7683 394 5949 11051 2218 3791
8077 3230 11531 11440 4198 6422 2004
8078 2240 7467 10621 10356 3135 2919 1184 3368
8079 214 4511 7452 7714 2048 5992 4529 8836 5124
8080 8330 4463 240 4426 3707
8081 3977 5893 4781 10979 4780 3975 1701 1926 11096
8082 9279 8454 410 10103 8303 10318 10330 44 6411
8083 9411 394 7180 2017 7840 5125
8084 11060 11494 11532 4688 12
8085 1272 11533 2956 1478 2861 10374 1372 428 9801 11534 11535 4691 4388 8802 9670
8086 4929 3336 116 3409 2287 6740 958 3586 3425
8087 8030 8382 8702 10664 2631 4688 9243 4512
8088 2125 1477 921 6933 3165 2398 9022 1567 8361
8089 794 10019 5235 1468 5318
8090 5076 4482 1698 2004 4142 2544
8091 1170 1835 10755 154 2621 3392 7601
8092 1156 2258 3498 10650 338
8093 9733 350 4864 417 1386 5026 4078
8094 1705 9398 2044 2562 4584 785 602 77 374 335
8095 11141 9221 11536 7588 7277 6039 11537 10450 6400 56 3999 4931 9553 1397 6211
8096 1249 3343 533 364 683
8097 5677 1947 7213 210 2348 5010
8098 11538 4156 7632 1808 4446 2143 9971 152 3758 1164
8099 2311 1781 11038 4323 6736 4859
8100 8106 5362 3609 9893 1727 4039
8101 4945 298 932 3875 5246 1886 2937 7706 1875 4225 8080 799 5545 327 8365 846 1600 8635 3564 7512
8102 139 4498 8909 7305 2086
8103 2160 2778 8842 4563 8744 4852 1870 3509
8104 2826 2827 7462 4133 4137 9736 8586
8105 5428 1531 628 1196 3631 758 4735 6552 3934 772
8106 3680 11046 1999 936 799
8107 676 7550 10004 9640 1311 1380 7215
8108 4511 628 5656 11208 4658
8109 2451 1496 1718 688 11122
8110 693 430 7892 6477 9985 6928 662 2644 4598 8808 615 2161 473 3478 4023 5391 8789 2365 334
8111 2037 1923 577 9331 579
8112 876 1280 662 2085 832
8113 10902 3830 1160 2630 3847 5065 11329
8114 9248 7036 11477 6970 8014
8115 757 1084 4 7595 9700 4636 11461 261 2432 2125 422 4827 6078 3919 3205 7307 2086 3695 425 1111 5297 2309 5167 6933 5016 691 3479 758 1582 8455 2091 1871 1846 579 9730 3473 7234 5407 6061 3882 5103 8006 1245 6062 4075 5014 6596
8116 796 2128 3580 7454 3931
8117 10505 7116 475 676 628 8777 6209 8819 921 10706 423
8118 1158 3204 8622 2136 682 1872 3880 363 9525 579
8119 1854 5345 4426 938 3963 1903
8120 2611 742 1714 9768 744 10777
8121 7186 6736 4759 3669 7868 4318 2341 2210 2212 2 4016 9075
8122 7127 6125 3792 941 79 5056
8123 9852 9883 5680 2332 5808 5842
8124 6544 11133 11051 1180 1496 9747
8125 1181 9733 8976 1193 9873 8306
8126 11235 934 7442 3256 11018
8127 4199 4608 898 3455 504
8128 6371 9398 3409 9639 1718
8129 4198 2161 3933 9217 5910 2782 8697
8130 2005 4328 3666 4564 6344 6383 10404 10069 9078
8131 945 1310 7536 2170 500 1382 10524 6857 1074 1393
8132 8158 2207 11114 2098 609 6860
8133 3240 1882 370 39 354 2501 1133 34 10415 10804 4412
8134 841 3657 1054 2725 8643 5725 7459 3626 5292 666 2335 9621
8135 5915 2512 2514 7279 7979
8136 2396 2173 4657 2138 4074 9568 4005
8137 1584 1823 4925 173 4099 360
8138 1198 400 224 901 5852 10630 3485 2431 1921
8139 5631 4501 2126 1511 1111
8140 81 676 1294 7139 594
8141 3180 10672 5042 5549 3898 6810 53 207 6236 2107 3162 10654 6174 9894 327 7647
8142 1184 737 1721 9723 349 79 11539 2525
8143 1408 2544 6908 5364 10027 8710 1734
8144 1164 5251 7706 4463 1998 3298 6237
8145 889 1124 1125 1887 11540 4175 6682 9083
8146 4898 1107 1092 1109 3718
8147 7099 10231 7730 4949 7069
8148 808 752 10218 3494 4906
8149 2942 5211 1289 35 550
8150 1639 7778 4260 8881 8103 6869 423 3805 611 1580 3228 3519 3582 1113 6306 1242 4278 2484 2399 284
8151 11541 666 11372 293 3177 6629
8152 3775 6089 3508 1199 7297
8153 5226 2038 2954 9955 9533 3724
8154 3801 132 4750 1467 6799 6043
8155 5192 105 6198 698 4744 7420 5624 26
8156 4579 1289 11109 2564 7445 7598 7666 3530 5953 7358
8157 2969 6194 10812 9691 11359 5242 9617 5738
8158 4782 7483 322 10633 846 936 1046 2109
8159 7844 2448 1534 2601 423
8160 934 2308 935 517 966
8161 1198 1349 6200 5531 1766 2684 6073
8162 2571 5676 6746 37 5690
8163 796 291 3362 3469 6101
8164 9277 693 4557 4068 609 2085 6348
8165 2242 6861 11542 875 5198 9898
8166 1221 1349 10476 3243 6209 1710
8167 1201 5630 3386 3785 5056
8168 2041 7682 8347 3018 5722 8451 3536 8450 8452 3454 1886 3605 5623 8496 1526
8169 1709 2097 1681 7507 4176 704 9444 308
8170 2898 4794 3481 3598 3351 4629 4094 2351
8171 3823 2961 8688 1010 6257 5982 436
8172 4351 514 6941 1289 1802 6410 321
8173 3085 2045 7971 2993 3006 3814 10917 3009
8174 481 6942 7068 6209 1354
8175 403 6011 494 8989 1701
8176 6835 11543 744 3131 1948 7109
8177 2066 6895 11544 11545 6873
8178 2553 3035 1180 25 454 6200 35
8179 5463 131 9016 9098 4244 5388
8180 753 5155 1289 3312 8507 1531 2042 2132 1113
8181 374 3255 4382 1531 628
8182 9610 4025 6209 1710 9722 4346
8183 6736 5846 6660 3502 3272
8184 79 799 2501 832 313 8955 6329
8185 11493 4230 10428 984 3291 2815 1269 2868 4046 499 4262 1067 500 1070 639 537 7814 9320 2343 2545 1073 10226 2746 7368 3556 5978 5928 1897 1316 11085 5781 502 772 5010 6247 6682 3473 4282 999 6532
8186 1211 8167 7178 2922 10676
8187 676 7550 6317 7434 738 5193 1515 5719 758 8685 954 5301
8188 803 7018 8925 1444 4409 4205
8189 10908 2963 11546 11335 5187 6986 4448
8190 1282 52 3695 6386 1291
8191 1882 3680 2160 1133 3146 11314 2708
8192 777 1735 3238 10203 213 9635 437 666 123
8193 4224 4079 11200 1470 9328 5480 610 5663 191 7027 6962 3156 7716 8335 6443 4827 3841
8194 514 3621 2124 2122 3202 3728
8195 166 7755 1853 5170 136 7599 5596 488 1443 7877
8196 384 528 3032 953 8084
8197 8601 120 5206 8127 572
8198 4750 1666 11547 871 8765
8199 55 8440 3436 11450 5090 4820
8200 3639 4173 1208 2950 672 7288
8201 7442 1408 967 667 2933 936 8027 9027 11268 1835 5554
8202 1807 4515 2294 2295 2907
8203 9255 7143 230 3708 5846 7325
8204 10924 7772 1472 7716 5747
8205 92 374 99 1609 3964 11548
8206 4044 3202 5523 3040 2287 7641 6934 8237 959 6872
8207 6095 341 400 4101 120 379 626 688 4184 6951
8208 1292 1293 5819 456 7835 1322 785 4551 2621 1307 5196 7508
8209 798 7441 10128 4433 7608 6721 2065 1718 454 35 1030
8210 8935 3151 7169 2740 7754
8211 2832 7392 6021 5333 6219
8212 3830 1031 2475 188 1560
8213 3891 8477 949 7569 3699 10151 2291 9484 2499 10001 9218 5992 1375 7676 2079 5773 6732 397 3284
8214 803 79 3244 428 5176 1471 7902 1606 1078
8215 438 286 1886 5915 291 442 3919 11549 638 1275 858 1257 5800 11536
8216 9153 8812 11432 753 832 796 7471 7186 7424 1531 1053 2595 1113
8217 967 7645 6149 10063 1870 5890 4689 10473 7234
8218 10915 935 2502 9546 4815 703
8219 709 8616 584 2160 1168 366 5971
8220 274 1372 8179 5544 10043
8221 210 79 1802 318 1810 5432 583 5382
8222 1314 5953 2 4499 5248 2548
8223 528 167 11219 169 953
8224 368 417 2065 1678 2475
8225 7871 10477 4790 5300 1661 6547 2126
8226 272 368 1443 2044 1183 2222 122 2483
8227 4946 6679 621 2058 6925 9162
8228 25 7931 314 6644 849
8229 1961 4221 4525 374 737 155 6712 1948 9891 9806 785
8230 11098 7606 7904 3648 8242 11070 10656
8231 2945 2588 1471 11015 10774 5120
8232 5958 4341 6918 11550 8519
8233 4820 1854 2189 6603 1585
8234 10287 5857 5434 10557 669 2152 8719 1089
8235 4026 4538 1879 2499 2044 2446 8101 1360
8236 4346 338 1553 2347 680
8237 10277 2311 2697 9039 921
8238 4805 3229 3770 1840 1109 7261 7118 2534 7135
8239 99 4430 4463 2191 240
8240 1889 8375 303 2404 388 390
8241 1066 945 500 946 3556 7383 1074
8242 10490 5963 388 11551 389
8243 9687 3618 2117 1642 3924 508 758 682 4771 578 579 2144 2145
8244 1523 1524 9250 8104 89 2097
8245 2074 1471 5839 781 7645 10733 7022 8397
8246 1033 5550 8103 4459 6870 5276 5742 8151 6597 5365 6014
8247 310 6708 11552 10448 4569 10599 7947 11553 7797 11460 7933 2570 4568 3909 7796 10598 7795 5062 10667 9057 3052 8447 444 2776 4435 3834 2562 10853 6506 9542 9543 9615 10540 3837 11459 3457 2333 1526 3454
8248 6005 7731 2460 4067 11554 17 4677 3084 8041 8641
8249 2849 4065 5978 2939 290
8250 10368 1321 609 1013 10524
8251 11285 7101 1055 1894 1257
8252 1908 666 1019 752 6299
8253 2308 1164 3606 8296 1414
8254 131 6564 1947 3191 5008 3552 2584 2672 2139 3168
8255 4209 1444 1005 4714 845 21
8256 3253 4421 2191 1301 9784 2446 240 3130
8257 8139 1317 303 5404 737 4356
8258 5463 4383 11049 9392 2900 1783
8259 1756 1201 1947 645 210 809 1283 4868 7623
8260 3181 10932 10904 1247 10191 9103
8261 2251 1693 632 1695 2043
8262 10612 1772 9959 2804 4483 750 2562 5056 9557 7683 3075 955 3234 9347 8936 5197 7496 3701 8885 8206
8263 2069 3506 5965 832 3564 10642 1807 9741
8264 4103 4349 3753 9068 5240 7944 5657 1731 4944 7794 7386 3022 3701 1890 4780 10979 9870 9327 10173 9879
8265 6371 473 9398 10098 3020
8266 99 4430 1301 303 388 8469 4840
8267 5615 4430 9266 3904 10036
8268 1333 10166 1035 184 185
8269 2332 3182 1100 1091 1839 1941 1838 8900 1108
8270 11555 692 8806 7139 427 1635 3255 11011 9061 9986
8271 5688 10035 947 1032 8088 778 1549 1523 1033
8272 9452 169 9656 10758 6329
8273 1293 1292 8540 2623 3262 4248
8274 659 598 149 562 1197
8275 9299 175 4953 9947 5085
8276 6269 3289 10477 2294 1218
8277 957 3759 319 3310 5864 6664 148 4731 8007 3616 8062 1408 6051 4015 5612 1056 7520 508 9250 1523 448 1802 974 123 252 6238 2454 4458 703 10017 1709
8278 2537 1057 4981 11400 2839 5349
8279 122 2042 9528 777 4237 2838 486 303 6966 1089
8280 5860 7929 7751 5859 11556 8284 10293 10015 1062
8281 903 898 5600 11449 486
8282 1481 2523 868 2248 1607
8283 5064 11369 6511 1523 609 8807 4175 8927 408 2490 1879 6643 21 7019 1326 11049 7989 9781
8284 1619 7159 2419 7591 6071
8285 10154 5249 2861 723 1885
8286 1616 1855 2117 353 422 3409 7368 4878 1571 8721 7791 2146
8287 6320 7376 8924 9735 6302 10861 2828
8288 7683 3651 1135 4902 5554
8289 1722 1586 8768 7546 475 1554 1435
8290 7432 4681 1355 2907 9549
8291 199 6471 4702 2741 9393 2766
8292 1543 7190 9112 4857 4824
8293 1087 8550 1875 9544 5793 11288
8294 3410 5547 7767 990 3423 4077 5282
8295 2408 1299 4079 85 11557 5442 9359 98 871 1621 5463 2156 5774 8179 6774 5875 3409 1033 5095 379 9375 10868 8261 6958 11286 701 100 5411 9611
8296 3725 2132 4746 2136 579
8297 8616 290 10811 1428 1023
8298 6724 3518 3557 4775 2147
8299 4965 5638 221 808 1756 7354
8300 4154 6597 4945 8849 2988
8301 1531 6769 1196 3483 388
8302 1355 375 1409 2225 10957
8303 2728 3349 1166 2311 6396 3146 11558 10896 10802 10391 6356
8304 6641 5454 5859 8287 4902 9281
8305 2348 7113 715 3226 11559
8306 9095 3717 2178 4803 264
8307 6164 3228 951 1041 3208
8308 11009 9281 535 6238 672 106 9848 8281
8309 2787 7224 256 6190 10368 98 8427 2758 5563
8310 11193 3271 6558 3295 2065
8311 4557 11011 4658 6134 11543 427
8312 562 8677 1260 5724 6126 8692
8313 4492 1513 4154 9455 1923 1618 1032 2446 3051 4266 3454 6490 169 7242 21 8901 11560 9454 2986 10825
8314 3072 665 3875 4511 1413 3738 3805 921 11561
8315 1057 1734 7495 3508 6859 1287
8316 105 4304 2033 5385 4306 4235
8317 8588 6120 4991 10484 4996 4994
8318 10470 5392 3181 2529 2711
8319 2310 2868 4381 4937 3290 3291 8926 6924 1341
8320 4516 2505 3444 7920 10061 85 9093 2085 9849 6705 4341 11550 27 973 9456 1056 7520
8321 4267 25 10778 9554 2758 1879
8322 6739 280 3407 1382 682 681 509 959
8323 7945 10167 3454 7794 4010
8324 1368 6617 8114 2 783
8325 81 5048 3348 10354 1217 8711 3192 2080 3413 2452 38 8574 7768
8326 692 7101 603 4068 1238 7107 8759 10881
8327 189 5346 1167 1924 7069
8328 932 2502 1867 4502 947
8329 1107 3715 4137 2414 7118 2083
8330 9105 3038 5921 2388 1845 5823 7931 314 3721 5813 3910 10770 3541 11304 1006
8331 4928 255 248 10096 7677 1761 355 3619 2433 353 5274 2282 3979 422 5797 302 2397 3409 6693 6779 2130 4268 5288 626 7417 1868 1461 122 958 4279 3425 3423 5282
8332 207 4782 7185 8125 10616 6736 3864
8333 566 2302 6230 8566 906
8334 1108 1097 2828 2824 3789 4902 1109 11562 8586 9028
8335 1848 519 5620 1556 3481 7254
8336 318 2378 8362 2518 2765 6032
8337 1879 9686 514 890 3621
8338 8068 4233 5752 5385 3847 3696 2077
8339 1641 983 5224 5284 423 2128 1238 4048 1111 1113 6794 3473 6249
8340 1599 11497 1174 1709 682 6440
8341 5636 9622 9489 811 934 5649
8342 932 794 3496 5957 8296 5348 2821 3002 1843
8343 167 39 1207 9467 2955
8344 5196 8905 9365 3955 6458 10642
8345 8740 3386 2559 148 1463
8346 6777 308 11563 1830 8407 10017
8347 446 1132 965 4141 2263
8348 11261 105 3238 294 448 7565 4351 1033 11370 5558 5051
8349 7686 6250 4181 2703 5256 2584 380
8350 8241 11392 11483 1766 10077 7664
8351 4456 3357 753 6531 3460
8352 7778 2436 1581 1572 2143 5387
8353 3668 6999 9927 177 444
8354 4187 1197 4938 1196 6539 2645 9028
8355 11345 662 8640 1637 1600 453
8356 4791 2308 7220 3957 9462 3369
8357 5616 11096 4460 6098 9758 6455
8358 3226 166 2162 2972 8203
8359 9258 196 105 1161 8192 99 2044 6175
8360 2259 9988 2318 551 4453
8361 8730 1920 215 8904 7140 1352 4886 11008
8362 11564 3134 1817 4970 1747 3801 665 8481 9481 9794
8363 9212 5385 4274 397 2529 296 1512 21 4404
8364 721 241 473 474 5618 7926
8365 3160 2897 10021 5054 8941 7741 7742 6828 105 1716 8555 5561 8904
8366 9972 5680 7332 7127 21 9198
8367 8148 10570 1861 10066 9725
8368 11565 5226 6393 884 2311 5630 39 871 1186 5475 294
8369 39 3745 1352 7478 10042
8370 6648 2231 8019 1033 760
8371 709 2161 845 5491 5217
8372 6671 1947 210 6586 481
8373 6748 6671 7486 345 8920
8374 9181 1875 1419 4885 672 2165 670 6238 2454 7973 4918 2471 9453
8375 9828 6471 6723 4817 4588
8376 3351 3519 1301 2191 1701
8377 2084 4035 4012 4013 8694
8378 7556 5735 1175 1176 5736
8379 2563 936 10760 3244 86 799
8380 5215 4760 2521 7447 4761 6516 1279 4318 6445 8072 11507 4519 1880 10770 188 2635
8381 10939 351 10803 974 2458
8382 787 715 451 1659 1700 2501
8383 4945 5358 105 488 7632 5561
8384 885 6636 5189 5065 2553
8385 3389 11566 6406 2266 1330
8386 9465 394 4062 3824 7045
8387 8484 3666 8833 6631 10152 9511 4099 3281 7040 1008 8204 1911 7049 4100
8388 6228 6441 373 1140 166
8389 3551 3636 1867 1563 3618 4314 7480 3692 738 1369 3468 1912
8390 2349 7483 3289 4342 5145
8391 8095 8096 6709 5672 703
8392 8895 8838 9209 10878 7566 1691
8393 531 1504 4817 6508 5953 10317 3269 25 8303 8219 1180
8394 10931 341 1755 2329 2355 10342 5397 166 187
8395 3467 2836 3997 1599 5480 8891 11002 2503 5475 4329 3680 375 290 1666 82 86 1081 803 3244 2225 10964 1800 2502 5569 9352 832 8575
8396 1198 1180 394 3402 2090 21 6990 408 1161 6847
8397 889 4926 3011 7876 6028 958 1651
8398 3145 6580 179 9041 8732
8399 877 11567 5654 10934 11404
8400 8065 3905 10684 10243 2666 2322 7832 10437 3441 1301 3442
8401 10890 9592 2765 4497 9170
8402 8499 6650 8731 3315 3582
8403 1144 8440 8441 254 8999 2136
8404 4866 4869 4966 9948 6602 225
8405 6711 7829 6670 1635 2218 303
8406 808 6632 432 782 3647 10800 2499 523 10737
8407 10540 7795 10667 6708 10448 7793 5060 6981 6579 7371 10597 10023 7933 3831 4442 6580 8347 10071 6343 7243 8884 9018 3701 5821 11553 9615
8408 7467 7364 5686 1414 1273 4126
8409 2242 2377 4295 1292 9126 6160 2269
8410 5950 28 1972 2097 2857 1397
8411 2849 2502 9431 10174 10915 2983 1267 274 6756
8412 3162 7190 8105 3163 3453
8413 4581 1793 650 9197 8616 3351
8414 4177 7611 4447 8021 1916
8415 2427 3681 5967 2763 5292 3737 9343 6458 3956
8416 341 4571 3532 10101 8518 5002 379 1937 1014 1871
8417 11568 1123 1126 4713 306
8418 6473 3349 2161 326 6505
8419 2001 8585 628 3725 3805 423
8420 8677 8205 6615 1287 9477 937 8522 1067 1248 3712 281 579 3697 1597 2144
8421 6551 3890 8780 3083 11569
8422 3765 7893 9643 9862 400 10029 9775 5502 2087 7666 3290 4791 7414
8423 8931 7838 1756 428 7593 2984 7160
8424 584 354 1018 6624 2483
8425 8454 651 7093 2529 2 6981
8426 7954 10002 8753 303 2095
8427 666 768 354 4103 8444 446
8428 2232 3031 8320 11570 10378 6376 11318 11571 4434
8429 2191 1301 2181 11572 1745 2323 2190 7052 8473 6911 6912 243 1863 8497 10094 580 3707 7054 116
8430 1085 1695 1215 11114 1694 8872
8431 3801 10867 152 2710 6951 374 9423 2378 311 2817 7020 1076 11450 7211 6760
8432 1705 845 1444 7287 2259 737 632 5824 8963 3851 9491
8433 6569 4126 2332 4416 5864 6664
8434 5952 2637 782 4126 139 5679 4294 1415 1329 11351 379 5098 2560 1599 983 2124 1562 3923 3038 353 2433 186 4650 3406 4045 3504 452 1894 7854 3111 423 3407 3113 6388 919 5101 921 273 3414 2132 463 593 5167 5719 2645 1868 8237 5011 689 3165 4481 9008 7642 5068 4276 579 5407 509 4400 1400 2144 4281 4741 1245 6596 7177 6102
8435 3839 11573 8809 248 858 2455
8436 1470 7676 1553 145 2518 11499
8437 11508 1143 2733 3306 10989 1718
8438 6127 7549 3378 3117 5133
8439 5811 6250 1886 9832 2294 8916 7140 11574 3385
8440 92 3873 1355 935 2502 3159 1802 5924 1800 1726 2164
8441 131 1364 9372 5052 11314 246
8442 1951 11575 2079 11117 3582
8443 472 487 2690 10996 3428
8444 1032 1078 768 3896 308
8445 126 3953 8201 4560 1496 9930 4689 758 1595
8446 9015 379 4791 2171 5018 681 7596 6682 7310 683 924 4280
8447 11576 6748 1019 1775 343 4315 10207 7258 1356 1120 8693 583
8448 10449 9602 10945 9243 181 2405 1882
8449 3289 4294 971 3295 2501 166 127 4683 3083 4720
8450 8663 8662 10200 5285 4377
8451 10048 375 4622 11280 211 4340
8452 1523 1033 6777 1680 928 929
8453 5954 1012 2838 7530 7115 291 11577 169 3331 438 628
8454 186 379 1894 9141 2171 6591 3692 3695 1053 1898 7641 1923 2309 1369 2645 6933 678 443 3928 8237 1113 7769 3697 4506 4168 960 8687 2145 4090 4091
8455 290 8022 1052 446 5341
8456 217 686 379 5669 1739 7015
8457 2961 7093 711 1296 5468 10095 5928 4047
8458 9733 7475 10872 7341 6321 4950 4192
8459 11154 6174 3163 6132 584
8460 1150 6969 4084 4666 6292 6293
8461 10305 3873 6787 8549 6027
8462 4506 354 8324 464 3740
8463 2728 674 1018 2893 1048
8464 6365 286 5534 169 1182
8465 2377 9651 11578 9504 6038 493 703
8466 2008 5404 2600 903 1196
8467 5366 1701 3366 2501 379 1444 2025 5481 2911
8468 79 5758 1321 7522 842 5488 10207 7810 11579 6715 103 4341 6918 42 2218 1983 7185 5675 132 384 2991 1012 7049 4416 1292 1811 468 674 347 10460 8373 10416 3695 4767 1613 7536 5231
8469 3678 10487 4621 8443 6984 8444
8470 2580 5958 5848 7881 7713
8471 6237 794 3680 783 8896
8472 6796 3680 3237 5581 267
8473 1956 1548 1882 3742 2518 4466
8474 1201 1287 10586 2299 2446 10750 8263
8475 9987 444 123 173 3616
8476 2840 2845 2843 2844 2841 2842 7540
8477 882 8904 785 7904 3802 51
8478 8494 4498 4502 1247 3919 444 1119 7884
8479 495 736 5227 4232 9666 954 5017 5019
8480 2887 6897 1583 368 1078
8481 2666 5306 4659 7346 8385
8482 8838 1727 1253 846 468 10291 4419 5125 7512 8415 148 1042
8483 7307 4567 2501 171 4297
8484 5971 2259 2911 2820 896 2696
8485 6406 597 5119 3061 4002 440 1368 3244 6160 662 3563 5125 613 8558 6895 97 9887 3830 7184 652 11353 1012 1115 9848 8378 8379 5563 7790
8486 4085 2446 1396 4677 8913
8487 1180 2540 560 1496 10419
8488 9302 1807 9113 674 6875 6877
8489 6601 7259 10373 8003 8063
8490 9739 2460 3226 148 9085
8491 8585 303 388 1281 89
8492 7854 1265 1565 6839 3846 157 3712 1515 1060 3691 7851 3915 922 443 281 1870 4269
8493 3742 9624 846 8215 5038
8494 2116 7443 1237 5404 7625 3011 3731
8495 4016 1811 9116 750 430 1565 9703 10642
8496 2313 4806 3321 5837 3951 9426 1467 4388 10951 1881
8497 166 3428 266 63 9881 3841 4446
8498 8863 967 3328 8652 3891 5890 207
8499 304 2097 7234 2825 2091 6294
8500 1886 3463 84 10377 10269 2111
8501 1500 3823 97 7585 6128
8502 3320 1472 1880 4744 3021
8503 4945 10071 3264 2588 5822 7703 11580 714 298 11005 5672 3643 1430 9923 828
8504 2641 4970 1661 4972 4747 10230 11581 4286
8505 874 1889 8375 3258 4780 389 2240
8506 4837 6202 5577 3995 10128 418
8507 9854 370 667 374 8518 5002 7260
8508 7202 8759 2589 7976 5786 2044
8509 2969 349 9644 2472 10797 4328 4240 2231 198
8510 1775 2294 5450 11582 10828
8511 782 4094 347 4335 9488 3269
8512 10204 5814 1886 2311 90
8513 2311 351 6113 1120 410 4332
8514 2800 6066 4064 5177 1998 737
8515 7669 872 661 1576 3823 1811 7741 6761
8516 3677 3474 9784 3348 2311 10235 9560
8517 2044 736 10910 1691 1689 3393 1613 1582 396 8327 8850 4572
8518 6008 2014 7928 7929 7938 9379 7943 10614 10441 7953 9555 11477 9699 6173
8519 517 518 1114 634 8276 7889 635 11209 11517 9491 11368 3218 4138 787 897 4209 831 3003
8520 2210 5049 5346 10264 5108 455 2163
8521 3891 7355 1010 5965 1079
8522 5918 7304 4180 122 3848 924
8523 5832 1894 4399 5322 5535 5365 6852 1238 505 1580 1516 7699 2487 5016 5378 9083 6794 4269 3166 2752 4050 993 1567 4277 5021 5012 3105 5020 8625 690 7769 2754 3697 718 594 997 3423
8524 2907 794 11583 79 6493 1012
8525 3284 6372 3195 6265 2058
8526 1903 38 6880 4212 5691 11128 3279
8527 1002 757 684 3094 3833 581 2371 10406 1321 5391 1796
8528 10129 2424 2669 3107 6071
8529 10280 11584 11334 6309 1844
8530 3366 354 4559 6379 6590 3215 4381 9460 1186 8007 2313 2590 6686 9788 7324
8531 417 6899 7667 562 360 11044 7988 2290 6839
8532 2094 1406 6470 932 4519 8715 4369 2161 6941 11427 6223
8533 5160 10771 2773 8385 3721 2013 3701 9543 8313
8534 797 92 4754 455 9565 8389
8535 5212 1444 1222 11562 6247 7261
8536 842 8611 10442 9409 10054
8537 2575 8398 2021 4047 3038 5010
8538 11461 8404 374 4971 7021 1220
8539 11446 4889 3929 9545 404 9566
8540 437 610 1918 10141 1060 10927
8541 1531 1196 1710 11513 3588 1031 1551 2939
8542 6022 4512 6486 4513 459 2868 6440 3041 10708 640 1709 9419
8543 3245 9740 2290 8396 4689
8544 9270 2667 7872 9803 758 7419
8545 4904 6690 7818 3667 8470
8546 5498 10705 5281 1146 9603 6130
8547 3056 389 303 388 1036 390 393
8548 4960 1079 8300 4828 7938 1062
8549 6243 10815 4392 3454 7690
8550 114 3921 6738 6266 502 1310 3406 3111 5404 3011 4767 3113 6101 1388 2752 4269 5021 5012 5068 740
8551 1352 1960 10758 8646 4225 135
8552 760 448 703 10359 1104 3454 11224 5948
8553 1784 10949 3540 6426 3537 3539
8554 5564 7323 9303 2056 4483 1429
8555 1799 530 3725 2603 374 5452
8556 162 3162 1353 3163 5113 7799 9525 97 3420 6174 11585
8557 3532 672 670 1924 4051
8558 6809 85 3072 2598 6923 3680 443 4161 3208 2242
8559 9562 8918 2293 6720 6141 10659 8389 8822 7669
8560 1662 1194 10533 11339 8560
8561 5434 669 8068 3898 304
8562 2229 1305 5037 4829 2388 1217 5192 2691 934 1018 6923 3255 1194 8730 3611
8563 298 1618 5378 8685 8639 7465 6955 5952 1033
8564 145 2815 2434 6839 362
8565 5158 1745 3285 1852 1889 8375 891 6106 4501 2282 5274 2397 948 1249 953 1651
8566 317 1298 7756 10319 8944 7428 300
8567 10489 10750 2738 3311 5222 162 444 173 5564
8568 85 1078 3194 1057 6248 10354 348
8569 9683 2001 1531 11077 9142
8570 5065 9939 5946 2703 4907 2770 4050 6630 8942
8571 9917 1523 768 667 11586
8572 5196 1223 2255 6956 7584 1725
8573 10799 2160 3708 5686 5597 2621 9000
8574 1089 338 6353 5450 6505 10294
8575 1721 4196 8173 7740 2385
8576 8606 11541 5475 252 5847 10184 2966 5079 6616 2544 823 128 197
8577 2563 1357 4387 5128 92 936 3934 3738 303
8578 1175 1176 1177 1178 1179
8579 2077 10276 4119 1331 7804
8580 341 4764 7009 724 4482 38
8581 8302 654 2759 10483 11066 10558 336 11587 4504 4219 5475 2524 1369 969 1188 10572 11190 11448 6091 11008 11073 1819
8582 1204 3232 5946 273 4098 264 1421
8583 3547 2593 9128 2885 1273 4688 11356
8584 1349 486 105 4351 893
8585 3967 343 10512 4911 7191 2663 4463 300 2323 7677 2189 6349
8586 9150 255 1879 3622 890 9917 4334 11516 3780 1509 1897 1053 4973 2806 3848 6828
8587 4411 283 1678 4160 3949 5932 8543
8588 105 8068 2501 81 794
8589 1853 632 9441 9617 4587
8590 6606 8915 6736 3198 8553 9091 2159 3744 8866
8591 3200 3077 4154 4033 4152 11519 9674 6599
8592 803 81 1198 3107 1057 2838 1803 4978 795
8593 1742 3202 6852 3101 6264 3692 680 4655 3343 718 3168 5407 1399 3043 6268
8594 2330 255 1639 8439 4332 5178 9911 9486 1234 9666 6257 2221 4279
8595 6999 5911 2106 684 878 5970 4455 9075
8596 2715 1562 1281 5486 2743 3856 6503 422 254 3205 4940 1251 2250 70 1841 3832 7954
8597 980 2433 945 500 1236 946 1069 1072 10951 7446 1569 268 4776 9083 1400 4052 270
8598 10612 8117 799 3061 5391 7586 428 1867 4502 2563 952 846 1800 9672 6232 2229
8599 6832 3226 4869 1766 6526 3666
8600 1835 1408 9773 2068 9889 679
8601 5659 6914 11451 1841 11453
8602 6475 6175 2627 173 6631 10832 11150 579
8603 7186 605 7978 6281 4495 1941 1838 3913
8604 771 650 8294 566 7510 3925 525 4617 872 11588 4618 4615 6257 463 5295 2892 5812 2482 11589
8605 1221 1798 2808 327 3565 826 10755 7175 1333 3681
8606 7082 6932 8600 1335 6430 715
8607 9853 1059 1553 1344 2072 10163 9672
8608 8847 9667 144 10131 3092 6729 3823 4520 2834 10366 6629 7139 6414 9986 1355 81 6621 4619 10581 6895 11544 179 8130 275 8132 368 5002 4343 3146 7800 5613 4106 276
8609 8297 1289 5745 7415 691
8610 9884 3735 3812 1595 2924
8611 3560 916 2567 7854 919 2171 322 4735 6591 1896 1581 3915 4506 6444
8612 1052 5581 2780 3689 3402
8613 326 1727 10311 10082 10533 2598 6890 8851 11104 3430 2727
8614 8949 1004 1199 6142 2239
8615 99 6370 2422 1260 2740
8616 3547 9128 5165 7634 3527 1802 6553 8692 760 10419 7966
8617 1321 1883 6333 3588 4525
8618 11158 1593 6800 7379 4211 1035
8619 6029 7700 372 974 5672 5502 7838
8620 1967 2 1089 691 922
8621 8649 8650 4995 11590 1788
8622 5525 11564 3134 650 5838 10316
8623 4060 1090 11130 1878 2957 4256 4104 10873 11027 4952 6383 7894 1525 2173 10589 3287 5585 7682
8624 2444 8325 3436 1415 9636
8625 11020 745 2611 6421 6179
8626 1330 2604 7183 9226 155
8627 661 1793 6205 9288 609 3250 2622
8628 393 1378 388 389 390
8629 6292 6293 6294 7164 7710 8162 8114 353 6710 2939
8630 2519 8253 4374 4373 6095 1337
8631 1450 7637 2446 9224 8985
8632 303 388 389 390 393 2659
8633 3705 2488 3963 10484 1709
8634 5425 5332 2161 1774 1342 1343 2294 9278
8635 9413 304 1709 1683 669
8636 10631 1165 4126 11072 8382 8820 787 755
8637 134 5530 188 3275 3404 11175
8638 3287 3873 523 10455 143
8639 6692 3752 11135 4464 2013
8640 3204 122 4718 5310 6877 11239
8641 3338 501 1071 4944 1073 3929 1858 7709 924 1400 9427
8642 2844 9630 7540 7203 7208 10146 6361 9631 8979 9613 10164 4804 11451 3832 10954 4902 7134 619 1969 10223 2596 4413 4137 2414 8165 5072 6301
8643 286 4170 5830 10691 3847 8823
8644 7650 3191 2665 7074 1559 2696
8645 8957 1735 7810 3467 4802 983 1689 6964 1588 6756 8660 3918 10694 3239 47 6757
8646 777 2762 213 2763 379 6128
8647 1165 4523 7094 6336 1498 10419
8648 222 6536 6475 225 8252
8649 3979 10337 389 2659 303 390
8650 3380 3119 11591 4937 561 8706 11592 11016 866
8651 11022 8241 8934 4063 8176 2271
8652 8917 1680 9782 2097 1033
8653 5320 9711 2448 1835 359
8654 6861 4117 195 3250 1613 11593
8655 5428 6772 742 6421 5603
8656 6715 3290 3291 7107 10783 603
8657 5963 3979 7526 536 3982 5361 10071 1935
8658 1529 2664 1811 5581 35 8053 323 6154 10936 2044
8659 886 5239 1506 1879 4472 4881
8660 2204 1132 3801 3313 7136 379
8661 10205 9384 9853 5771 5319
8662 4925 2627 152 3315 1798 3766 3655 5293 4511 5649
8663 781 4125 5676 6807 2838 610 2942 2481 2803 1052 6194 971
8664 1057 8763 3853 4470 9979 5812
8665 7598 10215 2034 8948 714
8666 2223 674 7963 6326 3037 2431 260 10333 3922 4166 603 4335 3202 3694 1514 3205 2086 3695 7368 2113 3414 463 4653 2309 3588 8684 1241 691 1522 2939 2091 4878 1249 6014 7436 4051 2926 924 4776 2141 7330 11496 4880 2756 5407 6307 959 6061 1400 4074 1245 7627 3425 3714 7439 4077
8667 3940 309 313 316 8646
8668 487 211 1510 9558 7807
8669 10171 10611 1192 6395 7398 1258 5376 2938
8670 7237 210 428 2278 6797 10916 11594
8671 6729 7280 2094 5422 3890
8672 9297 1196 5812 486 9420
8673 783 5565 210 1080 6419 2495
8674 6508 3547 7289 11118 6159 6696 10703
8675 9338 857 248 8806 5273 631 3667 5371 3138
8676 1938 1744 6734 1526 9906
8677 6828 2571 605 900 3826 4063 2022 8461
8678 5413 485 1406 1543 481 8539 3348 2555 1161
8679 4812 5 8585 8715 4529 2042 2677 2602 864 6 1196 758 7719 2132
8680 11364 1233 4079 1867 1168 2065
8681 3945 2299 8222 1080 6621 6552 2290 6011 8396 11421
8682 9522 3708 5329 11488 814
8683 82 803 132 936 530 292 701
8684 1634 370 4231 355 261 7813 7766 2742 3924 2282 3409 3112 1895 2746 6965 10700 626 5931 4740 3206 6157 1645 1630 2751 5012 689 7769 594 2091 4167 3106 2806 5299 10409 6872 4881 5935 271
8685 4893 7634 10161 4116 4079 3413
8686 5594 3624 11310 11595 1484 11596 55 11079 1968
8687 4190 9505 9320 1358 11341 2488 6328
8688 1751 4247 7491 4973 136
8689 2790 5249 240 1235 1939 1552 2044 8850 8415 1375 1305 8301 8639 6207 6543
8690 372 3328 1060 161 8435 11597 2311 3852 4101 4222 1601 599 2004
8691 4978 2758 713 3816 1844 2645
8692 6452 10334 2282 7059 3442
8693 11598 1879 255 256 1508 4333 8483 78 7997 9841 3524 6788 6749 11022 3622 2119 890 4165 6105 258 1676 259 1523 2413 2084 145 186 3560 9213 2430 2740 5009 3919 6839 6244 796 1895 611 4651 3221 505 4653 2692 1516 11599 7641 962 678 266 1581 1312 5289 2750 267 681 1872 9525 5011 1388 1522 7900 988 1568 5022 991 5018 8142 1075 5017 5106 8361 4003 3931 5012 2752 2484 990 2926 2141 1870 1582 4269 5019 993 1567 989 5020 5021 3166 2924 4050 3932 594 3586 5933 1650 5834 6110 6307 1573 4282 4741 3883
8694 9077 4186 171 5848 5850 410 2301 674 10968
8695 7488 6670 5730 2652 1006
8696 11046 6475 8736 2377 8745 4877 2922 1424 383
8697 2124 1563 3434 442 2248 947 1776 948 8749 1579 990 3041 364 3882 5987
8698 6755 6194 1727 5632 486
8699 3997 5313 8167 3398 10607
8700 2655 912 2302 7019 1851 7954 3052 387 3198
8701 10055 4791 38 1082 8166
8702 3523 9486 5695 5029 10394
8703 7337 2901 4902 1109 70 6488 2249 4803 3718
8704 9056 10602 728 8381 1036
8705 667 77 11177 2560 5773 9022
8706 9139 3215 6770 10186 536 7958 8653 9281 10440
8707 3633 5172 143 3334 1298
8708 1019 1938 6218 4103 9940
8709 1529 6850 5791 5506 3708 11007
8710 4978 11383 3258 169 4477
8711 1467 7864 4604 3130 753
8712 1223 8600 755 1908 1911 2924 666
8713 10476 2676 3402 2044 5192 10791
8714 6305 79 3244 102 4 8719
8715 3240 2588 962 128 3702
8716 428 7392 6464 11214 3827 3578 2394 419 2128 1238 7282 423 1923 9008
8717 3496 3612 8648 4749 7962 8812 602
8718 826 1438 761 157 10966 3380 2817 8192 5827 9028 9550 1196 758 1775 2603 11600
8719 1513 4161 443 3880 6062
8720 9286 4275 10020 2581 9456 6768
8721 9521 4674 5214 7663 279 3646 5455 9465 7312 8456 5341
8722 6509 11357 3666 4191 2797 1870
8723 8677 11068 2500 207 11585 7137
8724 5677 4142 173 2680 4141 79 4295 3933 2920 468 8007 2621 8020 5929 5286 6052 2197 9575 8724
8725 3201 5168 3827 4233 278 3263 9320 2086 322 7697 950 3588 4002 4774 364 1650
8726 11450 1726 5910 5526 2398
8727 131 1947 3751 1268 10750 3038 9498 2024 3762 1309 1696
8728 8458 11601 666 1748 1470 121 6145 5950 5392 9972 11278 6248 5591 7818 2044 5056 10822 5190 4587 10533 8581 1599 632 2435 345 11353 486 8926 4293 7178 2606 4793 4916
8729 4836 446 3091 1133 8022 4299 1765 3090 6248 7472 1629 1408 3328 10867
8730 8046 6282 2194 6731 5253 11602 5923
8731 8230 5732 6471 1223 4886
8732 4262 1721 903 280 2385 11603 3299
8733 1772 264 1802 105 1845
8734 2715 82 10586 9408 5502
8735 11519 562 6419 581 8252
8736 11046 2066 7863 1523 8104 9499 4323 6856 8103 3056 2234 2151
8737 2653 6728 3158 4015 448
8738 742 1549 3893 3902 1 6335
8739 235 4667 1261 1236 2788
8740 10088 7793 394 1555 389
8741 2537 1060 2725 2162 5535
8742 17 5345 10116 173 5614
8743 2788 4667 6555 1832 583 2103 1513
8744 1057 8229 3303 8168 3411 1030
8745 820 9841 9011 3380 2431 421 6640 3038 3884
8746 2660 11510 5981 5047 1017
8747 1333 4981 3474 10563 11604
8748 10182 3630 4469 1557 1113 10934
8749 1472 858 5849 2365 4117 1366 5916
8750 5005 5480 6880 1811 4930 3064 318
8751 3476 7915 5618 1880 9649
8752 3252 394 6385 3884 5105 3118 6250 695 6027 1597 5013
8753 667 187 4279 1244 11235 1522 3457 2333
8754 6628 4758 7898 5741 3391
8755 1032 7660 5281 6581 11485
8756 6896 7987 3814 3548 4050 335 701 9826
8757 917 355 6388 426 5949 11066 5103 999
8758 7585 1164 1970 8864 650
8759 1543 8107 8679 194 2058
8760 3061 2220 134 4448 659 965 10833 10130 11605 3325 318 3351 1247 1599 3919 9119 7181 3890 2825 9958
8761 2919 155 765 11055 789 6151
8762 3490 10408 4250 3705 349 11606
8763 5631 1733 3515 10660 4280
8764 1530 5391 10056 303 939
8765 11206 8825 359 11405 11325
8766 4012 4013 8733 11104 6876 4014
8767 1638 5475 3598 4180 823 6808
8768 9469 8987 8962 7364 1271
8769 5627 2562 5899 3888 408 81 4186 174
8770 6332 438 341 2503 5549
8771 4952 4797 6504 7017 8960
8772 11312 11607 709 11529 54
8773 11608 5768 3822 3511 6038 1396 6732 4677 3513
8774 2517 1164 373 1415 5002 11035
8775 2703 1707 3165 477 4017 8732
8776 9291 2501 1012 665 11038 9384 11359
8777 3756 785 3757 9285 10746 9606 7493 418
8778 11517 1923 10630 2462 9491
8779 1616 3705 4420 3961 3988 2180 11609 166
8780 1201 5638 481 519 2235 4963
8781 4794 3863 3504 2454 9890
8782 11535 292 8028 1847 5904
8783 11610 7857 7859 1491 1489 3127 1488 3128 1490 1493 1492
8784 2661 4579 11611 10636 8626
8785 437 1534 2222 6209 2553
8786 1262 8019 2212 144 5611 260 3866 5067 4262 4261 5511 4559 7363 280 3689 3203 5006 6059 2923 537 4267 3112 3100 8623 3690 2746 3101 950 1023 6101 5010 2135 5378 4277 269 3880 3849 364 2142 343 1651 1113 2145 4091 3425 285
8787 8748 4943 3399 1298 10057 367 317 8085 9683 9686 3227 3331 5837 9997 1766 5415 9823 9824
8788 4470 758 4511 1800 468 3130 2 4184 2004 1026 4039 2621 578
8789 1603 5605 2252 6433 9475 10594
8790 5680 1599 5478 1409 468 11358 11612 1078 1057 4298 2931 8093
8791 1375 934 7910 38 4515 318 8862 3897 11600
8792 438 607 6880 1409 4299
8793 5529 4754 8406 165 4023
8794 8825 5123 5326 9196 3732 9456
8795 1523 1033 1709 703 1680 1683 1146 3644
8796 11517 11613 11299 2161 1012 2877 10563 9152 8928 11062 8166 858 1018 666 4394 8809 248 4627 1599 48 1745 1132 2942 6472
8797 1799 465 8187 11457 7297
8798 1661 2577 2598 3941 7603
8799 2660 3338 4767 5985 2171
8800 2200 1435 6390 9435 665 5839 9370 354 10145 343 529 6469 1326 9718 717 3569 122
8801 889 5764 7083 2117 9805 8065 1388 5017 5022 6682 3166 3932 740
8802 7969 4959 5567 4222 1266 3612 10250
8803 11217 255 9686 7688 9593 691 4655 4771 10046
8804 5675 8276 858 1257 2367 5349
8805 8089 8770 11109 3423 10334
8806 7681 210 9394 7201 1667
8807 3722 5491 4130 3025 6916 8083
8808 1882 10296 207 9184 5048 468 3174 6603 567
8809 479 301 5643 9792 1550 7638 2896 11614 11443 11444
8810 2294 1114 1500 9833 303
8811 11287 3620 4165 9359 5183
8812 4183 5691 6698 6699 10450
8813 147 7119 1363 6138 1334 1336 6139 10507 10508 2303
8814 1057 2502 5530 188 2167
8815 4326 3950 4386 4828 10861
8816 10697 8232 9670 4286 8887 3708
8817 10808 1032 632 5044 7866 7333
8818 3746 4499 1005 11229 5845 1985 4488 1183 1553 486 3616 8166 1298 11121 6430 3073 768 10790 6175 10270 1104 2248
8819 3085 6873 1635 5822 2378
8820 3655 5295 3504 8819 1710
8821 4020 81 1960 1002 1963 4073
8822 6480 8806 2102 4068 10883 10215 8805 2644
8823 2095 9044 3420 6572 4106
8824 3191 349 6447 2541 4959 10137 21 3643 787 2292 8355 2377 2065 3006 8884 4007 3701 7600
8825 7818 9798 2807 7323 564
8826 2482 1661 10291 309 2479
8827 5449 8815 608 6408 11247 717
8828 7186 2332 6048 1413 370 5632 2373 11375
8829 1165 2538 9330 9972 6937
8830 668 1132 5838 1324 8058 7508 8230 3369 100
8831 4319 3734 84 5176 79 11565
8832 2587 800 11504 4412 3027
8833 5449 37 87 5912 6916 11573 25 6734 11063 7527
8834 10111 1079 7317 7398 1565 52
8835 5004 9826 8862 11597 1413 8730 1305
8836 4271 648 1664 401 7423
8837 2660 716 2659 252 666
8838 149 2800 3455 1273 8486 3070
8839 4423 4779 5260 2662 2190 4729 2791 7051 3602 6147
8840 2538 7324 3823 11544 8942
8841 481 8482 10790 703 7252
8842 6712 6730 5486 11467 4911 4128 2530 10496 8009 8689 6368 772 3847 2091 10692
8843 123 1479 2257 128 2732 10868 2680 601 3382 2005 6913 3325 10108 6921 3008 2364 5530 5531 2366 7587 5824 8860 4610 3611 759
8844 4489 11615 8825 7259 1304
8845 11510 5946 273 2048 9225
8846 2201 3541 2024 4914 315
8847 3034 1990 8701 8298 8950
8848 1175 1176 10148 7556 5735
8849 5391 11616 11139 7321 5223 633 858 2518 2365 10432
8850 7849 6843 3189 1705 7524
8851 10410 11617 2190 3961 2322 10176
8852 846 10727 2823 2588 162
8853 9711 650 2448 7739 2602 1761 4470 10706 568 3066 6116 6413 6163
8854 8258 3666 1204 11383 4973 5123 486 582 5221 7570 155 5871 7089 1726
8855 105 3288 7443 400 4004 139 902 1717
8856 11618 1801 8962 796 440
8857 2563 7586 1798 615 498
8858 10834 9589 4991 9569 4155 6084 10949
8859 1163 609 9224 8567 6805
8860 6678 9443 9801 11144 10956
8861 5449 784 2598 9411 38 7702 7039 1418 1464 11544 702 2501 2492
8862 8817 31 6341 7070 5891
8863 5965 456 1413 3238 3159
8864 8072 11060 1265 6617 5738 3580 7981 6801 1920 5048 1584
8865 7083 6105 2122 4231 2123 736 2743 7766 7813 676 2126 1510 748 2171 2360 2744 4268 425 6839 7214 4653 3228
8866 5689 1546 4328 4433 1551 370 1550 5337 2311 1629 7441
8867 2715 1198 2717 5518 5520 5519 892 10521
8868 9967 5864 2238 9817 8708
8869 1718 5170 1701 11348 1926 3958 3442 242 2813
8870 1848 6053 2323 3705 4779 4423 4420 7164 1293 8474 99 976 255 7893 9355 2116 2044 675 5521 3922 5611 2432 7382 1308 2125 3688 3689 5356 5967 20 4232 1644 920 2744 3408 2435 609 2746 4651 1579 3405 921 2923 5797 162 5228 5010 3417 4655 2135 990 4657 6311 4337 1573 5104 3425
8871 343 8643 2286 5210 6348
8872 1472 1287 7493 3814 4184
8873 5449 2295 3366 10477 1484 10871 421 6875 9971 3694 2311 401 5195
8874 5215 7238 2983 4195 3004 5060 1260 2236 11065 10102 10246 11115 2239 345
8875 4636 9417 2078 469 3383 2313
8876 7560 3259 9677 6633 8255 169 10987
8877 2786 11395 4423 5274 2282 302 6779
8878 1629 4027 258 10900 3875 7687 2736 3323 9419 67 8166 3738 494 5864 6664 130 825 1504 105 5281 2861 473 2 9038
8879 8437 9293 1599 6889 8303 3368
8880 1292 3402 4529 519 7737 3405 3668 1898 2628 1113 2136 5800 2111 990 572
8881 5466 6002 9963 4839 6797 7593 4817 2720 11618 78 6055 255 7590 10133 3572 11324 10460 674 812 3037 3291 983 5091 2868 2394 4501 7562 9140 3290 6317 2014 4311 263 7813 2125 3924 918 3504 2234 748 612 5928 3412 5535 5978 9751 1898 1053 6933 8912 5668 1241 1647 955 2806 5933 7092 8531 554 6087 5787 8289 3882 1850 4075 6062 6088 9757 4077
8882 856 9032 11549 4616 11513 7177
8883 11173 7382 9798 10059 4325 6231 1961 1395 8955 851 4918
8884 7242 4136 9737 5072 11619
8885 3305 9597 1056 6224 5336
8886 5757 8475 215 2518 678 6233 258 5921 9983
8887 8827 8151 8649 4154 1431 2462 4987 8163 6597
8888 787 2919 666 2084 1583 8230
8889 8959 2003 9640 10671 6344 528 2482
8890 6195 667 3402 6481 11282 2518 5497 2003 325 3721 1920 1600 4222 1078 4111 403 4546 10299 82 632 6051 187 6950
8891 8296 5449 9596 4945 1032 2308 3073 225
8892 2617 3163 2725 9153 1058 2160 2784 1528 3692 580 7111 317 201 9120 364 3430 3690 6566
8893 1231 2967 6378 3685 2173 3412 2746 6740 708 680 2939 4051 9734 5103 3883
8894 2329 8614 1295 6152 4673 4142 3396
8895 2569 668 6032 4414 794 411 173 1221 3083 7651 448
8896 6401 7502 4192 8190 2250 7497 73 7469 4617 2700 65 10160 4901 4902 6490 4979 6489 69 2414 4368 6175 10377 5731 851 4918 3887 9074 6074
8897 514 114 4253 356 4044 673 353 3561 358 4479 2343 5547 255 2487 3042 7437 5102 5986 2141 4279 4281 365 1243 284 8687 3883 5522 6111
8898 4315 2210 486 4857 4939
8899 9476 3406 4479 2923 5288 1382 3928 8237 4878 3106
8900 3325 5548 8318 5462 552
8901 1951 3775 6107 7973 939
8902 310 3133 660 5680 10686
8903 9480 6645 9719 21 7527
8904 9248 11556 9749 10817 6084 7940 10237 10052 10015 1933 10324 10050 10051 10293 7958 11620 1789 1786 10440 8010 9406 1784 8283
8905 1376 3485 2456 9177 4096 11258
8906 2274 4766 1621 481 1287 810 7609 10505 6633 432 10742 766
8907 6569 1472 2332 3182 5637
8908 3388 6009 2084 9720 2980 7101 4798 7765 10616 1222 591 2920 3997 8209 1834 9480 179 6247 3104 1032 9201
8909 4636 10719 10153 7070 10458
8910 1634 33 4263 2703 1531
8911 5835 7185 2332 102 9311
8912 4803 7118 2534 6300 835 6461 6303 5295 3454 4807 9735 2333 2824 10777
8913 1574 3422 270 1244 6064
8914 2725 11401 10907 4648 8676
8915 4831 582 1328 5942 549 11290 2899 2415
8916 2216 2623 11090 4383 3463 2248 10080
8917 3462 1961 3090 3129 10314
8918 1391 1182 2197 3548 10491
8919 11385 4515 4790 1824 6962
8920 528 1727 5929 11106 1496 2347
8921 4339 272 326 7448 3083
8922 771 10729 6597 6774 7756 2800
8923 4522 10738 8352 8877 9407
8924 485 6569 9449 1807 10655 6652 753 4886 1197
8925 8551 10823 5840 3648 3481 3597 3598 3482 832 1156 3842 2806 6223 3887 2346 2205
8926 3770 1094 10164 7931 1845 4899
8927 439 5978 11267 8714 4307
8928 3633 2661 3073 7082 717 299 551 1275
8929 11033 7724 10227 10591 9906
8930 1406 7025 5923 2778 7067 7741 4452 7825
8931 692 4398 4597 7315 2594 4089
8932 3541 6965 4806 11418 6756 45 9276 5153 2469 6126 5584 1596 758 4440 922 1780 1874 7802
8933 799 878 1798 796 5642
8934 2225 3738 3244 86 8751 2850 8631
8935 1818 4784 2499 6178 9580 2121 7790 2430 3785 11092 486 7819 3579 5631 8181 291 4030 3054 5930 5873 2174 278 10063 1281 1484 717 5925 4159 2745 3303 6413 2133 8230 2021 4650 3202 4886 6192 758 4232 3290 6631 4314 3203 6987 9320 1258 5977 5978 322 11585 5635 3846 3205 3845 1230 1582 1316 5926 5287 6414 7526 205 4155 7340 3410 7273 4087 1238 6409 7420 5210 2132 282 2747 4048 7840 8541 5602 5329 6328 1111 4654 3847 5652 266 5011 4879 10498 6577 2136 281 3479 3519 6794 4660 3468 6578 6750 578 2138 1648 267 6101 9322 11454 4074 4168 5987 2144 6653 2647 5139 5522 9531 6751 3425
8936 6033 1807 432 7190 440 4112
8937 1775 11621 7680 4612 1723
8938 1018 2782 11019 4815 11622
8939 4589 8583 11623 11517 9004 7446 1180 2369
8940 10427 3636 5611 1563 2124 2125 4046 3689 1510 796 3408 3927 4049 5653 3207 6444 6110 2147
8941 1284 11370 450 2947 2702
8942 4764 338 4482 2482 3379
8943 8267 2764 3804 8804 8268 6403 7317 10424
8944 5835 8917 9771 329 4406
8945 4738 5764 4041 2122 505 6105 1579 1580 7641 1111 5800 988 281 952 7310 5017 3931 2924 3847 5022 1461 3166 1522 3105 5020 5018 5019 991 993 3343 989 7846 5021 578 2752 4050 3932 4269 1567 1870 4277 4003 2484 9525 7769 718 690 594 5933 683 6444 9838 6418 960 6872 1113 2147 9702
8946 2488 11014 303 1358 3254
8947 1775 10906 3194 1057 132 5848 4717 1056 6555 2165
8948 9172 1718 1398 10250 5305
8949 4250 517 2544 5480 411
8950 349 5113 5168 2013 5911 2884 769 99 1057 9287 10205 446 3486 1197 2190
8951 9792 901 3007 609 1602 11570
8952 4339 10235 8760 1523 5770
8953 2311 8194 1352 2510 607 949 3665 2709 1003 4676 5324 3587 188
8954 434 709 4945 5052 1183 3453 11009
8955 4330 1603 1366 1923 7178
8956 845 5202 444 4368 123
8957 4185 983 3467 2312 9558
8958 4309 6880 4750 795 169 529 1249 533
8959 10746 481 9785 7274 5951
8960 3 934 4294 517 2467 173 319 3732 7510 5528 7892 8600 10964 1599 846 1709
8961 5694 4592 481 7225 3462
8962 737 916 2232 11156 1240 1242 621 1561 11056 1033 2780
8963 3395 1840 2244 6490 4902 1109 6482
8964 1918 916 10447 1962 315 2553
8965 1605 610 2458 3466 3311
8966 225 11365 3949 2637 2238
8967 2620 3738 1583 10825 4825 5052 4529 9939 5302 2903 2993 4605
8968 5636 7361 230 7521 5112 8614 7517 650 2452
8969 8525 2820 896 9967 8540 5257
8970 6976 976 9686 256 889 980 5408 5764 4908 7083 5429 1231 3116 259 9805 1564 4650 6244 1317 7814 6739 8599 2692 9142 1522 5011 5720 2141 5934
8971 6550 3782 1730 1530 4495 3632 1113
8972 1126 4697 3471 1470 6125 7423 8929 4116 8046 790
8973 1535 6211 10457 3616 6992
8974 2408 3532 857 248 5764 2581 4948
8975 10273 1741 4031 3064 3063
8976 871 7547 3279 248 9604 3041
8977 3051 4901 10003 14 1100 1091 4132 4900 9980 1101 9006 2904 5731 4807 7135 10844 4283
8978 9494 4053 8748 11059 2675 2791 9687 1307
8979 7482 9833 8688 750 11362
8980 11568 2359 5511 5649 3426 4276 4572
8981 3933 388 287 1763 1531 628 1556 1113 9731 2872 6063 961
8982 1654 4172 1551 10848 1872 10649 1292 11086 1834 2110
8983 8259 667 7871 151 771
8984 3226 764 2581 3228 5643
8985 3226 7510 9003 6631 2621 9934 292
8986 970 936 530 86 1357
8987 1409 7255 7587 5924 169 3348 5075 4886 247 4079 553 696 2582
8988 1748 92 4733 4591 6330 3183 758
8989 2022 6828 7685 609 10386
8990 11608 1718 1721 105 9171
8991 10638 386 8324 5129 9583
8992 8306 9729 6861 5299 11265
8993 6033 3936 3170 762 3998 852
8994 6946 1801 5758 37 4896 9506 3583 11193
8995 4240 9801 8226 9072 2040 2901 6540 264 5950 6351 4828 8629 4385 3654 8706 4912 5545 4845 158 3085 374 4898 1102 8640 394 1811 6281 2900 11347 3176 10591 3542 4665 3653 1107 6487 3655 1103 4440 3019 5197 315 9143 8067 8638 8656 6405 337 21 7462 3229
8996 1293 11581 10231 8262 4880
8997 11607 9170 2157 384 6295
8998 292 8167 1223 9977 2463
8999 4 2014 1196 9103 3915
9000 9857 10189 4756 11494 547
9001 11090 3637 5072 2770 2828
9002 9001 1375 8845 4215 2974 1006
9003 374 1661 777 370 2621 5123
9004 2482 8106 9745 38 3379 6090 9869 10504 11320
9005 5176 4410 4621 1321 79
9006 9812 5613 61 1366 60 4290
9007 4331 10328 8796 10678 7266
9008 11577 1317 6382 5450 3496 468
9009 4328 8170 3388 3633 2015
9010 444 6773 4580 1854 11382
9011 2885 1883 4515 9164 9390 4051
9012 11435 5240 4587 4601 2975 4600 4602 11391 9713 9715 7358 4072 110 4809 4810 9714 9858 4875 7829 4605 7131 6089 1741 10150 7827 4915 11108 9874 3079 11624
9013 435 3293 7586 9525 3255
9014 3012 4440 5491 6955 3723 1499 11376 393 6579 1526
9015 1961 5063 481 338 9649
9016 8605 3366 3646 4321 10371
9017 7733 2429 7766 3338 2234 5404 2287 4161 1518 680 5011 268 6014 11625 1358 5103
9018 781 6474 5929 3663 2222 360 1644 5381
9019 8479 2530 1497 1731 1549
9020 1255 7871 8169 9687 3636 260 4001 3203 1014 3113 6869 3409 3411 3691 5288 4768 708 3930 2874 4273 9497
9021 3163 768 6020 3280 1500 1355 4177 8300
9022 1289 320 3437 9819 2111 9650
9023 2997 2649 8775 11534 3787 10071 8213 11626 2396 4880 1148 11413 2499 11627 3460 7903 8869 11503 2530
9024 795 148 244 825 9689
9025 8385 6128 3705 5169 2190
9026 1052 11613 1267 67 121
9027 1748 5042 132 303 3841
9028 9718 3508 1334 6139 3845 5251 1967
9029 8941 3601 8651 5961 460
9030 10851 3026 9765 737 4714 11628
9031 10412 6277 104 10413 9777 9338
9032 3529 2723 4511 905 4470
9033 224 7200 8964 6588 1296 4891 9965 8274
9034 812 9666 5288 4002 2630 460 5987 4091
9035 932 1886 404 9950 435 443
9036 4511 1531 4470 5812 629 7622 2212 310
9037 350 1156 4747 5718 4870
9038 2849 482 715 1821 736 2343
9039 8694 8868 8354 10299 1460 10692
9040 4766 11629 3680 10654 808 1947 2275 7776
9041 210 8538 783 11236 5098 9864
9042 10289 3997 372 659 7478 2778 3130
9043 5514 9419 67 8997 6636
9044 1504 4511 850 676 5401 921
9045 9545 351 1727 81 11508 4562 583
9046 3334 3704 10176 11164 1454
9047 1854 3351 9886 9456 389
9048 3752 3705 5169 10512 3963 3254 4422 2323 5483 2180 9825
9049 488 5192 9317 3702 7514
9050 10951 5292 10468 9907 6444
9051 4800 99 343 8424 7252 105 2238 602 7180 2526 4080 6516 5391 8673 1279 666 6221 4374 1004 7963 6334 11345 4373 2161 2963 319 3164 1167 4637
9052 1201 7236 4642 5956 881 481 1947 7154
9053 6690 6823 8710 9120 7711
9054 4166 676 4929 322 947 748 162 443 5450 9196 6682 3866 4091
9055 869 1198 6308 4298 213
9056 8284 8283 11480 8286 9377 9378
9057 10613 4326 7248 8618 4387 9708 8167 1461 1460 11150
9058 2764 3235 585 8978 7358
9059 785 1342 4883 8193 10172 11630 3295 846 4884 1919 20 7353 2907 7405 3890 1553 1811 9119 1247
9060 257 186 5523 2360 1070 946
9061 11191 481 6602 2780 2791 5502
9062 8893 408 1105 6128 1163
9063 2037 370 1165 3708 6253 4159 2065
9064 8634 25 9818 4233 6503
9065 2591 4309 3979 5264 1637 6651
9066 11507 4518 4519 6716 2258
9067 5726 10217 737 10496 845
9068 1175 1176 1177 1178 1179 7557 5734
9069 5171 4395 2051 4471 5890 5574 4929 2868 1562 6670 3291 6985 3338 626 715 4501 10856 7697 4067 6465 7420 7865 5289 4031 4435 6261 269 303 389 997 6103 3425 7177
9070 10410 7079 10434 11609 99 5170
9071 2484 5229 11103 10193 839
9072 2177 4807 7135 10583 3887 7554
9073 4903 4904 3194 8491 7952
9074 4998 3143 301 4142 6512 2588
9075 486 3998 61 10306 8341
9076 3813 1147 2065 3812 801 1638 5498
9077 1032 6204 3996 4104 7078 296
9078 352 1955 6414 4171 1551 6759 838
9079 2212 173 1033 1756 7903
9080 1184 5871 350 1156 6872
9081 6614 2073 6363 1184 5528 7409 5924
9082 6903 1718 2446 5710 7029 97 652 9140 4821 1229
9083 2911 896 7078 2079 637
9084 3162 2735 5320 10876 6835 6744
9085 1067 500 1237 5193 3011 1240 2399
9086 8106 897 2708 8340 3316
9087 666 6246 9225 6297 6110 184 9049
9088 1429 163 9918 2703 9723 144 1925 4187
9089 3079 6338 6340 5573 4808
9090 328 4555 6419 353 4303 10111 11155 11554
9091 9802 9803 5090 81 148 1005 846 4140 1880 3866 5125 9035
9092 5958 368 3680 2502 9097 3297 8622
9093 11631 1575 8172 2241 3884
9094 2301 10661 9213 5945 758 11360 7383 5897 10522 1197 1225 6217 9558
9095 803 1529 2501 8647 3933 5528
9096 4380 666 2725 2868 4343 1601 10088 1257 2065 691
9097 5170 1865 5316 6758 5263 10559 5315 6468 4181 4179 10035 3452 7281 379 407 9979 3993 5404
9098 1854 6184 6183 5893 4840 4360 5160 4463 2190 3704 3423 3961 3904 3983 5483 4420 4363 6451 4444 3254
9099 3664 6773 230 2312 10206 11632 6993
9100 645 8003 803 2432 8729 1964
9101 4673 7726 5536 1216 2488
9102 6700 6806 8431 9998 7621 2606 25 9548 8083 6916 6965 8610 11633
9103 5709 81 4198 676 4671 4610 1166 442 4567
9104 4259 3578 10026 3337 715 265 3927 2745 426 1238 1111 267 1647 7709 3106 362 853 5282
9105 7326 11634 10402 346 8917
9106 1809 2593 1550 5565 11068 4830 9836 7030 8075
9107 6099 8209 737 845 1444 11593
9108 7202 6882 11635 4121 2116
9109 2074 3255 2163 674 3290 823
9110 6950 147 4515 2316 4790
9111 369 38 3546 11015 5878
9112 1406 1407 3532 85 1844 6545 2653 3614 97
9113 5260 2501 5108 2505 3185 5422 1143 2727 2733 802 7002 8640 1342 2767 785 577
9114 8661 3205 1406 1410 9310 4641
9115 10869 11002 2563 5462 1326
9116 8324 6332 7141 6231 120 787 8694 2586 4517
9117 5039 1637 3686 82 697 1665
9118 3680 9845 1355 2598 451
9119 247 3413 1045 446 2065
9120 8929 4148 7524 4523 5553 3156 11422 61
9121 774 2978 8072 7780 3664
9122 122 9044 6499 11485 9724
9123 4634 2115 2822 4635 3834 8657
9124 2763 345 2504 1401 514 1307
9125 715 6722 8109 5452 7652 4704 4708 4706
9126 2085 145 3866 3337 7382
9127 8305 130 2 11636 1734 4161
9128 1639 256 4738 4041 6056 1761 2343 7215 2141 5993 3422 6872 4741 8597 10398
9129 1276 883 7183 1879 4511 5112 1472 9270 10968
9130 161 11637 2536 1204 1110 3158 4191 2947 783 2332 3443 326 379 1477
9131 655 2504 10561 7669 6878
9132 9689 938 1330 3280 9703
9133 1523 10717 2062 1301 8089
9134 6828 298 4551 325 1792 5119 182 4948 6960
9135 5178 8972 495 499 3552 2545 2871 4662 4052 6249 3555
9136 465 794 803 2849 1465 481 81 2212
9137 8419 1502 8539 2835 7669 1661 5582 4750 3161 6650 1646 1113 4240 10478
9138 8745 4175 8185 3562 4206
9139 7741 6623 2649 4050 4108 5890
9140 496 6738 2394 7813 832 4000 5101 5287 2747 5228 691 6934 1645 3165 364 924 5106 5407 6061 6062 271
9141 1701 3181 2807 8225 1032
9142 557 558 5148 5149 5150 7123 3441
9143 7330 5579 10552 2563 7873 4087 7809 1549 356 10152 6942 6772 3064 397 1857 5732 7212
9144 5536 823 1549 2588 176
9145 8413 7671 9939 10843 3798
9146 2435 4222 1538 5900 4511
9147 2275 1816 1287 5134 5723 8481 2636 3134 2810
9148 9231 9232 9334 4024 7019
9149 5811 4183 609 2581 5949 9046 303 1076
9150 1756 2720 7592 1513 8266
9151 3408 7110 2499 9172 8783 9938
9152 5402 1047 1635 10193 1362
9153 1204 2015 2229 84 2307
9154 1792 6592 9738 4951 5879 10346 2469 8880 7285 1729
9155 2076 528 6054 3215 3895
9156 7202 8763 1550 666 10152 2471
9157 1767 3455 216 9346 10798
9158 1165 417 6206 92 10702
9159 519 4495 576 4511 2602 1761
9160 2605 3140 6039 6688 2384 10793 8828 8829 4427 1929
9161 117 5686 7671 1425 10527 2049 4210
9162 2451 5306 6175 5965 832 3863
9163 6455 4430 1301 7061 1854 99 4463 5893 8985 4780 6651 5615 3605 4428 8330 11255 4363
9164 6605 3290 444 9118 672
9165 79 244 1335 11219 5362
9166 3705 5796 6692 2190 10355 2189
9167 10283 4813 11555 1251 11000
9168 2659 8931 2637 4865 210 7441 11216
9169 1920 709 8904 6353 9584
9170 11638 7859 7856 7857 11610 7858 2254 753 1491 2501 1489 161 552 10014 8279 5540 749 10725 327 5543 9237 8282 1180 6569 3065 2424 10129 394 4447 7872 5901 1488 3127 3128 10820 7
9171 1078 794 7712 82 8247 783 6558 3094
9172 3014 1718 1435 495 2127 5197
9173 672 2165 670 4073 6238 2454
9174 1931 106 11492 10547 10226
9175 2637 5413 7237 7915 279
9176 7880 530 3732 2028 9035
9177 3847 3473 11218 11083 2454 10802 7512
9178 7348 2540 560 3313 162
9179 1414 723 10474 1165 8423
9180 6187 11102 11639 5266 7062 3996
9181 8848 7346 7768 6868 3556
9182 2604 2460 6144 1349 3467 2311
9183 1140 3255 2065 3504 7234
9184 7783 715 1811 778 3548 4675 1531 628 3631
9185 10174 4559 1032 5699 4028 5730
9186 5095 7708 4730 6254 3322 448
9187 3804 8738 10593 8129 3508
9188 1460 2 1807 149 6073 354 3280 1046 2518 5362 4211
9189 5774 562 6216 2920 1723 3546 3192 5878
9190 8591 3934 3866 11306 6160
9191 7133 8428 2645 3311 3313
9192 1164 11092 457 7802 11575 346
9193 7636 23 7910 5543 9049
9194 757 7107 7228 1258 4045
9195 1408 92 1661 148 4937 2734
9196 150 2661 10056 6603 4586
9197 3753 2322 9355 2499 303 5963 4444 1056
9198 4560 6772 6380 7785 1819
9199 3915 2111 3102 6934 3418 8275 364 6417
9200 11600 9051 4517 7264 6660 6011 10691 5634 783 4906
9201 6324 6755 6588 166 3305
9202 351 132 9835 938 8257 10355 2563 10650 2005 3307 1959 5732 779
9203 3780 10053 10842 9799 6016 2488
9204 938 9707 11010 6425 2881 1846
9205 7209 7207 6361 9349 6000 8979
9206 1294 2571 2869 6323 3600
9207 1523 10407 3680 6821 4130 4685 10571
9208 391 7613 8835 4802 1882 1883 1884 6802
9209 2355 2301 3369 6440 3567
9210 9911 4310 1513 6265 9156 2234
9211 5794 11242 706 2097 703 8101 7481 1813
9212 7392 871 372 85 6805 1807 6162 1583
9213 6532 7170 5014 6596 6533
9214 2560 9090 2616 211 8730
9215 1794 7307 10488 709 820 785 3054 2201 4142 6842 4083 8905 3038
9216 9015 2204 5289 5382 7454
9217 3201 5227 2395 2168 186 272 9320 7446 2900 677 3588 678 4161 1519 5626 1568 2806 3420 7642 269 2756 1243 1245 6062 4091 3555 6596
9218 4156 11565 335 871 6805 6931
9219 6256 676 7355 2235 6618 3824 6129
9220 11473 1610 4131 1107 1841 7134 7242 5206 10751 3887 7462 7424 2704 4898 9973 1097
9221 2224 5442 236 6236 814 343 1613
9222 3980 8426 3984 8696 1892 3989 3975 4443 3981 5894 3979 9400 9916
9223 2071 2571 8622 2615 10289 10637
9224 9900 8072 6059 7349 11509 3801 11640 8524 293
9225 3636 10452 4926 4232 1168 6852 505 1166 1164 8228 3951
9226 668 4863 1553 10362 7006 1087 753 702
9227 4237 257 2120 4259 2431 3338 3925 1562 5375 7987 920 3164 3408 4399 6078 2396 3101 2288 1516 1067 4081 945 4047 1923 10995 8684 4161 1518 680 1569 3696 4300 5456 9688
9228 846 9728 1960 3609 1727
9229 5260 2657 2663 7897 3000 2758
9230 1795 4980 4570 4184 3163 598
9231 4219 2735 148 6158 8893 3694
9232 9699 9697 3528 7928 6088 10975 6907 9904 2962 3084 10798 10023 4997
9233 379 920 3101 2171 1519 144 282 5907 5407 5935 271
9234 2408 6025 379 3884 3556 946 7854 2170 739 1072 4774
9235 6556 1329 1208 4104 5049 1231 2044
9236 187 8634 5745 11201 2474
9237 1619 432 3562 7441 2544 2090 10945 5773
9238 8251 7032 11538 2398 6681 7757
9239 610 965 1482 3348 5675
9240 8215 444 1193 9670 1626 10857
9241 912 7164 11523 889 3638 5611 2168 1066 3038 2433 186 25 278 3924 3203 5356 3556 4286 1168 6591 2746 6852 609 2111 5228 6101 1041 1646 3582 1645 4654 4270 8828 1520 4731 5230 2926 9525 4505 2142 2143 2600 4338 4168 4074 284 2878 9568 10398
9242 10264 3608 7612 8558 9045 11641 10083 4198 2163 6390 1800
9243 8262 6749 2660 1745 7607 99 1609 1033 303 5963 9177 7080
9244 3947 1408 3081 34 11642 2159 2604 486 1346
9245 4083 11639 9456 8820 7486 594
9246 5961 8124 569 3408 10414 10481
9247 3979 3704 8167 6451 3967 1891 8305 10886 4421 753 11536 3442 343 3589 1301 10350
9248 5799 9650 1807 4515 2295 5220
9249 469 5837 1286 1775 3124
9250 7311 1879 8683 10433 11279
9251 327 1007 10291 6051 2479
9252 8842 5758 1955 3828 2311 9167 11092
9253 1641 3405 2173 4460 6375 1053 1387 2751 9495 3423
9254 3257 2600 2259 9541 9025 851 4918
9255 2739 8936 8213 7496 775 2105
9256 4236 872 932 1599 10760
9257 1201 6040 478 11643 10230 227 3260 7593 2420 514
9258 3773 1265 5826 2900 144
9259 9582 5884 9901 5885 9583 3033 9024
9260 4023 2223 10887 627 21
9261 1882 5441 8694 146 2482 5768 1505 1204 874
9262 2911 7484 1744 5656 1032 632 2820 7262 1718 2696 2261 2996 3086 2993
9263 2190 4432 5169 2322 10860 7051 2013 2192 10176
9264 2452 7221 1908 4414 11644 7892
9265 9391 6694 6567 2331 8191 7410 3810
9266 6470 3331 3778 3786 5422 1576
9267 4766 525 10253 3144 10868
9268 785 2763 4551 8905 10864 5444 5525 5363
9269 803 79 3244 2907 799 1811 207 10103 8470 1500
9270 6731 9176 3140 6654 8778 8340 5348 1549 99 6993 5878 2191 11572 3142 4214 8396 5557 5255 10386 25 11645 8173 11110 9599 2857 8829 2384 3513 5493 6691 4196
9271 212 5712 3675 9972 753
9272 9013 1661 715 10199 9392 182 9141
9273 2660 5918 4647 2184 2185 1301 1716 10097 9837 9447 5172 2446 2533 4231 6610 4430 11646 303 5272 891 1609
9274 2165 670 10007 8669 8073
9275 2427 6976 1287 10199 77 6199 8354 3783 1531 1725 523 2058
9276 11482 7893 1193 1661 2271 2808 274 2536
9277 4332 984 2430 145 2506 7918 3618 5631 2434 2743 5967 6079 1895 2086 5101 7369 2132 7282 593 6108 6246 7367 1111 266 681 682 1648 7374 5229 5230 6872 3115 1486 511
9278 6157 11230 609 5582 7442 11057
9279 344 2238 9947 9172 7989 5378 8365
9280 10984 3289 1800 2065 5653 7233 3195 2027
9281 7309 2210 7369 4670 6163
9282 338 301 983 2542 11647 10448
9283 9827 8106 773 10528 3821
9284 666 1251 2907 3934 5176
9285 102 2503 5639 4138 288 6748
9286 7084 5764 7083 4230 2044 4260 1269 6266 4929 422 1071 7550 6779 1073 5619 9141 7417 1515 5288 3690 2871 2866 2122 6101 5382 952 3168 5171 955 2756 2927 4052
9287 177 1903 2725 1607 4222 2518 11600
9288 351 1132 787 4887 2161 4406 5190
9289 3389 9416 10486 2816 1044 1607 4830 2975 452 1504 8534 9511 5303 3388 11056
9290 10574 6975 1318 9471 4022 2944 621
9291 4381 1798 1352 4886 97
9292 2494 6096 626 4375 3395 7240 296
9293 11138 812 5086 6622 2867 4259 356 4260 280 4045 4909 8360 6079 5100 537 359 10315 1073 2871 1240 5010 1581 1312 4654 1388 1522 990 2484 4277 5022 1075 3166 993 4003 5012 5021 2752 3169
9294 3857 609 2697 832 2126
9295 3215 709 10247 7025 3536
9296 351 777 6621 1742 2084 10056
9297 11154 19 3705 7741 6284
9298 4590 947 1013 4027 1702
9299 44 8659 6756 6757 47 2054 11344
9300 2563 2907 3309 7023 3575 752 8470 6236
9301 4722 99 11648 5270 1701 1926 240 3704 11376
9302 3089 8293 10561 551 5219 582 3305 3877
9303 2907 605 5393 1666 7163 6190 5578
9304 437 7349 4175 4924 5917
9305 2301 7690 8878 5859 336
9306 4899 2177 1108 1092 3715 65 4902 734 7261
9307 3770 6492 2535 2414 2700 2250 1840 4902 1109 5295 7134 7242 8238
9308 3606 7898 11139 3419 10985 10432
9309 10800 3647 8679 2065 5195 1870 1230
9310 2487 2064 9752 9755 2264 1258
9311 2117 3856 6645 3834 3953
9312 7330 10791 3280 7483 6577
9313 440 10963 822 1355 3227 10075 3505
9314 1742 9556 4035 5459 2095 9171 5100
9315 1180 394 2595 2137 25 5176 672 3041 281 92 921 2454 595 4620
9316 1035 10669 9048 7580 7581 9079 21
9317 7646 8702 2999 11246 11488 6218
9318 6768 8576 2380 927 4597 6653
9319 8489 9327 2327 9870 116 8091
9320 7619 4093 3351 10047 9097
9321 428 1355 1479 2929 8211 169 6247
9322 10467 10291 325 3842 3746 7564 2469 8295 7373
9323 6713 1718 2446 5056 7000 2816 7061
9324 99 1852 2660 7832 1884
9325 11098 7665 220 6796 230 224 7113 7521 225 226 231 808 1947 6632 4747 7645
9326 1589 3885 3270 2803 8157
9327 8076 5348 5389 10353 6998 7416
9328 4041 7901 6056 2122 356 4233 2433 2125 3688 1069 1510 2821 6471 11649 585 8810 7448 832 3556 1514 7282 3502 3588 2645 5382 2136 4161 953 578 1909 9553 5937 9531
9329 303 388 701 7275 389 390 393
9330 2223 1052 1343 4297 8667
9331 4198 1224 1453 1582 565
9332 6538 11201 52 354 327 6321 1260 7401
9333 8664 6621 7874 394 1731
9334 1712 1713 743 5258 1210
9335 7646 23 4849 662 667 11650
9336 336 4987 10168 10169 10170 4997
9337 7658 5126 3427 5127 10641 1386 7242
9338 5084 11651 8266 8074 5751 5765 5085 1571
9339 981 500 5561 4662 4775
9340 3201 259 144 11414 9320 3102 5652 689 1870 5022
9341 7689 609 1640 2666 303
9342 9117 1726 155 6459 972
9343 8794 4196 792 8829 8961 1972 2857 2688 1721 3512 6689
9344 8106 9435 1803 4641 1496
9345 7392 757 2502 656 7260 244 5335 6983
9346 7307 6847 1001 8457 1673 317 5565 753 758 6745
9347 1002 3498 1905 3744 1473
9348 6262 4392 5258 8436 3824 10435 7808 4100
9349 9577 2590 1530 9943 1531 1556 577
9350 10866 430 582 10114 3866
9351 2458 9458 2510 1970 207 5362 6222 173 188 5728 870
9352 8461 325 701 11652 198 11237
9353 3037 2505 4231 4044 1563 832 4000 2173 7417 7282 2309 3588 6247 3582 2806 4051 11210 740 1651 4168 6110
9354 344 2044 11608 5704 4568 10137 394
9355 9777 8892 10254 11493 7763 4873 8281 104
9356 656 6464 5677 971 7114 8333
9357 3546 488 5448 367 11623
9358 3983 1450 5262 1852 10032
9359 4339 1298 4973 1614 1617 4163 2623 4928 10410
9360 5480 4127 432 7322 3469
9361 5347 2341 7373 7654 6065 2012 6426 3210 1888 1123 8034
9362 6964 2065 974 1132 11087
9363 246 3297 5600 2457 6609 349 3490 166 9775 5700 3298 2574 5815 898 11388 8118 6713 3299
9364 3639 8941 1582 2110 1089
9365 982 5094 11166 4600 10189 112
9366 4463 4421 4104 4424 6288
9367 3743 3842 3998 3836 217 1485 5524 8895 1600
9368 8584 10337 10338 7091 10226
9369 10294 1052 2094 8251 2458 10707
9370 5203 6898 81 757 6329
9371 1742 609 6609 4274 2697
9372 3525 8848 1600 1944 177
9373 8972 8360 1236 442 5008 1382 7536 5404 5007 3518 6594 3915 3342 5106 7642 1912 7381 6061
9374 5677 11105 2238 2239 833
9375 1603 9070 10365 8847 3582
9376 10722 7965 73 554 619 8912
9377 5002 7445 6149 10580 379 1896 6128 1691 4828
9378 255 889 2299 9700 812 1308 263 5550 4045 442 1265 2248 1382 5931 678 1518 952 5654 3343 7310 1573 5987
9379 1077 2506 2507 286 5113 6895 785 784 128
9380 438 1057 7748 3215 2889
9381 1998 4499 4776 6478 7235 4234 4880 9985
9382 7743 9449 602 753 8192 2595 2596 8721 10799 1661 530 4918 1907 5113
9383 11582 3218 329 1560 1819 786 3343
9384 899 2327 1718 99 6183 5483 1301 8331 6860 8332
9385 2917 5196 785 1550 1629 5690 10977 8258 11653 2222 2708
9386 1175 1176 1177 1178 1179
9387 11540 1598 10043 2657 871
9388 4546 7023 10009 303 4128 2684
9389 3898 5421 5417 2728 1634 4761 5688 4886 7630 10277 4379 7350 5926
9390 3756 3471 1078 131 11159 6018 9974 667 9098
9391 225 8442 4253 9805 2124 7434 2021 611 1896 6247 144 9495 7626 1653
9392 4541 8293 6549 189 9342 311 1337 2821 1909 1691 6635 11293 6744
9393 1461 9883 10537 7412 3937 2037 1089 9299 1120 11190 8640 1375 6049 852 2489
9394 832 97 4315 5328 8194 2069 11050 1244 6132 6240 8130
9395 2005 35 10546 9641 8098 1189 2044 3271 1802 2364
9396 2977 9096 9323 2976 10382 6495 7397 3012
9397 436 161 10377 4000 2341 6429
9398 1132 177 5337 2482 2544
9399 794 795 2536 1133 874 360 1776 4506 5975 3295 8859 1800 169 2563 1207 9712
9400 889 3806 1563 2742 2170 5967 8192 2929 7314 4266 6779 670 832 3228 1923 27
9401 1802 1918 1046 11321 1913 3835 3318
9402 697 5723 9304 4289 2321 21
9403 3007 4631 11654 3370 8088
9404 10853 481 1407 2933 6377 2388 4907 4502
9405 1204 965 2653 11650 7765 2369 7531
9406 3 4 1629 4446 4520 1594
9407 932 5529 8647 2425 79 4474
9408 3244 799 701 7841 1355
9409 9922 4877 6726 3855 737 4523 10377 5843 1275
9410 3496 286 2160 1060 1481 2741 2216 10509
9411 486 4117 3697 718 5516
9412 2740 1193 6436 5581 9416 142 3290 3291 7107 2388
9413 367 2353 7457 9644 4674 230 225 11482 4243 11530 2472 3029 4538 1965 6635 10266 632 2825
9414 3291 4043 505 1579 1580 7641 1312 1074 1387 5016 4775 1388 1522 5017 3166 5021 993 4879 4269 991 1567 3847 5834 740
9415 3186 3291 3921 2123 2740 3408 6852 2900 3690 3691 6909 1898 708 922 3916 4660 572 6291 2141 2148 285
9416 4589 6705 446 661 9360
9417 6464 258 435 1867 3827 823 7246 4314 97 5009 593 5651 462 6032 266 4772 1763 2136 988 2924 4773 579 8111 5570 5019 5017 3342 3468 8521 3105 5020 6904 2144 2145 1907 4741
9418 1416 1418 1369 2645 8069
9419 372 936 2371 1959 7478
9420 855 1330 7914 4792 4918
9421 1292 255 9683 5574 889 886 3037 9503 736 353 3055 3561 5274 2282 5091 9476 5356 2343 2234 5535 6779 7417 2584 459 593 2747 4049 5010 2750 7815 6028 8625 4176 2141 5987
9422 2604 9358 1741 6328 8452
9423 3012 1835 8642 5167 3532 11247 686
9424 432 3366 966 169 7186 6819 1042
9425 3286 8371 4948 10407 128 296 3955
9426 11028 8087 4426 5163 11296 2189 3334 11029 2322 2180 1854 166 3253 3974 5485 3976 5260 2186 7051 4724
9427 5235 6221 132 1360 4945
9428 3255 2308 2225 832 2229
9429 4224 1796 8646 3951 303 7021 10479 8882 529 11587 3269
9430 3 4571 528 4 6416 6505
9431 1701 5163 11655 8697 10424
9432 79 1143 5220 3812 570 3679
9433 4462 1026 3238 1046 7818 1600 1273 11359 2339 1393 5684 6038 6676 96 7133 10921
9434 5442 2537 8008 5642 1 5475 2159
9435 8602 6134 9535 9583 6828 345 4446 86 4189 1005 1048 3868 7699 6644
9436 7184 6460 2044 8469 11574
9437 3952 4290 8720 1196 4540
9438 11656 145 1802 3955 3564
9439 9343 4196 4425 8829 3512 3695
9440 8338 2944 847 1032 1078 3438 4036 10002 2911 1036
9441 6790 6525 1180 394 5564 1662
9442 3715 8738 1107 264 1108 1260 2627 9136 733
9443 823 136 9393 4086 5717 2212 9711 2916 2204 9035 752 260 4385 7292 1052 5449 1357 1558 8604 1139 5480 141 1437 5923 291 188 4609 9183 6555 6962 5093
9444 873 1670 7337 509 1690 7341 273
9445 4116 4027 785 4891 2355 6362 55 198 255 3330 562 5448 9338 6828 102 114 3336 358 1237 3406 2170 739 2130 3113 10894 5446 477 11657 1312 7989 6060 1075 5011 7852 8123 1399 4279 5561 4017 714 9401 365
9446 432 8835 3504 1703 2454
9447 9687 1562 5227 280 7987 1519 10241 3554 2925 5103 1574
9448 1801 2942 1798 3235 1769 615
9449 7633 1520 6137 4708 8220 4918 4706 8311 4930 371 1000 4707 5132
9450 9687 4929 1236 6936 5100 2173 2091
9451 444 1811 292 1812 2931 6238 10352
9452 1001 787 6248 1603 10209
9453 5386 980 2505 3618 2431 2433 1563 1643 1565 10052 5985 498 2109 677 5382 443 4656 3912 4657 4775 9196 269 282 10725 924 960 4074 9568 271
9454 7102 2180 99 1609 6718
9455 10731 3337 7483 5384 2598
9456 10380 3963 5893 303 8562 11376
9457 1194 7967 969 1217 5970
9458 1870 666 2065 1718 2044 1033 8783
9459 1344 11112 6072 1629 2590 2594 7315
9460 10006 486 487 8324 1599 1032 3666
9461 3279 9968 8289 9755 3019 10190
9462 659 1742 5627 10801 753 755 11658
9463 2235 2090 2950 758 4287 21 89
9464 2915 6668 7017 2015 1930 6925
9465 6033 5845 11659 4360 4460
9466 394 123 5235 659 3901 5700 5460 5600
9467 8820 9042 10692 5567 1705
9468 596 8751 2850 11418 8631
9469 3073 11062 1637 2482 11055
9470 684 2714 9591 5519 2946
9471 1951 8611 667 4904 6236 9311 1332
9472 10933 155 768 2301 450 6380 3749
9473 2611 4392 5258 743 386
9474 292 3295 4339 2671 3359
9475 5002 468 1951 7565 5281 4101 5038
9476 1231 258 6105 2866 3116 420 4046 748 3846 3915 7437 1871 3169
9477 1799 6539 7393 1208 322
9478 9506 9402 3244 9310 94 1801
9479 438 936 81 4542 11501 2111
9480 9096 4104 5813 6340 11223
9481 9405 7866 11125 3644 6263
9482 9586 5751 6770 11556 1934 7942 9588 5860 1933
9483 10117 6415 9220 11539 3546 11298 4612 3550 7799 6498 4050
9484 131 808 882 809 2796 10654 3891 9785 1565
9485 421 4896 609 2229 2607
9486 10686 1803 659 3349 8315 11320 6299
9487 10554 7343 3995 3002 4417
9488 537 2482 9733 628 10886 2694
9489 1900 657 10586 6199 7003 6923
9490 1761 806 446 6931 1908 1158 3725 6991
9491 932 2907 2908 912 79 2790 4817 293 7161 472 8833 9118 2629 1871
9492 10372 5336 3887 7425 5554
9493 206 5379 4178 7554 2705
9494 11130 5417 413 7707 4504 5496 8130 6854
9495 3622 1304 3729 6779 4050 6781
9496 3388 7014 287 2893 4830 166 9395 4086 3063
9497 780 1796 10250 5801 3366 2460 7115
9498 889 415 5168 3866 97 920 3341 1646 4731 2926 683 3043 4090 6596 8855
9499 2832 1563 1437 486 11660 3941
9500 4216 5349 9091 1526 9834
9501 3134 8779 872 374 10088 3187
9502 2715 7271 5382 854 6624
9503 1676 675 3688 3204 4286 6852 6591 2171 2131 1579 1580 3101 2748 3582 4771 5019 2138
9504 2562 5949 130 1452 8381 1833 6170 205 8327 3085 10277 8082 2073
9505 417 1084 666 3401 974 6100 374 11097 3123
9506 7554 7424 9027 11268 11661
9507 9473 785 1342 7116 1870
9508 2637 1605 11613 1188 105
9509 8806 7784 2993 6209 4345
9510 7147 6332 1886 3463 1584
9511 11120 7826 7576 2189 11026
9512 10352 1132 2161 9585 1870 7789 1726
9513 3535 10644 5024 302 4427 268 3168 1929 1651 4077 3425
9514 4401 2653 760 3936 6439
9515 10019 2588 785 7924 136 9489
9516 90 7220 1613 2165 670 4073 9892 2579 672 6238 2454
9517 7788 6853 10625 11270 2977 2355 4563 4306 2085 10770 6718 7104 1499 3457 7580 11518 6990 9919 1541 7703
9518 10532 4223 5452 786 8667 9092 3918
9519 6808 7112 1775 1748 4140 10509 9376
9520 2504 5571 7838 9306 6346 528 8935
9521 5362 4299 4764 3379 6937 1733 5281
9522 3321 481 609 5897 3161 6769 130
9523 10080 3454 1165 2905 5563 3637
9524 10860 3904 4149 3974 3985 8089 8770 3254
9525 947 951 5800 6027 4161 2229 533 1249 4338 853 2149 9531 8855
9526 2051 8253 2431 4082 2079 2992 8525 9441
9527 6419 5283 4827 3925 1644 1776 7641 5287 5752 5382 1518 281 2398 2754 6307 6061 3043 1244
9528 294 519 2448 6962 2733
9529 9292 486 2019 11662 477
9530 1287 7362 1947 351 4027 2311 3496 6586 3330 1775
9531 6384 957 2056 3126 1887
9532 2538 1577 1189 562 8868 2540 560 5454 943 524 5342 10119 887 10633 4932 5123 8252 2520 9148 2830 8740 2065 273 8064 5946 6245 7230 6581 5529 10535 1276 10393 61 8961 10896 9117 11043
9533 871 2571 785 9711 9883 1120 7153 11637 3661
9534 674 7164 465 220 2278 11191 9534
9535 4326 1531 1113 575 8092
9536 6256 7094 1132 2044 628 5262
9537 338 1772 5561 1496 9554 2260
9538 8054 1544 6174 6545 3745
9539 1952 7327 9991 5598 10825 1209 909 5554
9540 6196 2488 6198 1358 11014 11071 8584
9541 6723 11630 126 609 3674
9542 659 313 7353 783 4125 2312 81 6493 1012
9543 367 1856 6333 3569 11348 390
9544 7086 6566 2444 10375 10624
9545 295 99 10154 954 3973 8487 5169 7057 1927 3978
9546 5449 2359 38 1884 2940 7190 7282 3107 6744 10871
9547 4339 2762 2763 7255 345
9548 1132 659 1120 1971 2621 1557 667
9549 7587 4886 6803 122 6862
9550 9852 649 4028 647 2725 3591 5817 3880
9551 5126 3427 5127 8156 10641 9227 4390
9552 230 2447 8438 5696 11476
9553 6896 257 9556 1564 9666 7749 6909 4660 7438
9554 9788 4376 562 5348 8312 1125
9555 3826 941 3180 5563 4961
9556 1775 1558 752 1360 9832
9557 6274 9975 6272 6277 9776 6276 10188 10254
9558 7820 7372 7594 11663 3838
9559 255 1639 886 7084 2044 501 3406 3556 3263 5547 4910 2091 4655 955 5171 1572 8854 740 1651 6064
9560 11369 5056 3561 3728 2149
9561 6208 2955 7885 4275 10693 4673
9562 3874 3116 1867 442 2136 122 960 3043 5987
9563 4142 876 7345 6690 3721
9564 2067 3732 5738 10950 11505 10191 346 8670 341 5155 8630 715 9181 2544 7702 845 1384 8671 8866 7340
9565 6520 7200 8966 86 823 650
9566 5074 8712 5274 945 8684 1567 4775
9567 5149 4944 10243 2189 5163 1301 2190
9568 8065 5160 4432 4019 2499
9569 3970 122 4420 2322 3705
9570 4131 2562 6209 4596 6494 4352 1249 3519 6524 1556 1113 8093 8813 11664
9571 4027 8259 5153 439 225 6253 5154 2319 1677 2446 3817 6836 3005 105 2740
9572 6404 4523 5949 4131 1975 9726 11182 4291 6209 1711
9573 7974 2723 4111 5808 772 3887
9574 1901 11243 5858 5461 7864 6855
9575 11115 2425 9540 11635 10246 6615 6493
9576 4060 3111 7383 3113 10675 6779 2287 683
9577 5940 765 8206 9352 5592 1843
9578 1727 5005 2301 6140 7255
9579 8277 636 130 11107 8285
9580 1756 879 658 481 7149 808 9685 932 11665 4255 2238 11484 7837 11207 5378 1952 10005 3595
9581 259 1867 505 2584 5719 2748 281 6291 1571 579
9582 1879 2167 3685 280 1069 502 4314 2171 3221 8749 5286 2204 680 988 6306 2398 7310 2926 9014 2229 6444 853 284
9583 6793 354 2823 2718 4142
9584 463 6246 4050 1461 5987
9585 4166 11666 254 3502 7181 3919 2645 5380 4091
9586 1868 3102 1249 1871 4234
9587 5616 2190 2322 8562 3605
9588 4142 1811 2964 7613 583 10261 3404 1699 10552 3155 11334 1199 8467 11086 7045 10743 10252 4409 215 8046 2426 6474 10803 4030 588 2524 1848 1414 301 7917 2163 11475 1079 1920 784 782 1002 4027 4101 4515 938 1867 1278 832 341 1970 667 846 374 445 3239 4318 7508 2979 253 6745 7635 1843 6329 1886
9589 338 1772 8246 1718 7369
9590 4312 10953 1365 2040 10500 1107 3715 1105 3791 6489 7462
9591 783 1727 11214 781 2502 1807 9270 1800
9592 5385 8715 2117 722 1087 721 3035 2554 10475
9593 485 2197 44 1592 8660 4936 5917 10491 7218 10416
9594 4973 20 187 10024 3956
9595 3074 3666 9175 9955 11216
9596 234 1156 4747 2271 2275 11581 350 5004 11323
9597 11351 2591 5509 1304 9917 1721 1213 6835 3640 9653 6212 7569 2493 5533
9598 767 2627 1555 6835 1540 5574 9716 4386 1525 919 7470 2048 5672 5535 6679 1253 2989 6256 3789 2177 572 3255 2044 4231 830 3915 303
9599 1506 3831 11641 5823 7931 1507
9600 4065 11075 7247 5890 10178 7130
9601 11139 11458 7321 6917 40
9602 210 1375 1267 1702 7433 807
9603 4529 2627 3725 2027 758 1530
9604 54 7032 92 189 1943 8707 781 9882 2161 8023 6798 2199 10201 34 3957 953
9605 4458 707 10485 5341 9413 606 706 5280
9606 8673 937 3494 11667 3830 8226 10086
9607 7002 4385 7370 315 10687
9608 11105 8946 832 1595 4918
9609 893 11668 2664 6822 2774 7674 5765 6774
9610 7998 2044 2815 1041 4282
9611 4511 374 2665 2980 10382 676 1532 3736
9612 216 11227 4899 3653 3050 1108
9613 10682 930 5434 931 703 304
9614 264 732 4803 9 1421 7462 5072
9615 10515 935 517 4241 3396
9616 6071 1058 1471 395 10803 9007
9617 889 10004 2742 505 3112 2173 426
9618 1301 5615 7944 6453 2183 3022
9619 92 9297 2285 4492 10308 1033 9072 10585
9620 465 8263 370 372 5080 9289 2441 4402 2311
9621 5418 7157 7148 11669 5074 1558 1326 4060 1989 6555 139 5762 2349 1412 2661 143 187 325 4267 2572 2015 2016 1930 4117 9000 3541 331 3226 1835 2916 5487 3640 1775 5574 6305 9272
9622 5615 4360 848 2790 2184 4421 1301 1863
9623 1211 5604 9634 9672 2204
9624 5961 3388 105 4950 7495 1848
9625 1811 189 8811 9995 8235
9626 3496 1376 6365 6208 10487 103 3292 2002 758 733 2249 13
9627 11465 4742 4201 10644 5024
9628 8937 9131 4036 6440 1033
9629 2094 434 10177 2838 1018 3244 2160 1883 1884 1133 10927 1188 401 2468 10264 3877 756 7201 10157 2449 1819
9630 5138 7946 10324 1784 1785 10949 6426 3537 3538 2719 7933
9631 1351 5045 3497 6049 1608 7917 7189 4483 2699
9632 4747 220 7167 6671 9149 6041
9633 4788 8789 10532 2341 3331 2709 432 11577
9634 2623 7162 4584 1309 265 6233
9635 9417 874 6604 6617 1470 11423
9636 1879 255 4929 3336 612
9637 1276 11423 10273 1844 5087 88 639 678 3616 7782 5728
9638 1784 1785 10949 3540 6426 3537
9639 7147 1086 4973 7514 368 3575 5890 6616 2353 7009 1295 8216 4063 943 11030 3891 807 1232 11670 523 3345 1624 4163 1833 8401 4844 5311 3084 6847 9412 6748 9487 2446 1722 10057 6788 10659 9807 11473 632 9667 3287 9813 10932 259 9973 2176 3654 8323 6226 331 193 10058 4131 6320 1837 1092 10859 7326 10825 10402 3770 4899 3789 1107 3715 2901 11602 3788 5127 5295 6540 9045 914 3781 1106 10022 9716 9344 1105 1840 2700 4902 1109 1897 2438 5992 8950 461 5146 10003 4805 761 6489 6490 4803 8998 2108 4807 1625 631 6267 7426 7166 8222 5249
9640 6332 1226 3449 5964 4121 3184 2369
9641 6366 10261 7810 8148 2195 10066 9726 10069 3010 3393
9642 79 432 10774 8977 7478
9643 4430 5963 9846 99 2191 4421 1609 1301 3442 3975
9644 1433 7216 5432 10526 1583 4039 4414
9645 5534 6534 1820 3885 3624 1173
9646 9585 1795 4456 6887 2784
9647 128 6128 4342 7065 2082
9648 1175 1176 7557 7558 1177 1178 1179 5736
9649 389 390 772 9969 303
9650 2918 8991 1207 666 970
9651 79 6846 4295 2609 4392 7583
9652 5171 2666 2499 6180 8425
9653 6167 8460 1443 10159 5879 6094
9654 1742 2472 1482 6175 6848
9655 6453 6454 2191 3707 1890
9656 2828 6303 9737 4752 7118 4996 10861 11619 7833 11193 11661
9657 10765 11440 1473 2260 1474
9658 81 6998 6258 10493 662
9659 10800 3770 11314 1838 4901
9660 6025 7993 2044 10043 1642 1867 5523 5797 5007 5008 2287 6388 6779 3977 4772 1646 267 4113 2138 2140 2139 3473
9661 11355 10550 4697 8031 3352 8033 2350 2351 12 6970 8532
9662 9370 10175 8805 3503 2128 2644 1710 11167 670 2120 4738
9663 1409 1970 783 3368 1589 1005
9664 432 8722 7445 6942 2226
9665 367 4333 10232 10455 10029 6324 1374 7969 10644 4285 1231 2119 514 9700 8993 7501 11145 8154 5847 8890 11170 5964 1589 3572 6100 1012 7848 7667 2979 9451 7232 7101 6838 522 1588 4518 520 10001 1628 6402 8731 3315 11302 8992 1930 10110 488 5168 9019 7778 3770 5059 5091 3399 9600 3652 435 1837 1093 497 2084 5056 1281 2176 1105 2902 3781 2017 8957 2526 8079 4806 10403 8078 2507 10523 4475 1422 264 3471 1106 3789 2177 3050 1690 1420 358 2282 9483 504 3203 254 832 1965 609 2250 7497 1840 2243 2244 273 1145 6972 5789 591 2822 3927 800 3812 3813 8183 10057 11367 2558 8743 6328 922 708 477 7989 509 3576 6116 486 1649 4065 2689 2756 992 718 10391 2595 572 2083 11671 2143 5933 5834 959 6904 960 4280 5305 5455 10632 4168 5934 2146 2148 10398
9666 1756 221 428 10018 2355
9667 6146 10349 10604 5239 3056
9668 4040 5958 8808 1874 1964
9669 1529 1198 482 7223 9460 1502 1462 7401
9670 10761 8932 220 5388 131 11487
9671 7998 8215 1231 10751 9545 5846 1281 1800 8744 5499 573
9672 2835 1206 6138 3941 10271
9673 5390 8729 8989 10535 5191
9674 3150 8866 11416 11417 1370
9675 8267 1032 8413 1301 8268
9676 286 1078 666 4769 6933
9677 8336 9472 1834 7016 3040
9678 8921 1364 11420 1681 10879 4735 10635 3195
9679 2482 9205 795 1955 10107 934 872 3295 972
9680 11134 8293 2518 130 5825 1032 4789 4786 6727 10366
9681 501 7854 11672 949 1939 689 3613 6014 5171
9682 2358 4833 1227 4832 7688 3193
9683 7651 2616 710 5591 10264 2308 7632 2009 2119 2506
9684 3887 7424 4905 6301 7554
9685 1757 9538 1201 1756 808 2714 10389 10248 428 9578
9686 11673 428 166 1296 665 1639 3683
9687 38 39 1529 5123 4299 11547
9688 9395 843 10763 1811 10284 822 3863 1325 2348 5801
9689 224 11140 7521 225 231 1293 232 7593 7113 8554 5754 11436 4491 255 11397 7686 6188 6446 4585 980 9015 3638 3865 3619 6105 9320 6668 4878 2697
9690 5598 9744 3564 3955 9422 9470 4502
9691 9716 2567 1690 127 7003
9692 2456 207 10990 4486 7803
9693 3276 2803 5906 4827 2367 8601 303
9694 10644 303 388 389 7168
9695 5350 2657 6656 9701 2234 7527 5955
9696 7658 1697 7318 1213 1696 9442
9697 11674 8792 8343 4458 304 930 1683
9698 3144 444 10855 7555 6198 6627 8092 3131 8396 9041 5249 7271 8718
9699 6569 4447 3182 1164 1903 379 3109 1002 5676 6805 481 3094 370 350 5508 3743 3085 3842 4882 9505 1531 8043 1555 8131 2537 9363 7799 9979 9504 8841 8585 1635 10033
9700 1099 5059 6491 11473 1104 4899 8092 6320 4133 2903 1108 1097 1092 2178 3887 2704
9701 1090 11016 8743 4708 4706 1125
9702 128 971 6079 3041 9049 11464 7552
9703 133 148 167 967 4707
9704 4102 7751 7957 11355 2562
9705 2637 429 171 10132 7067
9706 4323 6503 1259 5871 7244
9707 9852 709 5587 1577 3756
9708 6669 5533 10315 3480 3481 3597 3598 3482
9709 3462 7396 432 2248 1023 10327
9710 9112 6515 9093 9692 1657 253 975
9711 2271 5134 7362 2275 3217
9712 1811 428 4117 10603 5256 4196 5253
9713 310 10267 1576 5779 2649 679 9779 5494 3701
9714 10022 7968 7701 2512 2594 9257 10299 2518 3158
9715 6319 2157 10713 11280 6821 3001 8449 3074 8907 6822 11459 10622 10716 2774 1631 1632 8529 11471 7685 2776 1434 9746 1180 2961 7792 7675 9594 11552 11521 11472 9071 11640 6670 2664 2971 10926 3528 10719 10540 3636 763 2867 6658 10465 7954 5864 186 11266 8752 11675 10598 7795 7934 2433 10002 7097 6179 10667 10023 5062 2777 10592 263 357 7109 7829 2041 1894 1311 2234 6580 5547 4651 3712 6981 6579 384 5491 6405 9542 8496 5138 4910 3012 2554 8327 6955 9018 1499 9615 7128 1561 8854 7465 5238 7104 1573 7130 7093 2553
9716 5729 10993 10630 10215 3172
9717 2225 9823 2085 9452 4331
9718 10349 8061 2911 2801 8535 1731 8689 9347 1317 7840
9719 8482 7252 6013 3594 1033 703
9720 11676 1662 2586 327 1725
9721 9114 4923 4531 4593 676 6158 6128
9722 166 2861 10937 10129 6966 5030 10908
9723 1037 3470 3708 9316 8461
9724 6350 11350 9281 7418 10020
9725 3622 5764 2121 10427 9237 7790 259 1676 676 356 2430 145 1867 2123 2434 1477 1510 4232 5619 4089 7307 7641 3102 1113 4910 7699 281 7642
9726 10096 4184 3704 4362 2173
9727 1599 10993 11677 2627 5552 4128 5807 6731 11603 2084 1966 851 7973 4918
9728 2396 280 6933 3165 2873
9729 9521 4958 2345 1711 3479 9890
9730 1273 9322 1041 8784 11666 2890 2111
9731 343 3705 488 2653 11575 6679 8637 21 8395 5131 1718 4969 10748 99 10868
9732 11127 5598 5991 772 5250
9733 420 145 7918 2692 5229 998
9734 1316 10236 3805 423 5119 4456 317 6941 4678 6089 1497 11198
9735 8038 2260 10186 5557 11442 6233
9736 10076 10024 7702 2867 3772 1886 4323 1894 5196
9737 6001 9482 11159 6002 7207 5997 7543 8983 2846 7208 6361
9738 465 6564 879 1002 6040 2636 1947 2637 9494 7150 5941 11678 4053 7354 10605
9739 1288 211 40 3064 8811 8485 8106 2495 4159 9549 373 7676 38
9740 664 665 6202 486 1435 326 786
9741 10178 5632 1030 3645 4281 3519
9742 4516 5408 2381 4339 5189
9743 3670 1473 1474 3748 5508 2128
9744 10468 6954 4023 3325 846 9220 2930 5427 1584 5922 2210 1167 10700 169 953
9745 1086 5153 3869 3708 2861 5131 1835 2085 3953 3919
9746 537 1874 3818 6229 574 11058 726 4450
9747 2815 3619 2394 3578 1642 9477 5985 1248 3165 122 2926 364 3584 1249 1243 1400
9748 3680 6019 8842 1775 4183 11629
9749 2641 7150 2271 7331 1002
9750 3034 1811 11207 3024 1451 10088 10859 7969
9751 92 4406 2313 7307 354 4515 1301 10552 2111
9752 898 1853 2468 8909 1998
9753 5114 785 2444 4262 935 308
9754 5378 10402 9663 5047 10160
9755 2923 10564 3915 5652 2751 683 5720 9612
9756 7536 1066 7625 1382 3113 3557 6867
9757 8644 1032 5320 964 8378 11090 2921 11495
9758 2391 3242 2916 1018 11019 8504
9759 3680 803 2502 3221 3852
9760 215 2223 368 1140 6944 4 1340 3856 3147 2834 3834 486 147 4197 2295 6923 10151 11075 986 3666 122 5791 10955 2143 5672 4211 3130 3643 6307 3313 4090 4005
9761 798 4916 7068 1987 321 1187 6045 5281 3255 9013 1032 1087 7968 1885 2833 3666 6634 6507 4382 486 1055 1356 10080 753 2470 594 595 2905 1766 6199 2308 413 374
9762 4973 368 1046 4817 486
9763 6272 8745 4080 473 4523 9043
9764 1727 715 11006 10587 4877
9765 9239 8742 1935 10239 9240
9766 4588 1133 4187 6334 1391 413
9767 6587 700 464 872 10352
9768 3627 9535 9744 2595 2534
9769 17 10956 10222 8941 5500 3595
9770 1803 11416 5613 4537 672 2165 6238 7746
9771 8535 9206 1655 9692 3563 4015
9772 730 10402 10888 2534 6259 4805
9773 3504 8209 2240 11345 2055 11679
9774 3255 2475 11576 4973 5510 4307 486 3845 3823 3697 718 3289
9775 4323 3738 6448 772 10927 832 1023
9776 7500 1702 9124 6181 10551
9777 5073 1999 935 3305 1808 10274 10840 533 581 9411 11642 318 83 1765 11680 9199 8733 6875
9778 2955 5319 10555 1157 1477 9710
9779 10036 5963 6349 3254 1301 6289
9780 7308 4334 7828 5950 4036 1864
9781 3244 86 799 753 5973 3226 199 9155 3612 7432 155 6459
9782 10613 5186 9241 326 5645 1047 5456 3366
9783 413 916 353 2433 11155
9784 1213 10853 226 4085 6519 5746 8224 4490 9472 216 11471 9140 4684 10331 7862 2975 6888 9324 10476 1515 4605 6718 5191 8189 1570 7239 2059 9941 11672
9785 1996 5026 444 5556 7954 2297 17 10000 4088 10275
9786 3404 2439 288 34 4373 5431 2259
9787 8726 11434 2362 8649 8650 6120 336
9788 5511 2502 4045 7600 905
9789 3865 8185 1614 605 9240 12 6970 8532
9790 9770 3824 26 7105 5547 5033 3481 3598 4390
9791 1510 3358 4558 1767 10313
9792 6331 327 1766 2382 5408
9793 9680 9610 4318 9945 8752
9794 2623 4523 7551 2872 9198 3002 5883
9795 1175 10148 1176 7556 7558
9796 9403 6204 5629 10297 3060
9797 4140 785 4904 4029 7802 1196 3631 2065 4792 2246 7745 9281 3317 1600
9798 7307 278 353 263 357 2125 918 2127 254 360 3408 612 3100 5100 2131 1041 9008 2141 5407
9799 5797 1300 4421 302 3729 6779
9800 11385 3286 7221 4040 7478 2220 1
9801 6273 104 4600 11391 11491 11107
9802 2637 1606 3758 1760 5311 274 5708
9803 9515 8776 1435 5487 9023 7455
9804 10456 9142 10444 2150 5742 4524 2099
9805 659 486 326 3208 1769
9806 9237 8279 8282 6426 3538 5743
9807 4965 932 9099 6040 10747 2641 1755 10967 5418
9808 10088 6294 374 1968 11681
9809 1523 8644 89 3028 2958 304 2097 11244 7864 3241 11243 6013 8086 308 1709 1901
9810 9826 3461 11201 798 4082 7138 2553
9811 1355 79 3235 2518 11198
9812 5542 10830 5592 11604 680
9813 1974 1360 5600 3297 5815 5384 6713 3299
9814 1285 78 7087 101 8074 5354 9161 7672 2544 671 9595 3996 9512
9815 10702 11054 2966 6536 11682 7848
9816 1018 8507 7141 891 291 8962
9817 3400 1761 3827 4929 2431 3038 2125 3204 3502 3729 1776 3414 1580 265 3927 3415 5167 1240 1522 5289 1461 987 1244
9818 10377 456 4641 10112 10266
9819 8585 4529 6281 1196 758
9820 3678 5039 1496 2717 11413 8443 8446 1708 11683 1279 791 296
9821 1355 1796 615 9949 1591
9822 8273 6605 465 1355 528 455 6071 823 3184 8125 352 417 11684 1333 6801 661 1796 168 8796 8546 7413 3997 1629 6474 11450 9888
9823 6207 632 318 1512 7806 443
9824 9925 7005 3010 8301 7004 7330
9825 2456 1743 3319 10906 8677 437
9826 432 659 1671 10005 2544 4381 4886 9618 3305 4877 5549 11306
9827 10993 3172 394 11616 504 2899
9828 3263 6841 11685 7096 931
9829 650 949 8263 25 9408 10574 4734 9708 2923 3255 2412 417 827 10197 6690 1943 8339 2562 986 2259 2865 7394 6257 4877 7252 10180 10676 2653 6004 394 1496 4689 5971 2484 6860
9830 9204 2896 5394 9004 61 11606 7563 1515 6972 9834 6290 1504 6836 8303 338 394 7168 6704 1375 5543 7421 851
9831 566 3782 3459 434 5304 5196 1629 5861 7018 644 9899
9832 322 8237 1646 8781 283 7310 4004 1650
9833 6569 9705 2332 3182 6020
9834 1751 659 11233 2482 724 9357 9637 4381 567 1958 4116 4581
9835 1629 11112 123 4351 165 2315 5571
9836 962 2820 4523 4398 201
9837 9750 9185 9186 9319 8289
9838 1748 4325 1657 11050 324
9839 3130 10012 8195 1369 10033 10265 7993
9840 2388 785 1951 1342 2584
9841 338 1272 5811 8467 11332 8821
9842 6222 2653 18 607 602 5773 2461 2062 122
9843 8865 2163 128 3587 11417 5156 4446 2798
9844 4244 1756 808 879 842 2909 882
9845 5169 3638 7790 3827 3923 6936 796 360 1776 2134 3588 1645 1869 4161 5570 924 6291 1249 364 5380 3698 11486
9846 8306 4087 11021 2996 11293 3027
9847 7753 11397 1558 4324 9179
9848 2073 9863 4937 10921 4299 4883 2223 1078 2242 787
9849 1201 6564 491 1756 1203
9850 10477 182 368 8905 1718 2655 472 4237
9851 2653 1999 2815 4912 4470 10236 3221 102 854 799
9852 8843 6874 2248 1811 3460
9853 2425 7141 1173 90 8960 1453 6834
9854 10745 8807 2396 946 739 3011 3535 2939 1573
9855 5069 10357 6501 11292 1107 2903 4768 394 388 7325 390 2534 6300
9856 1760 4733 10549 3809 412 2858 409 7145 8976 6484 11428 5672 11144
9857 8857 6189 1241 6996 1165 2039 8716 11634 6314 2037
9858 1321 7924 2623 822 11058
9859 1639 1232 10144 379 4042 11368 6244 6441 505 5720 7769
9860 11665 519 6921 3929 3064 3588
9861 1840 761 8353 7465 2082
9862 3982 11262 7061 10868 2190 5963
9863 8047 3222 666 448 11402 8940 5152 3347
9864 666 4860 7280 3436 578 872 9670 753 1418 2059
9865 833 2525 674 486 11274 2482 717 368 1164
9866 9948 1276 11487 3260 5757 6633 1203
9867 4027 3546 139 7441 9341 6162 3809
9868 1373 9334 7197 10596 4554 3735 3195 2455 4281
9869 3559 7832 1395 3052 4535
9870 7756 976 673 4889 916 3618 10876 280 3728 1895 2130 3778 266 5653 7989 2138 2139 2140 6872
9871 342 6022 3045 9025 7956 10396 5738
9872 344 767 194 1811 5799
9873 9357 8642 3874 419 4929 2911 6142 2282 4001 2214 3409 302 7492 4911 5216 4278
9874 2602 5785 6087 9667 5715 555
9875 10992 7968 4830 4520 8187 1292
9876 5172 1307 5142 951 3102 740
9877 5714 4609 1601 6944 1164 10316
9878 2529 8211 6341 8656 6947 11257 508 7924 4169 2523 1272 966 1907 1702 3093 2492 1551 2471
9879 417 8269 1249 6808 833 4078 8302
9880 3801 8042 6950 6927 3382 5728 5045 6512 151 10366 4583 4406 2045 5984 8376 4098 1265 4416 775 769 2518 2884 10318
9881 1444 7707 3454 8877 2288
9882 1863 2215 1301 4424 4443
9883 2907 2503 3680 2348 803 1052 1920 2537 2709 446 4103 3710 8744
9884 5254 6295 8177 5375 1164 370 2517 4082 2458 2125 3202 5523 4399 639 3919 3100 7625 3729 9022 990 594 8854 5407 1400 2147 5014 9702 2149
9885 879 803 2715 882 428 5639 2637 4603 210
9886 1605 3680 8723 4027 2524
9887 9954 6145 5141 458 459 7584 5081 6636 4404
9888 7146 1671 650 6885 8569 2159 138
9889 8501 830 2132 4194 4919
9890 10674 1166 5153 1223 1440 11073 8080 549 7915 291 753 8860 3863 6443 2923 6314 5452 8041
9891 6065 2970 2562 2714 9151 2283 887
9892 7623 9403 440 3772 11686 4178
9893 5429 1447 3699 5611 2048
9894 416 10454 1164 2311 10519 628 2028 7925 768 3146 3740 8565 8719 2628 8720 6644 5000 8937 7804 3711
9895 6697 3608 2505 4299 1979 9014
9896 5226 149 1420 68 4735
9897 6538 2331 5443 2695 11687 4486 2766
9898 3767 11688 3861 3769 3766 11689 3056 8768 2082
9899 3382 2219 3492 1198 932 4294 935 517 3061 92 8405 8812 4565
9900 11398 1395 1824 3598 5561
9901 354 1583 1456 2525 8257
9902 11690 7081 8807 2082 3287
9903 1305 1459 10214 3498 6399 1635
9904 99 166 3253 3905 5170 2190
9905 9826 6031 8381 1732 2922 486 1429
9906 1127 8012 1128 4989 1129
9907 3765 659 1472 2332 2501 10291
9908 2728 141 4937 4912 1475
9909 8846 5205 350 6662 10327
9910 5647 3990 1409 1246 446 664 3957 2686 467
9911 5221 3162 6133 5585 3812 3813 1147
9912 1288 6807 947 7984 4751 5450 6269 10744
9913 4761 6614 974 8780 3083 7851
9914 981 5066 2112 1387 2752 5021 1522
9915 3322 8040 8811 2065 6830
9916 9845 92 4502 3502 1776 86 7641 1868 3105 435 7455
9917 10755 3531 4483 5732 3765 1634 2501 318 4593 6575 1465
9918 3830 5732 778 5221 5873 570 6014
9919 9226 1180 5171 735 7566 3009
9920 7872 2805 1444 11055 8735
9921 303 388 389 390 1889
9922 3258 3988 9061 6794 10657
9923 9145 9404 9367 9240 4988 9109
9924 7632 1807 726 11128 3279
9925 10783 9717 2816 11250 8199
9926 798 2501 2159 1078 1057 5534
9927 3065 6005 341 6554 3870 11614 1717 9729 1222 4118 1443 7734 296 9470
9928 1076 4893 9289 6104 4368
9929 1743 11074 10679 486 122
9930 886 2864 9477 4233 5227 2433 5245 918 2053 796 5619 947 921 948 1881 2129 2111 1387 5382 6027 1568 1249 7642 2398 3343 5993 531 1796
9931 3255 2466 9170 6257 637 1375
9932 1391 6772 2446 6204 1879 8580
9933 9177 1886 862 99 5716 10480 7841
9934 1970 8458 1408 5802 753 1197 6745
9935 6319 6664 4431 5822 81 8192
9936 1059 11273 6156 273 962 4020 4271 11039
9937 2592 4678 8847 4615 6895
9938 3876 6331 6848 241 8689
9939 4023 2911 2757 5776 79 6627 2458 1948
9940 1078 4027 446 85 2725 3438 1113 4660 7295 8720
9941 7716 5977 2961 8353 3915 361
9942 11492 3291 9140 1229 8081 3645 9405
9943 2460 4760 10081 4761 8072
9944 2227 1716 2076 4582 4458 1709
9945 3477 1546 2519 2502 7912 291 4299 656
9946 3255 1331 4931 3761 8917 3129 7789
9947 1335 8913 303 388 389
9948 2446 6104 1123 3466 2498
9949 7601 11691 4845 11622 5740
9950 6471 3373 2369 11496 11692
9951 8498 1268 5357 1011 5254 1705 7887
9952 1563 3685 2395 4046 1067 3689 3925 442 1477 920 503 4735 1895 921 2171 322 948 2131 92 8114 321 1594 3606 2502 4329 4743 7214 5651 6895 3469 1111 1023 162 2924 1646 6417 3342 6837 2141 9014 8854 5380 7917 5834 7787 798 3575 3162 6545 7630 8955 3081 7288 5800 3437 11693 5945 6418 960 1607 3289 4005 2706 4510 10365 9819 4091 3883 1019 561 432 8723 2812 2378 8305 807 1635 4342
9953 4232 1387 1581 1399 6142
9954 311 5151 4846 1324 580 6765
9955 7529 5506 6807 11432 6415 787 7080 9743
9956 4614 5914 82 7009 665 3450
9957 2486 8372 208 1987 2939
9958 9072 1742 632 8044 646
9959 9220 10524 5300 10290 9121
9960 4633 866 10827 5317 4586 1468 3956 8984
9961 4915 6339 5891 3134 10778 1526 7465 6955 6260 9940 9906
9962 1001 6236 7731 9093 7321 4641 2542 3205 7336 2065 1819
9963 715 1396 569 2347 3228 7696
9964 6698 6699 3255 6369 10815
9965 9368 8287 5860 8278 9169
9966 1803 1774 437 1811 666
9967 1078 4590 846 938 7917 9899 324
9968 3536 5170 4840 303 2662
9969 2197 3725 461 488 1507 21
9970 3279 495 667 3859 8390
9971 1798 3659 2479 6457 1886
9972 10594 10352 7789 11659 6494 3165 6933 9755 9840 1461
9973 1818 210 1189 843 2666 10571 7221 874 2458 1592 149 6113 1060
9974 803 4978 9894 2308 7902 3825 11337 468
9975 1232 7790 4334 356 4259 2123 1564 7812 3055 2021 499 1311 639 985 7814 5322 7368 679 266 4161 758 4731 2874 1650 3882 3115
9976 3257 1033 703 4818 1551
9977 1033 9045 2036 326 148
9978 166 4344 2446 4689 374 1718 6495 7794
9979 3758 4126 8053 9661 3235 1801 659 9435 3465 3158 290 9138 1465 318 10299 5584 1596 3146 3280 7911 1583 3765 1634 2209 2518 213 528 2257 11372 402 5924 2945 5873 6613 3585 275 5947 11293 574 9387 7633 1723 9808 2910
9980 4764 274 3913 5540 5554 5133 6976
9981 4568 3381 2386 4569 1311
9982 7169 6229 3750 5678 2689 572 537
9983 1198 432 8389 5475 2594 7471
9984 1745 8697 898 3137 11082 5699 11192 2457 1661 5397 5717 2661 9785 6099 10740 5700 3901 255 7689 368 4527 421 1640 11029 4649 715
9985 99 2160 354 2015 473 4968
9986 1353 2735 312 313 2344 2132 8646
9987 432 1076 8303 10330 97
9988 1175 1176 8705 6312 2406 1178 1177 1179
9989 11541 977 6923 8036 4029 3215 8504 7608 8299 2504 5862 2411 4814 1263 1601 4105 8621 583 7255 2065
9990 2259 27 3934 1496 5 10818 11223
9991 3638 1632 10716 10926 3290
9992 7586 8591 11339 8725 2360
9993 2193 5521 3349 9191 5254 662 4575
9994 105 1154 845 1618 7887
9995 10287 1829 669 7095 4407 1830 8408 9675
9996 607 872 4517 11507 3310
9997 3520 7155 3765 1452 4157
9998 5500 4448 1320 9846 728
9999 9720 11638 7856 7858 7857 11610
10000 2717 486 4816 9367 1603
10001 2912 11524 9034 10478 9347 6253 7823 9655
10002 9672 1796 4861 1459 173
10003 3843 10075 9408 5509 11575 6133
10004 1722 8166 9420 11584 4945 2581 6957 1274 7178
10005 5814 9784 1166 1803 10792
10006 5069 1749 2273 6796 4945
10007 9537 8279 7905 6808 2518 6459 2
10008 424 358 4827 537 1895 6724 3581 1053 5167 4278 5720 9497 997
10009 11694 1743 8244 3065 1970 11043 4332 2697
10010 784 4401 1011 1435 5564 3218
10011 5160 240 5963 8986 389
10012 2231 2320 4562 4196 7740 7251 5868 594 2600
10013 11006 7406 7632 10586 10142
10014 3138 3272 9595 4292 4290 9174 11457 939 4095
10015 3801 752 1335 4100 2248 4814 11113
10016 1193 2005 768 5137 1718 3231 10725
10017 2332 3182 9945 846 7187 10571 400
10018 2562 3401 2036 6385 6314 2037
10019 7521 4122 6420 8944 1005 6355 2261 7509 10996
10020 11330 10765 4184 8637 10193
10021 10658 3527 1802 318 443
10022 1355 3312 1330 3305 6509 610 4112 1826 3527 660
10023 4173 8651 4174 10933 4286
10024 388 389 390 393 9962
10025 3964 99 5170 1609 242 303 1725
10026 8869 4351 772 1597 10996 8585 7465 2136 5565 3012 5654 7467
10027 1180 9911 497 5479 504 508
10028 141 37 2160 38 10766
10029 4027 480 351 5249 8415 9655
10030 1603 846 4184 3582 6247 312 7973 4976
10031 3744 3670 8131 2111 1473 3466 7288 10928 180 4609 9075 4229
10032 2065 5758 3918 10224 717 374 456 10794 2223 10325 4328 7912
10033 605 10128 7884 1031 21
10034 889 5448 2116 2121 3455 10578 5066 2815 3434 4335 5100 2871 1522 4655 4270 4878 5609 6311 2926 3849 1572 5068 4880 7096 1243 6741
10035 3496 1558 1267 2911 8001 2802 2791 2343
10036 2942 413 7534 2522 10063 174 1224 3364
10037 913 4568 8973 7051 7378
10038 303 2948 390 3254 9400
10039 11691 3572 7146 4854 4340 7306 3337 2123 3922 5224 5284 37 353 9431 7582 943 2740 4045 6059 626 6078 379 1644 9142 1965 611 1513 1316 758 18 1238 4268 6141 505 425 2085 4652 593 3228 1898 10995 2645 5010 1113 6247 2135 4770 3479 3916 7436 144 4003 3207 3847 989 5020 5012 5018 993 5017 1567 3166 5022 1582 9014 924 2143 365 959 10000 5934 1652 997
10040 7540 2843 2845 7204 7206
10041 10846 5826 5241 5441 11038 4884 11630 632 11558 1824 9119 1014 9635 5584 7017
10042 8227 1678 7835 318 7278 6987 11176 7271 2568 6794
10043 1716 2660 8537 3817 8335 4808
10044 3318 165 7457 6975 6380 7368 8715 905 4754 1326 7988 3696
10045 1012 1886 2819 4609 2209 1321 5714 291 2248 468 5915 252 351 442 9656 3275 1041 853 832 584
10046 7066 10453 2467 3606 7307
10047 7832 303 390 388 389 393
10048 7870 354 2518 1133 664 872 5185 1023
10049 6616 8063 10561 35 3211
10050 609 11298 10214 3078 4570
10051 3296 1316 2048 3691 7340 5210 5167 1569 2924 2091 4234 2755 5068 3167 1243 285
10052 752 173 207 3492 5904 4166
10053 1375 6923 6250 532 6877 10443 8504
10054 6702 8030 2014 6839 5221 3800 9470 7428 5573
10055 2313 10904 1532 7181 7622 1247 576 8381 5025 5083 8632 2398
10056 7686 2655 9457 1848 8177 5698 512 5112 8614 7659 11695 99 5509 5544 2335 2185 8505
10057 8483 6622 1309 3405 1236 3406 1894 6079 4089 1965 3114 5547 715 609 2287 2584 4480 4268 3415 1053 6247 4910 3931 2752 1571 8275 6110 1573 6061 6872 2928
10058 1201 1756 221 481 2637
10059 5950 7637 7818 1600 8145 2377
10060 11551 1890 1891 10381 1892
10061 273 7908 9461 5772 3050 9 5731 5072 8238 26 8901 2651 2388 2023 6440 2058 3791 65 69 10166 1652
10062 2094 2945 5530 5328 2717
10063 9861 9261 8 9263 8875 11409
10064 5177 8787 1214 1216 3382 2601
10065 1844 3505 3479 5949 5540 9028 3887
10066 764 1292 4116 351 4027 8456 6104
10067 132 1883 1884 7142 1963
10068 5030 5031 4983 1785 10949 3540 6426 3537 3538
10069 231 6199 6518 650 5733 10681 4681
10070 2478 466 5745 3609 155 1238 3188 7295
10071 7115 7246 132 3209 10631 11198 2481 1905 9182 165 8796 872 3158 10134
10072 1132 3801 8677 4126 8462
10073 5306 3706 5271 9914 9439
10074 9185 9186 5032 9761 2264
10075 309 313 316 8646 312
10076 673 5205 6738 1170 2815 4595 3609 6353 7634 9153 1886 4089 286 169 440 8828 740
10077 2210 2821 7309 3819 1079
10078 632 2476 1709 5481 7955
10079 1849 2656 8252 5544 4607 3278
10080 5649 8203 469 5324 8944
10081 1533 8152 5507 5508 3743 3744 3181
10082 438 1012 7530 291 4112
10083 8421 11251 3743 3670 1473
10084 3321 2870 11561 11133 5001 1394
10085 661 446 1906 2725 1728 6859 516 10089 4184 4237 8637 1082 753
10086 3705 2956 3572 7317 11126
10087 4846 217 7195 4888 1167 1275 6427 4919
10088 4593 10329 167 3732 8111 3277 3355 6904
10089 9854 737 5176 2601 6617 161 4100
10090 1158 891 7767 4051 6103
10091 1193 4165 519 3504 8819 1710 711 6578
10092 9587 10819 9589 8287 1061 9237 7938
10093 10427 3552 5711 3442 725
10094 1523 6220 1272 486 1870
10095 6713 3302 6576 3299 3304 1238 11388 1976 2267 1979 3031
10096 7217 2311 966 785 3830 2858 5904 8719
10097 2503 199 9301 1255 10933
10098 8600 3852 1799 10355 1658 6661 2010 5732 6742
10099 1914 3877 8955 11528 1586 6448 3239 9936 7232 2686
10100 8681 1575 5370 2486 752 6696 6195
10101 2808 8427 3865 10333 8570
10102 9070 9537 4848 7799 7039 6686
10103 7221 2458 2001 6281 8628 5542 627 468 938 4502 6667 3734 5125 628 9717 1541 1618 184
10104 7998 4123 5027 2912 418 11077 8525 896 9057 3216 10154 2791 2022 9854 3400 2911 11335
10105 915 4768 8961 9493 11234 835
10106 1879 11308 9231 3403 3628 1553 579 4794 3352
10107 286 3280 5692 9313 2724 10214 485 566 3952 3087 3759 3319 2670 1445 6030 1945 11042 125 1835 3255 964 1231 1678
10108 11121 8920 23 5965 3953
10109 8851 1583 7510 8791 10086
10110 1052 3801 661 2161 3244 86 799
10111 9366 9544 11614 9629 9382 2428 8895 6380 4374 6236 1332 7018 4289 1314 450 1886 6377 1824 2856 4771 2699
10112 2426 5204 1174 3373 3919
10113 9563 1599 2911 827 6236 3667 5378 4927
10114 2724 3783 3174 1315 7470 10641 8129 4118 8222 4976
10115 4244 6564 879 842 1283 9402 210 9579 2637 1201 645
10116 4334 3924 5356 1477 4314 1895 1111 6933 144 9196 594 3168 7440
10117 8549 2720 255 9964 9965 5707 1866
10118 2723 3218 6885 4185 2341 2759 6875 4237 967 1186 1811 4351 4222 7181 8919
10119 5639 1950 4208 7084 3638 737 7536 11696 5282
10120 2376 50 2375 5306 7774 7858
10121 2639 4244 1201 9937 3646
10122 1311 8947 6422 9405 7333
10123 343 3403 11386 303 2805 11589
10124 10108 3669 3897 737 2685
10125 814 3147 3004 87 2023
10126 2275 10133 4764 6616 7158 3090 1883 7187 8735 3653 9429 3791 1109 2043
10127 10670 342 6419 11449 5561
10128 5886 11476 8896 5198 5993
10129 221 1946 491 4244 1756 7150 2272 1815 1947 7360 6042 9591 11001 3496 889 6622 7918 2505 6690 4401 261 3773 2125 4827 3394 3846 6414 463 3913 6963 1023 5167 1369 1868 6027 1872 443 1522 4655 3341 3732 9495 3343 3167
10130 3941 666 7818 7263 6752 3699 9454
10131 1109 2176 1097 1838 9482 2596 10223 3715 7425 7426 2534
10132 7752 812 5529 4232 7730 1312 6682 5185 993 5017 5020 3105
10133 5417 1996 2165 4515 130 1254
10134 303 390 393 388 389
10135 3455 4827 7122 3861 6195 897 310
10136 5425 4344 10811 8610 3559
10137 1709 9743 1364 3280 7031 10758 8796 5833
10138 1994 8162 7991 8007 1998
10139 1385 2581 10671 8459 3994
10140 4674 9642 8039 1084 432 7902 5480 1057 610
10141 11253 2717 2248 7370 8008 1583
10142 3003 6205 55 5701 10215 1975
10143 2907 1287 2368 10743 5639 872 1298 1210 1863 10665
10144 374 901 5311 9030 681
10145 2571 562 141 374 2889 8841 264 3781 10164
10146 1018 481 5774 2550 610 3498 6071 1482
10147 2194 9654 1299 4817 3290
10148 7755 2784 350 293 4581 709 2538 1747 3830 935 798 6805 1228 694 10215
10149 10813 188 1055 5038 9748
10150 37 11147 799 6825 7472 4238
10151 343 11548 1718 2446 1
10152 3209 8076 4216 1751 6880 8250 5135 9670 970 584 4040 6811 5929 6160
10153 11697 3161 10825 6443 11573
10154 2661 10718 8424 8421 9045 631 632 686
10155 11436 651 394 9282 3237 602 1772 81 6484
10156 4446 8374 2389 6156 3056
10157 8809 3396 1333 537 9280 10220
10158 3869 6256 5542 485 874 8733 1844 11104 6876 5314 1464 9199
10159 2536 785 6071 872 1496 5302
10160 17 2625 3512 4677 6689 11658
10161 9530 4742 8711 8833 3580 10680
10162 404 9315 6353 1010 1079
10163 7615 5463 7616 2563 7155 932 7157 5529 5069 4817 4487 4870 310 5874 3388 6662 3133 7154 6040 6633 5388 6671 7159 10302 10741 1078 3386 4869 7164 1749 5079 10106 9135 6797 881 10301 7681 605 10204 2441 7514 7706 5306 8177 1287 586 8262 4116 1920 587 2278 2732 11594 298 9789 884 8537 8413 6167 2709 4873 349 5170 9596 4304 1268 6207 9472 6130 6995 11698 8776 3262 941 954 2782 9597 8303 7443 9224 898 9193 8018 7757 7597 4911 2499 2986 3190 8472 2431 609 4335 5797 3561 3114 6656 5820 11044 418 137 4081 296 6182 8685 4878 1567 9670 7051 958 3536 4279 1652 1653 3423
10164 10142 2718 10163 8137 7133
10165 11232 3642 1496 2388 7093 1435 10386
10166 327 167 6879 1826 6101
10167 5348 1801 783 1800 5045 5497 10638 386
10168 1763 9452 3937 4320 11410 2818 7412
10169 10242 3094 9411 133 9085
10170 666 1418 9091 2509 4477
10171 255 9683 9687 2867 5091 3336 1897 1053 1898 4768
10172 9686 256 886 2234 1565 5719 8160
10173 5178 353 3435 3731 2752 2730 269 3555 10544
10174 9224 4673 738 197 4437 3973 3961 6328 1301 11646 4656 3912 4463 302 955 2323 3586
10175 5678 136 1482 187 955
10176 938 1769 5612 659 2741 10688 3460 1414 2435 2518 10480 2475 1826 10306 6472 1453 932 1137 2598 1273 8377 7603 7045 7746
10177 38 39 2917 4299 3379
10178 7771 7597 3656 10461 6813
10179 516 2942 701 6895 3823
10180 1307 7403 4081 7214 425 6246 1648
10181 1954 1591 7676 7726 6200 35 6877 9893 4882 448 2767
10182 3138 1509 4001 6257 1512 10009 5642 1361 7214 5210 678 2748 5800 2750 4772 758 681 2091 572 1113 5102
10183 11699 11649 1601 11198 3529 7445 8671 6316 2905
10184 2478 5311 2594 9299 5377
10185 841 8418 1306 2907 854 1132
10186 6535 9766 9481 9526 11700 6186 1848 3571
10187 1550 1355 1811 8642 379 4117 1962 7801
10188 8952 666 8745 3452 1046
10189 3382 803 9360 1314 655 5340 4127
10190 9119 7181 9120 201 3890 1247 3919
10191 2964 7667 1279 9575 4801 3496
10192 3187 1320 6440 9644 2655 11701 5002 4859 9229 3228
10193 9431 537 2361 10142 7914 9316 7478 761
10194 530 3244 7580 2228 4036 621 2058
10195 2812 8958 2029 1332 8040 595
10196 2908 6784 1982 11116 2915 11174
10197 4054 9789 6586 3213 4103
10198 932 2094 452 3467 1527
10199 2119 5611 2575 2433 355 7382 4046 3203 3112 4047 2746 3690 2132 2692 1111 5167 677 1868 2689 6247 3582 2136 993 4003 5068 3711 1648 579 3697 960 2144
10200 5348 3089 370 6344 9114 3235 5692 3949 3323 10048 11137 823
10201 10467 10354 3917 1250 8244 10385 397 7525 1950 5887
10202 1459 9629 723 784 11600
10203 7838 1189 9680 607 85 7309 2210 2518 7369 7667 6547 2126 191 2510 5042 5131 893 1381 6570 10561 5333 785 400 9910 4039 1342 7406
10204 1800 6281 2068 2232 3631 758 2034
10205 2538 3547 4376 726 4515 2295 7972
10206 7600 7235 10304 4127 5253 1721 916 932 1764
10207 2536 7246 9639 8057 10755 5706 10256 166
10208 11289 785 5506 4082 666 6044 1735 4104 1647 1342 609 4572 10965 341
10209 7718 7529 2407 7662 4836 6387 9782 6516 972 4551 2161 5668 10331 1567 11400
10210 1760 92 784 456 3823 6209 1258 921 9268 3829
10211 758 1196 684 3801 661 1467
10212 1164 2094 872 846 937
10213 303 8158 5172 5173 3044 10098 2668 1879
10214 9793 4315 5215 4317 9441
10215 9421 248 7967 485 584 7394 4940 2254
10216 3997 5975 2555 8810 4217
10217 440 2228 757 4750 825
10218 7720 459 5921 8169 1465 3866 682
10219 3683 1642 5284 937 3204 3911 679 5933 3106 3849 533
10220 1723 4834 11445 6242 6241 4832 7680 4612 10007 4613 2080
10221 8316 1452 187 4750 5293 4410 6539
10222 3850 7632 10028 4309 1718 6201 11508 5762 3805
10223 99 3826 2801 4464 2961
10224 9904 4361 3528 10770 7829 2041 6580 8353 6955 9018 8937
10225 1523 3389 5481 1326 10267 1146
10226 2527 8448 3546 7210 7638 6686 7740 2817
10227 1930 4080 187 2015 1599 2980 4608 241 1879 417 11077 2911 715 9607 6658 4874 4942 1718 7684
10228 2284 256 11493 3683 3621 2044 2740 612 6328 11088
10229 7420 8441 7168 4539 3591
10230 8920 2781 3264 7706 10165 9897
10231 210 428 658 1886 5242
10232 11625 79 6046 8665 772 5676 2467 10312 588
10233 664 1198 428 4894 783 6071 10871 4241 5676 667 446 139 53 1321 6509 2225 2830 211 11423 402 291 671 823 1764
10234 288 6525 1456 4342 8076 797 8783 2391 5422
10235 1092 4133 3717 1109 4768 4902 3718 7425
10236 4215 468 8228 2821 6754
10237 368 2637 4581 1357 4116
10238 6281 1557 4746 2136 6524
10239 7986 4599 8808 4068 3205 2037 2136 10944
10240 350 1296 5608 8243 10871 1848 4973 3157 7185 10908 5107 4592 976 255 2721 9386 6485 7996 7753 9686 77 889 468 514 2802 3622 4904 6236 186 1066 8972 7813 263 358 3924 4479 5523 3263 715 504 4503 3409 8192 2091 7852
10241 5965 1366 1420 9707 939
10242 1827 7371 8451 4154 5742 10597 6343 10173 8969 7172
10243 8538 2536 3061 1959 5128
10244 566 10477 2257 2391 4171 1551
10245 3531 2472 11540 6145 4112 446 4164 8977 4528 3012 5910 2309
10246 9041 4017 4018 11039 8732 11307
10247 1550 5292 2590 10535 6937 5491 4130 3032 7239 1001 21 7903
10248 5323 1254 10179 10894 10824 2012 4817 8941 7769 11316 3255 648 2082
10249 1375 9959 4339 4309 413 2789 2321 10451 7768
10250 11520 8412 5047 1017 4907 9889 682
10251 11681 8072 4641 6756 2054 2311 2300 6697 3485 7980 2161 44 1089 10650 8780 3083 8506 8223 11119 3239 11569 6716 6964 3270 8148 6232 5564 9246 9680 1587 6939 4758 11139 11458 10985 6917 6514 4318 3661 9245 10575 8659 47 11344 2691 5223 11457 5325 11702
10252 1766 562 9489 9288 6004
10253 303 5892 2036 8717 747
10254 2259 2911 7499 9772 9177 2820 87
10255 6200 2469 8295 10353 5540
10256 10389 9402 9579 879 5417 5641 4244 1201 481 4471 5096 11236
10257 4243 6569 2332 3182 5982 1346 1551 7295 9890 4919 1872
10258 7749 4653 2138 2139 2140
10259 3200 3318 2094 517 3567 2725
10260 2581 3029 2645 8127 2027 6075
10261 1333 453 48 6941 10813
10262 668 428 1078 79 34 1662
10263 1284 2643 148 516 2616 1918 758 1867 3496
10264 889 2429 495 1311 2397 1653
10265 9624 10277 2893 717 9644 1529 7250 2800 6024 7765 5732
10266 2697 8903 9096 1240 6483
10267 936 3224 322 4584 1949 2758
10268 7387 4875 8279 9237 9590 11556 9648
10269 6486 4885 2528 7664 5198
10270 6999 79 3668 10177 448 2839 5680 871 846 8501
10271 7022 1408 10272 1229 4956 6795
10272 279 10098 2506 6468 7117 7049 11484
10273 1376 6927 10055 10103 7409 506 7510 2947
10274 666 8134 9167 1726 8784
10275 8590 6426 8568 9513 4582 2629 10297 3430 632 2462
10276 79 428 9402 783 1287 7186 9460 1002 11660 9357 1223
10277 123 2042 1196 1556 758 2241 3508
10278 9211 11682 124 803 11331 893 2784 5661 8914
10279 5095 7708 8207 1048 7927
10280 9077 2517 5967 4864 3527
10281 10485 7071 1828 8149 305
10282 368 8254 2972 4123 10115
10283 6334 11615 2963 5339 11324 3891 4943 1356 9929 3372 3295 4323 7342 1563 796
10284 2641 1761 7854 4049 2750 443 5800 3582 3613 955 2139 2140
10285 692 8809 693 858 1257
10286 7161 1523 4816 9120 4441 9981
10287 2418 2997 5491 1845 6981 4130 3025 2938 7824 6734
10288 5075 11113 9167 1418 8865 7456
10289 9015 2120 379 1676 7918 3164 9371 258 4827 263 3039 5101 1237 2740 2645 8684 9688 594 690 853 5407 5834 2145 3883 6751
10290 8399 440 3919 1691 1689 6679
10291 901 6890 7406 4039 2292 10506
10292 1057 3562 11272 7248 615
10293 10305 6791 595 4620 2596
10294 2427 9286 349 3388 351 901 5098 9653 10442 11635 1670 9260 9865 6046 3329 2457 7548 6004
10295 5471 5812 3847 6578 267
10296 3396 2911 10722 6784 1311 729 5229 6440 1561 21 4753
10297 4069 105 2661 417 10394
10298 3921 9477 3560 1563 9805 1642 5512 1309 7766 4231 5007 4089 1514 738 1248 463 3731 678 1041 1369 3928 4654 3103 2873 2398 5230 4004 925 365
10299 1253 81 7267 8635 1258
10300 256 8260 632 2802 2431 3038 425 10241
10301 4723 1890 6455 11120 2183
10302 692 530 3921 4597 4598 10236
10303 5392 3898 2501 5680 3088 147 785
10304 8649 10962 8650 11498 8590 4985 4992 10168 10169 10484
10305 3823 3835 1594 179 11321 11659
10306 5986 958 1089 1650 6904 3043 2788
10307 5523 3111 7854 4479 6869 3435 3113 1581
10308 6250 9431 10035 2913 5795
10309 11393 4577 10291 5319 8719 10649
10310 9863 6952 1409 1599 7786 2294
10311 8178 666 2946 736 10056 1734 5493 21 4062 3073 10336
10312 2053 79 11703 3751 2058 691 5993
10313 656 438 7185 2 9585
10314 846 361 3436 7216 8110 7217 3842 1475 11416 11417 1476 5613
10315 4237 10087 7546 1395 4062 1720
10316 2571 2585 10964 7190 5319
10317 8303 8921 717 2159 8661 4669 10028
10318 5414 481 5433 10461 11687 9174 9552 971 10780 10359
10319 4855 2486 1055 3819 1010 8440 7108
10320 9171 4944 1498 1526 11088 8081 5662 9570
10321 3443 7262 4350 10925 3052 6725 3502 584 2347 7840 1041 10149 714
10322 3393 1204 768 2544 2161 9504 11516 5962
10323 4928 10565 889 795 3872 2119 34 11366 8853 2395 4165 495 1069 3202 1510 3557 1579 1895 947 800 322 921 8183 3574 3221 1041 3588 922 691 4771 281 5654 758 9478 4773 533 4506 3042 2926 9014 6110 1113 4091 11486 8766
10324 11049 5308 1999 3007 753 3565 577
10325 9855 4083 662 2403 1258 5977
10326 76 7703 22 184 504 4404
10327 1301 4430 8922 6651 1890 1854 2189 3253 3975 8091 308
10328 10780 789 10345 321 8709
10329 665 6484 8962 5319 3929
10330 8585 9717 7735 5401 1196 758
10331 8255 5972 8926 5581 6171 834 162
10332 10064 5958 134 6661 3274 3275 9692 6725
10333 5397 1504 709 4676 3397 6212
10334 92 2501 318 2204 10310
10335 1496 10716 1631 2976 1845 2810 7464
10336 2458 936 8384 6479 2125 9051
10337 7213 11101 3496 9095 9732
10338 9564 10906 10355 753 585 11421 5573
10339 7201 4381 2359 5026 1174 755 304 11086 5453 8410 4525
10340 9574 1969 648 5515 9497
10341 10188 4749 11325 3005 10863
10342 8324 148 318 1609 4930
10343 4696 4687 11535 4695 2898
10344 11270 3005 3836 1337 9553
10345 666 4818 637 7407 311
10346 6583 10134 5208 11704 598
10347 1703 2832 2916 7523 9389
10348 4342 1734 1872 11457 7468 3317 939 4446 4280 3945
10349 724 9164 10593 10071 2530 9599
10350 10648 9679 6717 2951 2385 1340 6992
10351 5632 374 2199 5308 25 9045 10902 10657
10352 5708 659 258 9054 341 4104 353 8159 3185 10846
10353 4098 8774 5599 10955 787 1337 2553 3380
10354 8209 6484 812 609 9795 4563 5213 6755 4106
10355 8943 6602 4185 1599 5869
10356 1389 7504 7505 2961 7506
10357 3256 1408 3569 10449 550
10358 1523 597 448 4194 6841 9171 5982
10359 3088 4782 1059 4783 1275
10360 1542 3162 1883 38 3520 1353 8862 33 7787 702 312
10361 9402 842 1605 1276 10565 602 8306 9358
10362 5475 429 1188 2501 757 2810 4205 6401 1709 1898
10363 8046 5052 11705 296 8937 1871
10364 1775 3034 367 486 3357
10365 1775 143 11070 10728 328 3919 4689 5714 10363 2248 7793
10366 3257 5143 5862 10842 5036 5136 2069 11153
10367 10683 6858 9163 2800 326 4620
10368 1661 11312 186 1496 3460
10369 1570 4269 993 5012 3166 2924 4050
10370 9909 628 423 579 4886
10371 3743 9375 79 2986 4407
10372 6616 141 1258 3504 9952
10373 391 2964 11527 1588 2363 8957
10374 8722 5112 665 1750 2356 2408 807 7441 7646 7145 1702 409 709 624 4104
10375 1052 1956 1882 3801 3606 3049 6547 3093 1618 21 7196 105 3957 5923 1340 5922 6800 3823 4520 3835 1346 1594 5715 179 8132 11518
10376 1300 5574 667 8526 421 1742
10377 4607 11463 7717 932 2502
10378 10653 1026 5506 6830 3702 6937 9348
10379 1260 1174 3563 1529 292
10380 1481 443 1462 9014 6449
10381 1092 4899 3913 1091 9345 7648 1365 2040 3770 4312 4615 3066 2250 4902 836 8173
10382 686 8433 10581 572 7244 939 2083
10383 820 6603 602 3498 4312
10384 5169 6693 8487 11648 3253
10385 7164 932 2761 7715 3278 1010
10386 1165 3209 6882 11206 6566 6326
10387 9460 8222 3159 11360 186
10388 2942 10934 1599 442 3250 4936 7046 9279 10076
10389 123 6438 1001 3953 5931
10390 1951 4419 8378 7732 611
10391 11638 7856 7857 11610 7859
10392 11647 8029 10109 1360 615
10393 303 388 389 390 393
10394 3543 3133 310 6471 4243 1555 3631 577
10395 3386 7719 1441 3593 5864 6664 5823 6209 6341 6955 7551 7094 21 9748 912 2709 3222
10396 758 2001 1196 5105 7622 629 2627 8836 1969 6642 1270
10397 517 11666 77 5897 6165 4534 7315
10398 3354 4310 6109 5068 4273
10399 2643 210 7149 4766 9767 4244
10400 6480 11291 2021 6644 6163 576 7622 3736 4599
10401 3638 8896 9141 11005 2596
10402 114 2868 1641 501 4479 3114 3435 1074 1581 3418 267 8275 4077 5282
10403 301 11276 11228 7770 11557 5803 2723 3279
10404 8890 8133 7114 7497 1969
10405 2626 1709 8673 4458 1033 8124 737 3374 3126
10406 2216 4818 5811 8637 21 9550
10407 6408 1905 530 2539 2486 1595 7843
10408 317 2065 1443 486 9456 3300 832 2199 2594 11239 790 729 4036
10409 7229 8243 6118 4240 6023 1496 5698 6690
10410 11404 8541 3311 162 9159
10411 4691 4696 4698 7957 2898 11355 8028
10412 4149 6398 2663 4568 8950 9055 7566 495 10590
10413 4765 1201 7391 2909 1285 879 1283 658
10414 674 6985 8398 3922 3923 353 2740 3924 1235 3688 5009 1477 4502 3040 426 947 948 7641 1868 5016 680 2091 3912 578 7596 364 3882 270 999
10415 8434 10343 9649 1742 10435
10416 9011 1503 613 395 11008
10417 5875 4876 530 495 8498 5274 1237 5017
10418 2637 10541 5393 11511 5649 4417
10419 2435 446 122 3386 11003 3388 3689 2540 6727
10420 261 8424 9919 4404 9049 1618 8881 4036 8062
10421 6547 4495 1184 11644 6930
10422 303 7499 1985 11626 3975
10423 5858 5461 1901 11243 11244 7863 417
10424 11274 2519 756 1411 1444 182
10425 1005 869 5713 1444 1885 6761 11282 10082 11706
10426 3934 4236 5155 6570 6344 1589 9192
10427 9138 6033 1900 5475 3933 274 2332 3764 2501 1132 11481 4398 9385 6279 1340 579 4588
10428 10905 470 4911 10489 3467
10429 1804 9530 3922 2125 9013 4654
10430 7905 7478 128 370 11601 9257 6794 3504 6547 1406 3348 8743 7265
10431 1832 82 3061 7392 6034 7636 5675 338 9945 4916 2621 11475 10689 10658 1808 6605 8229 11637 2308
10432 11293 10209 666 2495 9653 4385
10433 897 9350 3607 4060 6690 5479 3951
10434 841 2885 2495 11602 2700 1898 1744 2342 3069 3070 73 4137 11453 7462
10435 917 355 1564 3202 6058 361 1369 266 1241 681 5021 4300 4274 2753 4660 578 5301 579 5380 4281 2145 4005 4741 5935 4091
10436 1543 5319 8904 693 4886 9741
10437 4432 8489 11395 1301 10875
10438 4817 785 8944 4322 6755
10439 417 1033 308 2098 8714 11201 1428 763 1554 4638
10440 7055 4444 6692 8488 9902
10441 688 3562 8642 5647 1050 5872 10580
10442 11409 10975 11707 8011 9262 7953
10443 10870 3589 5903 632 55 4446 303 3866
10444 7917 11411 9070 1223 10845
10445 1329 9818 4958 7658 11667 9219
10446 10554 5091 9325 11414 11245 8633 5845 10382 8030 1876 2053 7446 6779 3691 1897 3418 4659 1651 1400 3602 3603 3604 999
10447 9441 7605 7051 17 3004 4677 1635 3147 1312 1428
10448 2655 1849 6324 9247 8907 3013 4604 928
10449 240 1890 3980 2191 4780
10450 7331 7635 3132 221 210 4966 2060 8477
10451 3460 1661 1961 785 2066 327 5475 1919
10452 4779 698 8995 703 9811
10453 8787 7327 7886 9652 8415 1292
10454 4164 10596 7197 184 6090
10455 4940 2113 7840 2549 9822 4974 3006 10543 2588 2652 7488 1148 394 9440 10011 25 8641 6670 6405
10456 1198 1278 7606 10374 5764 10671 1642 4263 3780 11133 7648 10680 4227 748 9013 6107 1023
10457 7318 9140 4821 8372 2625 2014 8373 3428
10458 4068 1238 9853 11569 4762
10459 3830 1407 3094 190 5346 4099 4139 5564 2248 10733 1807
10460 11597 8607 2732 11003 666 448 778 1882 4125 1342 207 2758 4885 10554 2655 1292 465 6332 5098 1 897 4676
10461 1350 495 1866 3336 8687 961
10462 10410 5170 99 1852 11609 3705 5169 166 1701 11682 6586 7974 11279 3703 2419
10463 6968 1151 1152 1149 7356 1153
10464 7403 1473 3 1882 1970 3344
10465 165 4411 2728 3997 2634 11456
10466 11643 1757 1201 7635 432 2637 2758
10467 1289 10303 4398 318 321
10468 7523 10832 1196 3631 758
10469 92 3738 5619 4502 746
10470 5521 7766 3729 265 1240 3539
10471 9046 6250 3888 1253 5557
10472 2090 3313 179 11537 4520 7359
10473 11137 11072 1678 195 1599 139 9206 428 806 2311 5307 354
10474 9337 6416 426 11017 1113
10475 701 2 9231 6120 9334 11498 4985 11537 10948 4992 10168 9024 10484
10476 2478 9305 7615 7617 2907 4965
10477 5516 11468 4053 372 1369
10478 9099 10899 11101 10823 4055 225 2329
10479 1175 1176 8705 6312 2406 1178 1177 1179
10480 192 7465 4484 2645 11334
10481 1920 4079 5711 4581 9958
10482 7312 981 6936 3878 990
10483 10719 10893 3209 8338 354 6372
10484 2885 6236 8897 4904 5124 6956 6966 8470
10485 5343 4398 2332 6569 5808 205
10486 5431 252 8134 9002 3054 2292 8127 3189 1001
10487 7790 4043 4501 3552 2692
10488 5434 89 11273 9674 304 10444 10557
10489 8647 2349 105 10763 5800 1734 7562
10490 8966 8061 11337 8619 5447 9664
10491 4511 3805 423 1180 2218 4843 3598 7546 763 6015 205 4454 5015 6986 8858
10492 780 662 6406 6807 846
10493 2167 85 610 2065 2964 7613 6620 1555 2375 6163 758 778 11292 401 7772
10494 2703 2584 6429 6439 11681
10495 3218 3289 5292 3745 4302
10496 6565 11708 6447 1165 1357 354
10497 776 5403 4253 7597 4044 2572 2742 3040 6724 5306 463 5210 8828
10498 10022 6819 3382 4791 1249 7186 315
10499 4663 9189 9 4768 7118 10633 9157 1008
10500 737 5877 6241 11679 10900 6242 7680 3550 1515 3193
10501 6326 6561 8216 1374 8305 6737 2494 10214 5454
10502 5767 10745 5577 2984 10195 4036
10503 1293 4747 9133 7924 11709 10710
10504 7572 1217 803 3759 9639 3256 2725 9253 11095 8564 5515
10505 5582 355 278 2124 10856 2433 280 4046 918 422 3202 3203 7307 5322 3101 947 2746 4268 6108 4653 950 162 691 4771 1646 954 5106 7310 853 5407 510 6110 4052 6111 4076 9531 7440 6103 4283
10506 9251 7882 9248 7883 9231 9232
10507 7331 2355 6773 2969 345
10508 1408 4565 2197 10491 1652
10509 10754 1057 938 674 10114 95 4351 417 55
10510 2212 4578 9887 2834 9602 6966 10336
10511 5647 2323 10434 2184 255 2180 99 5171 5170 2062 3285 2324 166 11617 3753 6985 1854 2322 4426 2282 7383 3435 5797 3963 3965 4655 8275
10512 4515 4240 670 9208 1273 1089 6925 7777 10757 4555 6076 4572 609 2295 4307 10387 2885 6973 3161 4211 3885 3196
10513 1198 432 782 11175 105
10514 9133 8748 7976 7087 229 6671 6586 4765
10515 6828 4785 6930 354 1133 1506 7336 5022
10516 9242 11501 1588 9082 9112 7049 5732 7781 1726 2134 1370
10517 1002 7705 2413 2407 10542
10518 2637 6112 4490 9299 7728 5198
10519 10395 799 1701 364 2225 1256 7772
10520 3457 2333 2160 6218 1960 1882 10690
10521 2414 7118 21 9735 2828 6300 6301
10522 5425 7460 4733 294 2537 2812 1424 2911 1775 666
10523 1546 8642 7047 5872 11710
10524 6107 4546 5430 7210 9027 4023 6605 4981 2250 731 70 6488 4666 6292 6294 3887 2704
10525 10338 8584 10337 7721 7091 10339 7090
10526 367 11093 1140 166 9720 10978 3075 11069 2446 303 9086
10527 10976 7937 967 1973 8118
10528 8506 8958 3210 8368 750 3745
10529 5260 7085 1610 10851 3778 939
10530 9598 3189 2754 9362 4174
10531 11107 984 5182 8379 982 106 109 9858 7526 10226
10532 7433 131 808 882 1460 9792 11217 4394 2320 7904 3161 11271
10533 5666 4737 3610 7973 4918 10459 3098
10534 6973 1807 1705 3361 6996 7014 9233 165 1078 5036 9462
10535 97 3836 5198 939 10632
10536 4087 2221 3871 4684 7581 10025 7580 2431 105
10537 6373 2182 9759 6456 9993 9760 556
10538 1564 992 122 955 1399
10539 2116 3732 7900 9838 924 1400
10540 6699 7887 7875 468 2469
10541 5890 7311 8270 3974 349 7539 1718 11082 488 7514 9584 8194 10566 99 10057 8306 1853 6435 1294 3703 5596 2789 166 11135 4199
10542 5134 1882 1750 1078 3194 1057 38 39 1883 1884 10766
10543 3608 2505 97 7643 5128
10544 2456 972 1920 3443 2161 5837
10545 38 1796 8636 6830 481 6236 7305
10546 2714 1201 4967 10054 783 6009
10547 8489 5169 1852 4420 3973 11318 2180 4362
10548 4125 1189 354 209 6860
10549 260 3998 4261 7790 4231 3434 7766 2126 985 272 302 3581 462 4653 7367 5228 508 5653 268 282 1650 4052 2145 511
10550 1466 3305 1007 582 1058 5382
10551 3280 1678 3269 3629 6637
10552 4447 1962 11168 11007 10071 5821
10553 757 9305 7818 1811 487 9074
10554 8710 666 10517 3761 1148 1132 2003 3957 10377 11086 6828 1874 2321
10555 7164 465 8037 132 9309 8058 6406
10556 2701 4098 9899 7212 11332 2600
10557 2238 2993 1435 105 1032
10558 5078 4884 173 5152 6887 2281
10559 417 3875 3337 5811 7000 1140
10560 3758 6694 2500 10127 434 4790 2504 7771 2548 1775 528 3160 1033 7869 9639 2589 2364 11509 2593 2521 6071 10316 8321 3394 55 2065 5322 10355 10466 1843 487 8790 9840 1002 935 752 6393 2161 8258 4411 3342 9454 1924 6427 2856 8959 61 5708 8698 9584 4608 1939
10561 349 10989 3403 5309 3975
10562 842 6620 2522 1959 7118 1743
10563 1958 2594 832 9141 6074
10564 3925 7640 360 1881 3680 3221 2389 1477 1238 5224 2111 3588 952 3929 282 961
10565 2464 819 1741 7129 4007 6234 7895 10778
10566 465 10767 9153 5480 8109
10567 4511 1880 8620 9788 3850 1886 3708 846 1907 1847
10568 349 2440 4939 7873 7632 6265 2058
10569 4249 11059 5350 2447 5696 10548 11476 408 6025 4112 2395 1584 2432 358 5006 422 3204 6058 4227 6078 4735 156 1514 8622 1776 2048 6852 921 7697 6936 4653 593 5286 3731 5800 2111 3417 443 1518 8685 3931 1872 6109 6825 991 5019 953 364 4661 4337 924 853 365 4400 4005
10570 10260 8936 1314 10593 11711
10571 9979 629 8082 1111 1005 2127 5904
10572 2094 1409 823 4416 9703
10573 9182 10964 9692 7972 156 4495
10574 8289 5787 8530 7092 9319
10575 238 4359 5483 3704 6827
10576 6095 10122 514 4336 618 5013
10577 2586 3680 211 7320 2246 5497 2460
10578 1052 842 2715 1367 4177 8053 6390 2518 6966 11561
10579 8561 1784 10949 3540 6426 3537 3538
10580 1600 472 470 5337 6614 2920 1635 7402 273 7337 6448 8936 4546
10581 3517 1431 5436 669 10720 3808
10582 3158 8595 8860 1207 11518 1534 2821 5732
10583 4558 5156 344 2494 9728 10274
10584 11557 5550 9597 6543 11226
10585 7616 4970 10672 2472 11217 11712
10586 3705 2446 3865 4862 10017
10587 900 5081 3534 5353 1674 7646 11713 10405 3053
10588 446 1355 4745 10019 120 793 7917 8905 325 6931 1078 1057
10589 3727 314 791 8960 10707 10015
10590 1563 5797 3039 6724 6779 947 2692 5800 6825 5106 282 3849 2143 7177
10591 874 438 8622 7878 3531 846 607 192 4799 3030 1705 1429
10592 5823 7931 3910 1845 10513 7830 4130 7484 2343 7243
10593 3546 7867 5441 6330 10991 8556 9466 4819 7951 146
10594 10518 5801 11689 10938 10759
10595 9581 1039 4120 1725 6513 4483 1659 5732 9085 173 8544 1970 10215 8952
10596 420 3005 4796 3024 8348
10597 4519 3451 10650 3891 659 1279 4533 6232 188 3694
10598 11040 7431 9557 1525 8471 7465 6955
10599 5215 7395 9521 5449 1490
10600 3349 7482 8345 1731 7931 3018
10601 9658 8242 343 11276 9572 408 9124 7000 10863
10602 8824 601 244 92 757 2918 3326 326 2129
10603 9503 5302 3056 789 815 2042 8608 10532 1718
10604 213 2633 2217 8432 10463
10605 6507 6058 3379 3146 715
10606 3490 428 724 9299 3244 3198 1335 468
10607 79 1321 9703 11656 3244 4483 10464 2
10608 162 8389 582 449 4586
10609 3388 4817 2253 368 3331 1470 1496 583
10610 8777 5798 8767 1391 475 4307
10611 758 8711 2359 5970 4323 3799 148 3010 6494 338 488 1298 8457 11094 8508 5015
10612 1175 1176 7557 7556 1177 1178 1179 5736
10613 10325 8658 1415 7217 1418 5910 2514
10614 55 417 632 1204 3659
10615 4198 10765 4834 1218 414 787 8185 8541 276
10616 2286 2740 1776 8750 4296 2134 6724 6027 3868 5654 1872 7310 4660 9278 7642 2925 853 3094 6061
10617 666 244 4294 517 10871 938
10618 6979 11714 8230 1194 11270 1001 3215
10619 248 858 3270 4335 9342 393
10620 1811 2803 9417 2065 2161 1596 4309 1870
10621 2838 5124 1896 6209 1346 11415 11659
10622 2163 3751 864 411 5902
10623 3209 11264 2838 9929 2795 9314 4023
10624 4459 4458 1709 432 4289 9907 8871
10625 3073 11345 11644 7892 3792
10626 2461 4567 8823 6233 400 791 10280 11095 6925
10627 7665 1970 6564 9326 7151 7007 4110 5696
10628 4272 6501 7325 649 647
10629 1123 9671 4940 8440 4633 11267
10630 8326 8848 325 2529 2477 3217
10631 5677 3288 3830 782 4590 1463 4342
10632 7001 3718 1097 3791 10421 64 9807 8210 5731 9028 14
10633 7580 21 7178 11063 8690 9050 7581 4554
10634 1158 10065 11641 9254 10231 6932 10887
10635 976 258 812 3201 145 1641 3337 5766 2433 3164 4001 360 2127 6839 1776 6739 593 358 498 6244 7214 3408 3205 9320 1566 3588 3582 3932 923 1242 6682 5456
10636 387 1694 1215 8163 4549
10637 1634 1462 5043 2885 10643
10638 417 4929 4739 422 2742 9666 7814 3114 2692 1897 2752 993 4050 5018 4269 4505 2630 4003 5020 5021 3931 2924 683
10639 1355 5249 726 1140 795 5009 343 1057 4111 1409
10640 2978 1586 2979 11119 3669 9451 2364 7898 2195
10641 8439 397 2530 9381 2529 3006
10642 6961 3856 473 6645 3029 1740 6343
10643 3198 934 4856 1033 2069
10644 1897 1898 7135 11562 7461
10645 11045 552 1371 1461 779 400
10646 5268 5617 6451 9870 3979
10647 1766 8824 1032 3280 2602 1549
10648 9141 1180 1496 8211 1089
10649 6835 7502 1419 10593 9549
10650 6668 753 1197 6745 2649
10651 1951 2703 676 628 459
10652 1188 9292 4259 3164 1584 3038 3923 1564 3560 186 1234 2125 1510 10951 7987 832 4000 2929 322 2086 505 1238 4314 7282 5931 5288 7435 1111 1923 2309 3915 5800 1113 4161 7699 2136 281 5290 578 579 6750 1912 5933 6444 284 2144 4168 6061 2145 4005 4075 2146
10653 1033 1115 1931 8103 8793
10654 10782 1883 598 4299 1807 6200
10655 4428 2322 3334 2662 10099 303
10656 4394 709 3237 338 5509 9000 8856 8743 11601 4689 1635 1496
10657 1086 3796 1480 10297 6989
10658 2371 9072 79 1729 3753 8021
10659 9143 1364 8133 4036 86
10660 2945 446 2311 667 2482 528 3146 155 937 351 4027 1970 3323 2160 2544 2161 938 3623
10661 3762 5240 3037 1525 10167
10662 5398 6464 2120 7901 3923 2433 4739 2125 4046 3689 20 6244 423 1168 3112 2545 7383 920 921 505 2134 5010 7699 4973 3342 4273 1651 10121 9612
10663 2539 3276 2541 2803 293
10664 11170 6384 3125 11393 4824
10665 1165 11081 378 6752 2037
10666 5417 2371 6308 1332 11068
10667 11715 144 1307 2696 359 6244 1382 5365 1868 5653 9495 4659 1653
10668 146 147 5814 10648 397 4431 6413 611
10669 11252 3250 2621 5925 677 1552
10670 3305 4750 3235 3062 2209 9063 1189 3293 4039 8514 2937 4531 5984 2482 9563 1803 659 1289 321
10671 714 6636 5250 2455 4404 9419
10672 2812 1672 4482 10781 8036 11520 1875 609 3365 10671 8459 1835 2916 10577 9438 62 1689 2628
10673 428 482 916 5984 7843 6353 364 486 1531
10674 1322 1078 2094 4 2488 6232 196 4555 6101
10675 8609 523 3519 7426 7425
10676 2655 7818 6553 1531 3147 8024 11580
10677 7753 983 6317 3688 6058 3406 3409 5356 5404 3712 6933 268 1518 987 4659 5407 6307 5103 1573 1574 2928 4075 5014
10678 9150 8538 6686 4227 2519 179
10679 1816 884 428 5908 407
10680 6136 9740 10510 3700 2854 338
10681 1289 5745 1259 6480 5480 2832 5527 8655 3694 7931 4530 9710 1845 6805 10419 2969 2768 9022 11400 6014
10682 9103 11408 9752 8 11716 9262 10324 8530 8011 9645 9646 3540 9647
10683 8863 2642 2348 7441 9436 9410 6263
10684 9713 4043 106 542 9239
10685 528 664 3090 7410 1133 372 7011 1718 5307 2497 303
10686 692 9609 1261 4068 2128
10687 3386 2212 4417 2875 5540 936 5761 105
10688 5744 7732 5535 3692 4161 5106 7381 7816
10689 9350 10119 7428 898 1742 819
10690 9011 6836 2229 52 373 1689 9064
10691 7829 2661 4568 8415 1032
10692 984 8181 2431 5224 6220 3202 422 5967 796 499 4771 2229 3468 1217
10693 1802 125 6046 6164 11686 5221
10694 3905 10512 303 1581 5719 9066 4910 1522 268 3916 1716 3519 572 4987 2755 6781 958 4880 393 8014 1892 4370 740 6872 284 6061 10862 6596 5282
10695 10965 8222 3024 1204 781
10696 8382 7875 11072 1903 127 10969 8908 90 10426 11062
10697 11378 8697 1854 5170 6365
10698 6573 1970 1903 6150 3890
10699 10807 1811 1917 9299 11097 1666 804 7147 1605 9786 1278 5520 5622 5688 520 3804 10385 6719 6555 7676 1168
10700 9045 5952 4649 4618 659 417 5992 10602 7638 8275 2518
10701 8230 758 1963 2136 4411
10702 8966 6236 3309 6463 4253
10703 3262 350 1712 742 1236 9716
10704 2519 5002 2127 627 8440 8441
10705 8312 94 3073 10171 10754
10706 2594 4165 2248 1565 97
10707 607 2160 85 7731 1735 2544
10708 5265 5261 3958 4729 7058 11102
10709 10790 1443 423 10652 8462
10710 8197 1086 320 6220 6839 4735 2928 11141 1718
10711 8929 1143 1689 4667 11504
10712 10909 1174 4352 1272 3819 3856 6257 3007 6505
10713 465 1283 428 368 7525 105
10714 7601 6880 2621 3211 5929 18 2562 265
10715 8764 3388 332 9541 6365
10716 2911 1544 632 6046 8896 4128 97 5585
10717 1907 8485 846 9666 4625 6931 793 1908 8719 1775 374 11444 1551 1872
10718 7924 10673 6543 2572 8819
10719 2071 6602 408 7404 2710 6430 6438
10720 6378 10999 7959 8511 7960
10721 7705 3867 3765 8184 3700 5659 2854
10722 349 514 8208 3403 8695 7708 3934 1527 8257 10479
10723 1599 9353 8811 4981 6334
10724 1854 2189 3203 4388 4426 6959 1970 1718 5563 8370 5070 10095 6204 11623 1443 8430 2323 1715 2220 169 9047 11145 8426 1710 759
10725 8974 1324 3384 1629 11411 4559 5307
10726 8454 11248 335 10842 6016 8642 1198 1779 5624 8486 866
10727 175 3163 5292 1903 726 5579 2295
10728 1180 1496 1635 8414 9545 3147 3813 672
10729 3333 2 6238 5289 9453
10730 7993 2445 3477 7611 1605 8908 7106
10731 1640 8859 2167 357 2079 10305 55 8047 5021 4879 5018 8142 4269 8361 3166 3931 9115 740 10392 9611
10732 207 9428 1038 753 2586 6493 4483
10733 5293 8049 4824 1046 27
10734 6998 7456 3349 7190 9512 1860 9157 6430 10806 9566 3061 2422 2012 662 186 1522 4050 351
10735 1745 885 10514 4332 981 8180 7653 414 1718 4259 6985 4044 4398 357 5375 11622 4045 3406 5535 3263 609 1238 6852 1382 505 4081 8094 5011 7815 5378 6028 122 4775 4661 5013 3586 924 5834 100 4279 4281 4881 2118 7817 5412
10736 9681 1805 8425 1196 1556
10737 9628 5564 11188 2684 3739
10738 1668 1287 2641 2401 6720 10423 6633 3523
10739 7615 10761 2273 6789 2329
10740 226 4511 8966 5002 6095 494 10435 5000 4651
10741 2563 932 842 1666 440 81 3569 3235 796
10742 4140 3536 5806 11389 2146
10743 5905 1956 3772 2165 670 2496
10744 418 978 979 8057 6104 1523 2977 10624 2575 4399 5967 3263 7480 273 611 715 609 6800 3736 758 6405 6246 1897 4652 1242 2136 2144 2145 1653 6854
10745 7679 6154 10904 3856 7614 7497 6488 6489 69 4256 9136 4768 4902 3051 11592 1897 761 4021 10953 10003 3717 4804 11451 6528 3718 1841 2466 10952 1095 11452 2535 10160 1966 2342 7261 5948 3069 73 619 7242 7134 3070 10888 6492 2414 4137 7118 10500 9735 8512 7135 11478 5035 6986 9064 8901 9137 5072 6530 2827 2824 6302 11453 10861 8165 7462 7461 11277 11661
10746 4424 4460 3707 11143 99
10747 10825 5827 11562 11076 5554
10748 9015 3138 5521 8181 4501 1513 1316 4268 1896 2048 6246 2748 3613 3168 4052
10749 1392 1598 7173 11149 5634
10750 3034 1164 784 1078 1609 38
10751 99 1301 9846 4363 3974
10752 6209 11680 2702 572 2083
10753 822 1952 585 8740 4925 374
10754 5417 1226 5333 6145 9063 11596
10755 8647 797 6720 11372 8782 5078
10756 8743 3596 2023 2651 10149 3887 7424 5554
10757 8705 6312 2406 1177 1178 1179 1196
10758 3251 3003 97 179 8130 1939
10759 400 3403 55 204 278 2056 10331 1930 6712 5978 845 1444 8707 99 5693 4463 243
10760 9680 7393 1414 1802 318 2469 1907 588 3611 321
10761 2563 6534 1959 6613 10781 10145 8229
10762 10830 11360 493 1361 11588 3925
10763 85 4517 10565 4525 5428 3934 4903
10764 803 4156 9153 165 6473 1718
10765 3985 6526 7051 240 698 1870
10766 842 659 783 6470 5480 3307 455 464
10767 7549 1709 4353 7516 5772
10768 7401 5962 5422 9230 8524 6290
10769 621 7998 3046 6247 337 3582
10770 1743 310 1549 10130 4000
10771 8102 2098 5988 308 1523
10772 5096 10914 7710 10093 1904 1853 6673 8457
10773 11451 1106 3789 2248 7497 9136 1841 3832 2645
10774 5950 4227 10563 55 9670 10450
10775 1944 4586 1807 7887 1197 787 10438 6200 9429 5828
10776 882 7635 286 5520 3307 3182 1267 6702 524 2562 6348 477
10777 2887 697 2637 10182 7508
10778 715 1189 1321 172 7669 6248 8864 4764 1826 10406 2501
10779 5677 2094 4236 1198 5418 6193 10541
10780 5581 6690 10345 3397 1403
10781 10148 8515 2379 927 7071 3516 1683 10286
10782 7878 7741 793 10939 6614 2590 341 1531 3435 11717 1067 755 11251 6868 7347
10783 3146 1205 1001 11360 2495
10784 8263 3801 4692 11535 4686 4691 4688 4695 8028 2898 4696 3352 8029
10785 4886 7479 1634 4411 11393 316 8646
10786 4114 4836 400 10723 5955 8029
10787 7723 7724 5780 1932 6503
10788 4728 4928 673 9371 3075 7983 5311 4334 2867 3116 3560 5227 10185 2434 4305 10512 1309 8701 6078 1238 1119 10319 6933 6028 5560 8521 4635 8127 162 5407 1394
10789 8952 9966 1356 9247 1366 11596 922
10790 5451 7630 2252 10555 5206 3212 8678 667 2784 8159 3291 3250 7835 2768 1165 10611
10791 3529 255 1304 358 1564 9497 2928 9868 998
10792 6052 486 4433 4280 3494
10793 3400 1234 3055 3552 2871 1240 4282
10794 6360 8979 9349 8981 5995 5996 6003 2846
10795 11052 1610 1180 25 9343 7016 9748 7239 2059 4077
10796 932 399 3680 1607 823
10797 3899 10073 7341 1663 11171
10798 949 397 11245 296 250
10799 1855 3619 419 4314 423 576 427 4048 1400 2144 1652 6741 1653
10800 1803 2728 3606 2806 9159
10801 1231 812 4165 2123 3998 1867 3924 359 2126 272 7369 2692 178 361 691 682 5229 6794 5020 10726
10802 10521 2887 7997 3534 5052 7915 7763 9307 10246 8760 130
10803 1414 6778 717 7164 1185 11046 10831 6805 3365 5579 5714 7532
10804 3003 3708 4490 122 4339 3901
10805 1671 4286 3161 6079 2799
10806 3558 8631 3462 9031 5462 1356 278
10807 2790 10423 912 3251 2464
10808 1614 10423 11301 9652 11421
10809 465 7636 803 374 1121 2446
10810 2812 9411 2501 8258 7794
10811 1244 5179 6006 10105 10153
10812 6381 3491 4060 6365 10461 901 2791 6607 5574 7161 472 2420 9375 2044 2623 3617 5371 9687
10813 1173 6534 615 9170 5902
10814 5409 3896 4125 3319 3680 6953 3957
10815 7530 676 5401 6107 3836 179 10303 1196
10816 5903 5378 11329 10276 5065
10817 2216 3396 7247 2966 6614 194 6236 8435 1599 2637 105 11020 2653 81 205 9982 3666 325
10818 481 10348 5753 5941 9937 11152
10819 6381 8668 2636 2637 5417
10820 11710 2451 666 7486 2621 1705 3673 11196 11706
10821 9165 4117 2601 2922 2453
10822 1293 7500 6485 7042 8483 8176
10823 2653 6004 2042 423 2132 11470
10824 6207 3815 3080 2437 3454 1825 2024
10825 941 256 9686 438 709 2094 355 2125 945 9584 5167 1581 1312 7876 3932 4269 993 5017 4879 5933 6444 7627
10826 148 9158 120 2256 4292 389 390 9115
10827 4511 3725 4470 5812 3085
10828 5565 6004 5599 7404 3355 10457
10829 1247 10817 8429 10324 8010 9239 556
10830 300 4567 1904 8685 5041
10831 10858 7469 10785 3787 3066 8190 643 644 9005
10832 9057 2232 3056 2911 3400 11426 4036
10833 166 10803 3933 846 2111
10834 3400 3874 3055 6078 254 2141
10835 1463 5748 3054 3590 5817
10836 6146 6147 5163 2238 1940 703 1709
10837 466 11541 7776 11500 2193 4667
10838 6832 2431 5475 889 1234 3636 6105 7382 280 1512 1581 1312 6028 7709 1388 5017 4269 1567 1075 1732 2118 1244 7627
10839 1197 9182 1844 3272 2686
10840 6186 4747 10928 5757 1375 298 632 6500
10841 5794 5313 7906 562 5534
10842 1867 2073 1775 3317 11565 2304 5125 9183
10843 367 5081 9416 650 2562 5609
10844 5196 7775 10207 2450 5450 7267 4468 3950 6645
10845 6313 6193 11411 1350 771
10846 5451 11346 3 1343 9565 3308
10847 1532 1531 628 3183 1196
10848 785 9456 487 343 11505
10849 488 609 9837 1401 11327 2657 5254
10850 6735 1656 1280 343 2959 2961 9684 2045
10851 4036 6440 621 3803 1934 8277 2250 1965
10852 5091 3667 7566 4968 7426 7425 9027 11645 10888 5554 1204 1095 595 2905 4902 5217
10853 1751 2359 714 21 6840
10854 6216 2911 1731 3988 11272 6238 983 4441 672 11259 8358 11216
10855 7710 2472 417 1880 6164 4919
10856 6274 6275 9877 9878 10226 995 996 999
10857 1409 81 3587 9608 10199 6237
10858 7871 6845 7187 8735 8099
10859 8705 6312 10148 7557 7558 5736
10860 8837 8205 8642 2602 10580 9121 628 6097 6524 6163
10861 4158 1257 2128 6794 7265 2646
10862 5439 9769 3258 10776 4392 744
10863 9347 3012 6209 2197 10491
10864 10468 3379 1596 2467 9125 169 9060 364
10865 7615 4965 221 4719 1052 766 2052 5187
10866 6117 10985 857 8809 5958 9541 4513 6073 8125 6756 2365 2054 7899 6416 638 3272 9513 1023 1771 7413
10867 671 1180 11292 8719 10145
10868 1355 799 1013 596 4101 5687
10869 1198 785 7585 5508 6565
10870 1132 1057 5377 8822 691
10871 820 8596 5290 594 3847 6014
10872 2121 2044 2286 6056 499 1237 2170 8180 1868 5230 8854 740
10873 10141 2570 5787 9757 8530 5782
10874 9293 8754 1240 6367 5752
10875 9711 10586 674 5537 9934 8803
10876 5909 1799 7673 11047 11593
10877 4351 1181 1066 3473 4051 9665
10878 6203 7714 10627 9848 61 5982 7829 5823 3380 11584 6368 4615 7271 530 11387
10879 10654 782 2993 1744 448 1549
10880 10783 10476 3472 7107 603 1775 654
10881 7501 4230 3400 435 3923 2430 278 3055 6025 500 5832 258 3202 1514 3011 424 503 920 2133 8622 3415 951 3588 5719 3928 7876 4775 1649 9525 2141 3586 1650 1400
10882 37 6112 5574 4631 11595 5174
10883 7533 5562 2666 1448 10095 303
10884 6054 1044 4127 2500 7053 512 3767 3952 3306 1502 799 2074 7400 1962 3358 338 5320 4023 85 2068 8043 755 3508 1728 6859 2070 10117 1807 11589 2491 6785 5462 3174 7468 7351 1951 11425
10885 7385 8558 758 1507 7336
10886 9171 2810 9324 7464 1526
10887 7695 8787 9978 11602 1197 6297 1618 9049
10888 6857 2838 615 8602 2765 911
10889 7073 11563 931 10556 1146
10890 1268 2176 2901 1108 10164
10891 4974 5273 1894 7930 426 6990
10892 1897 3717 10953 10160 1966
10893 1840 1136 2250 7497 9136 6527 1093
10894 3085 25 1496 5822 11222
10895 11354 1435 10752 4196 2385 1742 3888 1721 10704
10896 9402 2425 4650 2171 3409 7854 1265 1581 1312 6247 1858 4973 5011 1522 2229 993 3166 988 6291 5017 5933 683
10897 4803 4137 7462 2534 6529 1053
10898 4589 785 4836 4239 1052 4023 709 1325 528 667 446 876 664 665 517 781 10138 4169 9125 4294 967 610 2632 607 1482 7457 1803 7194 5449 5425 127 871 6805 7726 5332 3877 10587 6876 6200 5078 2631 7236 399 5706 8357 9354 717 9966 5215 11314 354 6902 5837 2065 3710 2655 2537 5711 2709 2621 3430 11373 3269 10550 3352 2350 2352 486
10899 3798 3794 9716 9717 5982 6719
10900 9155 11625 1143 2727 11718 11343
10901 8660 7899 1732 1007 461
10902 10115 1717 8697 349 10095 10627 8430
10903 785 5530 10650 9894 8526 6628 3950 845 1934 188 4924 6513 2526
10904 7282 1289 11306 832 3863 2806
10905 3085 8907 10994 11280 7567 98 760 4873 353 2432 10877 945 4909 500 946 1069 3556 3406 3111 2741 2664 3728 3409 920 6779 3691 1068 7420 6339 9935 1240 1242 3878 2731 4654 268 2730 4773 955 3848 4879 7769 594 690 7816 1653 7627
10906 2942 656 321 6247 4161
10907 21 7196 8708 4404 4554
10908 6534 7535 1292 4778 1296 444 8218 8998 5950 4184 1691 3428 6108
10909 4992 4990 3454 4991 11555 7426 7425 2534
10910 98 5513 8483 379 4166 4002 953
10911 211 3326 8916 10905 5651
10912 3291 6057 4043 186 2396 4650 1240 1312 10241 682 3916 4662 5986 4776 956 3168 740 9611
10913 785 3349 1342 9043 325 3582 2019
10914 2448 5401 8303 11719 205 4697 6841 10214 9525
10915 2472 1531 2603 1556 1595 1113 579
10916 7748 238 1045 11699 11135 6923 1502 10272
10917 7023 2821 10250 1765 10621
10918 5171 10074 4782 486 5732
10919 8703 1257 857 858 2166
10920 10899 11140 231 7200 225
10921 3521 1321 1605 10269 8601 481
10922 8966 9207 662 823 11720 5896
10923 4339 7000 4632 2446 1360 1298
10924 10626 10110 5619 379 1764
10925 368 872 83 303 388 389
10926 9017 936 3244 799 10091
10927 2425 105 5813 7343 3454 2263 5051
10928 879 1283 432 6054 785
10929 343 898 912 1879 2446 488 8968 6713
10930 7712 378 5432 3689 4046 2189 4229
10931 1240 1311 1036 4038 4037
10932 5448 8271 430 10601 2980 2012 2981 10602
10933 4645 1446 1374 3852 1364
10934 5378 11100 3146 10362 7122
10935 9402 3859 730 1838 9345 488 3775 5117 4131 1092 3399 6128 1298 1301 5358 8262 11602 264 859
10936 3134 661 10977 4233 4608
10937 1281 6985 2234 3688 6852 1776 3412 3690 3692 2747 178 4278 3696 5290 1568 4051 3421 3698
10938 5169 2180 1854 99 2190 7061 8487 8319 4463 4426 3985
10939 10162 528 5729 942 5310
10940 7057 11609 5563 899 1890 265
10941 1523 7077 2153 1827 4154 3200
10942 10116 2193 1611 11721 3181 1921 8367
10943 131 7623 105 166 225 6935
10944 6473 10972 9428 1441 5307 4443
10945 2907 290 79 799 1321 584 4 585 4414 1886
10946 255 1879 4738 123 2395 2168 3922 261 916 1477 6059 9666 423 5619 3408 1053 2645 2135 4113 1242 2141 8854 3473 509 284 6751
10947 3496 1816 9132 11160 11333 5774 9632 4748
10948 932 148 846 7322 2933 7345 8796
10949 601 5170 1287 1735 9862 1446 1582 486 8621 3094 7608
10950 8651 3815 1718 9147 7894 2944
10951 1990 5761 6398 3191 10602 3029
10952 1671 5871 1962 799 6049 407 2575 7577 10112 6160 10618 6762 7806 8214 1600 3702
10953 2598 1174 11142 5719 2197
10954 10057 317 7082 9624 374 4579
10955 144 145 261 785 3780 2434 3414 8597
10956 1523 7869 8342 1708 632 4771
10957 1302 6772 1364 5070 10724
10958 8457 3657 10183 6515 9093 10257
10959 9409 10259 1718 4926 3226 4145
10960 9270 7498 3597 3708 4342 1216
10961 8907 187 5509 3269 5256 3147 30
10962 584 4877 2795 4595 2821 2006 874 6643
10963 92 7000 5963 7832 667 434 351 7789 745 1825 744 303 717 10111 1889 4729 7045
10964 2199 3680 3382 4925 4930 4937
10965 2831 8270 3295 6144 7026 3165
10966 211 596 2708 7327 11124
10967 10763 4336 4138 1800 3630 2947 4016
10968 6866 6990 7578 6685 8401 6623
10969 5170 3705 8513 5483 1877 8122 4420 10854 1609 2322 4421 1301 238 2180
10970 3533 4443 2859 11208 5337
10971 5940 1529 8433 10114 2615 8779 1477 3611 5528 8600 120
10972 5449 177 5337 1970 1057 768 5690 1702 3049 457
10973 3116 2169 5956 5010 4772
10974 7712 9356 2312 3290 10273 2621 6555 5369 6145 1477 10186
10975 1822 338 2528 1857 2530 2531
10976 7701 6280 10045 3126 1962 11332
10977 11043 11299 10646 7388 11234 11362 591 10129 318 3504
10978 3637 5805 5806 11041 11231
10979 1164 2470 2989 1814 4633
10980 4563 4855 9294 2065 8627
10981 488 8085 259 3101 1579 2131 3926 1869 2924 3479 955 4277 362 2754 2756 5103 3713 10544
10982 3381 11654 11593 6657 3454 5663 4323 3335 1742 81
10983 4111 120 1292 456 2469
10984 2065 1870 2259 6579 7371 3260 10718 4864 4530 1613
10985 2551 7050 3805 1557 379 2002 626 423
10986 4981 2776 803 4343 4106
10987 9932 6320 1097 5295 1094 4902 1109
10988 8140 10461 901 255 1879 9683 8351 4216 6056 8197
10989 970 5775 7926 1727 1057
10990 1107 2826 6530 7462 2704
10991 1599 8205 2875 5950 842 9080 3515 3108
10992 2331 6748 8698 9658 300 8895 4911 3949
10993 3560 496 1307 4044 1641 4166 2131 7625 1580 950 5286 4774 7791 10241 3698 1651
10994 4241 3348 693 11167 2933 2321
10995 481 7081 970 2248 1018 1819
10996 8827 10962 6968 1149 1153 8561 11462
10997 4754 394 7178 10961 21
10998 9719 2950 105 5776 3726 2161 1920 876 1718 2998
10999 5126 7242 1833 2628 3817 3309 3288 9 7027
11000 132 399 842 4923 10921
11001 10228 9890 4572 1313 81 2249
11002 10760 1766 1002 11577 169
11003 3465 4368 1330 4351 173
11004 255 256 6226 258 8180 2120 2815 10333 916 4501
11005 5225 2709 6902 8056 343
11006 1465 163 10229 2090 3228 10950 11505
11007 5367 8680 6717 11554 8174
11008 10603 7163 2044 6636 11722 2529
11009 10733 5154 3348 5676 5863
11010 9212 343 2265 1718 1719
11011 3337 1776 3692 5286 3417 5289 2699 6291
11012 5486 2877 6644 6512 3047 11362
11013 8321 2914 6377 11447 9670 86 799 779 79 2907 1355 6933 6028 8261 7409 3029 924 3893 5242 3244 3294 2011 1886 778 82 2212 5576 100 552 7694
11014 2005 11611 5772 4204 2111
11015 7760 4686 4682 4695 2650
11016 1796 4754 778 2821 5732 779 10353
11017 2008 9958 3290 3291 3472 7107 603
11018 1261 2550 10133 10127 4671 6106 2575 355 1510 2929 4076
11019 1081 1970 5630 2917 1164 11706 9827
11020 343 10613 3400 5853 1033 2015 2439 6422 3429
11021 2552 1614 8326 9347 11265 7178 8394
11022 884 2835 4733 7652 3498
11023 2885 4904 9287 1332 586 427 10971 3104
11024 7452 4228 4852 5845 361 2091
11025 11213 7281 3094 10620 9822 3543 7914 3363 806
11026 310 1355 5679 5706 82 2161 846
11027 5110 3021 10591 8471 6014
11028 9144 2285 674 3400 415 4230 4041 2120 2121 144 2506 9805 2124 353 3055 424 422 1311 5967 537 4399 2900 2086 5101 2133 6328 3915 1387 1581 1312 3916 993 5017 5020 3166 6311 1649 5012 3105 3932 1561 7438 3586 5834 997
11029 8554 4869 4971 6185 2356 3826 980 2431 1643 7382 296 6936 5022 7629
11030 247 2666 3921 3732 3817 9213 2990
11031 9419 1681 2472 10399 7252 7303 9734 2343
11032 803 8128 5723 794 1284 286 1605 9537 2223 771 450 8566 3071
11033 1375 8889 8911 10935 2881
11034 2125 2128 4342 10102 7913 9120
11035 4340 8047 11288 10851 8992
11036 10298 9874 6770 11494 5860 1934 1785 6906 3598 5782 9749
11037 6376 303 6455 2328 4461 9762 6374 6375 5262 10437
11038 2637 530 7335 3164 10243 1652
11039 6250 8893 6194 10613 1413 6975 6804 9408 10306 8978
11040 177 3181 8477 4586 1170 8648
11041 1758 9578 2637 4766 4244 221 8128 428 466 6671
11042 37 4675 528 169 2 4641 3008 3999 3030
11043 6406 446 1882 4226 3368 4610
11044 2373 5253 6493 3511 1584 6717 666 7486 10088
11045 4546 553 6925 666 1003 10991 38 2544 39 7632 6956 6629 311 2464 4184 9041
11046 11056 7696 666 92 1802 97 785
11047 8239 10626 3532 8943 977 5529 2106 1797 8020
11048 4743 11448 3819 1908 7271 1347
11049 3922 3618 2169 3204 1168 1566 6101
11050 3414 2224 10010 2558 6117 3943 4142 334 2990 11336 3119
11051 10081 6746 3288 4520 6895 1018 6923 862
11052 6053 984 291 4479 272 6317 2360 3113 3100 1776 7417 4081 3206 954 4234 959 3422 7171
11053 8776 7546 8044 7262 475
11054 7127 9890 3465 9022 2455 6111
11055 328 1390 2216 4818 9282 1216
11056 432 7701 6885 456 2299 4034 3213 8949 9789 394 632 2598
11057 2765 8247 7695 10575 1726
11058 10780 8788 10110 3356 9272 5050 397 744 4080 1930 21 1618 10738 8625 2202 2980 325 4194 2531
11059 3061 10852 432 139 5116 2223 661 8253
11060 9842 2109 4412 7909 2204
11061 394 3872 1565 701 569 570 309 312 313 1662 8166 10142 8948 6296 11573
11062 11669 9293 7500 9144 6338 11362 8633 3954
11063 468 3569 4884 173 7003
11064 2808 8369 3136 3214 4490 650 1000 1330 4047 2697 4895 10029 6380 8185 8753 2906
11065 1742 9593 3579 2433 5067 3688 6143
11066 10791 665 1452 10601 10804 1826 8064 8998 11110
11067 2322 242 4726 4463 2192 8563
11068 6903 5154 8678 8684 632
11069 669 5434 3807 1813 930 1709
11070 11105 8138 2097 1709 308
11071 903 3302 1975 11032 10675
11072 2330 3651 4895 4902 7527 11723
11073 4306 11351 10602 7731 8909 6701
11074 808 7331 1751 1202 491 1276 210 7237 1661 809 6475 2765 11212 1816 7150 4053 3496 3439 6633 7154
11075 4817 350 5565 4240 6791
11076 6120 8827 8588 8589 8650 4990 4992 10168 10169 10484 4987 4991
11077 2562 2611 9770 6139 9228 2078
11078 7719 3244 3932 3530 1607
11079 4721 1721 17 4196 8778 2384 296 4553
11080 1918 7647 7290 5570 10674
11081 8956 5439 1731 397 1857 4315 8376 5479 794 1238 8390 4597 9168 427 11649 4968 1024 143 5565 122 11684 8969 6653 6478 2646 2644 11694 8620 4009
11082 3299 11388 3302 8118 2573 2267
11083 2778 780 1046 4 2518 9085 854
11084 10069 2251 1693 1214 1216 8133
11085 3277 2933 8952 2292 374 10352
11086 5768 1880 791 2625 4637
11087 10073 6615 2917 8236 7630 7210 2446 9486 2322 6199 10238 8560 4833 9583
11088 4461 9762 6374 4460 6375 6376 8233 9758
11089 10214 4627 787 8206 8024
11090 428 6606 4737 6753 7564 122 9706 6093 6094 1110 10159 9884 6595 1429
11091 3276 2541 5567 1943 6314
11092 5441 8596 2448 8218 2602 519 1555 858 1761 4117 4815 1316 4555
11093 9789 17 9780 2978 1658 6775
11094 630 4587 11156 4441 10419 1242 3247 4038
11095 3333 3183 10668 7274 9694 10157 9958 7101 10946 4646 4299 1079 10209 688 6163 6 1196 5191 6058 758 1595
11096 7503 9515 7826 2328 1033 304 8102 4348 3605 10034 8830 5162 3905 10684 10243 4432 3553 2179 4729 6651 6147 6148 11655 10381 8986 240 11100 11617 11014 1358 2172 2488 4036 2911 728 4038 1864 1318 1240 9967 10722
11097 8752 5863 3602 4036 1864
11098 11500 1278 9931 9151 11465 6589 2637 4945 1760 5840 8494 9609 5520 412 4259 2248
11099 256 4253 2116 1641 5224 3685 3689 2365 3204 3694 1257 5797 3112 2171 1776 2746 945 4268 3414 2131 3926 2122 10567 1369 5800 443 1519 281 3696 3103 1249 1568 954 9083 3106 1574
11100 709 11700 7638 2538 10756 5082 446 1167 6095 4593 6400 7934
11101 4244 7391 8503 9519 10054
11102 1882 5155 1772 1970 1057 3279 4323 6141 1702 726
11103 1036 4036 847 1864 1653
11104 4973 4638 157 9717 5950
11105 4207 785 2332 889 3085 944 676 1033 505 7110 5017 990 5018 5022 991 993 4050 4269 5019 1075 683 987 1461 8361 4277 2924 3932 1567 3166 5021 5012 2143 5387
11106 10585 432 10752 10668 10828
11107 5955 5215 3238 7980 4315 10964 1056
11108 10635 2710 1355 2254 753
11109 1777 1919 1565 3228 11106
11110 5418 5677 6632 879 481 1283 11254 9578 6535
11111 936 6956 762 6966 11415
11112 3636 7382 1237 4479 3011 1312 1581 1066 1075 10241
11113 328 2332 3182 6648 7632 3163
11114 9554 4689 2997 2993 1938 8084
11115 3872 2708 4968 1354 5664
11116 102 3280 8833 4937 145 2562 7471
11117 666 6011 1366 5208 5010
11118 5112 6872 345 5092 2669
11119 11558 10712 8298 7537 4410 2199 552 1194
11120 5393 3345 9295 2508 10688
11121 7235 6228 4893 5582 7165 5354 7915 2653 8917
11122 1078 3194 1822 3331 7345 1738
11123 5690 6142 1888 207 6878
11124 10838 5723 10654 2796 11192
11125 10014 7 9237 8279 9169 9590 8282 7958 9379
11126 444 3003 11343 9028 1969 2905
11127 2812 6858 7799 1164 7143 8803
11128 11724 1111 11470 1726 7857 11387 4817 155 752 4782 5322 7886 2518 5105
11129 4614 10560 840 782 11012 10370 3291 3164 2868 2169 4232 3691 1317 3412 5928 985 1516
11130 5590 8061 6116 886 258 415 416 7653 2120 3636 3138 984 5006 4909 296 1317 6839 1068 715 1513 426 950 5288 361 4049 3582 5229 5102 3420 509
11131 1718 2622 11623 1457 10332 6138
11132 248 10031 11285 1144 9119 3919 2470 11024 6592
11133 4644 2639 9135 6792 5588 4207 6348
11134 3852 1661 338 1342 1629
11135 1523 344 3119 1208 7027 2058 5013
11136 5249 8308 6828 5899 872 10467 4626 11423 9544 4771
11137 52 8203 248 4929 736 2433 4503 3555
11138 5350 3526 9945 4906 7668 9150
11139 1268 1158 6217 3269 8425 240
11140 803 81 2180 5901 845
11141 1327 8274 6748 4916 3293 2623 6430 632 5598 11604
11142 10466 10141 7574 9977 7573 4466
11143 11472 9071 9501 10666 3637 3723 10948
11144 5908 782 1737 192 11725 10968 11286 622 8788
11145 8758 8757 3467 868 869 2254 1553
11146 1970 4629 260 10863 2623 105 11029 25 527 11679
11147 6512 8701 6644 1886 3483 1056
11148 7113 5388 10911 4869 6711
11149 6843 3792 737 2531 11503
11150 488 317 1903 1030 4752 7786 9639 37 3753 38 1807 720 771 4199 9836 10921 4084 4666 1000 6939 5115 11684 10171 450 10728 3658 3661 392 4366 10363 1963 8229 9120 3144 5931 396 4411 208 9788 1124 2706 10920
11151 7200 8966 446 8527 7047
11152 1209 591 6562 5090 10930
11153 8391 4286 27 5196 4240 4 6396 2488 6198 6950
11154 5335 1834 4440 8305 4946 9343 5828 8850
11155 81 10246 9152 7419 7966 3680
11156 3826 11687 5044 6168 4684
11157 375 794 1287 10177 10927 1228
11158 11218 7656 11083 591 5624 6435 2388
11159 465 794 428 1460 1288
11160 480 7836 1857 315 9405
11161 3404 1549 10313 62 11122 11086
11162 2740 7446 8275 2718 608 271
11163 9691 1212 1693 2333 10916 5862
11164 7703 21 8691 6297 6499
11165 164 2223 1026 7638 4817
11166 5697 99 1718 5516 2696
11167 6029 9191 6761 1315 1258 75 9332
11168 10684 4432 10680 1716 8267
11169 4122 3829 1943 62 3375 742
11170 9211 2007 4060 898 10852 7343 2285
11171 1550 1629 11237 4555 9167
11172 5728 1120 8634 11186 11260
11173 9823 4590 4502 81 7185
11174 3162 3255 6545 11393 1963
11175 10893 1434 2084 7732 105 5356 2741 3409 6869 609 2749 2730 2731 122 9009 3849 1572 4881
11176 4154 444 1569 2136 609 9332
11177 3600 7087 2103 9084 9097 8227 6380 7649
11178 2660 4962 3251 5562 5563 7082 2658 1716
11179 889 514 5619 1881 2397 10995 4002 281 2142 6418
11180 2941 1718 7422 79 4465
11181 11281 4610 4751 3305 441 1801
11182 10382 5447 9068 11169 4043 11259
11183 444 2247 1555 8009 9121 1389 423 6768
11184 194 417 3985 1854 3536 4421
11185 2765 10332 2564 7666 1336 6139
11186 2765 251 5131 5661 5175
11187 3093 2213 10831 2817 4534
11188 4237 2435 666 3695 4628 845
11189 7839 874 799 11338 10479 615 2361
11190 220 2909 2642 5941 5753
11191 2158 2786 1562 1709 499 5730 422 7814 6933 268 5993 954 4076
11192 10918 3034 11363 4639 3597 5540
11193 8180 2433 2125 3919 1477 2436 947 3518 266 678 1518 1568 2925 1871 3585 7846 6750 924 1486
11194 1355 5176 1799 1321 4502
11195 1878 760 8359 5537 418 2022
11196 5463 9098 808 11383 3871
11197 1156 949 872 11726 8339 326
11198 9857 9858 108 4756 8741 10942
11199 5565 7914 155 10662 3470
11200 8056 9171 11586 2708 5612
11201 481 8929 8256 9436 6322 9624 11437 2970 9171 2810 9441 3675 10770 311 2650 8647 230 224 7521 6518
11202 5453 4898 2328 3021 3001
11203 7623 11727 2683 315 9143
11204 11728 4084 3026 417 5845 4918 7710 11005 6984 8347 851 10637 8463 7823
11205 5961 4999 1557 8545 2136
11206 11674 5853 11676 1033 1680 8139 1636
11207 1444 7501 1700 10495 1204 1605 5862 244 10619 6065 10497 3675 651 2012 3468
11208 9394 5477 3558 9785 2661
11209 3162 9460 531 724 82 3498
11210 6141 2703 1410 7001 5136 6678 4374 5026
11211 4030 4027 3366 368 6324 3122 1373
11212 11113 832 1595 4718 3244
11213 3541 7971 6981 7465 315 5040 8081
11214 132 7573 3134 2373 5675
11215 3388 8094 9769 3455 1375
11216 9055 10601 10602 1180 25 5038
11217 490 7116 7550 8430 8197 6960 1717
11218 5302 3884 3845 7168 843
11219 92 7572 3244 1799 84 468
11220 5296 3733 8841 2250 1501 7139 2907 1881 5728 1408 3548 4623 2703 4542 799 5966 2 3791 2243 3567 5949 5904
11221 2308 976 9686 934 338 3620 379 9796 812 2866 2085 2431 278 5224 2123 4398 5976 1257 6079 748 4735 427 7814 2130 3339 462 3416 1569 9022 3103 3930 122 3880 4880 5815 5078
11222 9221 5040 9524 2938 1709
11223 4116 6748 659 9489 5687
11224 1096 6642 6529 10500 9737 11619 11277 2705
11225 1854 303 3031 1734 1978 1968 97
11226 351 2482 4978 3609 1032 172
11227 1355 609 3680 1006 2371 3611
11228 8822 3843 3315 1944 8106
11229 1883 1884 1018 39 3383
11230 3323 1811 4140 4416 845 569 11153 7842 10665 7495
11231 1964 3130 701 7275 11537
11232 2715 1088 320 2622 10886 2111 2137 1875 3796 8461
11233 6250 3393 8634 2044 5 183 1601 11722
11234 3336 260 4044 11414 4001 358 1068 501 5797 4265 1512 10315 361 508 3928 3847 3041 3519 7815 363 7374 3711 4234 1572 4279 6061 3043 6110 961 3423 600 6957 6103
11235 1661 717 580 9488 8700
11236 2424 7612 10738 6211 6073
11237 338 38 3379 5738 10463
11238 9588 9264 6007 9619 8883 8831 9620 6906 8287 1786
11239 1001 10137 10562 5992 6296 110
11240 2021 192 1060 443 1568 718 3697
11241 598 2708 4299 1 4638
11242 5198 2162 11271 5702 5442 5426 10190 6255 3493
11243 6826 10663 6879 5612 1826 2836
11244 5982 11307 3836 872 162
11245 11287 7264 8693 6963 5146 1323 588 612
11246 1164 10783 2562 3503 604 4633
11247 10059 11317 4260 4659 4458 2027
11248 4393 7331 5449 607 9360 6419
11249 1504 1599 970 3510 130 661 4004 1165 8740 3188 467 2581 3844 5382 11513 5441 8022
11250 7847 2275 10967 9820 1660
11251 965 760 10104 2972 3077 10714
11252 972 8851 368 9384 7297 10996
11253 9693 1588 7980 4673 6233
11254 4064 6431 6729 2248 846 7106 1335 615 4040 4111 1469 2808 1560 4981 8977 1510 2518 1418 3897 3436
11255 9745 1895 598 2482 147 38
11256 4599 11002 11291 2102 9985 6480 8903 6385 6794
11257 2482 6966 3950 871 11439
11258 1378 9095 9356 1681 5561 3195
11259 7651 1951 5645 11614 444 4960 4146 10423
11260 5567 5154 1914 4952 3269 244 1272 8621
11261 7185 1618 779 6214 1541 4294 517 6296 714 2467 6298 10871 184 3107 4345 6225 185 4241 3348 6224 2311 4169 76 935 3893 8395 5732 1493
11262 7066 803 737 843 11560 7537 799 4289 9739
11263 4023 10601 8318 21 9254 4546
11264 932 1547 6557 1140 3349 5408 873 11338 9922
11265 11722 1180 1635 2218 1347 7291
11266 6250 9512 152 1173 4502 1689
11267 2272 1815 2641 148 79 2637 9418 2341 87
11268 2639 7147 2714 4336 9557
11269 7600 3328 8206 5087 2306
11270 843 2518 8470 1596 4904
11271 967 3328 6805 372 667 806 446 5318 1280 6411 2560 2561 4188
11272 2830 157 8936 4192 6107
11273 8993 8991 1886 7397 1706
11274 5921 5528 3068 643 5128 8796 3317
11275 6512 665 1325 2598 1408
11276 515 5417 6927 169 7979
11277 3400 2911 2912 4874 2232
11278 3997 2456 3087 5678 7517 2413
11279 6925 4079 81 10120 5828
11280 6829 6946 6699 7457 10515
11281 1799 4237 5582 2523 2074 709 2933
11282 6601 2212 1481 1407 10182 11018 1010 832 1 8300
11283 99 349 2323 1609 2666 1718
11284 2084 9238 3352 8028 4687 4688 8029 7033 4695 11356
11285 1639 9686 1231 1232 3038 6266 3689 3111 343 3112 3412 3691 3690 2746 2132 7464 9381 2689 6670 6709 2041 1857 1518 4654 2136 9568 963
11286 293 6603 10806 975 4572 7527
11287 2670 10038 7748 1654 2212 5958 434
11288 2427 2793 256 6814 21 2653 5189 5065 9050
11289 2044 6610 7000 296 8685
11290 2322 8996 7076 240 303 389
11291 10949 3540 6426 3537 3538
11292 1766 2821 5196 2933 758
11293 7498 11667 3581 4820 4235
11294 9593 3922 2021 501 2170 1072 1074 1075 6444
11295 10499 9360 1875 720 8100 8960 9470
11296 6116 938 6659 7920 4904 5584 1771
11297 1545 4126 5048 3872 8250 6715 6390 2212 7384
11298 3872 3993 5677 211 2212 5680 7870 1886 11254 286 5337 4004 1963 583 2602 9795 9553 338 347 122 4416 7121 6973 6052
11299 583 1230 2462 6933 1522 5653
11300 4584 351 345 11699 2497 8565 6748
11301 934 6704 658 1255 6024 6321 9191 6752 10951 8962 2934 5904 6950 11631 6311 702
11302 2639 9518 9446 9403 6788 6556 11729 10701 6981 11664
11303 2653 4101 1196 3183 122
11304 8405 1481 8021 3305 1330 327
11305 2843 6357 7204 6358 10146 7542
11306 2323 5264 3261 10154 941 3371 912 2419 10094 6446
11307 6317 7641 7310 7437 2129 2925 3637 3473
11308 2653 5633 562 5314 7330
11309 704 2343 6204 2953 5573
11310 177 4328 5943 798 1027
11311 7945 9347 10718 1886 298 822 3022
11312 1180 1342 1531 758 2132 7212 11470 579
11313 5886 2916 5098 3819 7699
11314 7916 3506 1358 2488 10025 7580 7581 21
11315 9097 145 3009 8675 11412
11316 6435 5820 3851 1907 1718
11317 975 9514 5729 494 4517 7323 169 3290 10783 4078 1689 715
11318 808 9976 1460 6004 803
11319 10560 9709 3258 262 4001 4175 10545 5380 3698 5104
11320 2637 432 4471 1605 712 10917
11321 11418 4142 6005 2378 7917
11322 6048 11364 1761 2122 2506 676 5227 4398 1259 1343 7103 9666 2692 2135 2484 1872 3891 5411
11323 1209 1585 6555 6920 1394 368 1294 5701
11324 10475 1183 1711 7234 7136 9871 2108
11325 4236 7392 2723 781 2311
11326 650 3266 2602 3856 2115
11327 343 1140 9288 4433 144
11328 1536 1259 4068 8806 10567 5535 8467 2980 2981 3391 6175 715 2135
11329 782 10453 1661 1920 4864
11330 11204 2176 5805 3463 6490 5127 4979 10500 7497 2827 7462 10861 1097 69 2534 1841 13 1897 6302 2040 11452 1969 10583 11453 2824 7242 2177
11331 8630 4401 1011 5254 4714
11332 1807 2710 7669 11508 2518
11333 328 8538 1549 5125 779
11334 10211 903 6767 11570 1614 6674 10216 3031 2574 9492
11335 6199 8893 1886 632 715 2161 292 1364 11483 5966 10737 9889
11336 693 3376 4593 1498 8264
11337 783 1903 4262 303 4670
11338 4747 5890 6748 11607 10405 6865 3053
11339 1661 9689 2310 485 4506 6677 2884 11730 2055 4976 2061 6450 186 6844 4949 7669 3814 566 7289 1345 10703 11118 6159 2713
11340 8736 3323 4140 9718 4980 6071 7587
11341 11119 198 1279 4758 394 9995
11342 10697 2665 5241 3029 4135 10376
11343 3655 2249 9736 1108 2534 2705
11344 2838 1164 972 3667 5318
11345 303 388 2745 11429 389 5647 5254 8917 3992
11346 136 10924 1472 2332 3182
11347 1920 8857 3432 8952 4186
11348 6057 1281 1517 267 2924 5022 3931 6061 6307 5103 1573 997 284
11349 751 10693 8819 1710 1718 4926 122 9260
11350 4311 4417 5769 3380 2870
11351 1432 2378 4240 4 4040
11352 810 6121 1502 9579 4245
11353 5697 3815 889 4571 3622 4233 3846 2234 2740 6233
11354 9759 9760 9902 8562 4362
11355 6193 5451 481 5905 4111 6031 8171 400 788 1881 2069 9528 1727 5516
11356 11731 460 3328 1470 10299
11357 5890 1372 7819 11049 11383
11358 7735 2002 10591 7465 3045 2602 1404 8398
11359 1867 10577 8805 8390 5401 10472
11360 2907 4220 1407 4846 6228
11361 7837 6677 11628 865 1600
11362 7260 142 1720 497 2431 1067 4767 3435 1310 303 2143
11363 1742 4933 1775 4799 5530 7466
11364 1886 4462 5332 11726 3463 1012 11247 2640 2600 123 21
11365 2855 4568 9815 33 6113 2109 7044
11366 1742 1012 3533 1435 1056 2655 11097 1294 10996
11367 5970 11732 10569 3372 2349 2765 11733 1303 11025 3255 8384 8362 9773 3463 1012 3250 2044 761
11368 321 6874 11007 1960 6637
11369 6836 2517 5823 1948 7276 8917 7806
11370 3999 6547 1176 4345 21 714 184
11371 9313 6414 102 3277 2427 11686
11372 7370 2454 632 1204 2165
11373 92 374 5957 11712 6071 1188 8908 7392 4817 2544
11374 341 8665 320 4229 2111
11375 2257 7103 1959 1635 6405
11376 2116 2119 812 2122 5283 2832 1676 5168 6057 5769 2124 352 357 5375 358 2125 280 626 576 1071 6591 715 609 2435 10675 2127 5286 10454 1169 178 6949 691 2136 717 1870 1568 2753 282 1249 8730 924 3586 4400 2144 510 271
11377 1366 92 9425 7711 8400 1023 1662 4791
11378 2948 1680 2322 303 388 1683 2097
11379 244 1565 481 1811 4542 309 312 286 6954 2061
11380 7391 5080 2400 10018 6193 655 10495 6065 2505 5631 278 3560 498 3338 4335 3202 2126 7383 5404 3114 157 3203 3911 3915 5289 691 3041 954 2873 10726 9196 1399 4741 4005
11381 432 81 5828 785 1357 169 4515
11382 507 862 5546 1011 97 8599 537 2341 6394
11383 310 1 1776 5902 785 1342 2058 5993
11384 3095 4062 343 2984 4256 8358
11385 10512 5953 11109 2199 139
11386 4244 4642 4719 6564 481
11387 2637 6631 9272 1250 11717
11388 1287 9274 7871 1834 2877
11389 675 5056 7778 2433 5155 4134 9973 2747 682 5106 11251 6904 5987 4005
11390 5641 1668 1201 1285 210 1283 3680 466 5069 481 5419 1945 2643 3830 884
11391 692 1542 693 6863 2165
11392 11315 2584 9452 5732 8796
11393 699 1283 1550 468 1322 6071 2502 7158 1481 11701 3465 6065 3226 2242 3742 553 1811 4101 1716 3765 7441 788 8019 1766 5281 432 3366 1800 81 8895 2255 11507 45 3666 1637 799 2238 2859 9554
11394 4175 10397 4369 17 10708
11395 5292 7651 2594 10274 1551 1872
11396 482 11225 1170 657 5045 4751
11397 495 4046 442 1584 2248 2173 3101 2111 4002 4658 5407 6175 10181
11398 4023 7066 1289 11541 84 2111
11399 6464 2319 10439 1443 6415 1275 4287
11400 1033 4458 8103 931 10682 1709
11401 5049 1428 2609 4392 4635 2193 303 3196
11402 10564 7033 9235 8012 7038
11403 1857 10970 5359 6849 5256
11404 2341 10060 4381 9692 5958 1657 10061
11405 9687 9015 7674 1643 4044 998
11406 466 4245 10156 10670 6104 8477 3496 345 11331 2343 3113 609 7346 3228 9923 8708 7769 5013 4074 4005
11407 11653 264 9061 4735 5229
11408 2223 11650 120 10539 1583 1908 793 343 2679 3389 4947 2872 672
11409 1175 1176 1177 1178 1179
11410 9249 1288 6640 428 9525
11411 2322 3973 1854 5170 1301
11412 658 2796 4071 2627 23
11413 8679 4529 3736 3631 8339
11414 106 4605 10188 8281 6124 10413 11108 996
11415 9618 6998 8492 4414 666
11416 3622 7733 7083 379 916 186 6058 1894 6059 919 5535 1511 3580 4000 3581 4268 2131 593 6267 4296 7257 2309 162 3588 443 6027 4210 1872 5980 2229 5230 7215 9525 1912 5407 1651 6904 3043 6872 3169 6062 5934 4282 963 4092 10398 511
11417 10782 7799 4536 2644 2647
11418 1180 1635 5821 10386 4009
11419 10287 669 5988 1829 3627 3573 10701
11420 7347 8201 6347 8719 7866
11421 667 9207 3681 5831 5502 10135 11734 3830
11422 5200 1017 909 9913 1762 8350
11423 9165 7316 1078 6547 6509 1550
11424 2467 2634 7703 1618 9053 1918 1224 11305 1018 213
11425 9233 4295 8109 4023 5549
11426 846 8859 3796 2765 2868 6836 6238 1923
11427 1599 11049 7486 11383 6133
11428 4945 11275 9942 7657 7101
11429 4233 2123 5521 1248 477 2806 1568 9525
11430 448 3430 3295 169 8534 9883 7319 6917 11461 832 3799 10847
11431 10768 1105 7497 2466 1107 6528 1136 13 72 11381 10583 7462
11432 4336 3034 2560 4417 11148 8298 3583
11433 970 7269 6803 454 2366
11434 1259 2968 3830 1529 8726 173 4187 203 2037 2199
11435 1509 9505 3786 6413 4190 10219 10735 9256 11578 3778 642 4617 1663 7470
11436 289 3510 9678 771 3178
11437 2355 10230 2637 9685 7604
11438 2435 516 5220 3107 754 6459 3845 401
11439 4761 3287 6126 8026 2115 6116 4184
11440 1887 4403 936 1874 264 6265
11441 5361 10034 1873 4355 7832
11442 2637 2616 8755 454 1174
11443 11535 4686 4703 4694 4691 8031
11444 709 1701 2160 768 2190
11445 823 1764 803 1078 10519 3460 962 5503 5924 724
11446 1355 139 7651 8004 2442 5462 2896 9366 1120 8170 7510 110 1723 9890 11652
11447 351 9396 8440 10037 10028
11448 4899 1102 9020 4131 4132 2244 6489 10164 5048
11449 4316 10489 379 2258 1205 6019 10135 432 1057 2594 6997 142
11450 6362 55 2986 4515 5661
11451 5178 7790 2431 676 6985 3619 937 920 3011 2170 609 3414 4081 273 508 3588 282 283 6291 4279 3714
11452 637 6107 264 6087 2414
11453 400 5504 11547 9069 565
11454 11548 1716 8537 3996 325 5489 11000
11455 90 7632 4818 10142 1551
11456 4845 8365 4416 930 703 785
11457 3240 11203 5385 8846 7768
11458 367 8168 444 1702 5822 1030 4850
11459 7859 7856 11638 11610 1491 1488 3127
11460 8323 2246 5221 6425 4987
11461 2978 9246 2979 10785 11051
11462 81 8114 10130 4381 9782
11463 1482 6966 851 4918 7422
11464 2424 10129 3182 5141 2301 1143 2727
11465 6540 2161 8790 3104 3821
11466 1411 310 1772 5630 1903 6005 7441
11467 2499 303 388 389 390
11468 351 872 79 1811 1379 81 6897 4578 7551
11469 11237 1260 486 10311 9425
11470 10164 2044 6179 3778 1941 2567 4940 8349
11471 7548 4465 4027 9299 85 2544 9658 7676 9430 2480
11472 245 25 4103 3220 4096 3002 8623
11473 5529 3403 5728 10603 1959 6803
11474 5521 3435 3112 1312 3928 952 4776 954 533
11475 5144 311 9716 3950 4386 10689 2529
11476 5757 7634 7121 5310 667 8167
11477 10138 11577 9945 666 2364
11478 1465 3061 3307 150 6617
11479 3980 2322 2180 5893 3704 2013 1854 9400 11376 6453 3334 116 8391 7380 5264 11735
11480 2329 3157 803 3668 3856
11481 2355 3403 9350 2695 2044
11482 9816 6215 10006 9358 5291 3060 4087 5992 5402
11483 7969 1553 7249 8948 6636 9048
11484 4145 1614 8018 1083 609
11485 7993 11141 2248 947 11680 9720 2501 318 6329 6444
11486 5333 1336 7419 9764 9549
11487 2259 1496 3748 11677 9143 2462
11488 2887 1002 105 296 4204
11489 5176 7271 533 1410 11415
11490 2972 2696 2232 6656 3055 3561 1444 2233 2234 728
11491 3386 11091 2800 650 3870 6398 3225 50 8000 9922 8001 6870 2757 4684 3038
11492 221 5639 10899 481 1947 225 7593 6186 7592 7113 2419
11493 350 2911 1928 3055 8854
11494 1268 9597 8585 3189 3479
11495 4420 1609 2322 10095 2190 4463 10350 3971 242
11496 6995 1409 2718 1046 10480
11497 446 5603 7868 1438 2995
11498 238 3886 8929 3675 10409
11499 882 1613 758 632 2502
11500 286 1368 5391 4099 4117 9656
11501 2157 1208 1209 6341 9941
11502 4339 368 394 300 11354 1799 4293 6679
11503 8503 5177 7328 10916 6598 7527
11504 6794 7265 2646 9130 5140
11505 4574 6610 2041 3504 7452 10291 5447 326 6679
11506 4461 6375 9758 6373 9993 6376 9759
11507 7168 94 5073 1548 303 1881
11508 726 2295 2160 1766 2945 9435
11509 1639 7826 99 2169 946 1071 1701 955 7989 1153 100 4077 3423 9611
11510 3717 11664 8415 14 10861
11511 7016 587 3086 5531 718
11512 5158 5148 4430 8143 7125
11513 1811 4555 1531 11504 417 5966
11514 9633 2249 3019 7333 11125
11515 709 3238 213 4237 103 6804
11516 2715 11613 3149 3532 7508
11517 11143 1361 4097 2900 156 5969 1140 10253 10594 6413 8923 3066 7973
11518 2604 464 9193 11274 1328
11519 10549 1198 8437 4085 10111
11520 5056 3923 1069 576 6388 5404 7480 505 2130 4048 1111 951 2689 2750 5229 5289 7310 4661
11521 878 6473 485 7390 10589
11522 79 6331 213 428 7049
11523 11170 6743 1736 11119 6882
11524 3403 7633 976 255 3522 2044 4738 2697 7733 3336 4231 8393 5008 2746 3409 7431 240 10680 7815 3613 5171 3169 3168 4880
11525 1078 1549 1469 8073 370 530 3023 7243 1726 3247 1499 935 1321 84 701
11526 6405 4119 7650 5599 11290 4006 3454 6991 2205
11527 10331 2562 2085 5854 1316 394
11528 10727 5511 1505 1217 5574
11529 9203 9086 2659 2660 1879 7897 1718 7566
11530 3774 9678 10363 119 6482 8025 4389 10129 8838 7523 7231 3228
11531 3775 2739 6540 911 6641 7065
11532 530 549 4538 7872 768 7023 4101 1600 6621 7307 3194 3438 1078 666 5185 5967 6923 3160 8834
11533 854 6378 388 389 390 393
11534 659 3213 370 5688 1181 10917
11535 1563 3685 505 1511 1776
11536 8128 81 2218 5127 463 8213 9322 3887 21
11537 9251 548 9087 9088 4811
11538 1298 7716 488 3900 6992
11539 3065 6291 283 9044 6794 8955 3475 6653 2647 9130
11540 8681 10900 1406 2467 10007
11541 8600 120 9420 6625 2222
11542 3666 1225 4495 1555 576 579 1597
11543 3181 377 1917 6419 8313 4299 8277 1062
11544 294 2212 5294 786 445 7264 1180 370 3328 5480 778 2065 2963 10545 11612 10929
11545 3394 6115 8916 3467 1807
11546 4341 6918 11550 42 43 8520 5488 11461 44 6756 4315 8661 8659 10256 7350 4936 9082 3499 47 2054 6883 9467 8506 1546 607 6757 11344 391 10251 2510 6917 5223 11684 2983 1394 2973 2209 4093 11582 11188 7585 5686 11637 2364 1033 6802 10702 9245 7164 4381 5931 8775 8301
11547 3680 1321 3610 7563 988
11548 2461 9376 832 5978 666 3466 758 5711 5837 9730 177 872 3332 2621 1531 937 1196
11549 7353 9959 6254 5849 3501 7647 11039
11550 2502 3194 666 4829 1113
11551 919 11638 7856 1014 11610
11552 2578 2269 3581 2816 5213 5498 6115 8135 10634 2018 9073
11553 9291 5958 419 1012 758 10919 417 578 772 2825 1574
11554 465 6033 2501 209 1465
11555 1748 2060 6362 55 6069 2599 4307 1244 5204
11556 1880 10474 8823 2916 2270
11557 8250 1296 528 10814 4040 11164 10048 283
11558 891 10333 2123 8398 272 4047 5967 5547 7214 9066 5018 2484 122 579 7769 740 4168 5987 2145 3555
11559 781 783 1284 659 3159
11560 3891 2311 1255 5671 469 3462
11561 1527 10906 6613 5709 3385 399 2838 10871 8658 8914 6666
11562 1287 10620 9822 9573 10855 1503
11563 2909 1283 901 255 7548 7998 10852 354 1166 5398 673 4334 2740 609 4735 5012 5720 740 5387 3425
11564 10373 4288 2493 6711 5532 2701 4202
11565 353 1237 3040 3729 5993
11566 1489 1488 1491 1492 5186
11567 1565 596 5970 10867 11456
11568 92 2710 11025 9384 934 4520
11569 4421 2191 4424 4148 10334 7301
11570 11609 92 79 3349 1192 10134
11571 3261 8683 1292 4747 7307 4778 10618 2496 8840
11572 5048 6566 4040 799 2229 2205 3956
11573 7980 3666 1443 1183 5888
11574 4126 6054 81 1368 3244 921
11575 4311 291 11009 318 10513
11576 7893 1368 1539 7696 615 4073 3632
11577 4854 2504 6964 1606 446 9680 10903 5348 3295 2468 4236 7309 8506 428 4758 1599 167 11527 2521 659 92 2502 2735 9216 290 3942 9635 4517 103 4315 10570 11282 4806 9376 5089 6445 3504 6209 1826 6081 1503 2242 9668 10796
11578 1775 4183 758 2132 8720
11579 2563 435 4754 37 5686 9585 4593 3209 8636
11580 11704 3897 133 1579 2377 8798 3666 6809
11581 5791 2560 6765 9025 3430 8623 1171
11582 4448 1174 10866 10201 1906 2524
11583 7778 4046 442 7403 832 947 2129 2746 2174 7282 2134 508 5800 8361 6825 533 3584
11584 7247 10354 8227 10309 1292 417 5120 6696 11019 1018 4950 2313 10247 11230 6157 4851 374 3481 10279 9492 4672 4551 8581 5838 11274 3891 8887 10317 4188 7693 1051 5565 8773 5121 6801
11585 2861 3005 5966 1857 1851
11586 21 8708 10299 2872 1726
11587 1333 5137 11483 8627 3610
11588 4244 131 221 9016 6564 808 9305 4642
11589 9826 1363 5949 9991 1942
11590 787 340 11312 1550 9977 379 6096 626 5191
11591 10335 10176 8489 3442 3704
11592 1033 7071 5434 10557 305
11593 958 6285 1718 2574 903 8426 6767 5235 3350 4631 3901 5816 5234 11570 8697 343 9374 1717
11594 2537 2224 9526 1607 2126 2890
11595 7658 9951 4568 1496 4569 4689 6679
11596 933 2701 2671 9891 5503 10738 7658
11597 10785 3787 7496 7489 9810
11598 2563 1188 3061 1773 1799 803 1058 9302 8251 5848 666 2933
11599 2758 5562 5173 6250 1718 8065 5172
11600 1415 10449 9061 275 3171 11681 486 11425
11601 986 3911 1868 5228 2750 2806 1912 683
11602 1854 3904 2192 8563 1892
11603 5779 4441 2649 7129 11624 7128 1499
11604 2594 9678 6524 568 6107
11605 5893 11649 1549 303 6454 10395
11606 7 9586 8280 9590 8282
11607 10687 10776 4617 9721 2306
11608 2876 3995 4568 1316 5494 11110 5290 7094 7815 2730
11609 771 3672 752 3396 8106
11610 2094 7548 3485 3933 7141 140 2257 1192 7510 11587
11611 1599 432 1078 10442 2312 2502
11612 1332 3595 8414 2026 5132 8470
11613 371 367 9585 715 529 4473
11614 9122 1017 8528 4017 2860 3029 714
11615 10265 4883 5152 3347 5552
11616 8128 4169 148 6176 1529 7912 1811 8076 1114 3877 2312 38 39 5977 537 9977 1710
11617 1301 3972 8319 8320 9400 3707 116 3975
11618 1879 7566 991 2924 3931 3705 3168 303 5933 740
11619 6995 4845 2598 3494 747 1874
11620 5675 872 5476 10175 582 3891 3758 1006 1871 1249 10996
11621 4183 9121 10832 4470 758 5196 5471 1800 3292 2627 11539 5795
11622 432 2604 7695 1011 6027 4331 10934
11623 1727 709 8338 4542 417 10283 55 132 2838 9294 807 2294 9893 758 1811 3842 8866 432 148 3286 5564 1636 7583 10182 4483 361 8871
11624 4079 4062 8893 4116 9386 199 9374 3298 7916
11625 6696 4926 10831 5335 4162
11626 1188 3182 6913 5675 4861
11627 7762 2660 6749 5423 26 6328 270
11628 11568 10695 203 1726 10271 1775 76
11629 251 7423 1965 3542 4828
11630 1529 3597 7951 6577 6578
11631 10929 7672 6639 2238 10666 8189 11479 11377 7647 9802 10653 205 939 6665
11632 2534 7135 6259 2828 7461
11633 5464 808 709 6282 3801
11634 2594 2598 2588 7892 324
11635 2728 4241 5524 5923 79 1185
11636 105 3680 92 325 3738 916 3792
11637 8481 3680 8206 361 5215 190 2364 2684 3480 3926 6260
11638 1523 7516 630 11117 2115 3834 1610
11639 163 1293 912 4237 3332 3854 3623 709 2936 9652
11640 2572 5100 303 2193 8070 7694
11641 221 10761 2717 4244 810 2272 9151
11642 2823 9711 4911 8833 7808 7488 1148
11643 1815 1389 7164 4835 8839 9178 3092 2484
11644 4541 11133 6729 3288 1734 361
11645 11455 8208 6649 3294 8053 10780 4425
11646 3181 932 936 5048 8547
11647 102 2446 7000 3538 10880 9999 5787
11648 5257 6674 10216 6767 4927
11649 8215 11575 1107 1092 3228
11650 1164 370 6805 1186 2061
11651 3979 2191 2328 4460 1854 343 390
11652 94 84 1867 796 947
11653 2636 6616 8257 301 5683 8075 6100 4790 11238 6878 2811
11654 674 428 79 5959 1743 1798
11655 8057 247 10623 7460 2905
11656 11568 1940 728 4036 2911 6350
11657 3529 4579 9499 2199 11580
11658 2472 8051 1853 2150 114 1761 1364 1234 5769 357 4233 1651
11659 1716 8177 8537 709 1445 9853 2658
11660 10090 11511 11736 8434 417 1718
11661 5048 5684 96 11651 335 112
11662 11427 11144 1163 3595 11737
11663 2041 7035 8012 9235 5859 8287 9590 9237 6906 8279 9588 1061 1933 10821 1786 5855 9699
11664 105 666 742 598 11302 3902 2613 3457
11665 2697 6579 1346 2530 5217
11666 707 4029 1196 758 9396 11124
11667 11268 2824 6529 7461 10376 9027 7554
11668 1474 3748 1475 11416 11417
11669 9194 4764 3090 8075 779 10480
11670 8068 3995 3996 21 8948
11671 2867 5535 7420 4655 2873
11672 7536 2397 1074 1075 3042
11673 811 11738 8468 11241 10542
11674 11373 8263 5383 6161 9093 5791 5808 10295 9707 6214
11675 92 10299 463 8961 2097 10263 650 5949 10706 4616 8092
11676 388 389 390 393 9969
11677 785 9125 1848 7223 5649 2214
11678 965 6892 9604 407 155
11679 6470 468 2049 6319 1853
11680 3921 3688 3689 6388 6779 3412 2744 1511 3691 6909 1897 4768 5016 5289 3916 5012 5102 364 4776 958 5933 6268
11681 8803 7800 6073 7799 939 9526 3657 1194 3320 11427
11682 1164 132 1321 3288 4750 2371
11683 912 2094 417 25 1718 4036 2939
11684 1886 2513 435 7279 7695 6742
11685 1882 1289 1484 3093 4226 5196 4240
11686 6317 9110 1452 251 11677 7694
11687 1231 10144 1304 3683 3116 676 7550 4909 1310 3556 4227 3518 1072 739 156 1515 3581 1517 3415 5288 1074 1240 5011 2091 1075 3519 7709 2873 4776 997 1574 1573 961 270 5282
11688 7987 5800 3583 5654 9525 11239 10398
11689 1709 928 929 2379 2153
11690 2666 1811 3667 7892 122
11691 659 9908 7892 5800 8201
11692 274 10054 342 1775 1777 10722
11693 338 8303 3854 9193 1541
11694 1637 7343 1975 2267 11158 3302 7475
11695 1661 148 9662 1408 2838 448 1417
11696 5443 235 1060 1963 3303
11697 658 2636 210 2368 2637 491 218 1947 3830 6890
11698 5680 286 6881 2725 583 1799 10304 1443 1534 1549 11704 2851 2684 7045
11699 3573 8844 11439 2860 1088 170 8100 1086 3869 11731 742 5086 3455 10798
11700 1396 2625 11739 6731 7045 7046
11701 2501 4750 1002 1198 4446 4882
11702 3181 2807 6839 1452 11591 11004 4176 8050 21 4769 5561 2058 1998 3818 9219 1541 22 7197 10596 2095 11331 11446 1090 3847 4387 4394 5993 6321 9085
11703 5056 609 6125 2574 903 3299 6767
11704 465 658 5414 1946 227
11705 1150 9367 8047 8973 8289 4989 1064
11706 2851 1629 4551 8312 6498 903 7784 1001 1026 5196 10022 421 10977 2316 303 6541 2222 5248 1920 470 2308 6925 1982 6123
11707 8371 1364 6044 3078 10568 5166 1744 2477 3025
11708 674 736 7382 3113 2929 1516 2109 951 678 1651 6061
11709 871 7801 4525 1702 4588 5664 2629
11710 192 2603 568 578 1113
11711 6632 6118 5673 5348 8366 2451 1863
11712 9195 4317 7350 3129 8746 1534
11713 605 8743 11601 2044 1419
11714 9031 8900 3179 11538 3 4023 9782 1523 7190 2544 6502 9598 128 10757 11464 4890 11224
11715 8324 2460 1466 3326 318
11716 8868 662 1777 2605 4368
11717 10654 1970 9766 5675 4563
11718 2858 9526 5176 1725 8870
11719 9826 4309 9566 3455 8088
11720 9801 4595 11543 7589 2027
11721 2428 5672 1259 4068 6250 709 8808 6800 4735
11722 428 103 1443 5086 2621 4097 2343 1014
11723 79 4040 3742 288 1811
11724 6016 428 79 9900 7784 779 9652
11725 666 9475 5966 6996 4101 8929 3746 4309 5129
11726 668 9825 10876 5383 4046 3924 7403 5619 796 1881 3011 2132 4048 6785 5167 691 758 3105 5020 993 5017 3166 579 578 5933 6904 3951 3897 5282 7440
11727 3558 6026 450 10728 1015 6617 3548 3500 5564 5010 5489 3121 128 123 3616
11728 8591 8186 6729 3382 968 1595 8833 6347 2218 6915
11729 2084 8159 5649 846 2562 2248 1922
11730 1196 758 486 1292 4408
11731 4747 10100 5911 8782 5849 5847 8954
11732 2889 7801 81 897 379
11733 7183 7874 5535 4279 3882
11734 3177 4040 1316 768 311
11735 803 199 8908 1012 7905 9529
11736 3162 39 457 5449 2544 2161 1721 9585 11106 5738
11737 255 248 2429 415 6105 435 1563 2287 1511 1257 3698
11738 8402 11392 3153 7705 661 791 24 4884 2134
11739 1746 3409 7923 292 4568 2065
11740 10785 4190 3067 463 644
11741 10577 9383 11011 11167 3795
11742 10320 2689 9889 8796 7413
11743 10177 4483 3799 4912 4888
11744 7098 341 8037 1002 301 6903 965 1437 4099 10925 9866 8761 6309 1522
11745 3933 11325 4449 1661 3366 607 11177 4731 2585 5235 4451 2899 753 5303 6844
11746 4731 1807 4577 8626 6957
11747 3297 1360 3298 5815 1975 4106 5602
11748 4938 5457 1444 11566 3082 10601 9438
11749 1408 2111 9883 374 291
11750 4817 9509 6612 456 5492 4291 182
11751 7829 8727 5335 11693 7413
11752 709 6571 1357 99 11631 256 148 846 1854 7133
11753 5639 227 2640 3571 7362 3180 8270 6895 1465 1435 1511
11754 4332 5523 3111 3925 1579 2309 1923 1646
11755 1677 6502 11163 10789 3196 7218 10214 4956 7505
11756 9344 4901 11452 6320 1107 4132 1092 3715
11757 7850 4140 2661 2001 8162 353
11758 79 2502 92 783 1289
11759 9931 9356 2870 5764 7501 4044 1308 4260 5375 7480 611 2397 4768 6909 6246 9 8684 6247 3582 1518 3696 3916 2141 997 1400 9497 5387 6532 4283
11760 5583 6838 1208 11361 3953
11761 1678 743 6879 7066 5775 1712 4385 3258 486
11762 7635 465 221 1946 8962
11763 3345 6112 6313 2623 8944
11764 488 6422 1825 2062 3442 10512 7897 1443
11765 1879 1745 2660 8764 2667 349 1866 8181 3409 4655 3418 7709 4775 269 5013 5993 1399
11766 11611 3249 2600 1721 6014
11767 810 5368 9622 6773 8494 11142 367
11768 1390 102 5341 11447 5601 1292 1180 394 1 144 1635 10543
11769 441 7149 5077 2838 2199 2371 244 1292 10749 11425 10180 2590
11770 21 5920 9014 5125 10463
11771 11115 6887 4641 717 11401 6356
11772 213 4351 10567 10946 3063
11773 2501 211 8615 2367 10471
11774 2311 3197 4384 2890 3836 6895 8130 10809 179 97 11544 11545 8942
11775 5632 889 3309 4494 8820 1207 2969 3923 7434 296 10643 8096 609 2591 3121 2045 5651 7480 3692 7625 2432 6195 3417 2091 7876 7436 5625 2926 4689 8308
11776 8239 6436 602 1600 477
11777 2378 3877 9269 7969 4308 863 2254
11778 3163 38 3672 3379 9348
11779 7761 4146 1295 11069 1448 370 8928
11780 667 468 2372 10682 7869 778 8102
11781 6821 11280 6066 3708 7405 602 5624
11782 406 10685 11432 727 3884 709 9781 4562
11783 11434 5837 3548 10621 9315 448
11784 1999 79 4750 1900 936 3437
11785 4817 6671 367 2355 9489 7976 7351 10029 456 488 7514 8508 1030 3980 8268 3974 5485
11786 4112 197 4739 498 6591 477 2136 2806 718 2754 4168 1652 729 962 5937 91
11787 5264 1701 9945 2281 6284 2150 3704 4840 3536 3254 3442 6454 3707 6597 3441 2323 8985 3980 3644
11788 889 379 7923 7434 1236 5780 612 4280
11789 353 3408 3552 8750 3100 322 5677 3821 7472 1041 2398 6953 2756 3421 6418 2932
11790 583 5565 6648 4688 8029 553 8028
11791 823 6966 1418 3159 1321 10631 6705 2458 2691 8523
11792 1767 5548 8269 4991 4994
11793 1193 9785 6995 5391 2311 10972 277
11794 1951 1260 2529 5561 5301
11795 9476 1710 5311 1510 82 662 3478 7991
11796 11740 1105 5949 1097 1092 4899 4133 5295
11797 8757 9002 5408 4516 4763 7431 6196
11798 7530 6789 2933 1012 5335 1854 408
11799 5080 4511 3532 4490 481 11715
11800 705 5277 1940 2151 703
11801 3181 783 6500 10650 2625
11802 7024 5922 2248 2211 872
11803 1180 25 832 3027 3026
11804 349 11606 318 9411 5875 1321 38 286
11805 7203 4870 236 4332 4908 7790 891 7901 262 1014 8684 6027 2750 443
11806 319 413 2707 6941 9830 4117 11637 1173 2248 341 1057 876 6236 3920 11385 3160 2518 1987 2311 4531 11290 1230 5904 10271 2645 2523 1556 1608
11807 391 601 6210 2682 6879 10163
11808 3253 3587 9045 2600 3351 672
11809 2741 2402 354 5537 3146 4637 5400
11810 1121 77 7696 3325 155
11811 2912 3055 1311 847 2053
11812 7655 2040 4805 3334 1301 6256 5963 10825 70 3718 10003 7461 6530
11813 6471 10677 5476 5300 3293 6745 122
11814 4637 372 155 3206 1726
11815 11236 8538 6040 7151 1816
11816 8086 315 1819 5336 3279 10040
11817 1307 5056 355 5832 2282 3111 502 5619 921 5404 2744 3113 593 1581 1312 5016 5289 2730 4878 3930 5986 4234 364 4880 1572 3168
11818 2973 6518 11399 10256 4490
11819 7901 2122 5283 7387 1867 11295 4650 2168 4502 1881 5619 4161 6306 5019 3105 3468 3554 6750 4003 5020 9525 1648 4506 5380
11820 7373 7564 9884 4791 1456
11821 9274 5074 8146 486 1242 2677 2930
11822 541 539 4051 536 1561 5446 3904 5781 11624 7128 5149 11728 99 5158 9846 4780 7816 6063 999 7171
11823 1695 1213 2207 1696 2251
11824 9107 10440 556 6088 555 1358 11041
11825 1071 945 4878 7989 4270 7596 4052
11826 2737 10661 5915 291 2514
11827 5320 8771 1717 9799 632 712
11828 8258 666 1193 5082 7785 2222
11829 9850 1060 4 7228 7818 10616
11830 3775 642 3776 9507 4017 11039 8732 11573 11702
11831 8605 3255 11009 8818 7336
11832 3371 716 8820 2863 8503 6207
11833 6566 2299 666 3877 3854
11834 4043 1269 7435 6740 7437 8854 1399
11835 6705 141 1484 2010 2495 7779
11836 1887 84 2391 846 6570
11837 2946 5901 151 5487 7736
11838 8409 738 11111 9127 6857 8096
11839 2294 83 9506 3469 79 318 947 7993 2349 207 9428
11840 889 1564 3055 1235 5523 1894 1515 1312 2749 3341 267 7310 2926 5407
11841 227 225 231 7661 6584 8438
11842 148 2225 2514 7279 1762 4751 441 434 3158 2710 3897
11843 2405 8781 6128 2342 477 508
11844 10407 2957 2096 4458 606
11845 3145 9101 2584 9845 5217
11846 9865 1231 11364 10092 6106 917 2433 7382 263 4001 3202 6059 5797 3504 302 991 8685 958 3473
11847 3295 3548 3117 2114 3289 7551
11848 359 537 2545 2173 2900 7437 9009
11849 3496 3003 5727 5952 632
11850 3059 6734 7452 337 6219 3230
11851 2763 9056 3666 11382 1499 7129 276
11852 1193 1119 1269 11229 4864 1742 2446 3075 2660 1613
11853 1355 1886 1600 3358 7049 1584 6128
11854 965 303 388 389 1531 6 1113
11855 768 348 9049 18 8646
11856 5271 7061 7561 3326 303
11857 10054 6749 5449 2506 498 263 2125 4001 1237 1644 4232 4227 503 3205 8684 994 6270 5171 3711 2926 3554
11858 10627 2661 2789 2528 3633 488 3256 11294 1199 11741
11859 3162 3465 3765 3255 7190 1353 6545 9711 7630 6892
11860 1523 1709 10563 4828 3542 1146 9329 3644 8408
11861 8896 5804 3309 7818 264
11862 3933 370 6560 6631 1354
11863 11003 971 338 3826 9789 5320 1299 8055 9447 11559 589 2169 7536 7854 10513 3111 3113 5404 739 1898 3916 4775
11864 10077 1260 4083 9312 2544
11865 7897 8578 11696 1069 502
11866 304 10426 6014 928 8448
11867 2591 8972 498 7455 5229 3585
11868 7635 5639 1201 6564 1283
11869 2301 142 519 5471 10579
11870 8922 1854 3705 2189 3980 7052 11284 2190 7056 3973 9400 3986
11871 871 2674 8077 2311 5695 2466 2901 1097 3144 4210
11872 1132 1057 806 8728 506 4886 7892
11873 9820 5371 6732 10595 7579
11874 11668 9112 155 10477 409 7547 207 11178 9101 10281 2312 343 115 296 99 5776 5342 252 8651 2386 5044 2489 4852 1048 394 1496 27 2242 6442 11315 1023 4815
11875 2411 5240 8285 555 5656
11876 7182 3068 6569 7166 11173 7917 9244
11877 3934 8577 1173 207 5013
11878 7433 7560 3933 1418 4605 6563 9881 3180 9574 2257
11879 8158 8279 8277 6770 7935 6172 8 8875 9103 1062 9404 9879 1933 9264 8510 1787 1786 1784 3537 9379 4701 1128 11477 1785 9377 8532 11742 7418 3540 10441 10614 8014 9555 6906 3538 6967 9645 8011 1130 7960 8511 9648
11880 7762 4267 5013 2455 649 647
11881 2448 25 3012 6225 2531
11882 10347 8131 2469 8300 8975 5406 1247 1691
11883 8003 7445 609 10964 3412 6101
11884 2767 486 5133 6128 1689
11885 465 79 6033 1748 8603
11886 2359 4197 909 1822 5253 5156 6933 8043 6015 7515 4949 301
11887 4815 5281 1414 10316 6705 7082 2446
11888 394 446 123 4783 6215
11889 1294 99 1654 5978 2893
11890 6091 6 5297 2529 5534
11891 131 1756 221 1947 11594
11892 1702 447 9608 4670 687 6800 7622 2127
11893 8246 8071 4622 1200 10157
11894 7442 3256 2199 2473 7002
11895 1120 768 9837 7467 1142
11896 11632 1780 4031 2976 9324 5066 6372 9000 7995 8513 10202 2280 11271 10892 8265 1738 3004
11897 10189 4602 6537 982 3544 542
11898 5567 7088 753 2541 4575
11899 2475 7399 4619 9462 4817
11900 507 969 2669 6601 3510 7377 11474 9183
11901 1002 1882 2160 1883 1884
11902 4126 8053 6945 5837 6621 2469
11903 432 3382 9509 11142 1496
11904 4224 972 3830 3136 506 9407 662 2398
11905 1016 2894 10910 1228 3838
11906 3409 3412 3102 2134 1645 7876 6028 6060 284 3422 5935
11907 417 1496 11386 11147 10930 2106
11908 7158 400 2715 2126 3112 2397 3207 987 787 5933 4234 9199
11909 10377 2015 1862 11604 9926 4670 6078
11910 5762 10717 10682 7854 240
11911 8373 1883 8372 329 10602 5475
11912 6058 6059 9142 3414 2138 3167 2139 1651 6080
11913 9533 6179 10540 9503 3022 9018
11914 2095 4024 9231 9232 9333
11915 7733 6622 2815 5008 6839 3435 1074
11916 2911 3387 10277 4204 6690
11917 9285 10697 7998 901 11743
11918 139 1661 11484 1782 4342 3881
11919 1774 1045 1012 583 1766 8334
11920 2521 10251 2078 10884 10986 983 3164 6752 10228 10056 5845 3741 2939 2205
11921 5449 8244 9386 7486 8556 898 488 2342
11922 1305 2912 7903 623 7823 4822
11923 1327 349 6017 415 420 6422 1525 2488 7111
11924 196 4626 4570 6402 1523 10017
11925 2660 1140 901 5919 8339 1253 595
11926 3237 4506 4462 1165 4035
11927 5449 177 2041 8719 1551
11928 1033 3381 5241 2911 4873 2912
11929 5561 4572 912 1395 5573 10712 7885
11930 1538 525 10884 1229 1700 2903
11931 2869 3162 10407 1502 3163 149 39 4937 3012 7137 11568 3026 2019 714 3005 21 1035 11129 4548
11932 6514 11054 6513 661 8958 3559 1589 2979 7780 4802
11933 15 11539 9220 5379 9934 8803 8804 17 9667 6858 551 7800 3512 179
11934 627 10584 1435 4954 3598
11935 656 932 166 1170 1197 2655 3328 666 2766 8467 1848 4817 9743
11936 2964 10831 7228 9809 3669 392 6237 5952 3473
11937 2598 3255 848 11053 6341
11938 530 1170 842 2371 5392
11939 846 6299 9076 1444 3377
11940 5574 6434 2495 3666 21
11941 3760 3446 5881 1364 5759 10021
11942 889 2116 9593 2429 260 4231 2394 3924 5356 3111 6079 4089 3113 3011 4266 2109 4740 592 922 3929 4235 4050 4277 3848 4776 290
11943 10379 8583 3973 2326 6283 11572 8087 3607 2655
11944 2168 7218 7336 1992 9254 8221 10788 563 3486 11246 2774 8265 443
11945 10721 10801 8372 2014 397 6996 962 3997 186
11946 11621 3272 1657 5580 10064 1549 9167 173 9260 10439 3275
11947 10125 962 608 9741 2058 5993 6994
11948 3971 2190 10514 2624 8562 1301 7828 2397 7832
11949 4116 4243 2473 10730 281
11950 660 3607 2544 400 6023 1289 6139 3281 10507
11951 10608 10858 10785 463 9953
11952 3910 847 728 6668 9131 4128 9701
11953 3871 105 2355 226 479 6671 1639 1242
11954 676 3383 1330 777 2280 983
11955 5425 2604 3666 8930 9372
11956 935 715 608 3514 10329
11957 11734 7756 2431 9091 1248
11958 2502 10399 7211 3909 8633 6609 1719 2465 6873 3533 3056 4036
11959 370 2563 3803 611 7049
11960 5647 3753 3988 1854 7677 4840
11961 6194 2161 5328 2537 1497
11962 6221 9945 4204 6293 8069
11963 7498 9347 3021 848 5890 3613
11964 5200 11108 1937 544 10638
11965 9098 808 11669 1201 7331 478 879 1757 221 5413
11966 2441 7006 4546 1862 1457 6824 11744 2501 245 631 8776 10543 1363 5697 10863
11967 11517 7973 5552 4919 851 4918 5565
11968 6204 11342 1134 6583 11688 5029 11705 5242 3830 6221 5910 8865
11969 1727 4236 7086 9294 8167
11970 4876 609 831 4895 11625 3031
11971 1947 809 1284 8053 3558 5390 255 2119 435 7434 6985 3338 1510 1511 947 4210 3208 7699 6871 993 924 2924 3931 4277 6249
11972 7599 922 3576 947 1800
11973 758 8951 627 629 1711
11974 3201 3336 299 7854 3111 9320 5274 302 6779 3730 1581 6328 4655 268 3423
11975 1033 8776 475 1554 8767 8322 6283
11976 4893 521 8934 8176 1286
11977 10081 9246 2979 10710 3005
11978 1500 1358 5163 4231 9572
11979 97 388 389 2832 1968 303 7370 2469
11980 1151 1152 6967 8561 11462
11981 11745 891 10292 7814 8094 10891 2730 4051 9875 5013 11556 5103 9568 1652 5014 6596 7171 4077
11982 4871 978 6322 2390 11743 4201 9975
11983 4945 8365 3647 1772 6639 8262 9717
11984 99 2214 300 486 1863
11985 8020 832 8172 5441 9209 8312 4628 2261 2469 7088 10162 4769
11986 1174 1793 1260 413 6317 5572 10578
11987 3465 9034 7988 7706 10128 553 650 3215 5141 2216 1712 9770 6823 5535 2079 7523 7043 1027 5289
11988 2098 308 705 89 5279
11989 2001 9576 2002 1 5218 8305 6031 11543 1032
11990 632 318 3494 4515 2581 9930 1311
11991 6867 5120 2632 5762 5725 9988 2459 4647 4895
11992 2168 5033 3884 7863 5645
11993 400 2065 1531 1556 8097
11994 1198 11201 373 11065 3293
11995 21 1618 8948 1066 2529
11996 2232 6657 8938 6405 4914 7251
11997 5386 10820 5030 9569 5031 1934 2245 9861 7941 1062 10975 5164 10819 5859 11742 10170 11240 9237 1933 7959 4991 10484 3482
11998 3163 3759 1408 7120 4937 799 1960 4236
11999 1666 876 7030 3358 6954 5564
12000 2717 11450 662 9763 4610 2392
12001 981 11040 5168 983 6317 353 3263 3580 947 1357 5174 3698 6741
12002 9343 3640 814 3228 21 8691 184
12003 1298 664 6613 9012 2044
12004 5636 1545 7610 6796 10983 7477 5588 3065 11192 10704 4303 3140 10793 117
12005 666 2312 11428 9564 6512
12006 2911 661 6729 4578 6980
12007 6254 1198 932 446 8491 9053 2885 753 2248
12008 2224 11546 5082 3164 8726 2683 2044 28 1950 3181 11574 11724 6627 4164 11326 7562 2012 6690 5 7922
12009 3997 1226 1342 3532 5354 9234 5801 650 7735 1262 7165 4906 1368 9979 7789 3830 5561
12010 9600 8734 7914 1957 936 4515 3532 5002 379
12011 6471 7194 1853 2981 8414
12012 8853 4085 11667 11361 9708 7127
12013 4430 9846 4902 8015 10949 3540 6426 3537 9586 7461
12014 10969 4243 3258 374 6471 6579
12015 5915 5196 6160 493 983 6966 9664 442 2513 88 5902
12016 4955 2772 11624 7895 11258 2488
12017 5048 2053 2204 2358 3588 7884
12018 3684 7304 1409 9813 1594 6411 7393 7405
12019 2510 562 2285 2544 6133
12020 21 76 7703 6297 714 6679 1721 8778
12021 4126 5915 5809 9933 6449 3146 312 1596 1040
12022 7613 3661 6514 11741 6513 4318 7981 2526 2966 8957 10163
12023 879 3496 882 1283 2796
12024 1550 2823 1182 10977 3087
12025 5449 8181 10696 1662 79 872 4907
12026 715 8724 1819 785 2938
12027 5171 3169 7111 903 6285 6766 11570
12028 140 432 1662 3944 3745 5502 7582 1672
12029 487 1551 2471 1968 1872 10282
12030 1971 8076 10758 7479 9060 7413
12031 7286 10425 300 7472 5691 9814 1647 6555
12032 10565 6565 1863 5181 26 2201 1214 3704 3981 11156
12033 8759 9119 10290 1247 1844
12034 2211 10423 4297 368 384 4824
12035 6106 3556 8884 2689 6668 99 6822 7464 2650 1701 4076
12036 1232 4334 8398 2433 353 5229
12037 6471 666 8810 778 11481 1356
12038 7571 1198 932 210 1886
12039 2796 803 429 105 10137 1515
12040 6220 2200 1891 7504 7505 1892 5785 10898 7388 554 6087
12041 1542 3162 1543 4886 2242 7304 632 2621 5950 2431 5567 9547 21
12042 6152 1180 295 38 5475 1496 454 1895
12043 7312 11052 3337 130 11286 148 11425
12044 1304 379 514 1575 1640 415 257 10427 2572 1564 3619 4262 1269 1234 2084 1643 2169 1237 4479 357 3435 4044 6739 3113 3191 1855 254 2086 3263 6398 9179 4585 1515 462 1522 1240 3582 682 5229 6109 3166 2924 4269 4167 1651 9868 1244 961 270
12045 4369 11746 448 11106 2392
12046 9123 4589 4836 6538 4169 7410 1629 7246 5679 432 6436 10541 1805 3209 2858 6727 10740 1445 6005 11433 1078 417 2547 7619 1038 2517 4226
12047 1122 9366 11532 4688 11356
12048 7623 483 10565 1709 6317 353 6059 5376 8094 5800 1369 5382 3880 4051 2874 853
12049 99 2185 315 9400 4725 4421 9655
12050 4456 10525 5462 3099 2521 3475 2376 2387
12051 5641 1284 2782 650 152 4493 3036 8050 9081 8708
12052 388 389 390 393 4723
12053 1504 9574 11407 5583 9796
12054 7262 8785 8779 7370 1705
12055 4958 3226 8598 6787 4318 4936 3081 533
12056 1097 11037 6303 11619 10953 4807
12057 2424 458 2812 5126 1690 758 9033 10832 10364
12058 2036 11638 173 7856 7857 1165 7859 11610
12059 6398 8950 5226 8045 7080
12060 397 2770 8081 8451 4587 3392
12061 479 1970 5045 6890 407 8490 4466
12062 765 1190 3458 6404 5033 7220
12063 4479 502 2170 1072 3580 1869 3929 1568 4506 3698 284 1574
12064 4862 5952 1272 62 5071
12065 519 1555 1761 4511 2001
12066 661 5212 4117 1032 862 127 4351 670 4065
12067 6545 6152 5392 5206 5535 2 7295
12068 3817 6835 9213 10901 7956 11599 3890
12069 10766 8808 9814 2903 6247 2030
12070 8498 4376 2666 5153 10217 1317
12071 5348 867 6308 1607 10056
12072 438 10764 5507 180 8131 7229 4198 1605 9080
12073 9360 2301 1718 5620 2295
12074 6167 9883 8315 11320 2631 11666
12075 4506 8307 11441 6269 2315
12076 10531 1232 3216 1304 11616 1855 1517 537 1317 8095 3287 3040 3729 7805 3552 7840 6328 6409 5041 7692 594 3989
12077 4692 11535 11647 2898 4705 4690 4691 4688 4696 4695 8028
12078 5178 2477 8919 8656 5304 11737 2806
12079 981 1866 6106 4685 3405 4045 8684 268
12080 5288 6740 4771 4878 8686 5171 2756 1399 6249 961 3425 7439
12081 1655 9036 3274 3275 1771
12082 5893 741 3754 1165 3708
12083 1471 9297 2223 1340 4158
12084 6800 1222 4968 7465 2938 10223
12085 9537 1052 429 9745 10520
12086 6308 832 1560 672 1113
12087 10512 2325 2499 2189 1854
12088 3201 8972 2396 6779 3586 698 4881 3713
12089 10221 2274 4249 7861 5029 2689 11688
12090 872 8693 1531 628 6163 2603 758 3255 9739
12091 10026 357 2343 1316 7340 2692 1053 1898 922
12092 7 8282 9586 9590 10015
12093 5859 5722 9885 6786 9284 9273 7938
12094 2940 520 4877 327 7984 832
12095 3680 2005 2106 4537 9773 169
12096 9122 3351 7887 1402 2270
12097 2480 9490 4380 6546 3279 9045 9939 10927
12098 10188 8148 8380 10068 10413
12099 2214 3556 3111 2170 55 737
12100 9715 544 995 6982 1526
12101 2863 7980 2838 10505 5318 311
12102 9424 7186 3078 1731 326 921 758 8084
12103 11033 4363 4432 3904 6196
12104 3885 9556 737 10601 845 1444 2601 8479 2628
12105 7336 8080 2644 6133 693 10577
12106 2459 1 7868 6778 6139 7249 1701 6813 3225 1824
12107 4303 3498 2297 3512 9080
12108 11635 6964 9680 11527 2521 6939 2964 2509 4315 9704 5294 11690 2983 7667 11137 391 9247 6536 3669 11509
12109 9820 1283 11365 9138 7911 5758 11533 5520 6486 676
12110 9002 8758 9595 9243 10543
12111 2817 264 2342 10888 3887
12112 444 519 3292 2448 2001
12113 3348 6965 2521 2964 225 5165
12114 665 161 8816 6459 5196 3547 3606 1629 6890 446 768 5672 938 4525 10299 3131 4328 667 10495 1228 3171 2895 4240 1414 139 37 7235 4745 7220 10447 10387 187 5475 370 2311 2544 2161 7879 8858 7229 340 846 6114 2916 7453
12115 3455 318 799 4831 1196 5009
12116 491 2796 9867 11511 1276 10911 8502 2637
12117 1906 4764 1903 3090 5841 1208 6703 368 4890 1274 2820 9330 4175 4546 1599 10309 9971 9560 4209 1496 2260
12118 11556 10818 7946 9262 10324 11408
12119 3752 10243 10868 6976 267
12120 9831 10231 6160 1694 8008 727 4240
12121 8606 1198 1605 5758 8631 1138 1903
12122 2739 2577 1674 379 7338 11146 6128
12123 5574 4836 51 4241 9506 5924 5801 9531 192
12124 9457 1622 2517 2521 651 7084 1231 257 5044 4335 3100 2287 10917 1499 5229 954 1243
12125 9775 4106 7819 5932 1979 6291
12126 260 9892 1 1526 1598 4852 6634
12127 1973 2267 3031 7300 2573 2191
12128 10177 2848 383 82 6126
12129 5709 189 4319 5571 3342 9159 11454 9160
12130 889 2116 2044 676 3560 2109 2871 951 3468 683
12131 3643 7196 10690 7252 4085 2986 3453 6297 11055 1885
12132 448 812 4230 10427 8448 2768 6738 4259 1308 419 3923 3337 3055 3561 5375 358 20 423 3205 3410 626 505 2174 1580 1387 1312 5016 772 7699 1522 1461 853 1653 1245 2118 998
12133 676 5168 5826 272 6089 4864 1145 1474 3412 4036
12134 3850 11723 5313 4596 10721
12135 1967 6424 4009 1362 851
12136 6808 10329 3 4 4108
12137 516 1916 4302 7572 4784
12138 169 529 5531 10314 1408
12139 10414 758 1120 858 5292 2002
12140 1296 8698 2284 6535 1508 3620 2802 11484 5831 10909 5512 4253 2434 358 4286 7417 2484 2755 2143 3464 4281 898 9816 5038 9782
12141 9827 799 3326 9721 8195 2212 4677 10328 932 8100 1886 7926
12142 9658 6659 3348 2157 8297 813 7737
12143 3602 5615 4360 10381 7826 4349 4780 3975 3704 2328 6827 2190 8562 10979 4781 3961 6451 3983 5267 11262 6183 2327 8385 9400 11735
12144 5466 222 10245 10928 5312
12145 5506 1677 187 1259 8390 7139 7230 130 10563
12146 4721 6310 11374 9174 7515 2044 320 1572
12147 81 8518 11084 8612 5354
12148 1298 1928 2265 6673 166
12149 889 9593 499 1310 5007 1073 4909 958 1400 3714
12150 199 7559 10878 9824 3326
12151 6382 1523 9010 9801 1742
12152 1321 9384 8660 20 5931
12153 1956 3680 2906 2501 9506 3131 1726 1469 4412 2229
12154 6990 1253 1772 3393 289 408 3230 4627 4385 5564 8936 11222 9454 1923
12155 692 5679 1368 1114 8276 858
12156 6386 1326 8715 1033 703
12157 8423 3763 2453 7629 1375 8768 845 1554 10429 1944 1705 4293
12158 2256 6416 1911 11740 4292
12159 7828 9174 8005 3380 7650
12160 11497 3905 11566 390 303
12161 1529 1766 4381 2728 2316 1272
12162 9651 3785 3509 20 3697
12163 1689 8556 2854 2630 9771
12164 1423 9737 8899 7463 11514
12165 10974 9861 9261 6172 10975 9263 8875 1062 9404 9106 11 6120 11620 1789 9999
12166 3853 8299 5964 7263 2410
12167 3739 2757 974 5664 252
12168 8857 9247 3215 4564 1745 3853 1795 445
12169 2501 7979 1023 5800 2111
12170 8931 3132 842 8538 4244 4868 11709 10967 10248 1947
12171 1351 485 598 7669 752 7422
12172 3323 1948 10253 1510 2361 11574 9398 361
12173 1775 1742 7452 4632 3119
12174 79 446 2942 6965 11119 4761 4758 8958 2210
12175 84 148 4112 8271 1601
12176 1258 5977 912 2079 2697 5563
12177 2472 1482 3737 1316 6419
12178 502 4767 7125 1074 955 3423
12179 1194 4863 9508 2757 11432 63 3567
12180 2660 3874 1235 6266 389 390 2399 2192 8563 9914 9400 5987 3555 3423 3425 5282
12181 2094 710 2782 10714 8007 6187 1813
12182 7897 1854 6526 3442 3958 4876 3704 5963
12183 10760 8753 10969 11134 448 2501 1942 294 4139
12184 2116 379 8853 1564 5008 3112 426 4399 7767 986 678 679 3931 2752
12185 9960 2409 11524 9000 6372 11414 1309 945 9415 4570 1525 10315 1073 7682 3370 4927 1393 1400 3422 284 998
12186 21 22 9551 4405 10504
12187 6836 6515 264 20 5126
12188 8498 3857 7784 1720 10894
12189 9586 7930 5030 7928 7387
12190 5473 1343 5408 379 141 1523
12191 1299 379 3784 4112 355 2433 498 358 359 264 503 2133 1053 9 508 4771 3418 4269 122 3880 4273 5993 5935 6062 4283
12192 8551 10374 10372 8241 650 5449 1276 6022 2544 3648 6557 3049 5112 10197 5581 10122 1205 5690 141 8702 258 674 8217 3803 3767 8802 3266 520 1483 2448 5115 5350 3265 10519 1437 81 3872 628 4511 1531 1532 5401 9541 7799 3861 5088 519 1761 525 2235 9664 9214 8670 8585 2627 1555 4646 9979 2602 7737 3183 4529 2090
12193 2538 562 7638 2540 560 5591 7711 6812
12194 9881 5196 2066 1629 6070 4 3172 3496 2451 2257
12195 2281 4840 2191 7832 3553 3058 9727
12196 980 2119 812 6622 9805 1511 592 462 6246 4878 2873 4075
12197 4817 6569 8949 2332 9729 3130 569 312 591
12198 1691 2600 764 6310 5574 9801 6036
12199 3633 8537 166 8018 1879
12200 3962 2467 1372 10249 7638 9247 4195 3318 11084 2444 983 353 3202
12201 11075 3 436 5581 1342
12202 9237 10014 8279 9590 9569 10819 9106
12203 9096 3021 10591 10234 3022 3541 3023
12204 250 8484 1394 7120 7970
12205 374 5311 142 6476 311 1337 1338
12206 2356 7799 6363 3668 1709 8823
12207 10372 807 81 7759 7760 11071 10916 187 125 416 6511 2611 4817 3636 2655 3444 8181 4166 2124 2394 1564 2433 1848 1102 9668 3654 10835 10834 263 11590 10836 1092 6058 3770 3715 9895 156 2900 6230 3581 5806 5101 715 264 1513 7749 5321 1109 9 3915 8566 922 989 3912 9495 205 572 1571 595 8521 5993 11478 11479 2143 4509 1095 9497 5387 510 4822 6263 10826 3482 7865 622 9655 4508 3883 2262 5558 4092
12208 6749 3921 5619 5100 9666 3483 4843
12209 2887 5513 8494 7199 9291 11232 7993 4259 3258 5224 435 3924 2126 3202 3923 7367 463 3689 2396 1023 679 2689 1242 9022 7709 681 5102 2091 7769 2140 6444 2836 5987 6741
12210 7696 10277 2308 5646 2621 3631
12211 1661 2435 4336 5448 343 171 11747 1775 148 1951 8215 4328 9883 6250 50 8896 3699 7754 595 4637
12212 808 481 1287 4471 237 2271 8234 10967 1202
12213 1951 3374 1011 7887 845 6115
12214 2348 3061 11123 1413 2684
12215 1360 5600 3297 1974 3298 5815 11388 3299 8118
12216 10154 2789 1855 6679 434 1959
12217 8176 888 2356 3521 8178
12218 768 4171 1551 5217 9525
12219 23 5730 3567 772 8625
12220 5956 7970 10464 1394 3098 8895
12221 730 11205 4899 5059 9973 4805
12222 10348 6602 1298 488 8430 1301
12223 10436 1301 6288 11702 11457 9454 4986 1064 5868 620 3903
12224 7590 6471 1886 440 5799 3999 3146
12225 7593 977 4529 8585 1358 2488 3582 10403
12226 8740 6076 2685 2686 10163
12227 4294 935 517 1501 4750 8009 11744
12228 6486 55 5992 6461 2190
12229 659 286 6471 2860 5745 6482
12230 1484 5215 6965 4318 2366 8223 10163 1765
12231 6747 472 3560 653 6272 2578 7222
12232 10240 530 2489 9712 5605
12233 2439 11625 6398 9441 3351 6868
12234 2964 1424 1335 5370 2821 5336
12235 6403 3276 7317 9025 9220 3800 3017 173 2495 563 9717 4664 1709 2877
12236 8118 4106 2573 2267 11404 4339 4028 11311
12237 9912 4312 2250 9136 4902 70
12238 7221 3326 11693 794 164 4004 9595 709 338
12239 889 736 1389 1387 5017 740
12240 7194 8162 4504 5155 2448 2602 519 1761 2295 6448 4886 5920 9460 1555 7630 9466 6269
12241 8615 4899 3016 7313 2534 8817 205
12242 99 3752 1854 2190 9400
12243 8848 7383 2490 2170 7347
12244 3618 5356 505 5167 1522 990 683
12245 3107 10871 10138 517 1033 3279
12246 659 79 3044 2663 1531 1196 758 6281 1555 2002 10098
12247 10318 10330 3820 11719 3854 3543 4916 1005 3119 6337
12248 11049 1465 9456 11093 1378 3290
12249 6633 1903 1018 454 1811 1772
12250 290 1743 803 11560 2378
12251 11439 5707 9364 943 10401
12252 2238 5563 6712 179 1924 9028 3916 9389 4137 266 2058 10809 1923 682 3468 1041 2044 4768 71 7069 8564
12253 2451 9625 2530 21 7178 8392 1204
12254 9556 4925 10699 2703 2344
12255 3621 415 4908 7672 259 1518 1581 1312 5012
12256 4354 4353 10300 10034 1873
12257 11012 9514 6058 599 4911 5965 2239 1870 6307 5407 1156 410 10542 1056
12258 3378 1498 4927 6214 1842 11095 2477 6238 9000
12259 3163 2636 2106 1283 7201 1661 8020 4189 2444 2 9888 162 872 569 313 8560 5441 10273 4820 3941
12260 1189 2085 8914 6666 2338
12261 6464 10113 8749 7141 3244
12262 2122 5283 1563 498 495 7307 576 758 5985 947 680 6532 7171 4077
12263 2680 8161 2548 5346 2684 188
12264 10699 4721 4196 2625 2529 6785 4619
12265 8507 7175 4634 3834 2438
12266 189 399 9431 11038 1357 341 124 438 6408 762 1180 2259 11316
12267 258 3784 4898 812 3037 11205 5091 730 3770 4044 4233 3653 5949 357 4901 3716 734 1365 1107 5127 1095 264 2244 9495 5387 998
12268 4831 5252 4680 3359 1599
12269 1410 9829 9452 11526 3937 11567 2003 8796
12270 11490 10189 112 4602 10935 109 108 6531 7358 4810 10186 9877 8906 11494 547 11390 9089 545
12271 475 10099 753 932 3226 77 5548 148 632 1777 1366 1023
12272 1413 1408 7789 6885 7835
12273 8622 3929 3207 8828 510
12274 359 11293 574 571 2694 2689 8566 5323 10223 7136 11671
12275 5647 1854 3705 3904 3536 238 2323 3961 10980 10981 10862
12276 7975 4326 2523 9907 3710
12277 9211 6976 11186 1408 661 4537
12278 4142 1057 4111 7917 8905
12279 5187 3855 10587 6994 10887
12280 3569 3418 8275 9093 3574
12281 2538 4376 5567 2440 8094 3117
12282 7324 6380 2538 1844 186
12283 1854 3253 3973 3962 2181 3752
12284 360 5677 1776 5286 4501 3112 1041 2134 4654 1858 3932 1249 953 9196 2699 5834 3464 9531 7440
12285 1880 1883 7081 6880 3209 11034 718
12286 2680 3662 4936 47 2684 5531 2521 7980 4799 1657 2366 10473 3270 9246 10694 8161 11469
12287 5308 6828 8401 11641 3856 7614 10976 8727 10110 4342 2822 3834
12288 9399 303 388 389 390
12289 854 1471 3237 4294 803 79 92 1321 966 2830 4750 1330 7964
12290 481 2945 2348 9150 139 1917 1882 935 3107 5001 5002 1676 2430 3619 9256 3817 9504 4261 8893 9172 3780 2446 8738 3924 2742 3689 4286 715 6852 2746 2435 3691 612 3340 2072 7874 265 463 8094 7851 3112 3911 2674 678 3928 2135 4210 2136 2752 8361 3455 9083 3848 578 2399 6769 2246 7931 4843 8362 8795 4338 6418 284 1243 9568 510 1245 4075
12291 1967 459 2069 9953 6859 7178 508
12292 1865 7679 7180 7730 21
12293 6029 92 842 783 79 778 1060 2725 6279
12294 3765 1634 1352 5930 4886 3303 3342 5331 1462 3498 10938 2728
12295 2840 1100 1091 3784 1839 1097 4131
12296 448 826 2458 4797 9728 8718
12297 7845 10105 10015 10050 10818 11350 8284 10051 10821
12298 4344 4335 7494 11195 4493 11337 2001 2002 1556 10407 785
12299 3337 5091 1563 3780 2433 6078 264 3728 3588 6101 5016 283 740 997
12300 394 384 2961 3078 2971 5864 1938 4441 7129
12301 4216 4125 434 465 10352
12302 1230 1582 8204 989 11122
12303 385 55 4231 8142 54 4415 7578
12304 2966 213 7216 666 1433 9636 10088
12305 4803 3718 10952 572 4807
12306 1559 8385 10104 1889 2325
12307 4332 4154 379 2074 3901 4112 9477 2575 358 4001 5009 4314 8750 2128 322 3221 2397 921 948 1954 2446 5377 8684 2111 1041 772 992 3931 6825 1648 1568 718 3342 2142 7473 9497 6418
12308 6491 3651 4134 2902 5295
12309 2323 3961 10411 10254 9777 10412
12310 10400 2945 6419 6803 11357 4482 7982 5077 10128
12311 2984 9268 6046 3843 3147 105 2588 10365 8347 11256
12312 136 5717 768 1854 2189 4426 9825 9141 737 2270
12313 1886 1727 5039 10521 3244 787 8926 1542 1544 4937 9038
12314 810 2083 2082 5515 5348 4788 714
12315 2458 1534 3467 6471 584 2821
12316 971 3794 9605 6966 717 3342
12317 8665 1208 3778 8212 21
12318 7811 4430 7433 507 5703 10653
12319 11542 758 5123 8645 7984
12320 2860 140 10479 6459 321 1911
12321 846 4310 1939 7178 6301
12322 3659 8947 6440 2058 4036
12323 370 1164 3257 8620 3513 2306
12324 2886 7370 5215 1807 2821
12325 3061 3366 5901 2037 1171
12326 1545 6632 481 7361 4492 6633 4491
12327 8040 7025 1783 5524 4482 2886 2536 4771 8188
12328 3680 375 2482 2678 5208 1776
12329 7085 6051 3045 8682 3697
12330 4928 98 350 7162 4368 2248 5937
12331 3238 384 1737 974 5958 2126 7314 87
12332 5639 10746 4396 3016 10442 4210 5509
12333 1444 3428 9863 620 1354
12334 3560 5284 353 1235 1644
12335 1452 9800 143 2446 1434 8358 10715 11205 6257 5992 714 1523 5176 5136 120 10395 8092 73 4666
12336 4929 495 3578 5091 5373 2740 918 4089 3728 3205 4651 4768 3411 2871 1111 2645 1519 4270 3916 5653 267 9495 8721 6060 269 8625 2141 5017 5020 4050 5022 2752 4273 987 3167 5021 3166 989 5012 5387 9497 6307 5987 997 4075
12337 4062 9541 2699 9051 4073 6429
12338 709 8596 6941 6474 4580 2065 2449 7781 1734
12339 660 3280 3250 318 1049 11652 2928
12340 9202 10822 7936 7930 5030
12341 11430 2440 338 2280 6049 2473 10839
12342 10045 55 5240 914 4131 10825 7131
12343 8003 1853 1185 2677 2453
12344 7940 4984 7033 1130 9064
12345 1052 105 3309 375 481 7902 244 1132 1435 3034 584 1331 1460 2577 5776 468 3290 1583 1529 1673
12346 1078 4621 1408 5450 1599 6928 345
12347 102 7850 2015 4080 1930
12348 1531 2042 1556 568 758 1557
12349 1761 3038 4335 3688 3204 3689 3919 1644 503 3112 6800 3792 3690 986 2132 4768 2747 679 4049 2135 7989 3916 579 7626 1651 6904 3422 4091 285
12350 6506 1603 1446 292 1819
12351 3666 2969 4550 343 2882 1973
12352 8037 4560 10464 3897 6766
12353 4004 1044 10518 1357 5119 2311 11633 10552 2469 10347
12354 7307 5119 4456 1446 1409 1998 6701 799 1709
12355 481 4892 1460 225 5851 2051 1756 10911
12356 715 833 2229 6429 5441 9831
12357 1205 38 149 2544 4110
12358 1357 9399 8062 4142 9554
12359 9389 7426 4647 2010 1109
12360 5870 7784 5722 5361 8996
12361 1900 79 1657 6733 10957 10396
12362 11318 7054 3553 11255 7061 8319 8320 116 10850
12363 1865 371 4463 2191 6911 6912 2446 240 243 8986 3536 3442
12364 10360 2248 2516 3366 4219 11180 4525 120 62 10480 778
12365 1443 368 1164 1928 3350 5307 5572 2621 122 344 1775 350
12366 3592 2134 9739 7318 7404 408 6171 9381 9026
12367 303 5163 4421 2191 388 393
12368 11365 3432 9247 1018 6536 981 257 3891 3074 2121 10427 4877 4259 9593 10994 3924 4650 3203 280 6326 4587 3909 5240 10524 5547 4027 5577 9734 5445 2756 1399 1243 4881 4076 3714 7439 6532
12369 8105 3852 2311 11323 4218 10688
12370 4471 481 1756 5639 2275 1947 5477
12371 3062 6978 846 327 8664 6200 9414 1638
12372 6552 1523 382 8226 7323 6621 6413 1965
12373 1032 8644 6503 241 473 7325
12374 10332 1970 1903 5690 2917
12375 693 2102 9061 6478 692 662 2542 6794
12376 1032 632 2206 2725 609
12377 2167 9686 889 4043 984 1642 9141 796 3280 785 2133 6108 10995 3915 443 682 3420 3393 527
12378 11096 9327 3165 10344 4781
12379 286 2502 3209 9672 6232 11430 5966
12380 1802 5088 11612 4571 10839 7915 1465 10384
12381 567 10600 7006 5949 155 9811 10955
12382 1820 6439 3467 4089 8869 1510 6794 7315 2662 802 692 9618 2644
12383 4068 1288 9363 1948 3843 1721 1521
12384 5069 10090 2357 4110 6400
12385 5249 98 912 3261 11013 4839 2419 2355 2167 954
12386 2758 318 2212 2446 10088
12387 3680 2348 5151 1919 787 1583
12388 1201 92 3936 9146 11173 97 2974
12389 2726 9091 2518 207 7889 4886 7783 7450 3897
12390 4866 2636 6841 5197 8691 9941
12391 9574 2225 1236 1583 1992
12392 1982 10613 9179 1611 10674
12393 8303 3854 7139 4068 4286
12394 6054 5671 3323 5391 5524 4441
12395 105 400 11690 6380 6887 3854
12396 9305 9616 4751 11660 10561 56 1543 1906 3196 2821 1595
12397 6632 131 1276 2636 8481 1755
12398 1629 3159 1187 988 1347 1734 8720 1461 8870
12399 1375 8365 11583 10825 4902
12400 290 783 1198 286 1907 6546 3158 1484 3897 2159 282 1046 6156 312 5635
12401 3756 99 1742 1032 1496 10877
12402 409 2396 1237 6779 4880 1718 122 9044 6499 11485 4052 7430 5282
12403 6677 7029 4856 86 5176 1881 618 1347 443
12404 7533 6910 4723 8563 7061
12405 10468 3872 537 5543 2308 1919 753 1923 530 7399
12406 6885 4035 3064 8632 672 6238
12407 3871 784 5598 5888 8119 7478 2347
12408 8162 607 6188 10128 4416 4264 1183 3511 10901
12409 5096 3817 1305 903 2238
12410 10745 479 10054 5384 6341 2876 21 11662
12411 126 8945 7374 11636 4050
12412 3116 6106 260 736 1642 5091 2743 4650 3203 1895 1897 508 6247 6103 3714
12413 8094 9397 750 4821 1180 7866
12414 3290 186 1229 7107 6933
12415 2424 8133 1212 2251 1216 6405 7254 9890 11478
12416 3551 5227 3730 6780 994
12417 4817 10410 10434 4928 4224 1920 2050 11745 11673 4027 5170 5169 8474 10057 2746 300 8439 10342
12418 4460 3704 9916 4349 9760 9993
12419 1150 6969 6968 1151 1152 11462
12420 6564 9841 11593 11240 4991 3015
12421 1631 1632 1633 10592 7945 9347 7794 7944 2650 3021 8495 7890 2182
12422 1062 1131 9248 7722 9906
12423 8101 308 2173 10925 4657
12424 10746 6273 7762 3757 256 7500 10697 651 652 7948 1440 1441 8976 4104 7877 5358 2084 5274 10803 3688 3409 5100 6933 2939 10498 10241 5986 1399 2928 3425 5282
12425 8370 2493 10098 6648 3149 6622 5168 4043 3998 2084 1643 1564 498 5322 609 6869 9866 6854 281 4235 9009 2926 2138 2288
12426 2312 8064 4339 7835 11137 6764
12427 2738 10750 343 4123 2994 2234
12428 2094 9541 8648 1895 1690 6937 68
12429 6773 5110 9728 9410 671
12430 1391 7602 1907 588 4648
12431 1323 2230 8971 8525 7954 9346 3052 6985 10604 5447 4417 5241 8298 4020
12432 3575 1834 588 5728 173 1796 3293
12433 391 10906 9832 873 774 10111 1991 10107 1992 8221
12434 6439 2344 9461 5187 8921
12435 2116 11649 4650 3729 11524 8096 5625
12436 9784 9353 7401 10027 7003 9920
12437 1807 10238 5849 4 5237
12438 1285 5700 10410 7079 4726 10874 257 4043 2433 5523 2742 424 5193 920 3730 11029 772 4878 10241 3104 122 3880 10046 5230 955 3849 4167 5993 4052
12439 9031 3877 567 2906 2502 465 807 4139 3919 6024 292
12440 5408 9842 11585 5635 463 7342
12441 1973 1974 2446 2574 11388 6713 3304 2573
12442 934 517 3107 6071 6022 1807 1452 4341 11550 11423 5488 5395
12443 1032 5054 4008 8886 11036 5511 6297
12444 715 354 165 5042 2160 10027 4931 122 367 368 1174 9280
12445 2475 3949 7678 8958 10481 724 1866 5953 10582 8603 4546 9556 1204 9449 1537 7062 5710 4302 7451
12446 5169 6910 2190 8270 3967 2322
12447 1285 8668 9481 5640 229
12448 2216 4930 7422 872 6158 1600 1583
12449 7790 4166 1248 4313 1056
12450 7514 2420 1298 8457 10259 8203 6773 5246
12451 9557 1742 2581 74 22
12452 2916 5770 11672 1710 4045
12453 3262 11594 11729 55 3648 6557
12454 2383 1223 3650 1442 4097 6705
12455 609 2600 2697 11739 2218
12456 8256 6593 171 3431 7636 10881 374 9397 3548 5371 5370 11324 7431 292 2975 494 2773 4308 3038 1700 2041 3189
12457 4126 803 4241 2508 5675
12458 822 5714 1355 6162 10840 374
12459 6680 81 575 758 1531 1196 530 10964 84 1867 94 2078 6501
12460 2503 8219 7402 320 11588 9708 459 9318 4841
12461 7353 787 9302 7818 4222
12462 6376 9758 9759 6456 9993
12463 9473 860 8313 2918 5540 4793
12464 871 1882 4328 8016 4394 4433
12465 5675 4555 417 8816 785 10610
12466 1903 82 726 1995 2295 3379 9348
12467 8644 1032 5404 4186 8923 8947 4036
12468 3481 9375 846 787 3863
12469 3767 290 10525 2161 9872 823 4451 6401 2900 1691 2332
12470 2906 376 479 3194 3255
12471 3235 97 5741 9220 11193
12472 4517 1772 1677 1204 327 7257 3255 2621 2065
12473 4622 1381 9834 3666 379 1464
12474 4972 2329 8263 1299 4027 5463 8228 5607 10911 6446 255 1879 2084 5523 537 1511 592 425 9066 1569 4658 8526
12475 3579 3688 505 4769 4771 690 925 3421 1650
12476 1660 1084 1534 1333 784 4036
12477 9167 401 7317 3375 4633
12478 391 11352 215 1278 3646 2907 901 11615
12479 1189 8155 4836 1547 1583
12480 2003 5536 6405 2771 315 9028
12481 2169 6266 3338 1070 2170 1074
12482 1950 7888 3146 4129 11314
12483 6501 265 2609 10391 9434 7871 5300
12484 6104 5764 8679 4379 9344
12485 9491 1882 7630 10680 8470 9143 11258
12486 1546 10140 6250 11633 2584 2812 529
12487 10371 6430 3529 6609 7681 2876
12488 2637 5592 1270 11719 11235 6422 5061
12489 8039 9342 6419 4332 2005 4237 3003 4733 5120 531
12490 105 1321 3502 7840 8440 3575 5884 5885
12491 9786 8215 379 10053 7800 10608 10364
12492 666 4557 2128 1366 53
12493 1772 1102 8998 11340 4200 296 6963
12494 1920 4581 6250 1718 6354
12495 3319 3367 1548 780 659 4241 936 479 665 6018
12496 2281 3988 1927 10845 8368
12497 3622 514 2743 3919 3552 4267 758 361
12498 1132 2332 3182 9360 7727 2294 1666
12499 3636 4501 5008 3435 1461 2806 4506 4004 683 6444 2144
12500 350 4817 3945 2044 3888 1188 86 7606 6464 4384 5417 966 3305 8786 9213 7370 5002 2673 938 10011 260 1464 8971 10477 3181 10676
12501 2494 6627 2953 5194 2079
12502 99 2313 1291 815 10629 816 2477
12503 4489 5521 2173 1776 1113
12504 8114 435 5199 2501 5337 5534
12505 3562 441 4911 2212 2518
12506 1599 3853 10417 4684 2257 3224 5965 5966 10959 4884
12507 6200 943 2550 1332 101 8500 9826 8758 11468 4495 9013 674 3569 9602 2916 2900 764 67 10449 8643
12508 2391 8700 1629 2568 2199 3368
12509 5567 10399 3530 1168 6195 6341
12510 1668 8022 2502 11628 11338
12511 7153 55 2116 5066 3406 7403 6739 8361 269 4775
12512 92 11455 1634 1748 5921
12513 8442 18 817 3118 690
12514 651 3523 10091 1923 9888
12515 7867 8334 3428 10998 11680 3582 9953
12516 4166 3922 3923 2433 353 1309 424 918 2360 4232 1644 5985 920 322 1776 2131 8684 162 281 1646 6794 740 1244 4741 1486 9531
12517 7741 6051 9053 562 8575
12518 1432 1368 5546 951 9389
12519 7062 5177 6403 8249 4085 10193 4582 1705 5992 6990 9817 11048 4554
12520 11535 4696 8028 2350 4695
12521 4368 10242 4847 10206 2950 11656
12522 8433 7294 1711 10678 6429
12523 206 792 8978 5732 10250
12524 9129 10110 8752 5133 2825
12525 10196 4465 7156 2417 5876 11397
12526 4757 8741 10942 9875 6081 10323 536 10321 9860 10943 542
12527 1951 1412 431 666 2334 6617 8658 5713
12528 1664 7509 574 5323 2595 572 10223 619 2082 11671 2534 2596
12529 189 1321 1796 3244 799 947 4836 7115 8962
12530 785 5475 2709 10955 5144
12531 9 1365 4312 1109 5731 619
12532 8104 2 394 1709 703 2431 5600
12533 500 4089 6108 9066 508 10398
12534 6302 2824 5072 2829 11514
12535 1201 9305 5639 9149 1947 4487 2637 1276 645 3693 2907 9099 10747 4393 7635 9402 879 5670 4053 7718 409 9489 1156 3037 495 3866 9805 3817 280 5356 5584 2923 1512 2048 3928 1571 363 4506
12536 5281 5591 2072 7874 3309 4629 8225 6679
12537 310 444 10579 8370 6471 5581 798 9140 8323 5087 9139 10935 397 3544 7822 547 10323 11748 536 3035 545 1920 5337 132 1120 768 2923 535 540 8957 1224 2341 4957 2815 8376 6082 9089 1180 544 548 9857 542 7458 4600 5360 110 9878 5781 9087 9088 4811 6531 10298 9875 108 9874 7526 11165 4756
12538 37 7450 2870 5963 6347 11103
12539 9155 5108 5584 5969 5582 2428
12540 1591 9908 5675 6807 1962
12541 2130 459 462 2133 1053 8828 1521 9497
12542 6852 505 2836 1184 799 1868 443 3931 953 364
12543 7147 1198 932 1947 11745 5757
12544 3496 7145 2444 7281 753 6101 1418
12545 132 81 318 10631 1563
12546 8103 1940 8792 2096 7869
12547 9784 5594 8259 9410 4286 8624
12548 803 286 846 3280 4027 354 11726 2930 216 679 4546 2361 11385
12549 3106 4234 8542 3848 283
12550 949 10682 930 931 3807
12551 6470 2216 2725 1342 105 1796 7115 2464
12552 8386 6284 1863 6341 7465 5492 716 2325 2486 5131 10216 728 4036 8496 6224
12553 394 2260 3086 7016 11189 4474
12554 1327 6601 6209 5216 6097 8504
12555 1180 394 974 2218 8585 10112
12556 5766 2815 356 5091 3434 422 2692 3167 1950
12557 1257 10220 11483 2822 3834
12558 4145 6076 4215 794 6816 7897 9346 1775 5813 2212 8300 7282 6107 3252 9843
12559 2725 898 5700 3014 2941 2259 3548
12560 8498 6353 2894 4565 122 6768
12561 5837 4116 9958 1742 11224
12562 8591 4980 10345 4101 2917 1835 4735
12563 9055 1180 1496 11162 11327
12564 7079 11646 3963 7576 4426
12565 5334 8501 11069 5355 10977 935
12566 5475 9433 1595 7282 3176 79
12567 9592 2448 771 4849 7169 10729 1885 3766
12568 11050 4613 10752 1252 4832 454 4302 4196 6167 7460 5672 5687 8412 9029 2088 2028 6110 4018
12569 2322 1854 2189 4463 10378 3605 4780
12570 3034 5762 2665 6398 8950 4134 3784 8298 3029
12571 11657 2911 6025 4622 79 290 81 1851 1477 1248 5619 1192 1922 825 10493 924 992 690 11344 8368 6444 11080 100 270
12572 455 4142 4816 8942 7474
12573 5798 10520 1805 6471 1339 10615 2094 6690 7345 4 9773 2220 4571 934 105 399 10561 1078 3194 872 90 5153 4169 1046 1327 3215 528 4854 3687 1409 3682 1262 167 3564 8728 5901 2346
12574 1194 8862 7394 6843 5121 2865
12575 1743 826 1766 854 933 4099 167 938 1584 9080 925 3094
12576 184 4404 714 3217 11573
12577 131 1947 11736 10399 1705
12578 6116 1289 3149 576 2127 1197 1180 25 1496 11362
12579 1072 919 6982 947 7076 281 282 6444
12580 803 3830 11586 3675 148 10561
12581 235 8049 10065 10531 8106
12582 1201 8931 1198 808 6040 5388 6042 9767 491 7623 4395 7604 1637 1267
12583 785 2008 9651 2009 2044 8045 7499
12584 1523 10682 8793 1709 8138 11685 1680 89 2098 2097 2150 11424 1685
12585 11099 900 256 889 7733 2044 8972 6057 4501 5227 5006 1070 2397 4231 1240 956 4880 4881
12586 11405 10129 4390 2424 2611 742
12587 871 3530 1608 1550 3223 5452 10550 11106
12588 4614 3522 2735 290 10807 804 3061 8573
12589 4386 2128 7810 10270 10066 1862
12590 6819 1629 6803 2706 486 3692 1963
12591 11093 902 6609 8017 9821
12592 11073 736 4536 11749 8860 5791
12593 7164 372 11003 2710 5570
12594 4427 11646 5538 2328 3058 2191 240 5963 6349 1929 11310 8476
12595 6959 1298 6460 367 8567 4572
12596 187 8927 5955 8422 1504 1556 1557
12597 1609 303 4723 388 389 393
12598 9864 650 413 9609 11241 11213
12599 564 7468 851 1772 7768 9551
12600 2664 11529 2201 6220 7638
12601 162 10345 5089 438 9541 8911 264
12602 2209 872 1414 11336 2946
12603 7331 2909 2637 2283 1295 2201
12604 797 6709 312 10686 3607 5292
12605 9677 1948 6680 9917 7339 2671 1666
12606 3014 5370 10611 3005 3041
12607 1360 5600 1973 3297 1974
12608 5796 2323 5170 889 3551 1514 6078 1776 2109 1581 2111 6027 952 4658 953 4662 5655 3421
12609 9974 11022 9541 4511 3266 4493 3267 10904 3890 9871 6512 25 7485
12610 99 2810 1718 1301 3412
12611 7755 92 609 1599 3853 5511 10502 5819 2631 2988 4700 714
12612 3638 946 739 1072 3556 1074
12613 1860 1531 1331 3884 1705
12614 5678 11080 2716 4445 3215 5509 5506 10542 3756 5082 807 10174 4908 9866 2562 7774
12615 11476 3524 3571 9403 1278
12616 2808 2605 9571 5971 217 10472 87 10778 936 2 5689 3244 86 81 1500 854 1635 2143 3631 1557 4670 11224 2392 11103 2926 1661 4945 1 1251 519 2235 628 11496 6382 1026 1982 666 4630 8375 3443
12617 757 2482 407 139 4210 10493 5339
12618 2167 1355 3997 528 3215 1119 10681 10076 4210 11713
12619 4043 107 4757 6081 6082 10821
12620 2274 7861 4248 9963 4246 1753 9494 7152 2641 1816 5876 10967 6695 7151 4645 4056
12621 530 3244 2692 615 5293 9938 10223
12622 9204 3183 8080 1874 9173
12623 3116 1853 11301 5180 5499
12624 3497 6876 5337 1963 9165
12625 10763 9835 4890 9013 8692
12626 2968 8818 1569 7699 1063 2105 1811 166 2772
12627 3630 335 6769 4368 6326 9546 5564 2877 10440
12628 2518 666 9671 4209 1834 4335 753 9317 11226 1260
12629 8334 3181 2040 1465 8929 3305
12630 4841 609 11628 2502 947
12631 1057 148 3256 417 373 312
12632 3389 737 9425 5254 1401 10194
12633 7153 2275 9457 1749 808 2278 1296 2356 2615 2762 10343 4497 7498
12634 3059 107 2003 6085 1193 949 2065 3666 6893
12635 10160 2595 1969 2083 7290
12636 338 4571 7405 2820 5371 2696
12637 7491 1201 10769 6564 8481 5639
12638 5448 737 3138 355 3685 1234 360 5931 3207 6934 6306 364 924 505 1573 997
12639 341 7645 8231 11723 370 3665 1003 2428 11269 9026
12640 4489 6817 6822 1688 5742 9499 9604 6337
12641 428 1188 82 211 5524 6164 128 3676 6549
12642 3164 8181 5521 5091 426 6779 6244 7641 1519 1650
12643 10417 8367 3180 11027 9548 1427 6378
12644 2348 8370 3163 4784 367 7757 11137 3255 5591 1403
12645 4903 4845 11264 11074 11067 5005 771
12646 5813 3018 7102 7937 4438 8471 2976 2990 5823 314 5779 4440 9185 3019 3454 8531 6668 11027 8347 3721
12647 6408 4336 4326 3466 4540 292 9717 2211 5810
12648 219 4247 7599 3525 9826
12649 6668 4031 4587 5240 4440 3012 9347 8495 6851 7104 8496
12650 2482 8244 3038 6920 8659 1279 115
12651 5752 5113 8104 3437 9650
12652 803 6535 9832 105 9642
12653 936 9580 615 938 4225 751
12654 8712 4027 1956 854 10356 889 6025 5408 5423 7286 1211 4962 4754 6949 6953 7846 924 5655 3584 4004 4506
12655 11020 2494 2738 11728 11442
12656 481 7911 1169 10045 5967 796 8212
12657 4244 5215 229 11750 8537
12658 5391 10807 3177 10530 9397
12659 2323 99 5170 3705 5796
12660 488 2883 10951 5317 2108
12661 2666 1918 2616 6254 1138 2094 1413 4653
12662 5391 1609 7659 9011 8358 6766
12663 11403 2627 1531 10832 1196 568 758 1557
12664 10514 9117 912 166 2697
12665 6334 2801 1775 101 2912 11523 9131 10518 6709 5729 7262 609 11242 1733 11133 4570 6665 1375 11563 8682 6575
12666 10898 3684 10746 10829 8148 10189 730 3918 7822 539 9089 2993 1938 4130
12667 1766 8798 136 7032 4791 20 562 3709
12668 209 6390 11366 843 187 1777 530 63 9119 3823 11595 1583 444 1500 4161 715 10114 11457
12669 651 7948 7562 3139 385 349 11366 4929 1307 1563 6388 947 3730 948 1369 2134 5652 266 443 1519 9022 1858 4273 337 923 3847 5171 955 533 7310 1249 11310 3492 5407 6418 1243 284 3555 9531 926
12670 374 2225 3244 11567 1041
12671 9618 5565 598 4914 6259
12672 3909 5101 11183 6863 1260 5515
12673 1055 1821 6101 8372 652
12674 7162 2970 109 7526 11624
12675 3607 3531 6723 7179 561 308 2345
12676 5505 8539 2426 10521 10560
12677 6712 1292 326 10365 3224
12678 6018 3523 10404 6847 3085
12679 1930 473 265 10976 4635 8727 11116 1148 8441 2652 4235
12680 255 4165 144 6985 1643 11751 4001 6317 358 5099 263 3408 278 3919 4089 3924 5210 7435 4910 10241 283 2141 3586 6307
12681 1668 2909 11152 198 872 9295
12682 8215 5072 4137 3887 3051
12683 2544 1702 6279 5195 6243
12684 1661 632 845 1444 197 5492 3841 2263
12685 7854 5404 6869 3557 1312 1581 3042
12686 4857 8078 3472 430 1910 5714
12687 3634 4545 1761 2798 10028 1362
12688 10830 11251 9811 6175 3616
12689 10427 7901 2120 4738 3874 2866 2122 5283 6056 2121 4042
12690 211 210 3734 843 9003 2111 7288 11079 5551
12691 625 8232 2263 8375 7886
12692 7870 9307 1352 7630 5651 10590
12693 7969 8072 5346 1918 1341 283
12694 2697 324 703 11330 1076
12695 8159 7835 2518 8263 3034 1435 155
12696 11329 8580 6483 4172 572
12697 3651 4134 7969 11512 2430 11516
12698 9965 10370 2446 7903 1053 1522 6261 6103
12699 659 4125 402 7917 3443 5013
12700 8260 649 7168 11311 3591 5817
12701 976 379 10717 956 5317 5230 3596 3104
12702 9272 1745 395 4568 11593 10419
12703 431 3680 781 6601 4586 2502 1796 1412 6652 434 5176 1272 1060 82 1907 3379 3383
12704 5247 456 676 1532 3819
12705 5898 4172 11681 3885 4385 2471
12706 3782 8046 9874 110 108 10623
12707 9432 8785 1223 4906 298 6190
12708 177 187 11314 11603 7426
12709 2800 10839 6663 10496 9732 11363
12710 1757 368 7392 1372 8893 354 11250 516 1394 143 8244 7255 1438 4098 715 2286 262 1014 6128
12711 1546 9621 7783 9164 7450
12712 7067 8293 7902 10132 2003 9116 1995 318 10088 1940 1204 1360 659 417
12713 7472 3090 3091 10415 3368 6825 584 2129 5674 8237
12714 2912 3295 9154 11649 18 11731 4725 4705 4695 2010 6052 1497
12715 84 8042 164 11002 7534 1529
12716 1599 11383 4 1078 2710 8644 1032 11417
12717 9203 81 6033 11710 1800
12718 481 375 781 4125 10781 6048 2536 4079 9302 248 858 1599 5273 8936 1635 2772 7253 7832 1493 4257 1212
12719 7313 10125 5543 5827 6840
12720 3825 11337 3267 9545 9970
12721 8068 4375 6325 10532 6172 11170 1637
12722 4493 5733 650 303 388
12723 8953 10630 4981 9501 3379 5671 2091
12724 1032 1925 5473 11597 1275
12725 2185 4726 2186 11646 4362
12726 11634 6123 7385 6645 1710 3174 9456
12727 3065 11139 11458 10985 7321
12728 7638 862 695 1368 321
12729 6716 1586 10081 4518 4758
12730 3683 114 2044 10407 5611 1676 7434 1894 5547 3228 2748 2750
12731 10526 1433 1415 3952 1460
12732 934 6550 1408 6805 2518 10111 353
12733 54 1345 6159 2713 11440 10765 736 8825 772
12734 3444 4046 3690 265 3519 4658 955 4424 3423 3425
12735 11221 10702 9680 6964 6514 1586 11528 10650 11527 391 889 10144 5832 7766 3729 425 5022 997 270 2148
12736 1629 6484 3745 3443 583
12737 79 7872 3181 1548 4980 3047
12738 3334 4840 10424 3442 8091
12739 5615 5361 10034 8830 10300
12740 2603 3695 5776 4511 7510 576 7622 3736
12741 1981 1920 8191 10174 5500
12742 140 10111 937 9230 1886 872 8821 2451 8718
12743 2341 3244 10269 5561 2907 936 82
12744 6473 8215 7601 3101 1993
12745 841 6113 5688 3624 4583
12746 537 359 3790 572 8721 5323 1664 571 8566 8564 2083 11389 573
12747 3107 4351 10041 4945 4416 272 2431 4588 1089
12748 4928 4866 6053 2714 808 11385 8308
12749 5156 1345 9561 6699 182
12750 8065 1853 3973 4463 1609 3980
12751 6101 9023 7455 1650 1245
12752 469 173 1834 6046 7325
12753 10343 9142 1032 5042 9742 9322 55
12754 9924 1375 3226 2242 3763
12755 842 92 5619 2594 1801 148
12756 3504 10065 1046 968 3953 666 1223 5077 1880
12757 7639 8892 4043 984 9857 108 4757 10322 6531 7526 8741 10562 11394 11226 536 539 7105 10943 995
12758 1550 4240 2016 9853 4634 2115 2018 10318
12759 2577 609 5496 2037 1728 11704 2955 2386
12760 3765 1835 1523 5469 85 3866 7655 7066 2911 4289 192
12761 417 9789 6447 173 2111
12762 4579 2723 5086 8018 7597 6377 475 4307 1824 8777 2308 1919 6475
12763 1167 10700 972 10355 81
12764 5202 1599 475 3349 1600 753 3269
12765 4122 1743 10853 6155 1289 2304 9526 798 9178 4764 9348 3379 1957 1576
12766 3756 446 6162 10532 291
12767 1313 2560 6524 11156 9272 4670 3125 11627 9427 3292 2002 628 5812
12768 8273 2581 2917 7789 680 1709
12769 1375 9691 6559 6133 458 4677 2385 4784 10212 592
12770 375 2076 3305 5529 1724 7258 4463 9354 8246 9049 8041 715
12771 796 5295 7855 9754 1107 3715 10274
12772 2478 4244 932 2907 2276
12773 11427 2107 10311 10192 8492
12774 1942 1556 3606 446 1060 127 468 4626 1531 1196 6329 10178
12775 1292 1293 1132 2812 2540 448 560 4343 3047 355 583
12776 1410 79 659 11405 11003 7019 8755
12777 1278 6586 5080 3149 1671
12778 10883 7597 10215 8800 2982 8776 2079 9687 6696 8714 1640 8018
12779 3997 11143 381 3898 9312 905 48
12780 4942 343 912 166 3402 1443 1718
12781 10644 4988 7938 4989 6172 9261
12782 1661 481 81 3372 7048 1766
12783 2907 3061 81 86 2229 932 1368 2111 7046
12784 4237 7006 5418 9962 2521 10081 6210 8076 9373
12785 6406 1228 703 4631 97 8246 3408 7141 677
12786 7734 9604 1026 3899 10058 11717 11705 6201 1305 7283 10956 3389
12787 612 6591 2204 5653 7876 4878 2806 4661 4278 5720 4168 6872 998 10544
12788 8882 529 3181 4126 666
12789 3194 4916 8188 1078 1051
12790 3619 2743 1073 1870 6682
12791 8252 4381 7799 379 9100
12792 1363 4791 3455 5551 11292
12793 5196 9234 5923 4287 286
12794 8507 8131 3998 1962 7348 7842 7495
12795 2245 9367 1428 3196 1320 4199 728 1036 3502
12796 2604 166 3226 608 11441
12797 3038 4827 920 7596 8766
12798 2094 5225 9802 2530 9351 563 1496 5493 2263 1383 7679
12799 428 3088 5709 7392 136 165 2116 1355 11161 1307 4044 1228 10828 505 11018 4296 1881 7631 1111 708 5808 5016 7989 281 690 533 578 3931 3847 988 4269 925 3244 7381 1113 998 9921 5938 3423
12800 3019 4776 5336 10497 4523
12801 7879 2521 11123 2978 7047 379 7698 6096 11146 3239
12802 9842 2541 2803 9318 5966 832
12803 7024 3305 327 5125 2934 7271
12804 497 504 505 6852 1648 4774
12805 11270 4605 8742 11495 4072
12806 2163 3843 4624 128 7683 6321
12807 354 7049 1727 10871 2467 1563 1531 799 7987 3018 322 758
12808 3809 2242 2056 5567 10119 1601
12809 3001 944 6299 1 1331 1496 2939 5495 8523 1180 1920 8699 1558 9191 4107 6217 11339 6937 5826 3041
12810 5508 5599 8941 5131 1952
12811 10107 1032 8701 6371 7097
12812 1591 9091 2496 1082 6733 3746 6496
12813 11178 5846 10683 7169 5838 6835 11516 8294 8641 10789
12814 9127 9128 9129 3279 1990 2665
12815 2738 6891 6116 8635 1444 10506 3225 2501 11752 11287 10732 9480 10822 4510
12816 2053 265 10498 4659 9009 7439
12817 5094 2119 10661 127 8244 769 486 5281 2653 3509
12818 1999 7666 1824 7271 872 934 10141 5222 2111 1043 3460
12819 2907 1407 4750 2460 1409 10103 182 529
12820 678 2229 10637 364 4337 3422
12821 4584 8413 889 1289 3551 2506 2505 3055 4827 360 1895 6465 800 1897 1898 4089 4041 5228 6247 1113 691 3931 6871 3343 595 6953 925 2927 6444 9496 6872 1244
12822 1747 446 8857 9521 667
12823 10571 1078 3072 2242 212 10142
12824 11631 3956 4184 2132 1111 3195
12825 3215 2081 11067 9046 724
12826 7184 11539 11346 1628 2703 862 3351 4418 162
12827 6582 1481 2482 375 10058 2215 37
12828 4460 6376 4461 9762 6374 3188 2182
12829 4004 5950 6353 7842 9992 3814 4117 10155 11153 10665 3506 3508 9800 9953 4466 4555 2255
12830 5590 9465 6100 758 2343 2136 628 6653 2647 7266 5139
12831 428 148 4736 10246 2505 3479 1333
12832 1168 2697 609 753 4818 2939
12833 2735 6932 10300 11627 8005 303 1109 2342 7242
12834 1605 6671 1276 889 6746 2311 9790 9974 1375 1299 3620 257 6353 11665 1262 3636 1676 497 3998 4263 419 2433 261 262 2743 4001 2125 4335 422 2742 2740 4045 1014 4089 272 6839 423 6594 3730 6182 2048 7749 463 7730 2133 7257 2747 6246 7692 9 4772 1868 681 4481 4773 2806 3711 4278 5301 5407 1399 7626 6904 365 960 4741
12835 6355 10787 4208 8313 3673 845 11064
12836 9883 832 11509 2363 9455 8835
12837 1426 5647 7598 6283 10508
12838 3034 4873 1677 2429 3057 2487 8455 1311
12839 1775 10626 3933 530 799 321 4073
12840 633 9220 2472 3287 4198 91
12841 5054 1164 6928 370 5675 1173 1460 9491 2837 1607
12842 4131 6414 5126 6784 2018 10391 1109 10649 7244 7290
12843 240 2191 8850 1443 1891
12844 7205 2842 7203 8982 6361 7207 8981 8979 8980 9631 10146 6000 10147 7545 7209 6359 7208 9613 8983 6003
12845 491 328 1202 1620 9767
12846 6455 1180 394 8425 6834
12847 11749 5531 1819 7907 8211 1603 292
12848 7366 2005 118 2801 609 8629
12849 8583 1609 7178 714 9914 99 7056
12850 2867 3336 1584 3434 20 3112 3205 5928 3581 3583
12851 79 7430 10479 7917 370 9725 1335 862 4861 7474
12852 9602 1451 3248 2931 661
12853 6925 6317 4226 5362 7500 4105 4817 2065 6924 2868 112 672 670 5833 3503 100 5410
12854 370 5565 3194 11652 2540 6228 3170 2676 1109 1053 8092 7118 851 4918
12855 5449 1970 5125 6826 7138
12856 4118 3428 10752 5594 8517 2943 6297 8948 11722 184
12857 8330 8012 7036 7033 7037 7038
12858 583 1979 11567 5654 10934
12859 9435 8586 386 2452 4639 324
12860 1180 7877 394 1001 1014 5868 3479 400 1742 10536 21 2398 7782 2938 207 1661 7094 11063
12861 7870 795 9369 6332 1558
12862 1796 7115 371 6880 8882 2398
12863 3270 11469 4801 2364 2685
12864 92 6073 10990 1802 1801 1477 5343 9220 4158 5524 1058 4159
12865 350 3371 3865 1523 737
12866 1962 8989 4735 753 2251
12867 4686 4705 4691 4696 4695 8028 8029 11532 4688
12868 458 459 3512 1033 1709
12869 1592 7510 1289 2107 2501 6998 2445 321 6394 3359
12870 8931 2887 4791 1599 1704 4737 11628
12871 5911 1272 10178 5457 1293 1446
12872 4738 1053 1898 922 572
12873 9949 7032 354 517 1133 34
12874 9863 672 2165 670 4073 2454 10137 10298 2868 252 6924 2134 9453 10397
12875 4323 797 9946 10706 8129 4945 9851 11245
12876 4336 4694 10028 7972 9475
12877 2478 384 1970 5098 5504 664 1040 1461
12878 6738 2395 4231 5375 263 1237 1069 6108 7367 7214 950 3916
12879 3824 6262 4788 7931 5238
12880 4218 2056 448 10532 128 4483
12881 5628 1562 7050 6897 9279 6160 11113 11747 676 11651
12882 2680 5924 11509 2732 4593
12883 3607 148 2765 2830 665 1409 5649 10767
12884 11116 5621 7251 7840 474 11174 4842 4819 9856 7949 7951 8906 2115 2822 3834 4508 11479 2003
12885 1750 2408 5353 5951 1764
12886 2911 896 1559 3053 1775
12887 11568 4110 1998 8852 6815
12888 4941 345 8738 3161 8305 4268 315 2193
12889 10696 2637 9306 7201 286 9302 435
12890 936 81 6732 1196 364 1113
12891 413 6514 11119 3270 8072
12892 799 92 1481 84 207 4242
12893 5281 3092 1599 831 8365 6046
12894 1282 1756 8931 1201 2714 562 9560 4241 3997 8228 2072 872 2428 8928 3830 9391 8604 3551 7083 3620 379 415 5088 519 4230 6056 3998 5168 259 5284 459 3712 2754 683 3167
12895 4630 10243 5160 9886 3905
12896 2223 8154 2168 7778 262 2567 2740 4827 758 3846 192 592 4048 4049 1305 266 6934 5289 3165 281 681 3479 579 578 4337 6837 959 6110 4280 5103 7439 10398
12897 11721 9245 2691 2939 6224 4008
12898 11687 11535 4699 6910 10849 5262
12899 8118 4106 11388 3299 2573 2267 1979
12900 3 288 4142 7631 4107
12901 5063 7185 286 37 2075
12902 1358 6085 6086 6084 4155
12903 6133 1026 3252 5759 5760 10814 1731 921
12904 6705 2812 6493 2248 4793 3515
12905 1206 4771 955 3168 666
12906 1617 4817 5468 5562 456 8168 207 7449
12907 6654 4721 7422 3512 4677
12908 665 2735 9360 3947 5480
12909 5758 11720 6436 2801 10232
12910 1409 5530 6445 188 5328 2684
12911 6808 1884 1882 8868 3599 8334 11708 4039 3170 2896 1824
12912 10394 9352 1032 3758 1765
12913 4248 5811 4044 3337 353 7382 499 1477 3114 2436 1776 8622 1053 7257 3209 754 1369 678 443 5653 4161 758 952 953 9278 3343 7642 364 578 579 9525 6820 853 271 4282 961
12914 2074 3213 1188 371 1863
12915 523 6791 6035 9390 6459
12916 11643 10542 2737 11367 2558
12917 1741 9751 4944 9754 7100 9441 3247 1526
12918 9562 1805 3682 10520 785 2815
12919 5521 278 2433 6058 1265 1511 920 921 1776 2131 2129 3927 5167 2134 1113 953 853 11569 2149 5937
12920 7147 5909 2271 2272 5477 431 5465 1756 11279 1639 256 258 736 4501 1515 9401 1652 1653 6741
12921 226 441 9002 6279 3362 774 5036 6
12922 497 11249 10647 8746 1269 10535 61 504 1570
12923 5575 10099 6713 3299 1973
12924 6621 729 4036 2944 6440
12925 1327 9486 7906 5552 5672 7992 10805 8092 8236 1941 5546 6348 3564 5051 9655
12926 3991 692 3393 10114 2542 3866 4006 6047 3597
12927 10128 298 7366 9922 9923 6681 8947
12928 244 10255 6034 4916 11725 8632 2875 10431 11741 1056 7520 6536 8035 338 7220 1266 6380 9055 3250 9056 5447 2981 10602 1256 6611
12929 7606 226 6614 374 211 8943 10184 6889
12930 5462 326 7987 1886 4542 3294
12931 4441 669 4991 4407 6259
12932 225 4225 9585 1764 2360
12933 3704 1891 8469 1892 7302
12934 488 9640 5811 6683 6458
12935 295 2950 5672 9953 1599
12936 9350 11059 404 9626 9343 6925
12937 6099 2238 7283 4291 8947 5561
12938 3004 10810 6709 3454 5660 2333
12939 1751 2066 9126 889 812 2044 5448 3923 6056 353 715 423 8684 6028 3613 1572 5102 4276 2141 3421
12940 10536 9249 5417 651 4480 205 184
12941 8280 7939 7942 8875 10821
12942 4112 5322 6388 3701 3147
12943 4125 1408 3328 10369 967
12944 4212 769 1695 4386 2035 1346 3480 3481 3598
12945 514 261 3434 4827 1511 162 994 1646 3479 7310 282 3586 303 511
12946 673 424 7307 3409 2135 6028 8854 9868
12947 1599 5671 660 6177 817 5621 4857 5201 1811 9288
12948 4623 3094 2615 8326 10075 4294 4241 7416 1576 2518 2212
12949 10513 8265 3005 8440 8441 4940 10234 7192 824 6818 6143
12950 6226 3255 2637 3546 7849
12951 343 300 8674 6595 10420
12952 1180 10946 6471 6005 1549
12953 4243 3333 2332 3182 2405
12954 10318 1166 4648 10056 1522 394 6755 6885 5591 7504
12955 1708 4608 3231 3941 846 448
12956 786 86 6921 7305 5450
12957 693 2128 374 10228 1275
12958 3157 8188 3885 1748 1005
12959 9370 11499 2086 11371 3190 8029 6971 9109
12960 1281 9970 6059 919 7480 8622 6779 1776 954 9702
12961 2710 5712 3743 3670 1474 272 4171 851
12962 8506 1012 9385 1811 5807
12963 9908 9845 84 97 3836 2603 1196 3631 784 922
12964 5529 4973 1188 2332 7306 1592 8591
12965 2637 651 3609 8713 5098 955 1465
12966 8061 4708 562 5632 8998 10228 477
12967 2311 5211 11633 395 2521 11433 6773 1903 8832 8063 3146 1360 7010 8258 7766 207 1596
12968 2658 1716 8811 11294 122
12969 9322 9719 1135 11562 9118
12970 2988 162 3311 3313 5304 8849 10895
12971 1550 4142 1629 7247 8905
12972 2864 2168 4772 1645 1561
12973 11564 10786 225 645 428 8439
12974 84 10303 5950 2771 4032
12975 3054 8900 10063 9337 3504 4641 702
12976 303 388 389 1391 6711 3734 2111 3933 1709 932 10228 240
12977 6475 4244 6564 2909 1284 1545 6535 4245 5416 884 1754 5586 5677 1002 1201
12978 4166 1581 1645 1569 3479 7596
12979 803 1529 11260 481 432 10993 3255 2520 5053 1349
12980 2094 10427 934 3107 5676 4857 5576 163 935 7185 2836 5075 1583 2516
12981 11057 10695 10068 9725 10794
12982 8223 190 7898 6700 11507 2364
12983 8403 7467 7510 4000 935 779
12984 3580 7987 5752 162 9023 7876 5626 924 958 5933 100
12985 3680 1547 3666 970 1775 4184 1920
12986 415 1579 6949 8684 5010 4655 4771 7436 122 4776 1244
12987 10445 5728 5320 2065 3767 10494 9082
12988 1391 5393 85 9711 4240 5120
12989 4323 603 3428 7336 8441 1565
12990 4323 4937 2684 5258 188 254 6209 2964 2966 6536 5489 6191 8166 6129 778 5964 5605 11324 674 3291 7107 9977 6199 11071 1018 11305 9193 7913
12991 715 5873 9480 1629 3722
12992 2989 9574 3429 3152 10826
12993 3454 534 2321 7728 2915
12994 878 1355 81 1954 2371 2830
12995 294 3741 3606 4241 2805 717 85 9084 1167 3819
12996 753 3821 656 435 1143 4417
12997 3461 608 7631 9831 2481 9547
12998 3134 139 99 5647 6432
12999 6354 11687 7706 1782 2253 8920 1383
13000 3756 1742 3995 1331 7656
13001 2007 4245 1202 4747 6671 8243
13002 1549 136 1165 6471 6129 1824
13003 1531 1556 1557 1113 1942
13004 4610 1777 5281 2094 843 5052
13005 8611 1355 428 2658 10688 2895 5195 4117 456 11633 3046 1637 9510 8305 9472 3010 6496 9885 1336 5329
13006 246 3297 5600 3298 2574
13007 10213 377 806 92 11496 4670 7880 9372
13008 5080 5910 9062 4747 4943 782 10744 3388
13009 7208 7540 7204 7545 10146 6358 7205
13010 290 2311 1078 1057 4502
13011 803 2715 6873 7141 6095
13012 7106 2015 4817 7555 1800
13013 520 8154 11346 11042 11689 4006 6047 1419
13014 6964 6514 9680 10230 1586 11221 11528 5682 10650 11527 234 131 472 3491 11745 4894 9273 3261
13015 5970 5555 3064 1186 1634 6005 5337 3279 347
13016 8873 6258 4032 2207 11114
13017 589 2180 11572 166 2562 10875 7059 3980 240
13018 177 2715 909 1024 1021 1022 4128
13019 2051 808 9626 7623 1936
13020 667 7323 4935 717 4411 3104
13021 3226 1375 4531 799 7110 758 6683
13022 3629 1747 1052 938 6794
13023 225 5949 6511 1307 4929 983 2396 3919 3039 5652 2748 3417 3916 2484
13024 6706 5413 255 1879 2756 1399 10121
13025 105 394 86 5176 5197
13026 2041 8327 4484 6955 2651 3019
13027 5069 224 225 2274 7974
13028 872 9411 1289 11254 354
13029 1879 980 3874 10427 7901 2394 3922 3164 7732 353 263 280 4335 3407 1510 1071 322 3919 678 6027 3868
13030 3388 3801 290 11196 3469
13031 11440 2085 201 4339 7181 394
13032 9337 9576 52 609 1386
13033 10829 8311 10496 4190 7470 3783 7648
13034 5894 8489 11551 5271 8091
13035 7721 8584 7504 7505 10338
13036 2250 2466 1840 3770 6260 73 4134 4902 732 10390 3717 2534 2176 1107 6527 10888 7118 7462 6300 2700 7261 7461 3887 7426
13037 5455 2763 10281 11124 1025 3866 2906
13038 1756 8966 9602 1836 3181 6048
13039 79 132 3809 8155 1246
13040 5812 10038 10867 6123 7065 4331 8796
13041 2544 4970 5449 1970 177 7441 368 10542 277 932 9872 7492 5814 2860
13042 7918 10427 7901 10677 326 10289 8891 3235 1347
13043 5450 4946 609 2079 2469
13044 1046 8622 3226 969 6091 7875 443 361
13045 6 3631 628 4470 5812
13046 1164 709 3146 1835 676 430 753 7469 7337 4618 11431 847 758 1557 4746 2136 5992
13047 10442 6870 4790 8701 1145
13048 9942 6328 9981 2932 5565 394 143 2464 833 76
13049 666 1204 11753 4073 1005
13050 2939 1711 10678 6429 2828 7527
13051 2308 1342 2767 7587 8860
13052 3213 602 11300 1541 6298
13053 6332 4555 8485 1882 2479 5336
13054 286 434 871 3123 517 781 10973 6931 788
13055 3163 4937 4101 676 4086
13056 10270 6175 5564 4368 3881 2104
13057 1775 1875 8549 3573 723 5137
13058 5196 3997 2823 93 4483
13059 158 10945 341 3609 1223 9602 9243 468 2341 3177 5808 4073
13060 7731 7139 11322 8161 3093 11048
13061 2130 6251 9523 5598 9744 5052
13062 4058 4248 2419 11533 8468
13063 3608 2563 444 936 94 3196 5564 4300
13064 3181 5296 9711 3307 9842
13065 4428 3442 99 11318 2180 3704
13066 5590 11062 1083 8895 9125 5352 5353 7384 5001 10626 256 7020 9500 4895 2044 3824 6944 8630 257
13067 1348 2627 4280 2809 5305
13068 10743 7718 370 6096 7567 821
13069 1882 2160 5449 33 354 10766
13070 872 6777 8947 7964 3676 1023 76
13071 323 9974 86 61 340 318 4503 9230 5585 7178
13072 3756 4568 9773 9734 4569
13073 1681 1523 704 304 2100 928 11424 10682 1813 8793 2098 11685 1524 6777 9250 8343 5279 1680 1683 89 8515 927 11242 1135 706 4154 705 2152 5988 7073
13074 2079 2531 2058 4200 2041 4968
13075 519 2594 8222 11588 2044 8112 7423 5545 6835 6836
13076 842 318 6738 2497 4655
13077 2502 5677 783 1188 105
13078 420 1867 1922 2911 442 5619 435 1578 9842 1382 10886 3280 986 7702 291 7641 6269 162 5824 5106 10635 992 853 1400 886 10787 100 5566 9755 9752 271 4077
13079 10815 497 9233 1552 1245 4076
13080 8755 489 9343 10533 7988
13081 2611 6421 10435 9768 5746
13082 1603 6128 1691 10917 157
13083 11248 4598 11011 624 9488 5974 113 379 2916 11464
13084 5254 5345 6092 3433 6925
13085 2862 3328 2074 10926 6460 2574 8118
13086 2919 8719 3533 7127 1921 6257
13087 7241 1164 177 370 274 2536 2311
13088 274 428 7351 685 4030 10801
13089 5841 308 2529 2668 6069
13090 8068 9366 5385 3024 2898 5550 902 8800 705 4953
13091 652 8146 52 8637 1871
13092 1970 2518 5425 7003 8723 155 6459
13093 1701 182 2327 2201 584 4515 1301 3334 4463 240 4735
13094 1357 5153 10990 6427 1168 5740 4477 2837
13095 1180 11301 2836 7971 2993 4130 3025 1112 1526 821 8006
13096 6622 260 2394 355 3203 4479 626 985 3409 5404 3206 6101 8275 925 954 11210 270
13097 9857 5360 10942 3544 3480
13098 972 9934 1055 1338 310 25 1496 7093 8306 8345 9488 1174 7655 2919
13099 6752 1925 6458 3226 2337 1599 2661
13100 415 2121 3578 983 186 7766 6209 20 919 3112 5978 2929 8623 3692 3690 2204 1868 1518 2751 5655 2926 924 3473
13101 787 6627 1728 11238 5102 1541
13102 7548 5447 5769 3339 48 5242
13103 2063 10790 889 2866 3116 2123 736 3922 5356 4909 7854 2436 4268 501 2689 266 1113 10498 1569 3106
13104 5474 481 1599 7622 8295 1556
13105 1523 7633 9119 7181 10904 11605 7566
13106 4112 2084 5091 983 1269 2394 3923 1564 3038 3337 10717 498 2125 6058 1894 5009 1565 3919 855 4047 4651 1881 4268 1238 4399 3414 1905 503 2132 265 4768 1898 4048 1111 9 2645 691 1519 4161 3041 758 5450 6825 991 578 3931 2924 2752 579 8142 8361 4277 4050 988 3342 990 509 9496 1113 3882 5387 303 271 2148
13107 1504 1742 2238 4890 2623
13108 9469 8941 10429 5131 6903
13109 901 379 7550 3203 1311 1894 951 679 1519 1242 6794 7850 4279 9497
13110 5423 2238 4307 4556 5773
13111 8822 7715 7190 3735 1414 11187 7014 10088 4307 11558 3331 1600 5966 637 692
13112 8946 2549 2324 1718 8724 154
13113 10805 5191 3429 2268 9405 5051 10826
13114 8908 5119 3933 1777 674
13115 187 10024 3198 4327 508
13116 4023 5399 10005 4299 7510 3496
13117 105 2161 2446 2518 7358 1180 4560 5747
13118 7654 8631 1060 213 6716 11119 6939 2681 2682 4467
13119 949 901 412 1735 9279 3847
13120 9634 7298 5525 2865 8897 3252
13121 7035 9236 9238 7033 9235 8012
13122 6468 1115 7530 5977 3413 4169 1012 670 6238 3931
13123 3060 2431 609 514 296
13124 2796 1357 9532 3520 51 368 10299 8947
13125 974 7674 6727 11375 2341 1039 1014 9036 5495
13126 207 7667 3801 871 1550 1970 2212 4791
13127 673 2431 260 4043 3922 4335 2288 7709 2091 1567
13128 10110 676 2235 8738 3775 642 919 2115
13129 2429 3683 11683 435 3827 1867 2117 3923 84 2199 846 3204 2360 4502 3580 1578 947 2807 2784 1198 5376 7257 7641 1923 443 4161 682 1646 2924 1648 6270 1912 1601 8854 960
13130 4458 930 707 10017 703 2151 4407 8570 1709
13131 428 9296 9135 10983 438 10573 5466 10743 2368 286 481 6554
13132 1001 1444 4791 4117 3184 2859 6887
13133 264 3504 2249 11498 1969 6302 11453
13134 2356 2285 3185 4000 7314
13135 3871 932 5244 11410 2818 316 7292 8942
13136 9552 3080 971 1057 762
13137 374 9990 10088 10576 2 6501
13138 1587 4761 5527 10674 9728
13139 7500 7997 343 488 2292 2562
13140 21 8395 184 9079 5250 9050
13141 7367 5167 266 4772 1872 4269 4273
13142 1355 532 2452 5452 6021 1880
13143 3708 11081 2036 5769 9061 1504 7549 3702 6589 5345 8897
13144 11700 6284 2510 1482 2983 4882 11718 1607 8975 7637
13145 2167 373 11263 448 3146 4180 6560 442 6540
13146 10040 6049 9090 11218 9529
13147 676 746 3854 3170 9076
13148 803 6406 6762 10013 4424 5616 3830 11096 2183 4331
13149 6419 10468 11605 3452 10908 10467 3919 2098
13150 4874 5767 5811 3011 4046 3208 4115 6904
13151 1775 2593 5214 7663 105 2446
13152 417 870 666 7802 6915 1726
13153 1723 4581 8484 6783 3235 3293
13154 5418 2299 11269 1793 10219 7774
13155 7663 2430 5631 353 4227 7854 4735 156 504 6852 1580 2109 1074 951 4161 533 5106 1650
13156 862 865 2259 11256 4084
13157 4766 7623 9285 2355 370 2431 1982 6013 2889
13158 1639 7986 4165 5224 5284 3579 2394 3204 639 6078 1257 3580 609 920 1580 2171 3927 1248 4335 5167 6028 3932 3419 2141
13159 6622 3921 4034 7307 5922 952 9497
13160 8990 7458 104 6277 5361
13161 5635 1128 1129 1130 8288
13162 7018 8356 6385 2714 8903 746 864 10944 6314 5906
13163 1032 6555 295 3215 674 1691
13164 2193 8714 4483 4791 8707
13165 8394 10669 9079 7197 7581 10596 8580 714 74 6090
13166 3132 933 7159 8499 1375 10869 1444 3454
13167 4394 6384 957 6355 2803
13168 465 803 9435 1198 4586
13169 11161 2637 10197 3396 11211
13170 3163 11321 11007 8717 3363 7429 6094
13171 5639 1743 2906 3796 4621 2304 4568 7432 5822 9717 7437 7966 9405 1541 184 4404
13172 303 388 389 390 9969
13173 394 9951 1496 6665 9747
13174 5294 11686 10505 5738 4171 1551 572 2596 4271 10223
13175 10185 1391 105 2049 2968 1268
13176 1677 3573 8115 8794 6960
13177 1599 2094 872 666 10002 2516 3208
13178 1742 3626 2376 789 11428 7831 8384 6410 4637 4948 1355 6332 9312 1942 2939
13179 2353 9270 9790 2354 2598 493 9213 796 3505 5993
13180 1215 8872 1085 8873 1696 1214 11114 10750
13181 6189 11328 2954 6024 2901 595 1107
13182 11489 11085 8533 10999 7960
13183 7433 4589 255 9572 901 3620 2868 3138 2743 1014 359 2234 426 2436 609 425 1388 8361 4269 9495 5102 9781 4337 4505 533 3167 337 2140 7846 5933 959 9612 285
13184 2204 7642 5022 5021 997
13185 6746 8616 5675 11729 4275 6621 383 4906 7406 9917
13186 1407 7235 79 85 2502 3891 872 807 5332
13187 6040 6671 2355 237 11754 2937
13188 7826 2322 4460 6373 8489 4463 10436 10482 242
13189 1855 3336 2396 280 4265 1572
13190 99 5160 4432 1854 2190 2013 10912 3983 343
13191 390 303 389 393 4408
13192 3257 1599 4906 1674 379 3258
13193 199 2478 79 5311 2709 2212 1199
13194 11005 1396 5253 6717 4677 11466
13195 2544 6897 9058 3546 964 5251
13196 8840 5730 11744 1429 10258 7076 7805 4927 1645 4666
13197 1775 4183 1667 3936 1305
13198 3286 8926 9210 598 10409 6994
13199 497 6560 82 3244 701
13200 2714 5096 7491 1201 8538
13201 3831 8877 7129 2531 11362
13202 3718 1099 11205 1102 3770 9973 3907 1105 6320 4131 4132 1094 10164 1840 4902 4803 6488 6489 3716 7118 7425 7426 3887 2828 6301 8081 10419 2554 2704 7239
13203 428 2637 7361 783 6554 4492 5590 785 6104
13204 11432 8460 11574 251 7836 10656 7032
13205 842 291 11732 1190 1799 1954
13206 481 1406 10143 7408 5828
13207 102 345 5370 5745 3293 6209 4720 1727 3695
13208 1196 11755 1556 1814 9279 11004 9563 2575
13209 2581 1271 3588 468 10172
13210 1375 1305 5245 3950 4386 9717
13211 8596 3892 3626 3349 139 5349 11400
13212 9030 3481 3597 3482 7254
13213 4043 3263 426 1578 4268 7118 8238 6259
13214 11130 3765 3403 225 2443 2387 278 6317 6738 6244 1613 2174 9052
13215 9669 794 318 4299 550
13216 792 9119 10904 11605 10290 10796 5255 8052 6688 6310 1721 1247 753
13217 10993 715 3933 9842 2426 1960
13218 4347 7832 4795 3605 11026
13219 2485 10387 5185 1032 6512 8720 9525 1113
13220 11121 6847 1253 11100 7992 6216 10435
13221 6183 1358 5361 4353 3454
13222 1673 1591 369 3948 2223 1800 9194 1012 1170 3801 971 468 2536 3134 9552 3944 2765 434 2298 803 291 752 10885 367 286 7255 3923 9369 1699 1273 213 7813 2125 5274 1265 3407 7446 3695 2475 3409 3101 5978 2171 3730 2746 3691 2131 5247 3416 8237 281 992 21 6750 2398 1113 3689 6418 5535
13223 5804 5768 2472 3295 5591 6101 772 9200 7231
13224 294 6760 6505 6483 4478
13225 5754 10573 6186 1756 3571 5080 2052 9864 9337
13226 3064 10892 6328 9906 5217
13227 5066 4261 1867 4314 5382 1519 4115
13228 11212 1947 2283 6272 9068 3174 2892 4828
13229 1278 428 10618 7147 6221 11364 4166 3922 4398 5832 422 3792 8622 7697 952 7791 9188 4168
13230 7267 2073 2585 11547 8043
13231 5081 1599 3061 4710 8202 4709 3395
13232 1971 651 2801 6850 5647 3440 7866 6569
13233 7850 10297 11249 4131 8461
13234 656 11008 8962 1881 1370
13235 310 10355 8978 6472 752 5879 10346 2469 10347
13236 5607 5942 4631 4926 6944 368 3297 341 10790 1718 1156 3097 3901 7691 7498 6705 5600 9288 300 4632 7014 3179
13237 210 1777 3734 54 5904 1249
13238 1758 1201 2637 11612 6535
13239 3915 361 2484 5229 594
13240 10353 7180 3909 783 22 6321 1216
13241 1523 1683 89 2097 1146 7834
13242 1523 2675 1742 105 602 609
13243 3279 7701 4101 8734 2248
13244 2467 1356 9958 11334 1918
13245 4577 1165 3708 2036 10957
13246 2420 3646 8578 9017 8482 7493 2206 8713 11369
13247 1033 1197 9210 1523 970
13248 351 7012 2754 5986 6781 6291 5013 4279 3555
13249 935 549 7587 3381 320 5642 2524
13250 609 2697 2591 2624 11378
13251 4341 11550 42 43 676
13252 1 8758 8757 1355 3850 4676 10876 9541
13253 2504 6895 5480 155 3897
13254 4502 503 322 918 2132 4048 5018 2144
13255 343 3992 3984 2322 1927 242 3964 8472 1865 4723 3966 3990 303 6376 3970 4421 11376 3704 6827 898 589 2190 10350 393
13256 803 53 1999 3061 81 1773 5232 4911 2872
13257 8128 274 9624 1773 2915
13258 11615 1995 145 2765 10505 579
13259 4764 7009 4027 562 5548
13260 2887 3785 7743 3689 3388 4159
13261 446 901 4433 7498 10467
13262 4114 446 1196 1636 5732 8700
13263 8808 2415 2416 1531 1196 2628
13264 8651 9800 6503 81 5721
13265 3827 4567 7023 1057 1583 2594
13266 227 1622 11217 8140 1623 9151 413
13267 676 5401 1849 318 2198 571
13268 953 139 354 169 1249
13269 2888 7681 715 5362 9927 10615 5116 5403
13270 99 10439 10330 8303 5345 4373
13271 10000 9855 2898 5026 4282
13272 8435 3072 372 3143 2212 4040
13273 2661 7600 2786 4568 4569
13274 3135 3255 10903 4764 7364 9396 5475 1207
13275 6773 2661 4339 5455 99
13276 1629 334 10233 9125 7668 6116 3858
13277 343 1523 2323 11105 4149
13278 1460 417 3493 9872 675 2436
13279 962 9241 4667 8929 8371 3702 8724 11504 678
13280 6455 2793 6349 3805 423 389 10036
13281 10124 9041 10123 6141 2584 6872
13282 1681 10879 1679 927 1709 9444 1680 7507 89 304 1033 1524 2154 8101 2097 3241 6431 9250 931 7199 1813 3242 8104 8343 705 8515 5537
13283 1836 1599 9957 4198 1170 435 11637 11306 2524 10396 5812 758 21
13284 1299 4928 1639 4260 3519
13285 2060 8103 1940 8104 8343 703
13286 205 111 9857 9858 4756 10298 9874 6081 7822 1935 9859 10941 10239
13287 2909 2641 1783 5342 1301
13288 6327 6325 4357 4358 2374 4710 4378 4709 3395 8663 4712 4375 11016 1126 7240 4711 4377 1123 4715 8311 1124 1125 8557 4066 208 10200 9787 5818 8662
13289 343 1745 6046 3485 166 1443 1718
13290 6675 486 2165 718 1357
13291 4985 1784 3540 3537 7092 8531 10036 7123 8286 9378 10949 5782 8912 3022 5784
13292 2911 2913 3400 1439 5239 4873 418 10604 6938 2233
13293 1010 3953 7936 3863 10537 2037 8172 1595 4117
13294 3734 372 2311 434 8263 1052 3134 3801 3606 2536
13295 3680 81 210 487 1702
13296 7024 3741 1413 932 2838 4040
13297 5023 10338 10339 2172 4201 10644 5024 3493
13298 6025 495 5227 499 500 3552 6936 6724 5100 7749 3718 6909 509 2871 950 9 361 691 4910 689 3519 4776 2806 2873 3168 2141 3697 958 5834 4052 284
13299 147 7364 4818 5846 1735 5850 672 4717 7789 670 2454 3086 7016 11189
13300 8458 377 6551 1328 10304 7270 584
13301 4257 1615 775 1296 401
13302 9943 4551 7062 25 9528 2569 394 4515 2529
13303 3871 2310 133 1807 11510 2295 7118 2535
13304 2044 9804 11578 1676 7434 1509 3780 7363 2900 3846 537 3228 2689 9066 4655 681 8721 2289 6311 1572 2191 10080 683 11602 1399 1651 5934
13305 2934 2858 1355 794 10269 10077
13306 2418 1156 4747 842 11455 5723 5641 809 3678 210 3677 1879
13307 10373 8003 4251 2358 5302
13308 4867 3132 6564 892 5464
13309 1001 5037 5900 8717 5825
13310 1903 2621 467 717 10972 7408 7365
13311 132 383 799 1060 2316 10328
13312 1481 367 5449 1634 3163 1970 1903 38 3146 10415 10623 8620
13313 6708 7796 8447 7933 10599 8478 9542 9748 7239 4008
13314 11687 2620 789 3672 9014
13315 9091 4836 464 8933 615 9585
13316 10923 6696 4128 4102 8314 173 3611 1613 398 1249 1180 1123 714 3131 1174
13317 3997 10517 428 86 799
13318 3163 1970 2160 1883 1884 3280
13319 4244 131 8645 1755 10348 1620
13320 1886 5764 9897 6415 7263 8040 7488
13321 757 843 3872 7027 5959
13322 11140 7521 230 7593 6518 9445
13323 9475 2701 679 4588 682 1245 7013 1487
13324 11490 11138 936 7174 5498 1241 7094 2105 9484
13325 353 424 296 1265 1311 2287 6936 1239 6953 683 4281
13326 10177 432 5601 1223 6832
13327 6455 2446 5358 7710 303 1716
13328 8663 7020 7634 753 5560 394
13329 11489 1931 9848 11492 11491 8281 10942 9859
13330 3806 8634 5509 9801 7469 9345 3068 9049
13331 695 2726 6652 303 388 10446
13332 225 4511 7555 575 799 6349 4840
13333 3397 4676 3301 5331 3849
13334 10356 3443 601 2487 9584 1467
13335 5280 7507 705 1708 928 2151
13336 3904 10597 8450 8347 3720 314
13337 2714 428 8551 6186 466 6546
13338 1180 4418 86 4100 7271 6955 1498 4917
13339 3481 4842 3483 4508 5035
13340 6228 9163 394 4258 9060 2765 4 8261
13341 4244 5069 1619 808 5723 2965 2275 9578 2355 21
13342 10236 97 3569 10192 9638 417
13343 8335 6678 8498 2044 4718 1339 6250
13344 10668 1447 2631 6204 3296
13345 5811 4166 3337 918 1512 921 4271 6311 5993 4741 3883
13346 3323 5348 5176 8707 737 8311 1800 9189 5323 895 9511 9541
13347 10435 614 6128 4342 1691
13348 5757 6018 4970 7528 7601 1481 372 775 1542 4328 38 5636 4116 934 4079 338 2280 8620 6746 5042 10977 2074 9480 831 6353 11123 5561
13349 7220 8843 4981 934 2242 10171
13350 7218 321 2227 1565 7310
13351 1126 4376 4711 1123 4377 4712 11724
13352 2911 2230 5257 4123 8752
13353 290 92 5663 1368 1081 4117 6329 7413 568
13354 1084 354 3395 4562 7445 7093
13355 10483 4987 4990 4991 4992 10169 10170
13356 2180 1889 303 388 11255 389 390
13357 5900 6021 3309 3292 5949 303 7622 4746 11150 388
13358 3107 4241 10731 1196 2391 4978
13359 10124 1097 1109 1053 509 10136
13360 6464 8974 3386 8466 8075 3368 5612 1186 3090 10415 8206 6942 1056
13361 595 2911 2812 2343 7989
13362 809 757 2556 1251 2800
13363 7967 4041 7377 10446 1867 11359
13364 1772 590 6315 5403 10884 1742 4104 5123 9015
13365 3704 240 6827 3442 3975
13366 5758 4237 832 2645 81
13367 4500 7240 6325 4256 314 7944 817 3025
13368 3496 10325 9957 3626 1796 6474 608 10073 2222 3431 5591 7317 88
13369 4217 1555 2627 7878 6127
13370 3523 9690 5345 3119 8189 8512
13371 105 1772 4544 3873 4446 3381 5903
13372 1718 2621 2544 3891 3666 2161 5600 5690 666 1298
13373 659 6945 11282 3443 2350 2352 6290 8055 2468 1168 5307 3351 3997
13374 6895 3823 4520 97 10809
13375 8324 9882 4126 1800 3129 9200 159 34 615
13376 7162 4870 5890 1140 10342
13377 81 3244 3294 8947 1864 2333
13378 5432 10279 8063 10366 2518
13379 5409 21 6405 5867 303
13380 481 1194 969 415 379 3998 4595 278 272 3203 5535 609 2746 5619 1513 4052
13381 8267 3467 179 3311 5222 3313 10809
13382 1718 7727 5561 6483 6760 6505
13383 5170 2911 5124 2698 3165
13384 7535 11181 308 704 1194 2098 7002
13385 10427 3618 1321 1955 2505 3734 6254 3997 6571 1409 446 1662 7155 668 11576 4502 6839 3158 3580 6852 6591 1549 322 1337 37 1883 1884 4299 311 1322 785 1970 1342 2160 11756 5545 38 2482 9125 5210 8183 4740 5377 1868 2134 5675 11666 922 6780 10637 9376 5980 9192 2925 3343 683 3342 3585 282 3932 1190 338 11187 8465 2377 487 100 3255 799 169 6861 5937 6195
13386 177 2610 1722 9341 3255 7002 3699 1552 2939 9424 189 6957 11091 4364 408 8410 7866
13387 4911 7849 10399 3256 2813 8850 4572
13388 8825 1511 1776 1887 689 1244 4282 8597
13389 5385 10814 11424 1281 4299 8104
13390 5478 1591 4514 37 3090 128 2159 2598 5475 4351
13391 5705 1174 6283 2812 1204 4981 122 7122
13392 9211 2208 7913 8189 11377
13393 9828 1802 2907 1288 803 842 290 1188 3400 5694 3393 9207 407 7888 2725 9608 5672 3213 2259 4689 632 1867 278 1523 3038 4368 10361 3215 4286 1248 709 5141 2216 2217 663 8558 5946 2095 5324 1381 1387 5016 1388 1522 5022 990 991 4050 5017 3166 993 4277 8361 4777 594 690 3473 9115 997 5937 7694 5412
13394 2509 1204 6026 7442 9182 3238 3582
13395 2974 8987 7632 1872 3659
13396 429 1170 37 1333 33 338 4735 3509
13397 1523 1033 703 930 931
13398 10481 318 10303 10930 7696 6794 7265 5743
13399 4514 6700 5530 8161 3451
13400 11443 5879 10346 7563 2469
13401 4513 4368 5694 3394 3667
13402 1298 166 1718 299 4470 1196 1557
13403 1934 11707 6426 3537 4997
13404 10014 9377 11408 11149 10816 10339 9169
13405 934 400 55 92 5983
13406 11730 188 7377 5530 54 1452 3667
13407 6143 1974 5205 3086 1504 6674 9556
13408 368 5165 585 1742 2024
13409 5908 5283 4042 2505 2575 145 2434 2740 807 3580 6591 679
13410 787 9711 127 4385 5037
13411 10796 11092 1002 2735 139
13412 3756 1052 938 11196 2949 11418 1824 5802
13413 3159 6932 7837 1802 778 3337 10192
13414 6925 827 7805 1776 169
13415 1283 3680 428 9579 221 1201 11709 9578
13416 7147 9974 941 2800 609
13417 2486 6747 6861 7647 2920 9575
13418 8642 5002 379 628 1531 1556
13419 668 11278 2661 8065 3824 303 3890 10602 7253 9449 8975 4667 4659 2198
13420 6895 1143 2727 2733 8132 10809
13421 5449 2199 1811 1800 10110 241 1930
13422 3061 3830 5531 10328 3311
13423 964 6622 495 3258 5521 4001 1265 8684 4775 9188 5103
13424 11643 2715 9301 2503 2907 1799 1276 11618 432 10711 412 2158 889 10047 11691 4332 4253 4042 2122 5283 3922 5521 3203 626 3919 2248 3502 2131 11336 708 3417 2749 1242 1647 4505 363
13425 2151 2152 10287 3807 5988
13426 709 4754 872 6807 1196
13427 1623 8124 10909 5961 3886 6079 11576
13428 297 1718 3857 3884 3454 1526
13429 5863 9256 10735 1509 6413 4979
13430 5923 6964 10885 3659 1765
13431 4531 3107 1052 2537 3256 1181 4212
13432 7578 6666 217 2065 9312
13433 2812 5599 2250 7497 9618
13434 10931 6671 2417 5341 8629
13435 9503 25 394 1180 3528 11398 8326 5841 27 9679 2446 1614 102 955 2873 958 4168 9568
13436 4061 6369 1253 202 10297
13437 8787 11186 6166 632 535 3034 5543 8572 1023
13438 5914 842 11023 2225 1287 803 79 2851 872 1170 481 3134 2725 4537 3388 2435 4732 374 10356 5045 666 2916 3606 935 781 132 7553
13439 3369 7178 8 2090 9655 4345 8014 3598 9067 7886 9911 5752 9045 11558 7832 1873 8830
13440 5763 6143 417 8840 609 1718 2446 11608 1426 7253 10692
13441 9011 10408 519 10184 8430
13442 2640 3068 1910 9454 3511 1700
13443 3826 4869 2175 2581 888
13444 6406 8317 791 196 6474
13445 146 1774 9782 2435 10307
13446 3593 3850 5724 6847 4067 4050
13447 466 2849 9013 9690 6199
13448 5169 3988 2313 5188 1854 3605 3973 3442 4362 3961
13449 1799 1824 5953 3119 3460
13450 10887 6965 3332 11336 3710 188 4924
13451 9360 10607 6574 3398 8167
13452 6142 5601 8585 5599 9321 6442 6427 9035 3070
13453 5591 1032 7478 6253 8678
13454 3201 1316 3040 3729 3341 5382 443 5522
13455 3379 934 872 6807 3280 7295
13456 4511 1531 628 5401 3183 758 503
13457 5234 5700 4339 6332 421 2617 608 1060 8567 1718 9918 6144 1435 5600 1167 4028 903
13458 7353 2158 5708 3666 8339 4516 11230 4051 737
13459 221 842 882 210 466 1668 879
13460 1355 8324 4750 1467 296
13461 1852 5483 10032 9914 2183 10344
13462 4714 9661 3543 4188 609 9741
13463 2746 3374 1558 265 10319 8088
13464 3524 7308 4928 7624 5468 166 255 976 9144 1255 678 1645 691
13465 9123 1057 9616 2643 1773 4590
13466 290 79 10214 3845 1765
13467 2609 4392 1386 10639 2614 2259 4523
13468 10332 1443 1718 2446 1336 3758 10087 81 1824
13469 6663 10855 325 7080 1452 3073
13470 667 4258 10122 9793 9470 1232 1626 325 6132 3770 6894 2290 7749 397 3780
13471 4650 7536 1069 7854 1072 739 3435 7383 1074 1312 10241
13472 417 3036 6297 185 4553
13473 3744 1476 5950 3814 3508
13474 2714 481 1287 3439 5245 4339
13475 428 11743 11023 244 3061 4911 10255
13476 2062 4421 9640 11047 7428 5869
13477 7193 1802 8815 3527 3312
13478 3557 426 6465 1581 6933 4655 4771 4774 1571 1647 6417 4505 3167
13479 1610 2440 5693 6772 8620 2280
13480 6832 1287 9572 2501 1289
13481 2886 6652 874 871 582
13482 2964 874 9360 7043 9289 1018 1375 370 6018 10202 9059 6238 9459 7811 785 8999 2544 8621 6854
13483 11529 11298 4834 3550 11445 1227 5430 7980 10702 2983 392
13484 10447 6943 2344 746 7679
13485 9411 10991 2710 9154 893 2544 11508 20 2209
13486 692 10417 10758 3195 8127
13487 4079 2889 628 2600 1532 54
13488 341 1259 2102 4068 4598 11011
13489 2232 343 6372 9202 8461 4634 4067
13490 3841 3616 4153 6773 4864 4094 203
13491 1742 9215 3147 463 6129 8989 7488 1618
13492 8297 7191 11521 1731 9441
13493 1175 1176 6964 3830 2005
13494 155 2518 1601 529 1970
13495 2527 2995 4138 10602 5864 661
13496 10256 9255 4101 9848 11492
13497 1811 7314 932 530 2979 7282
13498 2151 2097 931 3793 928 2100 5278 6777
13499 5953 407 8688 1471 5887 6562 5613 9381 1087 2194 3021 1500 8303 10318 120 2264 1618
13500 1529 9298 1478 3162 4305 6113 5122 1803 7584 9988 10775 1595
13501 339 9466 5314 5600 1247 5051
13502 8336 4952 1033 676 3541
13503 4906 150 6356 11739 2855
13504 5952 2116 3621 1168 3102
13505 6128 10887 570 8546 1775 53 46 4474 6356 3366 3567
13506 4718 6429 3159 6743 4542 1005 11701 8042 8734 10062 10451 3273 2686
13507 3651 4134 1108 1097 1102 3788 2903 4803 4804 10952 9136 1840 4902 1109 1841 3832 3718
13508 3857 3267 6085 11470 5887
13509 11105 1523 928 705 1688 4154 704 1146 4407 3644
13510 453 3565 5242 3029 308
13511 674 502 7854 4232 4767
13512 1078 1943 9042 3143 8372
13513 2757 609 1718 8348 666 8224
13514 737 1458 155 3746 8710
13515 2132 1196 537 758 7754 3420
13516 8435 338 8303 1822 4401 4887 1472 3226 1883 3492 8810 25 3854
13517 4004 7115 10492 6861 3349 6380 5656 6233
13518 4847 9627 3651 1625 3715 8156 6489 643 2904
13519 971 368 8845 2710 6104 807 586 8971 1223 5444
13520 9457 1956 4243 2308 488 2311
13521 10852 5403 4334 11392 9535 3084 4667 1984
13522 8390 3547 4194 8556 6166 753
13523 8389 1132 4 448 6646
13524 8529 983 4656 10498 1649
13525 10560 1010 1366 10687 9228
13526 3556 4227 4735 6311 4659
13527 1033 3257 145 917 703 70
13528 9300 1886 610 4782 10725 3592
13529 7774 7117 308 4511 10759 5198
13530 4255 6853 9214 8257 130 10079 5825
13531 9166 585 3226 148 2112
13532 8146 7865 3429 4987 7178 4345
13533 4318 3270 5405 3305 6432
13534 6809 1952 7769 6540 3699 5562 325
13535 166 9683 5227 4166 3579 8398 3696 122 3931 956 3848 5986 958
13536 7147 6828 6382 4873 2661
13537 177 1120 5648 1550 1057 9365
13538 609 1301 3602 6205 3985 4444 4443 3603
13539 2659 1745 2660 1140 5246 4847 7607 2357
13540 387 5496 4525 3235 1951 11439 9084
13541 2503 842 3061 2501 4101 2726 86
13542 1201 221 8571 5408 7111 9274 4768
13543 3502 7074 1523 7513 4381
13544 1641 2575 3578 983 2434 7766 6209 919 639 9320
13545 3334 8489 2180 8385 4840 6827
13546 4959 8498 6145 6729 3611
13547 1021 1022 5821 8396 6234
13548 6046 1895 1965 5664 736 5184
13549 11161 7839 92 8179 150 10963 11372 11357
13550 1848 11399 9315 6579 7830 1617 2813
13551 4950 6217 6703 11326 4164 8743
13552 778 2584 3893 4440 3019 779 7129 1654 5958 10266 10070 8111 1551 3468 4225
13553 148 666 468 4180 3504
13554 10636 8550 7445 6149 6935 7599 1878 4274 10907
13555 9447 2003 2659 6333 1397
13556 700 2369 632 2518 275 5741
13557 9419 10229 6477 6430 2698 3428 2690 5010
13558 8299 10122 258 3872 7713
13559 163 2950 5088 303 5802 8556 3057 4935
13560 2492 10867 4204 9390 5672 8719
13561 1607 9945 7917 10352 1608
13562 10054 11613 379 682 5229
13563 2907 79 1867 6032 404
13564 1463 10744 9364 8903 9044
13565 1974 6853 155 8917 3533 4568 10748 4256 8446 9000 397 4097 4431 5822 4663 11151 11413 609 2457 1904 398 4968 10071 11602 7578 5944 2574 6285 3951
13566 1995 1800 1078 6861 1727
13567 6617 3358 662 7502 1012
13568 4360 5615 4353 5616 5483
13569 3236 3772 8765 6133 988 8415 2333
13570 2867 3336 260 7732 7812 4649 2742 2173 1240 1387 1388 3554 4167 958 6249 1486
13571 2283 338 3760 2675 8085 8305 5841
13572 1775 4027 5337 7747 1205 5082 1702 975 1575 1718 2044 8045 3146 11314 10691 2708 2703 9693 5133 5969 1143 2727 2733
13573 2896 4631 4817 4846 4904 2897
13574 2158 1005 5181 7108 1610
13575 5043 8295 9884 6740 8069 6504
13576 6535 4456 778 7875 1536 485
13577 6466 1287 11579 517 4110 5196 1414 4011 2311 5676 6897 3765 803 2515 2724 1662 8110 291 5224 5915 1732 2512 2906 8130 2648
13578 292 10396 1356 4577 1659
13579 2637 936 1460 10019 9361
13580 288 7315 659 446 5124
13581 2519 2216 831 2654 866 11216
13582 4733 3337 3183 7007 931
13583 4670 4299 2482 5125 1418
13584 8155 581 1882 8933 1060 10494 7712 5529 798 2703 5546 169 351 2884
13585 1358 11693 5945 11681 6760 6505
13586 642 9345 1663 644 10858 7337
13587 4750 92 8084 11645 11460
13588 5960 2801 5597 9077 8199 3806 730 3438 3770 4899 6320 2040 2312 10986 10987 5088 943 1109 4004 1420 8156 9119 1247 9466 1840
13589 1705 2601 4631 10891 2053 728 7894 5950 5189 6116 10887 3667
13590 870 8305 9511 8303 10443 4326 318
13591 2637 466 1411 3850 8303 3630
13592 4514 4589 10549 1903 715 710 2542 486 2321 3885 11537 4427 7975
13593 9686 9683 941 1673 5869 11421 7307 2493 6711 3489 3261 6455 7538 11203 9067 4354 3638 5704 7083 9224 2911 5610 3628 5236 9738 405 6738 10790 4926 1523 1236 500 5406 6852 1382 1879 2079 6148 5163 6147 11655 1579 1580 2487 2751 10498 992 594 690 5380 5834
13594 5754 5581 10807 1120 768 10711 4328 8338 372 85 6805 1186 207 2430 8853 1562 5631 3578 5697 3011 7446 3712 3412 6852 4266 1073 4268 505 1897 4768 3916 4731 6871 5106 3169 1399 1651 6532 7171
13595 7725 4915 10091 5946 4118 268
13596 1240 2190 303 388 2192
13597 2409 8804 7189 7100 2969 8678
13598 983 8484 3890 9798 937 7921 3287 1824 3896 7993
13599 7915 2627 4470 1196 758
13600 428 6861 1854 2001 3973 5264 5170 368 3705 2180 116 7052 11348 1863 3975
13601 10854 8827 8587 8588 10483 8589 3285
13602 3404 3885 6840 1997 10274
13603 1299 5234 2348 8121 248
13604 7608 10585 5802 3316 11425
13605 3924 3112 3203 7815 1567 10498
13606 10503 8098 1853 4815 8262 2286
13607 9738 4951 10038 2042 4746 1113
13608 2637 8203 5628 8698 11012
13609 5414 1276 803 11589 7465 92 9905
13610 10189 26 996 9087 4811
13611 3454 6440 3311 5222 7841
13612 7897 5963 388 303 393
13613 7335 3480 10982 6175 3680 3598 81 10922 11464
13614 1866 9509 1472 3182 1659
13615 4336 1603 3630 292 8201
13616 4627 11075 4864 3468 7291
13617 9845 1510 8486 3588 2111
13618 4079 3392 2311 10738 3502
13619 1012 8730 11190 11075 11008 3890 6667 9922 5475 2 1165 1767 11065
13620 2964 5215 6536 1589 4518 3662 1413 4313
13621 4868 803 4125 1529 655 4750 211 434 83 84 4978 1766 4937 154 8293 90 529 8730 1734
13622 222 1756 880 4868 10914 4057 7491
13623 6961 5134 1273 4791 4342 3750 1689 4187 9051
13624 7700 1970 8326 9014 1001 3382
13625 1971 81 6096 355 688
13626 7156 7308 10057 11082 255 3296
13627 6858 2 7271 150 4117 8465
13628 92 6227 4262 7603 57 1113
13629 6817 8907 4663 11078 3074 8654 11668 9323 10994 3076 2962 11530 8304 11435 10893 10666 10771 8346 5006 502 2650
13630 846 441 9526 632 1907 10707
13631 7677 286 753 3823 10809
13632 1599 632 2175 2581 10734
13633 11048 1434 1962 10739 939 7413 4280
13634 752 6317 11755 1814 11725
13635 1001 10871 290 1466 5124 322
13636 3877 2482 10010 1879 338 5328
13637 2188 9045 6821 8479 8885 1857 4968 936 794 8644 1032 11442
13638 10427 612 537 3406 3518 922 10079 3932 955 9340 954 2146
13639 303 4460 4461 6375 6098 9758 6376 9759 8332
13640 1813 10886 669 1830 9603 1431 8071 3468 6599 2524 2374 10720
13641 9963 4748 9132 2737 10739
13642 3336 4261 2168 500 1310 3407 2756 853
13643 1917 1918 10842 9799 6016
13644 8365 7756 7880 2021 631 4679 8807 7396
13645 5018 4588 4499 1550 4296
13646 454 11104 6550 5475 35 9414 5687 343 898 2044 807 11201 11623 1745 10259 166 1718 10790 1298 11094 5579 4903 10586 650 5358 5172 1205 5363
13647 3497 412 5164 1602 5339 1233 5688 8074 11651 3630 9279
13648 2503 1288 803 9138 11564
13649 1523 2858 3438 10538 4890
13650 290 610 8908 6601 11112 1205 1765 7026 1018 2451 7524
13651 8077 8615 4546 4673 5710 5052 1525
13652 349 5647 5170 2185 2186 3536 5205
13653 2501 318 2661 9952 6823
13654 4747 1756 808 481 6633 4245 3439 1201 1292 350
13655 1842 9140 8890 1844 4820 10563
13656 11136 4499 11448 7041 3365
13657 9104 5029 1102 10402 3652 5058 1627
13658 2090 4818 3742 9920 6628 3293 2111 4345
13659 7425 11293 2414 6171 6303 6300 837 11661
13660 10325 6650 1482 747 7994
13661 99 3253 11102 2696 3963 4420
13662 6633 2275 1285 10106 653 955
13663 6142 2403 10910 7192 7814 2984 10918 3039 2582 11292
13664 1247 3919 3122 8647 1 7742 2227 3205
13665 2460 3065 394 974 11720 1019 8738 615 2 921 9954
13666 835 9005 9006 5454 6171
13667 4359 3961 10980 10981 1854 2189 3983 5267 3253 8488 4463 7311 5265 3984 3990 2786 4420
13668 258 11364 1509 5512 356 262 3924 3846 9 2136 7876 6060 2926 2141 1399 6904 1243 963 4283
13669 5835 1305 771 2812 3946 2740 486 5050 5330
13670 5647 1879 99 5169 2184
13671 2419 889 7641 1369 5719 5653 3420 6750
13672 1785 10949 6426 3537 1784 3540
13673 9682 7192 4268 5621 5645
13674 2313 7194 3446 7549 7655 7565 6854 321 10236 662 3561 1414
13675 4085 8959 3012 11158 6181 9792 9350 5607
13676 1238 292 177 9710 11513 1031
13677 1998 8182 6401 1222 11505
13678 676 9121 7622 568 577 579
13679 2931 1604 10913 8493 5804 8093
13680 8727 3581 8440 2115 9978 3834
13681 2117 3560 3884 9443 1477 2171 4827 426 3039 3692 2911 1242 5653 3582 2806 1561 6904 1574 1652 1653 270
13682 5264 2323 5169 3973 4421
13683 3161 3801 2885 2518 8805
13684 28 497 3512 504 8174 6688
13685 6446 8087 742 9535 11047 7553 9272 4822
13686 10623 3413 2661 5693 901 5875 10231 6748 5337 1970 3525 760 3262 1156 2894 1300 6326 6189 5766 1269 4399 3338 946 2282 4081 1382 2130 3519 954 1651 9115 2928
13687 5458 5819 6885 2065 11189 488
13688 10964 509 6909 11592 11089
13689 784 1751 4865 3997 11682 5418 9624 4087 3494 4906 3363 7977 3678 2066 3181 7089 9353 6957 898 9826 2683 1254 4061 400
13690 7651 6727 10473 8575 1923 1005 10134
13691 752 11674 930 8792 1683 1829 3516
13692 2329 8359 99 763 9175 10527 10513
13693 11714 1634 1918 204 6541
13694 8308 7685 5950 2038 4744
13695 196 8610 4523 5299 2837
13696 804 9292 5348 1076 9291 10133 935 10871 5915 10969 6862 5968 7701 2090 3722 4463 1879 9667 6858 6229 487 5651 9389 7506 4427 1929 3823 179 8132
13697 8782 3111 1310 2170 3435
13698 2446 105 7708 4085 11019 11195 1174 303 122
13699 4133 2901 2249 2700 4639 4134 10166 3715 3791 7518 1107 5295 2040 10953 3717 4312
13700 6882 2443 2461 4981 5212
13701 8946 11395 8090 1854 2322
13702 5422 1001 8941 8092 2901 9895 10793 11658
13703 8422 10415 6639 6142 4436 1709 1443
13704 5823 7931 1845 314 3009 3034
13705 349 10727 334 7406 4142 9125 9575
13706 2208 9077 4094 4860 7094 9554 10804
13707 5058 10402 11340 3770 3907 730 11205 4899 2176 1105 1091 6320 4133 3913 3715 3914 4803 4022 10844 591 2700 1840 732 6528 1365 1107 9483 6963 6490 734 5146 4639 8238 8721 5072 71
13708 1531 4143 3588 1005 1037 845 3761 7884 1031
13709 2911 896 6389 6248 1777 7106 3460
13710 882 210 11253 1287 9402 697 1816 481
13711 8499 2801 2121 7901 2122 5283 4042 1117 6057 4421 4360 3979 2923 10013 921 1369 678 1041 3165 268 989 923 924 4505 6291 853 284 1574 5282
13712 709 2160 2544 5756 1408 3328 3287 1742 394 5200 3188 11445 6295 6830 359
13713 808 6796 220 4645 11736
13714 92 6879 3579 139 189
13715 2426 10521 9297 6565 4919
13716 5546 3732 4205 2923 4771
13717 11324 18 2538 2472 6501 7324 3856 6645 4129 8998
13718 1283 131 465 3288 645 932 466 11564 5753 1614 2714 6881 854 770 354 8959 10218
13719 10427 1685 6744 1687 9674
13720 255 256 8494 9786 673 2749 9495 9525 1568
13721 650 4845 9242 4523 3078
13722 6812 1872 632 1027 6269 6496 11662
13723 5463 3132 1201 4765 481 10410 7079 4053
13724 4460 5484 6098 4461 9762 6374 6375 11648 5483
13725 277 2571 2482 9288 9957 1701 10553
13726 11269 8448 1953 6495 2990 6665 3726 11258
13727 7241 5225 2820 5861 7378 495 2911 6709 2696 847 8353
13728 1552 3936 8807 318 11467
13729 2642 301 624 3214 1087 720 2819 1626 6621 4470 1196 3631 758
13730 528 5052 1718 3857 9846 9337 7125 1 4585 7954
13731 7083 495 426 2753 4660
13732 63 2812 10517 874 5946 6299 837 3543
13733 3338 537 6591 6852 459
13734 3244 1337 921 1726 1963
13735 1287 2594 1627 7888 338 3085 2602 3769 262 1316 6079
13736 1635 8799 1109 70 6488 6608 1848 81 1162 5492 5661 326 8762 10841
13737 5847 2161 8030 5129 341
13738 9332 2136 9450 1557 7444
13739 8842 7394 4511 1557 2037 10268 4313 1349 10327
13740 1097 2414 3791 4132 619
13741 273 768 434 10922 7632
13742 11702 11457 1339 8877 6214
13743 4236 803 2225 86 2505
13744 2561 771 6161 3570 81 692 10246 525 10460 2232 8642 6982 9407
13745 1982 247 4116 4504 2709 3899 18 832
13746 737 2446 472 1878 8038 2003 303 2625 2855
13747 394 318 139 10426 703 2997
13748 2434 3204 5523 7814 6869 6388 3112 1731 2689 3105
13749 2469 7766 6328 1180 4031 3026 5197 10167
13750 11013 255 3037 10717 5008
13751 6758 11625 11534 5102 3674 9925 527
13752 8460 4327 3378 8069 786 11534
13753 11721 4368 3461 2487 2988 1235 3041
13754 485 2977 8488 489 368 9744 4474
13755 8964 8494 4027 2942 6305
13756 9904 7105 10667 5953 11459 5061
13757 469 5598 2562 265 4047
13758 6426 1784 1785 10949 3537 3540 3538 11655 6147 2193 10084 1787
13759 3594 2762 3785 52 8857 7013 1140
13760 1360 5600 1973 3297 1974
13761 6413 1366 4210 4718 446
13762 8357 3801 2074 11336 868 8658 10921 2686 10163 11049
13763 7193 9191 3160 11419 11338 8106 155 8219 11095
13764 7929 7943 7952 11 5031 9697 7935 10974 9696 7953 9555 11477 11716 11409
13765 1802 1718 318 754 122
13766 10797 2311 10452 1358 6196
13767 5956 528 795 4854 10113 8205 103 6952 9102 5924 448 254 2932
13768 11592 64 509 6909 9496 7749
13769 11675 8488 11348 8489 11029 99 1301
13770 8939 5416 1198 9402 428 697 2909
13771 962 1523 3516 669 10286
13772 5798 2895 9435 105 11519 11082 5701 7821 4631 5198 6446
13773 436 9419 10933 8185 3955 3564 4167 1937
13774 10316 2112 3332 10041 6496
13775 8016 3057 3541 1036 1718 7073
13776 1299 11099 9606 5177 8494 978 418 4945 3816 10115 1301 9161 8535 5601 1071 2396
13777 3954 11748 5807 3955 10657 9422 3564 6458 3956 10642
13778 1610 6692 8065 3704 6827 2326 8091 7301
13779 7871 2391 3123 7029 4936
13780 10434 5671 210 2907 378 2660 349 1605 803 446 1046 2779 3322 3123 7917 6464 3622 2119 5764 379 4253 7790 6622 4043 676 7778 2123 5976 3337 937 4116 3666 1259 262 7219 3924 11440 3689 5356 758 985 5967 1513 157 611 322 609 1316 2746 459 8744 1238 317 1718 628 458 2132 5508 4652 1111 3369 9066 3102 3582 6247 367 5018 2136 3930 122 579 1870 955 2873 4776 5171 1298 4279 3698 6110 2144 2145 4881 6062 5014 4076 2148 5938
13781 7868 161 1463 6176 1882 6778
13782 394 187 9241 3355 4276
13783 9251 5805 5806 7882 7883
13784 9217 9344 1948 9483 458
13785 5476 3758 1800 3934 5095 1076 2111
13786 2044 3405 4001 3406 5356 3113 6594 3340 1515 5193 3228 6267 4265 6108 6246 2747 4772 5378 1872 4731 6871 2221 3930 5230 4278 2142 1399 7626 6872 6904 960 5987 4090
13787 3636 1281 5521 917 1643 7813 3922 3688 3100 272 3692 3112 266 3203 5653 1645 281 1461 1569 3847 122 3106 362 363 3169 3849 4337 4234 2928 2146
13788 1323 8601 5955 120 5598 6415 1908
13789 2480 10679 8930 10976 9480 3856 326
13790 3410 303 3731 4771 6682 3168
13791 3925 8237 3468 3342 3168
13792 6900 1605 4332 2044 4253 5769 4166 663 357 422 2740 4045 639 985 1515 3101 10315 10360 11021 1731 9347 1242 1522 923 4051 993 2140 4276 989 3454 740 546 6356 9401 1216 6741 1652 6751
13793 2168 4263 2433 7363 4046 1477 3580 4000 8750 921 2111 1041 2136 954 953 4776 9014 4090 4091 5381
13794 225 3636 4929 9343 353 3338 1070 2988 502 3111 1565 1317 7307 5404 6388 5928 3730 2287 7420 3228 950 1518 1645 5986 2873 2142 4280 1652
13795 11630 584 2211 5637 6742
13796 5695 10331 11746 7696 665 6388
13797 10410 3942 415 2121 3636 1866 3579 2124 2394 9369 4120 4046 3038 3405 4001 3924 3202 3203 6078 2360 355 3100 3205 3101 7287 920 1580 3926 5286 7851 1111 5719 2134 1645 5010 1870 3104 2136 4654 6060 1572 3848 4777 3586 5407 284 6061
13798 10388 11587 147 6223 709
13799 11298 1268 602 2765 8259 2312
13800 1078 6351 4829 4073 9088
13801 8941 3463 6459 1726 5205 454
13802 4817 8308 783 79 10272 1724 2697 3269
13803 5772 472 2697 9479 1390
13804 370 642 9345 343 3564 729 2028 6440
13805 2161 3310 9585 1167 4593
13806 7635 1751 465 7354 1002 5639 7149 4471 4053 9767
13807 3741 512 9155 10619 3494 6984 8324 609 2294 6077 3076 475 2446
13808 7080 23 7325 1696 2251
13809 11385 934 3295 354 6686 4323 6842
13810 10135 5496 2505 2395 5125 3478 355 2124
13811 8240 2623 722 9802 11525
13812 808 10911 3062 2716 1440 3186
13813 1678 7737 9308 8952 2136
13814 5775 7760 6408 145 9141
13815 6964 8536 2334 5108 5631 7531 2684 5328 983
13816 4904 2460 1576 6422 10479 726 7510
13817 5098 5677 294 378 4029 2784
13818 10645 1358 5624 4744 5499
13819 4154 6856 1827 11033 11304 3423
13820 2889 4182 4398 692 4475
13821 3007 6301 3914 6300 3237
13822 5253 10212 5556 11374 10265 185
13823 2255 10009 5584 1206 9638
13824 5510 7636 900 1665 6497 7548 9417 397 5822
13825 8433 1433 7039 10145 2495
13826 3502 6514 1811 1415 753 858 1257 2516 9653
13827 6693 5170 5718 9556 9340 8697 2660 1717 1854
13828 2639 808 1201 1743 6186 5638 6632 6900 1605
13829 4112 7382 2731 9023 4775
13830 7001 11093 10566 8482 2044 1301 10234
13831 4868 1545 2271 4245 11678 879 2460 3830 300 6437 10618 7008 7410
13832 10499 2717 3382 7029 6049 6496
13833 4920 6979 4922 6285 2877 11386 4927
13834 139 3312 9540 10873 9530 9808
13835 4024 9231 9232 10948 3719 9157
13836 166 8303 9163 2626 9081
13837 5295 1092 3715 1109 4803 6265
13838 7950 9999 1063 10949 6426 10880
13839 4188 8335 2427 2815 8031 851
13840 5569 5685 10814 2883 5706 4913 583 169 10352 4331 11567 953 7412 10934 7413
13841 1610 2167 4928 1304 2758 1855 796 576 1363 1387 4161 5655 2141
13842 5180 688 3890 7524 3468 9473 2584 10913 4240
13843 9964 9965 4943 2894 1936 5235 5757 3891 472
13844 2703 10012 7482 7555 1939 962
13845 3480 3 11361 6635 71 11381 11076 2704
13846 2359 4020 7907 446 4411
13847 785 1342 1343 1811 5632
13848 4257 1140 7768 2446 6135
13849 4476 10403 3908 10166 10690
13850 2660 11623 7232 188 7133 528 169
13851 932 8354 10969 1769 3819 1010
13852 1357 3374 3360 8917 1011 2039 5254 5405 9535 4714 8717 1005 1705 737 3761 714
13853 6754 3588 7884 1031 6425
13854 1852 7826 8472 2191 7058 3283 2328 3962 7677 3704 4420 2190 3985 3707
13855 3368 5371 3746 8669 8722 2837 1046 6464 965 3384 2885 10588 10479
13856 349 11357 11653 2483 1497
13857 8715 6941 417 7572 10673 7115 1796 2388 1335 4368
13858 1877 99 10154 10434 2956 2791
13859 5529 1032 715 11672 8115 6209 947 46
13860 9883 5043 4040 7478 2111
13861 4530 7254 4123 1439 6980
13862 10897 1961 8926 4036 679
13863 1813 2100 705 1033 3793 11674 2151
13864 7089 9426 10956 446 4176 485
13865 2670 3307 358 6079 1776 443 8361 690
13866 2506 8645 2507 1033 2458 53 3629 10864 11479
13867 1373 3402 1695 1213 8873 1692 1216 2105 8301 11695
13868 5713 3255 873 9398 6195 3325 374 6652 1008
13869 9593 3263 1511 7767 7367 6933 7900 4776 954 2873
13870 300 5727 5687 9205 2665 10839
13871 665 1408 10467 610 2453
13872 2728 1408 3328 5480 366 5555
13873 10490 4360 11026 1301 9220
13874 3074 8822 8907 2464 7094 5092
13875 6406 6408 2502 782 528 4369
13876 854 4368 7844 11075 9935 8701 3762 1040
13877 5155 5043 2067 497 11748
13878 871 5417 4 3353 1811
13879 4875 11166 584 6082 1864 5781
13880 1534 6174 6177 1408 2220 934 432 971 1057 6727 1331 326 6614 10183 6236 9290 2074 2706 6628
13881 602 2312 787 2005 10354
13882 2060 219 11757 782 432
13883 3393 318 8758 5831 4184 5198
13884 810 7635 1756 491 842 658 1758 1947 2714
13885 7192 2740 55 8133 8300 543
13886 221 1285 4247 6554 348
13887 99 5169 1609 4722 2189 3536 3963 11255 7300 1854 952 8320
13888 10518 440 8518 5002 5598 688 4669 1661
13889 4965 892 8273 9326 2271 220 10249 7354 10823 11750 4817 11523 3403 949 5840 4027 10852 413 2952 2355 6104 7441 4116 7897 11506 2226 5342 10122 4340 2431 497 7434 7686 3717 4312 5652 1239 5543 7756 8887 9179 6247 8275 5229 2141 8770 1599 5725 5013 264 10888 2534 3357 2143 4777 10788 6265 2756 4279 1399 1301 5387 3423
13890 1799 3226 3492 169 446
13891 5952 772 4276 9925 9736
13892 4224 6603 1057 6517 8338 2633
13893 388 2793 9146 3044 10582 303 3979 9760 9762 6373 6376 8233 9758 6456 9993 393 9969
13894 1601 7066 8255 11172 4812 6092
13895 1140 6137 5201 122 31 10222 7717 17 8829
13896 778 3997 1357 5973 11733 9102 878 7738 4575
13897 490 222 5312 10302 11736 9518
13898 3466 1012 630 3290 3291
13899 1158 7767 393 9969 6423
13900 2223 7279 8899 7463 11514
13901 1002 787 7511 1409 4107 1330
13902 6421 2158 3856 11174 6786 5737
13903 4083 2267 7295 2469 296
13904 2714 210 7147 2443 6671 2060 6586
13905 3085 8066 3001 3683 1523 7084 7764 10216 6106 2185 2397 7480 3040 1745 609 5856 11590 5855 2169 8753 6084 9879 4909 536 5360 1131 1932 79 9235 6967 2204 162 9236 9238 691 1127 443 5382 4654 955 7033 1653 1244
13906 6332 3680 92 3732 10409
13907 210 2847 6047 7497 3386 7167 5511 674 11129
13908 2885 4140 5716 9553 4051
13909 4622 94 7246 1409 823 758
13910 4899 730 308 8236 1584 1097 1092 704
13911 10403 2243 1024 8924 3050 9 2824
13912 1656 1280 10061 3502 4858
13913 226 1555 2603 1196 758 10905
13914 4231 891 4501 8833 3011 1517
13915 519 676 2136 1724 939
13916 9510 3905 186 4124 5401 3736 1197 1922
13917 1623 4502 1997 6256 3485 4133 2535 2177 1513 1316 9366 6623 631 5098 4310 1208 2003
13918 7814 3729 8192 1380 2133 7257 2134 1369 1312 1581 4910 1387 3916 5016 1522 3417 1388 4774 8361 4277 5012 4050 2924 3166 1075 1567 7769 992 594 683 740 997
13919 481 1811 469 5848 975
13920 798 11718 341 290 10354 3129
13921 3292 9121 10832 6524 3631
13922 784 3295 6145 303 528 167
13923 1355 3475 4817 368 7392 2502 413 3725 1154 2132 2342 10765
13924 7043 662 2079 2697 2690 3189
13925 11127 5505 4754 6464 3621 1667 4041 7901 4738 2122 3827 291 356 9369 358 1644 1895 4653 5752 772 5653 1399 6872 4005 5934 998
13926 1343 8046 1166 3146 2917
13927 1076 9938 779 957 2803 5906 6123
13928 170 10269 4825 9596 2076 6370
13929 10172 2080 7743 9091 8493
13930 1951 4906 2697 5136 6079
13931 6721 3547 11168 9038 3185 10546
13932 584 2591 6397 1180 7129 1499 6336
13933 4203 408 6072 9744 2 4016 3814 3871
13934 1503 778 6957 3900 2204 9075 3437
13935 3123 1775 673 1232 248 415 1676 259 3827 3164 355 4595 5611 262 422 2126 5928 5811 4049 3588 7454 5382 923 4234 7310
13936 77 1287 1288 803 9138 1886 2563 932 2907 2966 2503 1047 274 6773 1666 7917 448 5428 8994 656 9893 6615 5474 5956 210 10906
13937 6637 10998 6745 1034 1164 872
13938 7390 10141 79 5922 5715 179
13939 1523 1154 4750 1705 4209 1444
13940 131 220 221 808 6796 10899 5638 6632
13941 1267 6944 1853 2038 5607
13942 7151 2642 2275 481 223 1947 1460 7539
13943 488 1301 11326 3840 2622 3930 3704 3110 1892
13944 1354 486 3501 9000 2892 5791
13945 1133 7467 8700 162 7413 3609 3379 6459
13946 6898 938 10502 846 10864
13947 1780 1840 1107 3715 7118 2534 1714 6301 6302 7488
13948 3038 280 359 1644 537 3690 1060 2132 4048 3102 1461 2146
13949 3524 4764 7009 7010 33
13950 2360 985 1265 92 86 960 3422 2147 132
13951 8042 4224 2982 5004 2723 1342 8338 9705 2194 2594 7445 6149 6696 7666 161
13952 4416 7652 1268 3796 7766
13953 1180 6099 86 1731 3147
13954 2715 1349 4394 6803 6804 4893 3917
13955 349 1301 1782 2565 2496 1618
13956 10929 3863 1056 5220 7190 6076 10977 11584 8093 3583
13957 1321 444 1415 1418 2821 2 921
13958 9912 3225 1273 7018 3235 933 4237 374 3353 10281
13959 3871 2355 10442 1614 10462 5803
13960 7549 8509 2229 4050 1348
13961 3605 10437 6712 4036 737 3643
13962 4622 566 1995 3235 3093
13963 6584 1920 5711 10211 10996
13964 7002 1032 7551 4556 9669 2310 147 4197 9637 5811 10774 1375
13965 6236 5741 1368 4313 1056
13966 8943 11177 2298 1012 4496 10383 10031 11343
13967 6084 7938 8589 8827 8587 8588 10483 10724 336 6120 8650 11620 9281 1790 9406 5085 11498 4988 4986 4989 9757 1788 1785 4987 4990 4991 4992 10168 10169 7418 8013 556 6083 6088 4996 4993 4994 4995 4997
13968 783 8383 327 874 9650
13969 4428 4429 10490 5963 10437 390
13970 2907 2906 79 8237 7141 3611
13971 3650 8265 9155 7965 819 11624 9742
13972 3289 10971 11603 1089 10632 1034
13973 11515 4941 7915 2562 1144 8441 8436 8440 10037 195 9978 4634 3333 7397 4676 983 1706
13974 9194 5369 52 10963 343 1
13975 11341 2488 3379 1358 431
13976 6941 4416 335 11672 4410 1249
13977 8232 10097 9670 389 3468 327 4853 3248
13978 11639 6213 4494 7575 2044 184
13979 102 92 1999 2500 11660 3569 1426 4189 9602 10945 9243 9244 7582 8039 10782 8747 10721 6621 6552 38 2161 7962 3386 1279 7898 5672 7370 10107 3317 11322 1446 5221
13980 5760 2782 2937 9190 2020 5040
13981 221 481 8647 1201 2051
13982 1104 6320 1108 4805 2178
13983 3710 8039 128 9167 1364
13984 7617 810 7147 5069 7155
13985 10728 9678 2210 450 777 8369 2308 6805
13986 2472 7832 3033 21 714 10707 1922
13987 6737 5574 2600 3179 9836 3889
13988 81 9195 6018 7757 1553 3293
13989 7790 5017 594 5933 740
13990 4062 8253 3028 1677 7805
13991 1500 1273 2594 1636 401
13992 11319 3666 2518 6459 11430 619
13993 1092 1109 4899 7261 3887 7424 7425 7426
13994 8733 5077 11104 5078 5297 6876 6833
13995 8090 11609 4349 11284 2328
13996 1857 1227 7687 11298 5821
13997 9544 4523 898 7555 9288
13998 3504 5565 9890 9743 7411 4173 4142
13999 2503 4170 8765 1007 5681
14000 8242 5056 4650 4001 8461 3039 4769 2689 2748 2750 4772 572 5021 5012 9495 5068 2873 5720 5933 4281 9497 997 1573 2146 2148 963 4283
14001 11539 1049 11097 5658 2337
14002 6473 354 2765 934 5685 6604 4854 167 1170
14003 6471 5052 8660 6059 7349 9441 3951
14004 5496 4968 1180 10317 394 6221 6921 2562 397 2113
14005 2274 7861 1545 810 432 3366 842
14006 9154 1349 1180 25 1496 7893 5310 5303 4968 670 4073 6238 9599
14007 2316 1197 3487 6678 662
14008 10554 10216 5562 5129 5563 851
14009 6455 3904 303 5647 393
14010 5431 3016 10158 1055 2 6170 2539 5906 6123 832 7534 7282
14011 1122 3331 2709 5837 9199
14012 4416 4323 896 4446 6570 5900 2566 2454 2645
14013 3255 2562 7417 609 1718 7378 3640 772
14014 3688 2360 3340 2436 2131 677 5719 5016 682 2873 7310 683 1523 7626 6062
14015 5269 11245 330 7714 3454 2333
14016 11285 10120 2470 329 11235 5828 10847 934 2933 1221
14017 10402 6495 13 4137 8852
14018 2272 7225 6695 8613 4027 1702 149 11031 11295 6935
14019 1211 8628 3550 8603 8736 768
14020 7427 776 7774 7586 4771 2401 8124 11008 5145 3915 8719 10438 8111 1089 4625 6931 120 4253 3109 793 1911 993 3931 1349 3492 2922 2242
14021 6220 3605 4348 4729 4727
14022 6457 1774 132 8453 125
14023 889 4253 6622 5631 4263 3691 3341 5626 4273 4505 7881
14024 4062 1343 9468 10206 8580 11518 714
14025 6475 5394 936 2161 7139 2821
14026 5418 1285 9685 5096 11581 2051 6324 7378
14027 1523 930 6859 2813 7647
14028 7307 831 1569 1032 632
14029 491 2909 658 4244 210 5505 709
14030 1057 167 8524 6152 3609 1906
14031 412 141 10736 1082 5611 8870
14032 8279 7935 7090 7091 5859 9231 8280 9586 10337 8584 10338 10339 9619 9620 9668 9367 1061 8831 11495 9587 9645
14033 1415 2444 4002 11113 5526
14034 4099 2257 3579 186 1584
14035 1147 4581 338 5133 361
14036 9399 5726 1523 7105 1358 2488
14037 3626 6941 4887 1465 10120
14038 5864 10652 1175 1176 1177 1178 1179
14039 2060 1375 2623 2655 1848 1849 2656
14040 11158 2702 5311 1583 8572 11449 1348
14041 1676 2124 1510 97 2900 947 1238 691 6418 2145
14042 5253 1721 1396 1216 4441
14043 3979 3704 3984 2322 243 10912
14044 10767 250 8895 141 3379 4054 10804
14045 10554 8674 934 2103 7342
14046 286 6037 10840 5449 2160 354 7879
14047 2970 7827 4605 6563 10716 1633
14048 5752 3255 2653 9119 9120 9890 931 9388
14049 6248 10016 4117 6051 2248 1510
14050 9999 9284 9377 8286 9378 11707 7936 1062
14051 3633 2666 3370 8940 786 21 714
14052 5469 871 1414 8357 1533
14053 782 3396 7023 173 11035
14054 1775 2832 3579 6308 2507
14055 4938 778 3890 785 23
14056 1852 10436 10032 5159 6453
14057 7741 3946 2079 7539 1321
14058 5042 11074 6799 7874 1918 6412 323 10665 758 11527 6801 2054 9958
14059 1355 4031 2477 3247 9906 7682 9554 1526 530 1113
14060 102 11157 4487 138 5749
14061 2636 517 11757 782 5348 8514 3933
14062 4568 5939 4569 79 570
14063 2828 6300 2212 4040 4186 7327
14064 2502 932 1409 10724 7818
14065 599 3255 5957 11080 3708 9695 9657 2159
14066 3871 231 6587 8499 8140 5098 11309 9141 3339 609 6388 3846 7417 3691 6909 4653 593 2871 3928 772 8685 5378 4878 5230 4505 1572 3168 9083 5068 4273 5057 2630 958 1399 9821
14067 2917 6954 4735 361 1089
14068 7552 9619 8883 9620 10819 8906 5859
14069 3164 1355 8693 20 2229
14070 432 2710 6113 10924 1472 9353 6505
14071 428 9166 335 1998 3795 8062
14072 1667 757 8246 568 1627
14073 3296 7446 4047 3409 3418
14074 10858 644 1626 6629 2891 3066 6414
14075 7786 7192 6644 8440 10883 5391 2980 3530 4940
14076 2209 897 2794 1395 3046 4840
14077 8277 6007 5860 636 7939
14078 11493 10940 7945 3022 10591 536 2262 4509 7999 7171 7170
14079 79 11397 872 2518 871 9527
14080 5693 11144 1993 11228 6987
14081 9330 10764 4070 10823 374 4850 3739
14082 5154 1046 5048 6962 661 6048 3708
14083 3382 3945 9711 2308 9395 1120 1060 11630
14084 9510 9811 1033 1496 6578
14085 2636 5464 4244 1201 6564 5388 6040 11669
14086 4463 5483 6911 6912 2322
14087 6345 467 664 4836 7364 7467
14088 9846 10036 5148 5963 303
14089 9517 1357 6168 11438 446 4978 5198 10739 851 4271
14090 3285 116 3967 11646 7060 8385 3980 11571 5169 11735 3981
14091 38 1883 1884 10019 9014 9199
14092 5502 1257 2128 5977 11404 6653 9452 2647
14093 1639 5007 1511 280 1312 4235 2484
14094 2975 6579 7830 2583 805 5345 1443 1376 10419 3429 10030
14095 1170 7012 8431 785 1023
14096 9498 9143 8601 7876 6337
14097 4745 5073 1355 2544 6921
14098 11556 3442 8283 1727 99
14099 120 2225 2256 799 1908 281
14100 8061 9375 1742 3708 5843 5561
14101 514 497 353 7363 2171 2692 1388 6825 998 9612
14102 4004 8573 6648 1923 3189 2095 10619 3588 1031
14103 11374 7231 2291 2462 10808
14104 1523 11005 6846 3444 7338 5540
14105 6799 4226 39 1970 1141 10491 10910
14106 8063 10871 4623 4386 3348 10582
14107 177 1903 2544 11756 11466 125
14108 889 2170 7767 5288 2399
14109 2478 2812 132 84 6625 7603
14110 343 2092 139 4102 367 2065 1066 1718
14111 7116 44 8300 10416 4313 3208
14112 889 1070 4479 4767 2170 3518 1074 4662 3585 282
14113 659 3607 5319 7030 5056 772 1245 4076
14114 4531 1032 3366 11720 1463 3083 9553
14115 446 11677 717 2451 3163 3372 3890 1257 1523 6048 11642 6253 784 2265
14116 2185 8505 3995 2190 4150 4800 99 7061 1891 8476 3977 3986
14117 5394 1585 118 8335 1599 2136 9450
14118 795 5574 1727 173 7478
14119 2666 1109 761 4137 6301 10376 7554
14120 6025 7084 4738 1066 2988 5006 1067 6936 3263 3338 3011 2173 501 3691 424 2309 1240 1567
14121 3953 1677 2113 5181 1694 4974 8930 784 6099 3242 10806 1301 2446
14122 1253 7713 1395 2988 8849 714
14123 7704 2074 247 215 5063 10106 1970 341 328 255 166 1234 5100 6740 1312 1074
14124 5069 11157 11159 7206 2675 2156 2637 5956
14125 166 1164 8699 1717 4631 6764 7670
14126 1477 5967 4089 3580 4735 8622 8521 5106 959 6110 6872 4075 4077
14127 10251 6507 10063 1655 2526
14128 6305 11077 379 3824 204
14129 11172 854 290 6966 11561 3941 7216 1763
14130 6195 4289 3258 787 1166 768 4700 1556 3631 1557
14131 3270 7613 3034 417 10064 2800
14132 1533 6964 1588 6353 2895 1655 7535 1657 5849 6661 3835 5475
14133 10388 8816 823 8048 2584
14134 10237 10293 10836 8429 8014 539
14135 9039 173 5204 10918 5550
14136 1727 659 6486 520 5946 9072 54 3562 6976 452 7304 4824 715 205 6265 4819
14137 5215 8134 3955 11046 2674 381 43 4341 11550
14138 3821 10589 4079 8642 1416 6748
14139 11614 9955 8690 10595 8580 9919
14140 1802 3899 4651 9018 9389
14141 2385 3559 1721 8249 11724
14142 4876 812 9796 9794 4738 4041 4043 5769 1642 358 3203 1311 4430 2234 302 2173 1868 4878 6028 954 1650 9497 5103 3423 5282
14143 472 6748 5890 949 2655 1849 11612
14144 3546 2676 9181 6411 7101 3550 10951 5488 11637 10859 831 641
14145 8759 1332 6476 1010 7253 3126
14146 3120 5600 899 1180 821 5495
14147 5629 7801 10704 3889 2815
14148 127 7632 7003 6547 1413 6400 7369
14149 8513 1180 8306 25 7093 11021 11503 11645
14150 2716 6055 7998 4380 6546
14151 7708 161 665 1164 172 3240 446 965
14152 5501 3678 1132 2563 7844 1779 2872
14153 8246 6808 148 4517 8116 1010 1079 832
14154 3252 5306 7710 8267 3991
14155 7133 5931 4318 10163 11741 1731 10921 2684
14156 3703 2062 8262 2191 182 7658 1838 70 9157 6296
14157 808 4057 10230 6695 10343
14158 4875 1784 5085 6197 6907 9109
14159 7572 8575 2482 4381 3379
14160 291 3224 338 6545 1352
14161 3680 4750 2106 94 468
14162 8631 5439 9532 4534 11432 1404 10685 6227
14163 1189 291 7917 10325 10674 3746 3256 207
14164 4141 1607 1534 870 8699
14165 9976 99 4420 1891 3704 1892 4370 349 8476
14166 2003 1452 9800 143 9408
14167 9881 1433 1416 1415 1437
14168 9818 7432 290 11512 2056
14169 1762 4934 1721 17 6717
14170 2545 3691 679 508 3417 3929 1647 5057 8721 924 5720
14171 3745 8079 4023 2094 168
14172 3205 5910 3291 10783 2062 7263 4065 8300 2065 7099 2454 1888 7398
14173 11449 8791 1937 2204 1811 1600 8249 8821 6608 4205 3130 1939 2629 7991 2471
14174 7353 661 5449 709 4225 4226 2469
14175 1558 7465 3801 6669 122 3220
14176 532 10040 5364 8293 8736
14177 2639 6331 349 6828 5154 1226 10672
14178 2502 4101 5471 3999 7878 62
14179 2571 1375 1331 7510 3033 8709 9907 192
14180 4675 668 1743 163 7487
14181 3371 7633 3338 7552 9548
14182 1048 9659 2 877 4576 9824
14183 562 5890 8228 5448 8003
14184 4847 2683 1563 1510 6259
14185 566 3093 5612 4036 7436
14186 446 6956 341 5206 6222 11384
14187 8206 1496 2251 1214 750 1693 1215 4689 1216
14188 1276 2426 3944 10142 1444 8046
14189 7668 2349 4027 9221 1370
14190 2488 538 536 539 7932 5781 542 9107 10050 10015 10440 9281 6197 1785 9089 4509 4988 556 8290
14191 290 10048 1344 7743 598
14192 255 6603 10154 4334 1311 3228 10995 1242 954 690 4881
14193 11730 8600 4831 3382 1078 39 2501 2294 11683 10886 6793 781 207 5475 4790 938 3 934 783 10871 90 9598 1368 4127 530 1763 83 583 2 1960 2838 38 374 3158 6614 1884 2518 2311 2839 3163 8595 46 7288
14194 7019 9781 1383 2580 2023
14195 10488 11204 6256 3130 4639 3279 1181
14196 8795 3384 481 7902 1349 6005 2073 2727 2733 921
14197 10351 1583 715 3194 4789 6571
14198 2096 6205 9174 6623 5561
14199 10620 9155 1433 2444 11507 3866 862 680
14200 2997 3012 7840 4289 7965 2553
14201 776 2408 8702 9432 5066 1643 2911 10513 10718 358 3924 2742 5193 426 3340 1516 1023 2749 6934 1569 4878 1561 9568 1653 3714
14202 11230 1695 4587 2024 5197 76
14203 1033 304 89 7869 2097 2098
14204 7812 2482 4198 1775 3743 3744 10765 3670 1473 3737 3842 8866 1474 4100 2248 11417 3357 5968 7757 272 11090 10084
14205 4140 4743 7587 5666 7182 2129
14206 8751 6162 11482 286 103 2757 1861
14207 1368 3653 3050 264 4901 1560 947
14208 831 6350 2097 1709 1902 7863 8844 11244
14209 8604 3109 6649 7143 3267
14210 1060 6378 9552 6362 82 530 1012
14211 1742 609 2581 851 4918
14212 3745 318 4577 3158 6879 313
14213 11378 11220 949 3548 4627
14214 2794 1718 514 3005 4200
14215 105 11299 6339 2621 11400
14216 4332 3291 4166 355 9580 2433 918 10460 3689 5356 3202 3688 3492 626 5985 1514 1248 3408 7625 2435 1776 3690 3927 2131 2048 3502 6591 1023 5167 4938 6101 3588 4161 4771 1645 758 3165 122 3585 6953 6270 9479 924 7846 1718 3035 5407 6444 2345
14217 5529 4868 1349 1667 81
14218 798 933 9616 4933 2544 367 8456 10932 3806
14219 8457 8262 6455 5358 2062 3285 2191 240
14220 2782 5297 3715 8380 4902 1109
14221 917 5008 254 3502 505 6852 1580 6591 2109 7641 988 5626 4004 2925
14222 10519 2603 568 9332 62
14223 2355 901 4568 11061 6846 5153 10908 2
14224 6582 1748 10615 7902 2094 9782 4078 1463
14225 3685 2434 20 2086 8371 2171 6724 3730 7454 853 6103
14226 1840 4902 6489 3718 6636 4958 10685 4768 7426
14227 1291 8989 614 5000 3022
14228 2224 4754 1189 132 1548
14229 9976 11286 900 10722 9398 1405 1204
14230 7147 5638 6564 7151 2641 4393 4471
14231 5810 4456 2932 3317 11425
14232 9745 3455 10083 9038 9461 10191
14233 383 211 6652 1867 5125 321 6637 3928
14234 290 1081 569 2359 3163
14235 10560 7606 5003 1349 856
14236 9221 10523 7496 1496 315
14237 8310 7734 5121 7222 9781
14238 4517 2923 1834 10548 787 5904 9722
14239 8819 1710 7340 1923 3165 990 4234 924 4880 5938 5937
14240 3678 665 165 5042 3146 2 2428
14241 94 5845 4502 951 3932
14242 2225 2254 7006 5510 4537 6403
14243 8105 2359 10156 650 11337 8619 4490 3266 8805 8806
14244 5417 1999 1547 1409 938
14245 10686 3496 2577 3462 1549
14246 7758 5775 3823 3162 1543 4140 7586 8926
14247 936 7510 173 5382 2111 6864
14248 5608 3388 4163 6322 2956 8609 2476 3683 3621 3405 499 3338 2741 3340 6739 609 495 1240 3168
14249 4472 4106 1977 1978 6763
14250 105 2451 3215 2697 5344 3278
14251 7245 1115 9848 982 9283 536 7999
14252 3527 3312 1965 5155 97
14253 2993 4428 7107 9945 10473
14254 1207 592 6108 7367 922 281 2924 758 1249 5229 9278 6837 5380 4338 1113 4280 4283
14255 4027 9468 3532 5116 1208 4627 9030 263 6846 5664 3323 1334 10508 2090
14256 9882 715 3802 1208 9681 11611 8916 2 62
14257 9882 10048 3134 2933 2505 3610 758 1196 6610
14258 11612 3755 787 10536 8867
14259 11100 1532 11584 2177 591 676
14260 1953 569 4511 943 97 2
14261 1758 809 6554 9481 8611 984 1307 1641 1562 5429 360 4740 11061 3103 6060 953 6781
14262 5590 8077 8439 1772 676 628 1531 9121 627 301 3215 7906 6079 1731 2591 708 8361 2938 1242 8323 3849 4774 4167 595 2141 4273 3175 5993 8854 2920 9575 365 6111 5938
14263 6518 98 2448 2602 9522
14264 872 5480 10742 10573 1529 530
14265 1691 3255 1796 4714 7115
14266 3261 2623 465 5464 1002 1879 7084 5764 3037 420 1158 424 1236 7854 1311 5356 1894 7814 1512
14267 11404 7265 2646 7266 5140
14268 1875 259 9964 9287 10618 6838 9833 6702 5945 2334 4835 3512 3786 3141 2306 4665 3956 8217 325
14269 3532 8464 1366 3228 6438
14270 9027 5554 4905 11200 11514
14271 7847 4027 1970 665 5581 4060 85
14272 808 6554 3465 9994 5801 2293 726 10161 8574 53 4482 4398 662 9259
14273 7790 2021 11586 2173 985 9320 10564 3414 1876 3418 1242 3880 5993 1399 4074 9568
14274 1033 10485 9339 8352 1032
14275 936 2176 2700 2828 6300
14276 8995 2211 292 388 5974
14277 7268 4751 4502 796 441 434 5534 9080 148 528 2924 5570 615
14278 2703 5967 10191 2482 2923 8340
14279 1999 803 6654 662 6717 2951 1316
14280 4693 4687 4698 8027 4696 7957 4716 11532
14281 10890 2106 92 932 2907 842 79 3061 3235 1801 81 428 1960 1886
14282 5523 1382 4269 2399 3042
14283 11528 5112 650 4801 2526 188
14284 2903 6256 5949 9495 7261
14285 11682 4747 10702 808 10838 658 4972
14286 5130 9322 6991 646 4276
14287 1268 3222 602 2431 4036 1216
14288 11598 11379 3524 9559 11397 10359
14289 2960 3350 3454 4634 2115 2822 4635 3834 8657
14290 667 4476 11702 2881 1362
14291 2960 3092 1742 2049 9147 4262 394 11189
14292 7190 787 10663 715 25 1337 1030 7483
14293 6752 1119 1766 3220 11660 10328
14294 2199 10201 1903 5135 8270
14295 4870 3621 1307 2396 280 5797 6388 4047 4940 6328 1240 267 4656 6311 4880 1399 1243 365 3883
14296 2094 2161 876 173 4435 11303 2557
14297 8972 3691 4768 5228 6417
14298 3466 1078 4142 8245 2594 6433 1594 851
14299 3280 3366 4446 2890 1338 11457
14300 10733 699 5913 6351 4276 9742
14301 5165 5824 7924 6861 11586 11035 3694 6292 3877 2036 7886
14302 2359 2735 1671 3236 3857
14303 8477 2003 5972 4268 8299 3228 3614
14304 8861 3624 5895 1962 701 7275
14305 378 1577 1189 10454 1765
14306 6199 6046 1617 1777 6128
14307 7344 5511 6482 8410 6297
14308 11734 582 3067 11737 4161
14309 7541 7204 7542 6357 5995 8981 5999 7207
14310 9275 8303 10318 10330 2939 1305 6420 8199 594
14311 465 10890 6274 2887 3830 8751 871 1460 2866 9694 6095 2867 5227 2125 3924 5007 1070 1069 4399 832 3482 3481 1644 3597 4000 3011 800 8906 3588 5805 11041 5806 11231 3928 758 1869 5986 144 5017 4337 9525 3343 5933 3473 3559 2146 5937
14312 5094 3372 1836 9854 2571 3290 3472 7107 10783 603 4757
14313 9016 808 8239 803 1188 2848 3061 7392 3936 1539 211 1048 11561 1766 7121
14314 1639 6738 5091 264 985 3518 1897 1898 9 3916 5387 6532 5014 3423 7171 999
14315 11743 3779 7749 986 11588
14316 9849 785 4142 2767 784
14317 889 2116 1646 954 1573
14318 4895 3947 4906 9560 3351 2890 7681
14319 9593 1517 1113 6781 362 4880
14320 2786 5055 10965 8321 719 3084
14321 4568 3019 315 10778 8969 3026
14322 1756 11276 8829 10510 105 3900
14323 1005 1885 3676 1023 8937
14324 3997 3547 294 4304 6986
14325 2637 9138 8943 3551 415 10427 10876 3884 356 4046 3689 8360 3502 5289 1461 6307 284
14326 6199 11093 2446 435 5570 1998
14327 481 1283 10400 2864 3578 4166 3618 5631 2567 260 2435 3689 157 679 1113 6109 2484 6270 6291 4505 5103 4005 963
14328 2248 2094 5410 8329 7088 5378 2645 6933
14329 4301 5255 2305 6717 6688
14330 4599 310 1726 4003 2806 2691 1164
14331 886 2867 3922 5832 7536 946 5404 1644 4051 7310 9196 362 2756 3056 510
14332 889 3620 4230 420 3636 6622 6985 1269 2433 495 424 1014 1511 3340 2234 2436 1380 6246 6267 4910 4770 594 1572 959 5987 271 3714 4077
14333 7501 3257 628 9427 826
14334 148 9230 7399 2628 8721
14335 3238 8519 692 394 10964 9887 6157 10577 3205 9829 7413
14336 5695 832 7825 806 717 303
14337 1618 2090 4184 21 10229
14338 4609 310 5090 9529 2816 8204
14339 1970 1903 3146 3799 9452 4331
14340 1201 210 8231 1970 5588 783 6517 7975 1164 4894 5480
14341 501 6195 1235 1510 322 2188 8237 2149
14342 4369 6942 5958 1658 5580 10062
14343 4127 11316 1903 3897 2837
14344 167 3211 5929 4216 754 755 360 1644 169 529
14345 632 1661 2378 4362 1565
14346 676 2310 11634 2539 6123 6794 11356 7743
14347 725 3593 9425 5206 11267 303 8333
14348 6119 1276 351 446 7606 371 5590 8788
14349 10447 8926 4223 6573 1767 6887 2518 2806 3098
14350 3141 2305 3512 21 3357
14351 4589 8037 932 3449 10162 1583
14352 210 884 1270 7867 3446
14353 1998 1813 2096 8160 304
14354 932 2907 2724 8217 3771 4736
14355 10278 2084 1299 8236 1721 2385
14356 4323 10251 6743 6660 1585
14357 6474 10208 8479 11434 203
14358 105 488 6944 4511 7602 2065 2446
14359 8908 1796 8780 1587 11119 1277 11569 7781 2687 1586 1588 7349 7133 4762
14360 359 537 6724 9022 4880 1651
14361 8579 4873 2972 4033 4874 10604
14362 8857 2366 11355 8031 2352 11509
14363 1198 3496 1283 2537 247 5693 2953
14364 787 8136 4791 2672 753
14365 432 6198 196 3045 4079 1057 1432 529
14366 1051 1718 903 5504 565
14367 7832 390 9067 4840 3441
14368 7582 407 3180 2424 5773 10937 8896 10080
14369 3117 357 3717 2040 264
14370 11289 2996 10451 5660 6238
14371 7369 9716 7051 4148 3731 1393
14372 10805 418 11563 1240 4822 1180 89
14373 6806 688 1461 3102 690 1701 11662
14374 10903 11555 1143 2733 1882 2160 1970 9711 6224 715 9605 6093 9707 1371
14375 6406 291 3358 687 3950 6395 6531
14376 4867 7635 3371 7615 218 5433 10196
14377 703 1033 1709 709 4110
14378 10901 1595 1775 2037 4004 11336 2735 1484
14379 4025 1742 6132 5577 5779
14380 11618 5520 1718 8115 7922 341
14381 5729 3401 845 11064 1943
14382 6190 5268 5483 4365 10849
14383 6621 6590 922 198 9892
14384 1982 10264 1173 1881 320 11079 2111 2212 128 1502 5528
14385 3666 6200 35 5078 1775
14386 2911 896 7751 6856 4036
14387 11709 5641 221 478 7237 428 9685 809 1284 4838 8437 8234 6473 1605
14388 3997 7874 9581 4154 974 11178
14389 8012 7035 7036 1127 7033 9248 7037 1932 9252
14390 5666 68 2090 4667 7855 3447
14391 1238 211 1595 1565 311 9926 2367 2229 569 2161 9278 7212 10660 1734 177 4557 1365 11011 6478
14392 9013 6397 6168 6058 2136
14393 10333 5284 5224 4049 2689 4271
14394 3336 2433 11185 11141 3055 3924 946 4227 537 4735 2900 6779 7369 7257 9317 9919 758 4774
14395 651 1954 2012 9769 4392
14396 9812 3733 8878 7586 7182 8860 2921
14397 1311 5052 2233 3561 8947
14398 1425 1742 3996 11518 6296
14399 2225 656 10561 1906 7319 1043 3351 6744 5154 10056 10533
14400 889 9700 3620 6464 531 11398 2742 9788 4059 1718 3421 365
14401 4683 5177 5618 105 7577 5489 296 2371 10705 7546
14402 5451 139 1329 25 4414
14403 4514 139 5474 8952 5924 4950 10519 7603 5565 7029
14404 7591 842 9402 809 1201 4766
14405 6808 6619 3489 1792 632 9671 1224 4751 3333 4210 2560 3694 5791 11755 11297
14406 7353 6332 6941 9743 3611
14407 10906 1811 6648 7025 1333
14408 5708 8726 8306 9105 1504 3351 5193 100
14409 2098 10485 7435 10017 707 5482 3233
14410 10378 7576 6183 2327 10849 303 3704 10850 5893 4460 3979 10381
14411 842 803 7835 5423 3532
14412 7993 435 3827 2169 3689 3925 4502 5381
14413 6773 5959 81 2501 831 3744 272
14414 2282 9476 5382 8686 7454 5980
14415 3745 2301 10524 1143 2727
14416 1132 6503 3170 407 8866
14417 1727 8642 9293 6550 5046
14418 8782 785 4142 354 141 1223
14419 7061 5894 5169 8320 3978 3983 1701 11029 10912 4840
14420 488 5692 105 8457 8598 10279
14421 1883 1456 8926 2855 5557 8646
14422 466 2094 4502 1009 583
14423 8308 3641 7428 7348 2653
14424 7507 7063 704 1683 5794 8103 6597 2100 930 5776 4458 5481 927 5989 3517
14425 808 10890 4766 2508 3680 3061 804 656 4675 5549 934 2308 6071 2933 53
14426 1756 10302 10899 481 1201 808 6042 1287 8932 7152 491 1816 4247 465 9446 7147 4891 224 225 6632 9766 1460
14427 2534 6300 6259 2809 2414 6301 7462
14428 674 825 6600 2516 794 3680 662 322 9048 10733 1471 5676 1925 868 615
14429 280 3689 1265 254 3502 6591 6869 3690 5286 7515 988 954 2699 2754 924 5720 6820 5531 2652 5407 1651 11257
14430 3389 7955 6350 5481 1829 3516 5752 3517 703
14431 3136 715 10723 1305 3002
14432 9020 4476 4133 9136 2535 5554 1358 7426
14433 448 1550 2823 10827 4252 5475 8712 8810 1589 5095 11275
14434 5600 984 6754 2376 5928
14435 2928 799 615 8357 11561 3931
14436 9140 715 6551 4821 10932 3919
14437 1605 1818 785 7653 8896 2762 10810
14438 1164 5839 9059 7044 3088 1460 806 1409 796 4654
14439 6044 3009 2996 6821 1739 819 815 817 9803
14440 2084 2044 3699 1032 9968 3493
14441 5215 2965 10081 6513 10710 4943 5682 6939 5851 6514 1587 11528 11119 10702 5397 4163 9273 1299 1833 7759 7760 7761 7758 5775
14442 8303 2433 269 5068 3169 6080
14443 3238 7028 6905 3047 3824
14444 4946 3854 5972 401 5578 5449 2068 122 3104 125 1624 2622 6930 749
14445 1858 3982 1618 303 4880 7885 8394 8850
14446 1742 10882 5236 10444 4354
14447 5168 1281 3100 254 1868 1645 1566 6307
14448 237 1033 703 7305 6921
14449 10215 351 394 3455 5772 2776 2971 9764 10516
14450 1919 2223 446 1059 4783
14451 11068 2518 1457 1047 10451 10206 2632 4187
14452 5069 1002 1276 2275 4972
14453 745 741 742 4392 5258 3829
14454 2942 8843 8137 2728 3765
14455 10963 10586 5496 10482 2205
14456 1290 1349 9711 3470 1705 2255 7244 3545 1014
14457 11197 2446 5889 891 5062
14458 255 9371 3622 3201 10587 145 452 796 9320 5009 7987 5100 7641 6328 951 6247 162 1872 8781 6825 3342 6750 3168 1651 6872 961 4090 3115
14459 1201 5641 879 1947 4244 10838
14460 4134 1093 1097 5295 1092
14461 1360 1973 1557 10752 15 16 17
14462 1201 8240 1302 10723 2978 890 5056 10566 5099 2436 4661 2091 924 1652
14463 7393 6054 187 2885 3389 7375 8669 5092
14464 10092 954 955 350 3371 8689 1853
14465 79 5611 1321 3236 435 2506 3568 3827 352 3925 359 281 758 6290 3868 5933
14466 10143 10402 11340 3997 1727 446
14467 5751 55 2193 1428 5748 417 10920 4712 11304 970 684 9115 9839
14468 1501 1413 82 2002 938 11153 6859 2136 5349 9091 10537
14469 6749 1233 2429 4230 420 496 5523 950
14470 1596 6602 3061 3666 5144 3293
14471 7558 5734 1175 7557 5736
14472 3465 4504 1481 4117 3215
14473 4514 4294 9300 4241 6005
14474 3683 7083 7987 2173 1565 921 5800 4161 3342 953 10726 998 9531 2149
14475 2852 6582 667 2160 1205 2295 486
14476 8322 4458 9250 1523 5853 1033 3252 303
14477 933 5112 194 3523 5509 416 9439 11031 3397 1625
14478 4574 649 7887 11706 647 11311 3591
14479 2710 6805 177 6024 7510 5528 3104
14480 1901 1902 11243 7863 5858 11244
14481 291 8488 4428 8770 6692
14482 5838 3388 2201 2501 3743 486 1197 11470
14483 1175 1176 7557 7556 7558 5736 5735 5734
14484 7908 3488 21 1618 7196 92 1763 1171
14485 2421 85 5509 488 8776 6038 10457 4817 10868 6633 1140 2279 7514 8767 6112 768 8812 609 1443 17 5233 5992 5246 909 23 8457 632 1718
14486 62 4167 11389 4976 5525 4446 5545
14487 2052 4060 5080 11541 7595
14488 6116 120 1911 2223 6329
14489 4374 9407 5889 4402 394 3454
14490 2193 1428 2446 1032 8776 7546 4815 3184 8761 6009 2239
14491 3847 3614 9889 6296 7168
14492 3180 7452 6665 10004 353 947 1518 6934 268 681 6311 3849 2138 2140 956 4990 3473 5987 999
14493 8300 832 8919 7282 3060 1582 4827 4948 8067 10071 396 9381 4968 2530 8396 5821 3144 398 4484 1021 1022 2057 1024 2464 1020 105 397 6477 2025 7604 1164 7634 2107 7871 9127 52 3350 674 2562 2777 1420 10847 136 1156 7684 7176 3822 7015 325 4431 9669 4394 5489 11018 2473 6861 400 3636 2989 11110 6234 5965 5966 985 1551 25 9826 8813 2806 2531 5217 5218 11443 11444 5879 10346 9599 5867 10386 432 757 8719 8591 5125 772 6638 4281 2469
14494 17 8829 8052 6717 2951
14495 4118 5701 5181 3316 1216 1551
14496 6491 3784 4898 1104 11473 1837 5091 3716 5541 734
14497 452 2248 3339 145 3580 6246 1868 5167 3102 4210 1461 6825 4661 2926 2141 6307 8687 1652 4741 2147 3555
14498 343 3403 11407 6320 4899 1096 264 4805 10699 11739
14499 3396 338 3533 8117 3060
14500 1961 1799 602 715 862
14501 3087 6798 84 2240 374
14502 1146 2915 5481 303 389 390 393
14503 11368 1286 2341 4903 6965 4806 7329 188
14504 10552 4065 4112 11443 11444 9119
14505 4164 1420 6204 6622 2250 5248
14506 2269 4128 99 2175 6543 4031 5515
14507 6955 3195 6046 4621 8627 10649
14508 9037 2784 2240 4671 1999 6050 671
14509 2185 3536 6734 7128 11259 815
14510 7168 3045 11432 6227 8461
14511 1355 399 781 6880 1413 4836 290 6549
14512 20 10763 183 10306 3250 666
14513 9295 4332 4253 3636 4929 7434 424 2169 296 3011 4651 4268 6220 1244 7256 9047 3519 5378 2487 4878 954 955 9688 4776 2873 5013 1982 9401 961 3423
14514 6633 11212 9151 1731 1999
14515 6503 1210 6401 5259 1375 8690 5554
14516 148 1799 1287 6422 4578
14517 1241 8112 11317 4442 846 2916 4286 4387 4271 648
14518 1231 3638 1742 3405 5719 7437 2873 10426
14519 2190 8562 5616 3979 5161 444 2158 6773 1880 9902 4827 2929 11483
14520 7936 7930 7932 927 928 2379 9619 8831 9620 4082 7869 7503 7940
14521 6651 3961 4780 8489 11348 10850
14522 8460 1845 3701 8885 217
14523 7644 983 3094 6967 7467 2518 1707 1847 8664
14524 11241 6898 2435 9727 6805 10757 9167 8888
14525 7880 7792 10893 6179 10772
14526 1855 9477 3925 4112 1477 6059 947 9739 3580 1867 921 4161 6290 5010 1646 7900 6014 3342 6270 6291 578 4280 3422 3252 5935 10534 9531 8855
14527 3695 10919 1583 264 1196
14528 353 1377 1512 4768 6014 4880 9568
14529 1823 10662 5236 8323 1337 7931 314
14530 2600 1520 8173 8829 6717 6688 2951 9200
14531 3558 7757 9341 3444 7802 5969 6578 10651
14532 2212 1500 2235 4470 7139 427
14533 1661 10655 3890 1247 6425 6539 1850 6429 1847
14534 7107 10783 7730 1286 603
14535 7084 4739 501 3113 6852 505 1580 1579 1382 5016 1388 4269
14536 6937 9348 6199 4926 1718
14537 1631 3019 7934 2650 3018
14538 3449 1988 11538 1806 3656 2604 8036 400 7457 1399 10202 10553
14539 2206 2591 11695 11281 7026
14540 5006 5523 3111 4479 2170 5007 3435 739 1312 1581 772 10241
14541 373 1409 1432 3956 628
14542 2720 949 11436 4821 3532 7145 2022 9516 1232
14543 11708 8579 8617 10465 2924
14544 3722 6814 3597 3598 3482
14545 2589 2542 3351 1206 5981 9429
14546 481 7539 11583 2421 3871 8019
14547 1496 2977 5197 2859 5656
14548 667 11660 10495 374 231 650 10868 9121 3996 5896 4529 519 3277 417 627
14549 5677 3072 3123 1078 3873 7255 8058 3492 10422
14550 6041 799 1289 440 2209 1766 8728 765 1409 1801 321 9428 11694 5934
14551 6858 7799 4006 8112 11089
14552 4167 6141 8412 3145 9913
14553 11032 10641 898 903 6690 9131
14554 2329 11309 5960 3774 6654
14555 6419 7739 4889 1576 1089 10889 3063
14556 6789 4221 1353 8936 4192
14557 394 5598 5889 325 7176
14558 10842 397 2529 10053 9799 6016 2464 6814 2563
14559 9977 6845 674 1165 7405 2036 8300
14560 3979 10013 7054 3704 4780 1891 6451 10335 7061
14561 5098 10972 10957 2462 6404 10904 11114 9105 7954 2207 1694 1617
14562 11700 8378 9526 8737 3483 7118
14563 440 3212 84 6962 9429 2128
14564 351 428 2359 3163 1078 9835 6931 10572 11260 3064 7586 3940 7456 1908 3920 8261
14565 3431 4103 1731 4128 2553
14566 10290 5902 3890 1247 10922 3919
14567 1599 2718 2670 4189 1807 5649 2698 1518
14568 79 5125 8591 374 10088
14569 7968 634 4512 6024 8198 1415 7143 8815 975 4040
14570 780 92 757 8755 2225
14571 1170 3386 867 9102 5317
14572 1052 607 95 7183 1584 5901 5825
14573 10837 8875 11408 9590 5030 7935 1933 9696 7952 6196 9697 9380 8285 8277 8286 9378 7941 554 11149 5031 8014 9586 3540 9645 8011 1061 9698 9699
14574 9477 3337 353 6594 2744 3692 7749 4768 1898 4161 3207 3479 1582 6417 4658 3697 6270 960 1574 6741 4090 5935 6062 4091
14575 5242 676 1532 4511 1531 5812 1557
14576 1525 6374 6375 4461 9762 6376 8233 6098 9758 10875 9759 9993 9760 8590 6456 2263 8332 11386 3983 4722 243 11164 10436 10617 3978 5149 3966 3985 9400 5796 2323 3442 5158 8143 99 1609 9846 10036 7123 5148 9266 5270 6286 3536 3975 4443 5170 3958 8801 5271 5157 2322 3973 3441 3993 5647 1301 2185 8505 116 7380 6911 6912 11646 3602 3604
14577 1775 941 1772 9789 4911 5792 9011 5115 3265 4849 4684 8846 2562 8689
14578 2116 5006 3111 2169 5106
14579 2359 3053 1001 659 1970 3073 666 2160 5480 2194 1207 3146 1834 343 2661 1205 755 354 407 2727
14580 9366 2723 5194 7547 7597
14581 10221 11042 3767 1451 3768 3769 11689 1874
14582 4043 8360 4227 6594 7417 1573
14583 2165 670 3026 6644 4969
14584 6873 8836 6 1014 2988
14585 3743 10628 8666 8632 5087 5090 1499
14586 1196 10832 568 1555 2767
14587 1683 5989 7071 5438 5435 3517 305
14588 1320 288 1443 5575 1444 5093 866 3098
14589 846 6464 799 3788 4735
14590 10764 180 11171 11417 3749
14591 1639 349 318 343 6164 162 3442
14592 11713 3532 2408 240 3285 3704 6349 5198 7658 4444 6827 7301
14593 2157 5838 11283 301 5110 6709 2993 6431 5336 725
14594 9711 7064 7031 1924 1120 10395
14595 5101 4567 3181 4466 7006 8404 7214
14596 795 2371 326 2111 324
14597 4625 1413 1635 5304 9225
14598 1603 79 3630 588 7951 8906 5304 6417
14599 114 495 5512 1982 3202 7854 1566 8237 953 954 9702
14600 966 582 2811 6602 6194 672 8796
14601 9294 5600 3809 1326 161 1414 1408 855
14602 4114 11175 6043 6799 4456 7831 4297 10112 578
14603 1010 11025 10142 1663 8212 798
14604 8039 8389 3866 6419 3666
14605 686 10626 3532 9417 8179 5555 7286 8624 6164 4998 1880 5992 10724 862 3351 8042 6147 4582 11655 6258 6925 9045 8348 5949 7326 5822 122 5309 8775
14606 4809 9714 9713 9668 545 4755 6596
14607 4110 394 215 9184 10567 2212 6670 5491 2997
14608 933 9013 7980 3323 8030 3270 8033 8032 785 1603 4692 2352 3457 3014 5040 3454 729 9761 5498
14609 7091 8584 4201 10337 7090
14610 3349 8072 403 3102 691
14611 2368 9514 11382 367 3238
14612 3326 2294 9126 3072 2284
14613 8644 4981 642 2 7494
14614 9246 494 1718 2531 2588 6690 4953
14615 1425 144 11672 7784 1014 666 4070 1871 6014
14616 5085 11742 9779 4007 554 5788 556
14617 2224 3547 2540 3258 3805
14618 3134 11190 2916 4478 4117 11008
14619 5453 248 8276 858 354 167 1432 7548 827 9505 7317 7339 6240 448 1056
14620 211 318 92 1289 799 10665 3313
14621 8032 8031 3352 2350 6341
14622 1852 4428 3605 7826 5163 2322 11145 1301 3904 10032 6453 3253 8385
14623 10811 7717 167 6944 2448 602 2602 519 1360 5137 10362 1710
14624 7029 507 1217 343 2660
14625 1970 8424 6748 10139 2022 416 9337 5574 4568 5649 5961 5320 6023 144 10260 11589 1354 4588 9733 594
14626 4638 7127 4826 4828 1923 1331 468 6209 6712
14627 6819 8453 785 3732 10125 10270 1375
14628 6536 5623 9441 6046 3005 1240
14629 10484 8650 8649 4993 4994 4995
14630 9090 4542 2929 252 8730 6860 7405 1435 4981 7699 102 3855 8911 1079 8947 4036 8221
14631 21 6297 714 184 4404
14632 2551 8591 81 374 4382
14633 2452 10486 1953 6704 330
14634 715 291 3685 1642 353 2744 1511 3412 1317 7697 7814 6107 4735 2091 923 7374
14635 3134 230 3801 118 870 567 11512 10765 9516 1880 161 6520 5733 5221 9172 1734
14636 542 544 5781 9715 536 539
14637 415 10122 310 3894 5869
14638 8972 2168 6317 3925 3407 3695 7480 947 2111 4161 5382 3134 4771 3583 9026 6825 3585 2311 3698 4338 2888 1534 6793 5938
14639 8041 11347 7465 2938 6236
14640 1321 2502 519 186 291
14641 1797 9567 135 4926 4158
14642 10987 1250 8956 9658 5445
14643 780 244 3936 1368 2225 434 4040 10077 5286 9052
14644 5659 6834 9748 9502 8347 6734 3025 2998 3032 8084
14645 1758 1756 808 7360 3677 11080
14646 9037 2598 2919 3373 11075
14647 7096 4407 6354 2468 3165 1375 8702 7095 9322 8408 10444 8191 10579
14648 360 528 6459 2161 3209 7410
14649 2329 8748 6587 2355 8274 4711 10179
14650 2094 6140 440 2378 1164 1705 9625
14651 8139 8267 5647 2659 779
14652 771 1835 7779 4478 8861
14653 5619 1289 1592 1867 7483
14654 1877 5268 1701 5261 4420 4463 8544
14655 9605 103 5346 10181 2005 2684
14656 8471 10234 3022 8495 7890 3021 3023
14657 938 1776 1249 953 5931 1064
14658 2189 8385 3253 9825 3977
14659 3831 5823 7931 314 3721 5813 3910 1845 8471 3720 7882 7883
14660 1057 8409 5642 1143 2727 446 8096 2717 2369 2620 2378 1197
14661 2506 5227 1477 7791 2147 5282
14662 9264 9645 9647 9380 11179 4986
14663 4750 2458 8500 7229 1550 2823 8211 7908 1395 4937 2607 3098
14664 1796 1192 3531 2598 9673
14665 5182 4795 10562 8379 8012
14666 10906 54 122 1800 4116 1718
14667 10973 1281 6057 4501 157 254 2744 3479 3932 144 6270 3169 4880
14668 428 1766 81 530 139 5029 9541 5806 11231 8566 8721 5323 4271 1664 10223 572
14669 1000 338 1781 5632 1180 2833 155 3611
14670 5567 1943 5580 10062 2685 10709 1034 10076 81 10042
14671 343 5170 4420 1701 3988
14672 4231 495 945 500 4650 946 503
14673 979 1156 105 7864 5511 10529 6038 3780 3005 2290 2529 5845 6405
14674 6204 2446 7475 6353 5819
14675 665 6430 6773 2725 5808 1482 2967 9114
14676 4241 3852 2431 5672 983 8984 5965 1513 10352 6809
14677 1954 874 932 318 148 2502 822 322 3159
14678 3119 3721 7931 6475 3078 4104 3694 9655
14679 9113 6304 8674 8706 443
14680 10732 372 85 1835 11748
14681 4096 8448 5660 1628 915 10320 909 477 3027 6759 838 914 272 25 4431 1857 397 11184
14682 2670 7636 2555 1006 2 529
14683 6484 7587 11474 5346 2684
14684 765 399 4836 8607 9091
14685 932 660 7161 5467 9873
14686 9238 9235 9236 7940 7036 8012 7037 7033 4509
14687 6617 8916 89 6353 1326 5122 921 5947
14688 605 10740 2441 575 632 5136 162
14689 9570 1523 1742 2599 2294 3387
14690 602 6048 7871 9783 2254
14691 5622 5322 11756 4510 7369
14692 4112 498 1236 3925 5009 318 3221 7420 4772 281 3104 758 579 144 3106 785 1197 4337
14693 5940 434 6162 1594 92
14694 10220 5545 2367 11234 2900 1114 4512 8323 2916 832 6768
14695 3180 1611 343 2079 3454
14696 5622 11756 11466 11307 9025 6303
14697 3611 1166 374 1467 1393
14698 7550 2860 10471 2562 8930
14699 8842 11431 1474 2204 3129 6400 2111 1360
14700 11253 1276 1753 2468 241
14701 10144 3291 11366 484 3552 1513 2135 7626 963
14702 5475 699 2391 3611 4655
14703 6493 8896 2248 1672 6335 8938
14704 11402 1241 4669 1742 872 2946 9589 9590 9942 3203 1583 5564 3305 105 7600 3189
14705 11587 2359 3163 149 8926 10175 9167 8816 1225 1833 4466 4555
14706 4702 11372 291 8270 4335 5812 3691 3692 4081 3926 1566 1394 1111 5719 1581 922 5010 1113 1312 3103 7989 1835 7436 3420 5450 122 579 4879 2754 718 2144 510 2145 2146 2148
14707 1661 4402 2950 2087 435
14708 5274 5797 3695 2749 1870 953 924 3849 4880 1243 3425
14709 290 1481 1807 6141 6304 5180 8738 4520 3835 97 8916 10679 8708
14710 1224 5457 9456 3949 5823 2790 3636 7762 2993 8479
14711 6274 104 9975 10188 6277
14712 10141 441 11746 8298 4069 7603
14713 2858 6105 7901 3620 308 1676 3291 145 3998 3164 937 8225 8569 1870 2926 3930 364 2798 2142 284 6307 1244 3883
14714 706 2096 5481 5434 4154
14715 8175 4950 11723 9337 5649 3428 10721
14716 5533 1131 2279 11663 11751
14717 7162 9844 3403 2623 1296 2156
14718 8193 6051 173 2907 84 11194 2248
14719 10104 6013 674 420 5006 10465 10873 1653
14720 7905 10563 7357 10737 6968 2462 9064 7916
14721 5403 6627 3803 519 1090
14722 2832 11565 7669 9724 8400 11089 2856 333
14723 11119 4315 8553 2374 3100 3205 5931 337
14724 1047 2388 968 5808 8306
14725 5543 25 2175 2581 11734 7325
14726 4738 3619 1642 9476 1269 4501 2740 3792 1316 4399 5653 6682 7815 7769
14727 1120 1726 2195 753 2628 2544 2917 1557 2136
14728 9684 10997 2815 8709 1918 10327
14729 7582 4668 4595 3357 8341
14730 1062 11480 1784 9261 9264 8 6426 9646 9647 8214 3540 7388 10837 9861 9263 9109 3537 3538 3539
14731 519 2002 676 9784 9288 5022 2136 6653 2647 7266
14732 1018 1414 11305 4222 2216
14733 483 5518 3080 949 7082 9623 10097 3520 5757 10670 9624 3795
14734 1151 1152 11462 7356 7357 8561
14735 3551 2396 1510 500 6869 1073 7641 2499 5625 4168
14736 4236 1288 5677 481 11054
14737 105 1496 4689 6834 5495
14738 1818 5225 4239 9842 7065
14739 10260 4145 3515 5305 276
14740 4839 7361 2274 10245 1621 9767 6041
14741 11590 4871 1149 7972 6967
14742 8820 3785 9491 564 2058
14743 2838 8222 4973 11604 6889
14744 5249 10154 1853 7082 9687
14745 9822 1556 758 3415 648 326 10277 6246 7234
14746 7484 11257 7104 6851 8011
14747 9113 11302 342 1624 258
14748 2181 5423 5424 1661 367
14749 1971 6484 1883 1884 1962 1381 10082 3632
14750 1709 7874 1395 388 303 9604
14751 889 2116 419 2396 5006 1069 2170 739 1312 1239 2487 954 958 2756
14752 4727 10036 10684 10762 5147 4432 3605 9846 5963 11041
14753 3800 1086 1851 1385 10297 609 3789 2177 5295 3715 4587 2534
14754 6923 1292 8811 1258 9982
14755 9173 3806 3036 8841 7423 6047 1222
14756 7546 8001 3117 6667 5543 6670 2261 4130 3034 1435 2993 6471 7782 5779 2651
14757 6985 1033 1940 2433 7813 1237 4045 3730 738 8094 7435 1240 7876 5625 4074 4881 9655
14758 1879 2873 3042 4776 954 955
14759 10615 6037 2710 10775 6619 581 8155 9152 1292 9396 1425 2369 8887 597 3374 957 10194 5593 1302 2590 368 2800 3360 52 9365 287 8326 1162 8565 3226 2453 1550 5334 10080 1844 488 2191 297 120
14760 7073 1830 3516 10285 3517
14761 5440 4094 203 10469 9587 8282 5183
14762 2003 7768 8803 459 5133 3946 167 5125 11228 5076 11199 2065
14763 11433 3675 7020 3660 845
14764 9122 1761 4334 3336 1308 5009 4314 1644 3221 505 1388 283 953 1650
14765 10188 226 10214 5191 6272 7995 538 5961
14766 514 918 6591 505 3692 7767 1196 1556 2915 6794 2141 9013 1553 758
14767 10514 3096 1863 7057 3981
14768 5914 1057 1471 10138 9819
14769 9552 936 1228 2111 7413 10677 9673
14770 2898 8032 2351 8028 8034
14771 5594 1702 8824 8534 7703
14772 3181 795 8962 291 11190 3047 3460 92 6506 79 4478 7365
14773 2593 3255 10317 1205 5141 2217 11393 7121 7512
14774 10898 10835 554 10833 5028 10837 1716 10834 4880
14775 5875 300 6959 3860 3022
14776 6387 7578 564 6925 6706
14777 7147 11099 1757 1201 6564 2355 1118 6441 4421
14778 2232 2233 3381 1036 4036
14779 207 7595 7267 1555 758 1196
14780 1321 2858 1411 2504 3811 6538
14781 9966 2098 1189 2371 947
14782 8396 5822 3144 7583 2490 11446 8849 2531 10633 10895 2489
14783 6995 10074 6441 2741 63 9662
14784 9618 5728 3680 3587 1057 5125
14785 3899 1666 4117 610 173 2883
14786 6130 9275 7531 2930 7429
14787 9499 2972 1523 698 10879
14788 983 3688 2111 3583 7900 992 9478 1249 953 4234 4880 853 5103 284
14789 3022 3701 10667 11460 10652 7795 10540 11036 5061
14790 514 6027 4161 3341 4091
14791 1379 2251 2035 6405 2651
14792 1584 1208 4032 1159 343 764
14793 3982 99 1891 8332 1852 2190 2660 5776 303 388 389
14794 4733 3162 1353 8075 4886
14795 6928 6450 2213 4394 11456 1510 1414 10685 727 2884 6605 5195 486 3249
14796 2327 1375 3991 8894 10790 8430 7691 1718 1360
14797 1523 5279 7366 6599 3516 5461
14798 8580 8517 1035 3839 3001
14799 3332 4751 5569 5837 10929
14800 8494 5630 1882 2160 456
14801 1472 4101 86 10111 3500 5365
14802 7710 177 6201 325 4769 4631
14803 2698 267 10982 2388 3460
14804 1164 8401 277 1919 8177
14805 715 8634 8841 7582 2815 6462 1937 1340 9456 4833 1899 1857 8182 9814 6800 10425 489
14806 4138 1557 9331 4746 2136
14807 9439 4347 1973 11047 1301 5617 2101 6328 616 617 11088 7864 5866 9443 3188 8570 7180 3644 5251 4951
14808 1880 4030 936 2225 84 799
14809 5162 3704 10862 4430 5538 6288 10243 1716 2790 3285 1879 1854 456 10490 11551 1891 8469 7124 3975
14810 2683 4898 264 3781 2065
14811 417 6667 1632 7066 3064
14812 391 2966 6536 2363 4317 4318 4316 2681 4518 9704 7901 5168 4259 7434 3337 6317 3504 4047 5928 920 2746 7697 8183 678 3102 5382 1522 2136 3342 4234 924 3421 284 9568 4074 1573 6111
14813 8162 3995 4683 1835 4608 687
14814 4916 5611 10140 5984 11474
14815 6722 4764 2482 768 38 7334 6627 1208 3379 2856
14816 6801 2034 1721 11603 7973 5305
14817 7885 394 3024 3900 7378 8301
14818 4817 3325 8833 325 11010
14819 2374 704 8515 703 707 929 1680
14820 5687 1337 52 2600 3357 1700 1339
14821 2000 897 4191 7271 4575 5433 3158 1775 4323 666 4830 2081 4791 10864 8414 1156
14822 881 3288 6473 375 9247
14823 6554 10370 2413 2301 3618 3579 3923 3039 2744 5500 3414 6909 2109 7749 3589 443 988 1645 7989 3341 281 4661 3847 2221 1572 955 2925 7769 3169 6444
14824 444 11697 11622 8591 11573
14825 1663 8738 3649 11578 5962
14826 794 4331 3678 1368 7413
14827 2488 1358 3046 10724 3540
14828 10442 952 5011 337 3996 11683 1651 6307
14829 3754 2013 3993 10862 11376
14830 99 1745 368 6112 10218 166
14831 448 4 8115 4372 4945
14832 10626 5845 4299 8118 1853
14833 7267 11167 3736 1052 81 530 5185 3953 9395 1196
14834 4886 1963 1256 10314 6448 8542 4234 4411 718 756 1081 283 8543 8541 7413 6714 5331 6291 9159 8955 11454 9160 5936
14835 7186 6554 1801 785 4299
14836 1201 5587 2208 4247 1751 11511 842 6186 6587 11673 810 148 1661 10278 9780 9481
14837 632 715 1338 4328 4027
14838 2670 1408 374 292 1041
14839 5639 7391 2909 11015 5776 720
14840 1201 6647 2389 9043 6815
14841 2319 8440 10558 6405 10636
14842 5163 4421 3605 4354 1854 2189 10032 10849 3963 5617
14843 4845 7801 264 7580 8690 11722
14844 2635 6448 5927 282 8542 4160 3342 6291 283 6714 11454 9160 8547 649
14845 2164 1925 173 5564 3616
14846 703 2151 5279 5435 6407 6599
14847 1188 8630 6241 7738 4195 37 986 6459 5661 5067 9078 2415 10643 7028 408
14848 6491 1523 1862 984 4899 265 10069 3198 851 939
14849 2847 343 8061 166 2501 11017
14850 6335 3481 4843 5197 6405 2645
14851 3830 768 2796 8677 8970 3917 7803 777 248 1263 857 379 7508 11324 257 9804 92 2866 258 416 8820 374 9600 8180 5717 5611 356 142 3579 4262 3618 5373 10735 7167 1509 9410 1838 3820 3871 1295 424 4335 2742 1257 609 905 2129 9682 11361 2746 3161 10454 7282 7749 1053 1111 992 5011 923 1388 3554 2289 1572 9495 3181 4279 9496 5387 4280 841 8945 4091 4005 2146 1375
14852 2022 2021 8986 1857 264 2464 2757 2009 8218 8017 3999 4342 62 1691
14853 240 8986 2189 4913 3705 3704
14854 1005 8104 1329 2989 845 9548
14855 3337 2168 4533 3204 3689 254 2397 5322 5967 832 3100 2127 3921 1369 8237 708 2229 578 282 533 3848 3586 1651
14856 11225 1766 607 2510 4486 6436
14857 2160 6248 1133 4446 2248 7453
14858 303 9770 741 5258 1714
14859 2907 1190 7788 6813 8659 4936 8661 2684 1606 4111 368 8337 3695 3103 8739 3388 3104
14860 674 918 2609 1580 1312 1074
14861 7930 7928 9697 7935 7943 11179
14862 8630 972 1885 5521 2123
14863 2094 5441 11163 4937 1960
14864 2503 9616 3680 757 4622 822
14865 341 4336 2983 2216 3396 7101 10039
14866 805 9082 607 4930 448
14867 7320 11570 8199 10757 2629
14868 481 8310 5646 1287 5675 1671 9119
14869 8068 4461 9762 6374 6375
14870 1288 783 4236 4241 5955 4351
14871 1278 1586 2715 438 4250 6464 7145 2963 379 4339 2987 257 1676 4929 3291 916 3924 280 626 1510 4314 6480 7625 919 5928 3729 8622 4268 6724 8569 2204 691 990 3912 6368 4167 1113
14872 79 9618 92 3244 4116
14873 9411 7879 9407 10795 674 786 155 7351
14874 495 3688 360 6591 2170 505 1776 6852 322 1579 2131 7697 7641 8183 4002 2873 7846 510 9921
14875 5239 1311 847 2232 11426
14876 465 2343 951 162 6233 5598
14877 3400 3037 419 5611 2506 7895 3419 2806 3343
14878 1811 10183 972 7345 134
14879 10935 9042 99 3727 55 4679
14880 10382 10666 7480 10597 5159
14881 4864 2563 935 3934 952
14882 9782 666 1583 8796 7413
14883 479 6473 2316 8037 1550
14884 5475 9525 4626 8218 3737
14885 2911 2820 1036 4036 3965
14886 2964 7980 8072 4801 188 6479 1008
14887 5498 439 10960 3181 1636
14888 8722 11529 3743 11319 343 2238 4833 3564 1227
14889 3834 831 9350 2695 11683 11332
14890 3873 6733 2830 3388 3496 5801 9410
14891 2633 9053 2550 1531 2760 2044
14892 8622 1565 309 312 4024 3664
14893 2424 9190 2562 7930 7805
14894 791 2486 8896 10362 3792 6058 6107
14895 8026 8263 1882 5694 1544 2160 4381
14896 6513 5627 5649 7291 261
14897 1165 2539 2541 5591 9896 3625
14898 5348 1224 1678 9343 6622 6681
14899 438 10711 2294 318 2561 2047 7277 1710
14900 8934 8176 898 7352 735 166 3180
14901 81 1190 354 6956 2402
14902 7014 8055 1185 2536 3328 5348 413 1191 2248 1560 2229
14903 6276 2774 11078 1523 703 11435 1998
14904 139 23 6291 8630 1005 5546
14905 1718 5700 488 2882 5600 7514 1301 9400
14906 10052 4515 1711 3817 2566 5652
14907 694 5543 1807 8987 3742 288 1811
14908 11546 1032 7549 10707 9958 1 6409 10336 10567 8701 2856 779 666 2094 6579 5306 8355 2085
14909 715 6972 1456 311 10012
14910 7354 5587 9538 4870 1668 1132 2964 5080 6789 11613 2155 5693 11382 1375 4798 1316 1613 5081
14911 7318 10006 9120 3919 3317
14912 1944 4906 8040 11207 198 5462
14913 438 1775 6811 8688 9397 2388 3019 2553 714 3125
14914 496 278 4501 5228 6872 5103
14915 86 264 10160 7134 4137
14916 5901 5509 3226 6387 2655 1849 4483 1302
14917 4206 1639 1510 1317 2134 8455
14918 1446 5951 5194 4707 5304
14919 7124 10490 7125 5148 7123
14920 294 842 5836 1472 9718 97 3836 179
14921 219 7616 4244 6041 1621
14922 7799 1626 3780 9814 7363 7424 7425 7554
14923 9556 2460 3961 6509 2717 615
14924 11753 2282 8472 1865 5797 2180 3980 302 6779 2397 3730 5317 7060 1521 2221 3342 5655 2754 5106 2147 5282 3423
14925 11599 6608 10438 2471 2750
14926 7724 10469 5856 6084 6085 4155 8010
14927 659 7474 61 5432 1912 4588 213
14928 2212 7029 252 7668 1464 7647 7917 757 2501 6885 7582 3494 5831 434 3773 6107 10802 2205 3257 3890 1247 8824 10679 9119 7181 2014 9120
14929 9323 11435 2447 4490 2448 6805 4849
14930 8065 1879 303 388 389
14931 7838 9957 1279 9788 1577 11406 1957 1124 10920 1125 1126 4716 4066 5154 7989
14932 1132 465 1667 2615 5529 4023 1194 781 807 81 3998 10022 2911 7632 3358 6216 6189 486 2096 144 5769 5304 682 772 3582 2091
14933 1599 105 2820 4532 4151 4734 2024
14934 4225 388 10167 389 2593 390 1273 8771 9962
14935 10348 7848 785 394 5204 6976 2801 10585 973 974 9093 292 5090 5087 4924 8582
14936 1947 5501 10506 2238 803 6798 9831 6441 426 90 1316
14937 165 6998 822 9312 4411
14938 2463 9255 10581 343 1000 2593 7163 3161 5185 4764 5405 8948 25 5869 1242
14939 8070 6848 4606 7605 6459 1732
14940 5764 2116 4165 10876 3338 4479 5404 6869
14941 786 3136 4626 11276 3666 2985 4488 10929 4264 9898 122 367 4817 1247 670 7599 715 9489 345 6634 6364
14942 2328 5169 4420 3961 10566
14943 7086 2894 9701 11216 4373
14944 5187 3199 3034 3401 7262 3487
14945 8692 11215 1703 470 2308 864
14946 9883 9268 5982 682 688 7294
14947 4335 7854 5404 4654 6444
14948 4589 294 5679 448 8171 9709 8070 4903
14949 2961 2774 1965 10450 11408
14950 3256 149 9598 11308 7188 4204 4036 8716 4385 7568 3 3358
14951 962 1742 8068 2562 265 9241
14952 1599 3850 2238 6142 2161 6296
14953 2488 6196 26 7105 4918 5305
14954 1764 4827 2823 11339 1247
14955 10395 7472 10244 1732 10328
14956 2571 1428 303 446 667
14957 3732 9478 9679 5933 4004 4198 4621 3698 3421 963 5937
14958 5677 3756 10343 255 1673 368 6903 5889 2911 9055 4043 3336 10825 736 5672 7815 2731 10046 7596
14959 6128 4342 1691 6670 7716 3009 9405 5051
14960 10698 3836 9667 5982 8130
14961 1154 3374 7276 120 9601 6677
14962 5627 8535 5324 3146 2917 2708 3093 2875 4448 2241
14963 432 2163 7181 9154 354 3776 2711
14964 4317 2375 1603 48 10969 1604 1792 3472
14965 11500 11275 9412 1231 328 1132 2521 5107 665 3134 9634 85 876 8911 3085 7220 8958 2161 188 10454 610 343 9347 399 2265 2012 2744 5287 1819 3269 4572
14966 7084 99 913 5797 3168 4880 3423
14967 8958 10828 9770 364 6719
14968 7834 9671 5048 3854 4260 3611 615 5656
14969 4864 7913 10904 10290 10796 3950 11090
14970 7126 1663 2115 102 6424
14971 1755 1661 2355 6584 5318 215 901 9337 1364
14972 1496 4031 2218 4374 9614
14973 955 1718 3037 5168 3921 3203 4260 2124 6388 2746 1387 4161 3519 4771 9009 1572 4880 1651
14974 1827 5481 10017 8102 1684
14975 1231 3560 3502 3688 10270 364
14976 9430 4886 6448 282 8739 6714 7787 5936
14977 8972 3138 1643 10717 9019 5274 4650 5797 6739 3730 3930 6837 4880 5380 6872 10544
14978 5705 3851 4551 4950 3890
14979 1851 1413 6493 10449 662
14980 6199 3455 5701 7382 5790
14981 238 5647 11617 303 8562
14982 1198 1057 1925 10377 1608 2347
14983 2563 244 8591 374 10088
14984 1982 1333 10063 854 2072 9452 6233
14985 9482 428 6194 274 8652 1278 4545 901 6315 7559 5684 812 417 758 676 4048 1574
14986 1268 3053 7000 2238 2502 799 3238 974
14987 3630 11666 4934 8747 4812 2838 11520 4117
14988 1055 3483 4819 2645 2166
14989 11450 11229 4530 10109 11659
14990 525 10830 5216 5710 7551 8967 1360 21 11176
14991 11026 240 11066 4984 8986
14992 10230 6680 4527 9596 9117 417
14993 8141 351 1164 2766 670
14994 3182 1472 6858 1603 2332
14995 904 6589 11465 11563 7073 1683
14996 3560 272 5653 990 7791 1651
14997 99 2185 2323 11029 1856
14998 2367 9996 296 5540 4915 1967
14999 10733 3097 1292 8472 1865 3705 8457 488 10559 1296 3285 5170 5596 4850 1298 1745 1673 11069 5355 4903
15000 2451 10326 4162 9398 10588
15001 81 4978 2536 709 9663 379
15002 2623 351 469 11463 7717
15003 9958 5826 317 8833 7732
15004 8819 6794 6653 2647 9130
15005 231 5449 4027 5337 7676 11266
15006 2190 10519 2588 3368 7227 303 388 389 390 393 3388 165 1772 1734
15007 7119 10775 3527 7194 3312 1802 10477 1262 6132 8381
15008 6962 81 286 1599 1023
15009 11712 8216 6017 359 5196 11394 10524 1391 8323 9275 9272 10187 5982 1896 205 9180 537 3481 3597 3598 3482
15010 1100 1941 1838 2903 4133
15011 6589 9776 6277 104 10412 8892 6275 6271 5165 1508 889 11107 9944 11179 7387 357 10298 6779 7822 7358 10323 4910
15012 2858 6748 1032 2197 413 11566 4551 1228 3337 3919
15013 4261 2697 6229 7340 537
15014 528 9618 82 290 8795 1287 3082 7919 3379
15015 1743 2299 2377 10360 1679
15016 7774 6409 11350 10015 10293 9281
15017 2414 8903 7586 10476 3795
15018 1505 8809 11349 634 4512 4513 637 9677
15019 4468 9664 8670 8671 9214
15020 3455 9029 7605 6689 32
15021 390 784 4029 2487 7068 1525 389 10530 8757 4566
15022 5423 2033 7062 3689 3181
15023 148 1727 8004 4533 5349
15024 2349 517 3107 5675 10310
15025 92 5758 4241 4040 370 2983 7601 7619
15026 1375 1198 8624 6164 1881
15027 2094 666 1335 5142 5724 312
15028 1033 8515 2097 1709 606
15029 255 8304 5227 2289 4269 990 1075 2630 5021 8686 5012 2752 4277
15030 8320 7060 3254 9400 3986 7302 10854
15031 4106 7233 5653 621 6265
15032 7610 1550 3891 709 5637
15033 2956 9512 5115 6621 1206 3388 666 10996 2222
15034 4586 187 1187 11543 10866
15035 9256 6413 7648 10219 3783
15036 4054 10983 9482 9627 141
15037 11634 6314 2804 9433 6123
15038 4424 2183 3285 4421 6452 1891 6548 11571 3704 3536 6827 11348
15039 666 5704 652 2161 1718
15040 5082 5051 622 2175 2581 6786 8878 7833
15041 4626 1835 2916 458 459
15042 9152 11679 9127 2740 7195 5349 3845 8913 9181 11294 4129 3770 4468 11731 4902 1109 1783 5430
15043 2341 3665 2212 11054 11509
15044 2225 2942 530 40 41 8104 448 6555 322 4675 84 4886 9926 1011 1039 803 823 11190
15045 11234 4098 488 2232 832
15046 857 9677 8390 9168 1257 4599 1238
15047 7270 354 529 533 7009 7010 10203 8814 11124 5207
15048 1018 11019 8422 5056 3119
15049 5876 7853 1289 9289 10683
15050 10401 2430 2044 2336 2529
15051 234 2319 1917 8306 492 10714 10842 11665 7868 8170 4793
15052 748 11041 11231 2414 9736
15053 6737 673 258 2120 10305 4112 2868 144 528 353 1676 7382 11117 3856 6645 11174 3771 1392 10780 359 6839 537 360 5928 4047 3581 4940 2115 4635 7697 8094 265 7214 9066 5228 5653 4654 8361 4773 8828 5017 3166 595 5106 5021 6750 993 5018 5019 3931 4050 5012 851 2143 6904 4280 5934 2146 2148 5014
15054 1289 2501 440 82 1600
15055 6455 7538 3752 2190 8562
15056 2823 8838 2365 1583 5185 5026 9474
15057 5589 7807 4824 2595 616 4270 6429 264 423
15058 495 3922 5009 1565 503 7987 7641 4049 6306 6290 8828 3848 2754 5933
15059 11181 10191 728 89 308
15060 3738 10063 8182 666 5318 7136
15061 5433 8254 8965 901 8169 9865
15062 6503 9691 5605 10576 2037
15063 656 3238 2832 787 3383
15064 2291 983 3700 2854 1842
15065 9704 10714 25 1738 8325 11663 5662 8969 9000
15066 4343 2471 9958 2307 5010 680
15067 7198 6842 196 819 11373 6754 1249 1523
15068 8220 3611 3467 8791 8316 1500 2 988
15069 10237 9404 1790 2195 10068 6169 11620 1789 8286 8290
15070 6436 11154 368 10978 9924 5600 1870 8614 10057
15071 1661 338 5629 10736 2615 6887 530 5862 799 6477 9507
15072 207 7449 584 7115 5174
15073 139 175 21 99 3442
15074 9847 4755 7822 8906 547 110 536 10030 3480
15075 7721 4694 4687 4705 8028
15076 6718 3019 1137 4381 8643 5683 6879
15077 8472 2180 10559 5316 2186 3969
15078 4846 4504 6654 3774 90
15079 4156 9920 753 7467 666 7892 2078
15080 4764 37 38 2838 8246 3280 5449 4117 1826 3392
15081 8901 9137 11453 10861 9736
15082 327 303 10588 388 3891 1342 245 11190 1998 7526 7282 2938
15083 2018 188 3008 11469 7981
15084 8402 659 632 7747 846 9001 9044 9462
15085 2575 1237 7536 4479 3011 7625 950 1312 1074 3042 4776 2873
15086 146 147 2911 662 4196 792 2384 1180 3403 5729 1983 2821
15087 6731 5253 10699 11739 6717
15088 717 6946 4379 394 4335 5983 2199 628 205
15089 7671 3891 9386 4162 6164 4101
15090 1775 3156 4131 4670 8238 7118
15091 1086 6822 6256 7965 3012 10524
15092 4137 2828 11453 10861 2824 6529
15093 3090 5686 5732 779 3162 2728 2706 6316 10415 6826
15094 2066 2728 1963 6329 2072 79 9437
15095 11684 6514 6716 2094 2227
15096 8180 2505 1564 4827 3926 5931 3206 3102 4481 284
15097 1904 7169 1961 2034 1362
15098 5176 97 4450 148 7736 2805 3366 2594 4184 1734
15099 5677 854 6913 862 868 10267 869
15100 5576 370 1748 1798 3616
15101 2906 4887 1183 7000 5825 11600
15102 6803 3764 1415 2444 5383 1418 4581 3997 432 6353 7046 37 207 8677 4590 2814 6236 9360 3209 8171 4565 4039 10415 10804 6346 169 9467 6436 11582 7364 1045
15103 303 388 389 390 393
15104 3458 1408 10600 1778 9390 9191 3160
15105 7884 1031 2501 3936 3588 9650 8175
15106 10896 665 217 5441 5177 1223 2255
15107 3388 215 1260 2299 4293
15108 3531 444 171 1792 1605 1970 666 4590 4884 3222 11393 173 4981 5549 937 9091 20 3269 1216 7512
15109 2987 659 1181 5480 610 4945 5524 9045 6543 4831
15110 6701 3034 6466 3934 709 4593
15111 1018 11305 6464 6100 7264 3290 806
15112 889 260 4046 3203 2397
15113 5679 2443 290 782 1164 517 11215 4294 3430 1047 6562 130 5965 5307 4073 9192 7045
15114 4112 891 4929 1311 1578 5021 2091 6307 4052
15115 2782 10101 6113 4945 2591
15116 177 6573 38 2544 3379 8862 3623
15117 7693 3171 3466 6248 7741
15118 6737 7880 11383 6810 3801 1289 862 873 4515 1834 860 7174 9013 1375
15119 1947 7331 478 2641 5641
15120 11335 8881 9317 741 9691
15121 4679 11657 11272 7396 3196
15122 2448 6395 6443 2069 3506 9423
15123 650 5827 8409 6440 6413 4036
15124 2311 453 2068 4609 972
15125 6464 7918 2867 4261 3337 11295 983 356 4046 6079 7420 2692 3228 361 922 758 4657 6417 3468 270
15126 936 2502 5176 4502 3566
15127 10749 7215 1032 3569 7212 2691
15128 9138 11758 803 244 1765 5976 2504 3101
15129 8950 1705 11181 2023 6914 11387 6915 5494
15130 11077 1244 2911 3053 2232 3381 1036 4036 1864 1653 2233
15131 8740 352 1132 6200 2069 3814 1481 3257 7754 1583 758 11401
15132 8362 11121 9671 11520 2216
15133 6250 7190 1727 6251 2544 6731 717 5363 1834 5295 2250 7242 4214 11224
15134 3680 3244 2066 4143 3955 81 7412 1816 7413 4229
15135 3262 2563 428 286 103 2222 1215 79 2584 4387 5611 8195
15136 2319 1772 1383 4904 723 9625 3653 9215 3614
15137 492 6983 10946 8441 3454 25 7093 1731 3147 1180 5865
15138 3491 7167 11465 7116 394 1496 6130 7105
15139 1283 8128 1947 3677 2543 9864 710 9485 374 1670 2720 7624 7905 11142 6540 1141 8453 703 9189 10876 273 907 5561 4611
15140 3164 3600 48 5832 2891 1505 186 7192 216
15141 2627 3862 459 155 10282 1918 6459 3725
15142 10104 6599 1687 9675 9839
15143 1756 1287 1754 3477 1661
15144 1854 9825 3963 8474 11646 3964 1301 1927 3983 5267 3965 5170 1865 3969 3970 4463 2190 1892 7380 3962 3977 4460 2397 3704 8713 10350 116
15145 1078 1659 11555 666 7840
15146 5348 187 8186 3269 754 162
15147 3921 3827 6852 7641 4740 5289 1869 3931 853
15148 2773 3012 4437 11640 10622 7465 8081 8496 5495 6260 4009 8006 8084 7891 7172 10845 9906
15149 6943 7637 7638 446 1496 6905 192 8146 8309
15150 1591 9661 435 825 6194
15151 7735 2259 9503 1721 3512 6717 4677
15152 3108 4342 9940 8082 7296 25
15153 692 8809 858 2365 9677
15154 11510 3359 4524 7432 1420
15155 5498 3290 3472 1012 9436 10059
15156 5677 4750 2293 3322 938 10906 9657 5924
15157 9882 5911 1191 1333 9002 4566
15158 55 3149 5172 10628 7492 3285 3399 10097 303 4822
15159 99 4876 8487 3984 3961 2190 6284 10912 8563 3978
15160 6087 9108 9699 6169 10821
15161 5739 10610 6648 4925 3219
15162 7059 7054 11348 8986 3975 10381
15163 4420 8488 1718 1301 2190 11318
15164 757 1368 10631 659 1355 326 947 10621 7512 3437 11393 2712
15165 220 6585 3872 757 10532 878 1188 5211
15166 10116 4637 10401 10175 3618 898 2805 8947 1036
15167 3626 6164 1909 779 1249
15168 6301 3717 2901 5541 7426 2828 6529 7461 10376
15169 9997 6648 1599 4339 864 868
15170 11575 8100 2175 6861 978 522 1522
15171 2224 4586 695 6652 6418
15172 8877 1386 10639 2614 7865
15173 1661 10923 5417 6773 6368 9754 3012
15174 9711 2933 6342 9819 5800
15175 1077 11587 846 5571 1273
15176 1916 1456 6296 8547 2332 2908 4023 1600 8734
15177 2363 1603 1166 8958 7613 6574 1599 8411 2681 292 10650 7447 6210 3432 9936 777 6299 588 10707
15178 794 3575 326 423 9335
15179 146 147 6194 318 3306
15180 780 842 4126 167 2465
15181 8548 2177 3653 10038 2536 11701 3274
15182 8995 4876 2322 2079 8996 6775
15183 889 983 9369 1643 4044 6740 10498 4775 955 4167 4776 270
15184 10731 916 11744 11092 4268 374
15185 244 367 7022 2508 5582 3256 4465 10760 11726 3779 3767 4023 5886 3349 1188 206 1550 5480 2378 1601
15186 2425 2529 1836 2815 9376
15187 6114 2217 2161 560 5610 6793
15188 4262 2717 966 446 2387 3235 779 4648 933 2536 434 10552
15189 10579 1140 8772 5590 7606
15190 4116 609 7788 444 4307 713 3820 329 898 9556 4045 3900 3189 4776
15191 353 639 3407 5985 1776 2127 9188 9688 2926 4075
15192 2536 4236 400 11144 7527 5458
15193 8103 2151 8516 703 6352
15194 5480 7837 446 10679 3281 8545
15195 221 1201 7331 808 658 7153
15196 5921 417 4257 9671 7802
15197 9384 1289 9435 6652 10577 4204
15198 10720 6454 5341 2325 6684 2499 9399 2662 9400
15199 10658 3244 2503 3872 84 92
15200 932 11046 659 2598 92 1465 9080
15201 300 105 3822 5198 11636
15202 2157 10068 2233 6656 9701 3936 7483 2416
15203 2841 11333 7203 11001 7204 7542 7540 5997 9630
15204 1197 1844 438 5113 3437 9819 9650
15205 1437 3937 937 2836 1040
15206 2733 7702 2159 1143 2727
15207 55 3650 5584 384 10963 3797 262 10009 5946 11036
15208 2266 10215 5203 9515 4953 6371
15209 794 2946 820 435 2491 9143 4051 1375 715 79
15210 5859 5863 10818 8284 554 6087
15211 1333 10600 5024 1962 7333
15212 5417 417 19 7607 3578 11705
15213 752 354 4446 7707 11636
15214 666 468 84 4414 787 2212 10352
15215 2301 1143 2727 1721 1840 6489
15216 7723 11131 1131 1932 10239 542 5781 7722 995 9251 547 9252
15217 6736 8553 10709 2134 3226
15218 6507 4101 10904 9119 11211
15219 3331 1414 5109 8636 4633 1496 2161 7050 7324
15220 3631 4999 5221 4287 579 5606
15221 4650 1517 2751 7815 4776 3697 1648 6307
15222 7975 2311 1970 667 2063 401 2602
15223 1975 1977 1978 9410 11308
15224 8028 11532 2898 4705 4686 4696 4685 11535 4687 11647 8029 11620 4691 4695
15225 528 165 428 354 1805 2501 8758
15226 11747 4105 10159 3708 8903 9896 7563 2469 11443 8232 7579 2134 2091 8691
15227 2223 177 4237 4218 1903 2544 3064
15228 1437 3277 153 6440 8200 8947
15229 89 1847 2098 6539 2097 2173
15230 4733 2391 1333 709 4517
15231 1854 4426 2189 1879 10095 1301 303 393
15232 901 10477 2294 2997 1180 7829 6011
15233 4176 3546 5877 6242 9905
15234 5727 5357 3446 9597 6543
15235 161 11053 10112 2042 7271
15236 2216 127 1704 1496 8328 3487 893 10996 11710
15237 86 5362 1539 2037 1811
15238 148 4287 4299 8790 9840 2097
15239 2435 2977 1115 4308 750 5883
15240 385 8140 8535 7328 8483 10461 900 3826 6207 7710 2265 7199 3534 2660 2956 166 5358 418
15241 8003 7015 1143 2733 6641 3953 3533
15242 3622 259 7778 4262 2743 358 2742 2923 611 1380 6244 1060 6800 6246 1023 361 3104 1872 953 1521 3880 5570 9278 5230 4505 6311 5013 4279 6110 4005 4091 271 7177 6080
15243 1848 4126 3666 10930 7886 400
15244 5864 1196 758 7411 3597 8947 951 6158
15245 1699 9206 7818 6631 8043
15246 2115 1712 630 9769 2562 8440 1713 10190 4440 3493
15247 7612 2703 4907 5965 3953
15248 139 1882 7021 3090 1120 3368 366 8565
15249 803 3081 2433 4046 3688 3204 10951 9320 4002 7791 690 3422
15250 2354 7160 9627 2353 3149 3872
15251 84 803 893 440 832
15252 7354 1822 6592 786 11220 5066 11083 8632
15253 10130 2511 3569 5582 5900
15254 290 6466 2445 1529 3589 5346 2684 7041 1078 2518 811
15255 1736 2094 2501 7582 434 4938
15256 717 4339 2680 1428 6648 2212 1601 188
15257 5689 9473 4237 2598 7917 2248
15258 2235 2928 1369 4331 8796 2111 10934 7413
15259 932 92 1368 3244 1801 3467 2076 2764
15260 3269 10900 10966 6243 7637 715 2540 5570 10351 4319 1769 1768 9091 9842 1673 7638 6926 351 6353 446 11501 4386 936 2950 100 9242
15261 1634 3778 11146 6987 1678 3594 9167 1556 11636 4300 1113 4173 2059 831 6573 1208 1225 851
15262 303 388 389 390 698 1889
15263 177 4027 5337 2311 2911 6024 5835 3389 9398 2594 11740 3765 10127 7927 2072 2578
15264 8514 6194 753 1057 5188 3845 3897
15265 6865 1242 2696 6938 3055 1311 6327
15266 9424 9447 4631 2279 11663 3298 2574 6713 2622 7601
15267 1599 92 1998 820 303
15268 7441 177 2353 10766 33 37 1207 9529 4845 1826 650 5684
15269 898 5700 4339 2457 3901 4631 4319 3299 3911 54 5309 385 5986
15270 6448 6576 10314 574 3208
15271 465 4568 4747 1236 9180
15272 590 5597 10855 10403 734
15273 1428 303 388 7832 390 393
15274 177 2160 1884 1207 9348
15275 1879 255 4943 1293 10779 1639 2959 394 2259 3337 2745 2397 3112 2234 715 1332 4878 6682 1567 4776 5057 6192 2873 958
15276 8060 1756 1276 808 428 4645 1376
15277 2224 4978 1321 2209 8796 6602 5048 5113 4040 1333 1335 169 1886 187
15278 11728 2251 1214 9049 1693
15279 2422 7226 1036 3457 1180 1561
15280 3215 11358 7523 10216 1014
15281 5728 169 1058 1811 448 1730
15282 6471 4887 1628 153 857
15283 721 21 8392 714 4404
15284 7486 11276 5511 298 5546 2484
15285 303 1523 105 632 1889 2588 2058 7703 5993 21
15286 729 9131 5150 6740 6424 270
15287 4446 2295 1531 4287 1113
15288 7574 2563 1995 468 4792 966 10502 1325 8206
15289 794 2348 286 92 1313 440 1170 4750 1955 1500 318 1743 1078 3933 153 4513 1835 3835 97 637 8622
15290 2394 9787 4059 10200 9788 1090 8743 11601 357 7446 609 4940 8275 1571 362 5987 270
15291 8390 11291 2102 4598 9985 9986
15292 79 9950 3628 86 8457 1 768
15293 5498 707 11612 4822 9655
15294 7790 5523 4430 5652 958 4074 1652
15295 11160 8748 11352 645 3677
15296 11393 4542 3611 2398 1967
15297 4141 2621 6555 354 345 4159 11485
15298 1915 3999 6022 9311 3 666 11660 1510 9643 2501 3284 9658 1363 3494 1457
15299 3936 7039 149 3358 291 2126 10524 806 3373 2516 1551 8720
15300 2171 3221 2131 1579 7697 1369 4002 4771 3207 5933
15301 4511 3182 3997 11130 7963 1268 2084 186 1237 3689 5136 3504 10435 2609 5066 4399 4651 5259 2784 3428 11450 5475 1113 3928 7332 758 2389 483 3473 3464 2144 6741
15302 1859 6124 106 9139 8378 109 108 4756 535 11495 4043 11491 9876 8742 6273
15303 10819 9589 10820 7034 9236 9238 7945 9347
15304 2836 52 8811 1183 6059
15305 8434 7299 3581 1260 674 2079
15306 8061 3824 8762 5118 10576 7325
15307 2277 2276 5420 225 220 222 4839 8964 1617 9518 5696 2355 9309 11757 11161 368 166 1886 11012 469 653 2312 10373 10374 10408 4550 447 7868 9687 4256 7733 2044 2979 9246 2255 6877 2015 4080 2562 260 5091 7434 723 8459 186 9970 4259 1259 2745 3405 832 1107 264 3715 1094 10953 4047 10513 3831 5823 7931 1845 3411 4940 3720 5813 3910 6490 7282 5288 4768 8094 1513
15308 6462 812 1676 3337 3258 3164 4909 424 4046 1067 2740 3556 502 5009 6852 5985 7368 1511 3221 2923 3412 4266 3691 4230 5227 611 4232 3336 6267 6246 1023 6101 3102 691 4161 4772 4770 3929 758 7791 144 3880 6750 1649 364 2926 365 6110 959 6061 2145 5935 4091
15309 7023 1962 6923 3 2383 770 1132 661 2544 7253
15310 7019 3871 5055 5256 4949
15311 3454 6786 7865 3429 3457
15312 11205 1102 11340 3651 3652
15313 6966 5545 4638 4826 11483
15314 368 486 718 2836 8363
15315 5875 2660 1716 4928 1879
15316 10338 8584 9145 11040 9325 11166 4875 10189 11391 4602 11414
15317 2588 8809 248 4480 10164 3255 4101
15318 2267 6182 5260 393 303
15319 810 4733 8076 379 2432 1562 3202 626 3039
15320 7524 1251 2161 5395 3742 5153 23 4158 1732 4342 9331 1132 9671 11182
15321 6195 517 10532 6378 662
15322 7616 1756 810 10257 5123
15323 6453 2191 6286 899 4443 4148
15324 1409 4216 10569 1013 4886
15325 10702 6939 11349 4512 167
15326 7898 2526 1052 4241 6326 11651 9728 6032 1056 6307
15327 6673 6746 7475 9791 11413 499 2396 1237 1317 6869 3011 1073 3730 3112 425 1517 11317 1504 6328 5752 6704 6405 4441 1868 1748 1567 1522 691 4113 3104 363 4505 3035 4104 9372 9868 1244 8687 6741 4076 7440
15328 1606 1078 3194 9030 1600
15329 528 4751 6473 9942 1672 3325 1596
15330 11162 11697 3002 1371 2529 2554
15331 10772 10773 2777 10770 9501 10592 2994 3006
15332 399 6561 4750 528 1834 3102
15333 9391 8920 2577 1461 646 6937
15334 11708 8169 5872 3666 8624 8548
15335 7826 5796 3969 6454 2161
15336 1304 1235 1511 5278 3928 3169 284
15337 6715 2258 8338 2341 9998 468 378 1279 9910
15338 3228 6265 2058 5993 21
15339 1831 2313 3456 11139 737
15340 6915 11459 10622 216 1480
15341 4239 318 6542 2501 1662
15342 6948 3323 5370 6961 3609
15343 8725 5440 9444 3241 304 89
15344 1517 1109 2176 3914 2418 70 3070
15345 7818 1923 2645 6921 2559 9455 9332 9450
15346 7144 8640 779 9796 8717 3093 6825
15347 702 211 10499 1766 2515 5915 291
15348 6464 5523 5356 5404 6869 3692 4273 4091
15349 1882 2482 5717 7547 8917 1705 1532 8596
15350 8294 3847 1260 2472 2065 3119 4961
15351 428 131 221 808 1947 210
15352 11522 432 5045 8120 11034 1617 154 4926 122 6499
15353 7632 1601 8007 141 7363 2937 1204 3199
15354 3618 273 2584 6388 2288 1578 426 951 3468 954 4234 6837 594 5301 9702
15355 8323 5622 6016 914 851 7973
15356 11378 1295 92 456 2774 8688 7965 8272 1435 5550 10918
15357 827 8784 5675 9565 726 10477 2295 1662 4655 10282 1332
15358 3117 3500 1861 3233 6760
15359 292 1051 4640 5223 41 6110
15360 9094 4584 970 7991 5190 21
15361 3856 4634 2115 2822 2299
15362 8370 5119 2376 6510 6368
15363 10663 9661 7465 4037 10450
15364 4877 3494 10596 11502 8917 10025 7579 8708
15365 3842 8152 3670 10764 4198 180 2262 3597 3483 4843
15366 3607 10897 1764 3606 11642 2371
15367 6436 11582 6175 9427 167 4853 4117 4864 2883 1599 5637 4977 5925
15368 4868 2637 757 10618 2739 10459
15369 1198 11612 794 3134 7393 1727 1886 584
15370 11471 4031 9323 216 4308 10779 5240
15371 7993 1867 3337 116 6266 1310 3406 1881 1069 3221 7649 3588 6027 5382 533 92 2224 781 9411 3510 2305 2544 10079 4400 1045 1368 1886 9921
15372 3704 4420 4726 6827 1854 393 5654 7301
15373 321 11621 328 2725 938
15374 841 2319 5903 5593 2697 9652
15375 891 503 1355 322 428 952 5655 3226
15376 6053 6009 5260 5316 2322 8922 3705 2180 11102
15377 768 651 6241 6434 7792
15378 4508 11479 4626 3483 5035
15379 3674 5978 11467 8308 2207
15380 217 11186 7744 8833 9381 8258 3545
15381 3253 10512 8066 6046 1718 7251
15382 6186 566 9249 5479 9174 7664
15383 2094 1548 937 8862 717
15384 3606 21 2441 8321 9435 10244 11362 8580 5041 3999 5659 9044
15385 463 3427 5306 5127 7030 268
15386 8344 7 8279 5859 8282 8277 7034 8510 5785
15387 8103 1940 7073 669 703
15388 461 1663 7359 10281 8978 1594 1766 1767 5961 1143 1196 8637
15389 4911 4552 5965 3953 832 1316 1595 6432
15390 803 2710 8106 4383 855 10679
15391 9158 7133 2510 10921 2686
15392 2593 1133 7479 7787 3342 4565 11454
15393 5229 3207 2140 459 4168 1574 3043 284 4077 10398
15394 8540 5163 6148 11655 4428 6147 941 1235 1236 6059 5980
15395 1299 5084 10098 11691 6985 4435 7382 4940 4776 9115
15396 2257 753 5892 7563 2931 10913
15397 9490 5569 11201 317 2581 2922 6634
15398 2406 1176 8705 1177 1175
15399 3921 5274 1477 1514 157 7420 7641 5167 678 1041 8237 3102 6027 1646 11456 3341 3343 4773 2699 1650 9497 271
15400 10063 10260 6332 2469 3195
15401 819 2501 64 2563 3743 3744 440 5113 8822 211 5422 952
15402 7334 4670 6595 6224 6470 18
15403 692 4557 3588 7295 4109 1275 4287 10792
15404 9506 1198 1529 660 1060
15405 3279 2741 192 2295 2685
15406 703 4233 3993 8712 2018
15407 1164 1196 370 6891 1531 1557
15408 7645 3852 10043 7 7387
15409 8104 9659 6744 8062 6598
15410 2944 4036 1320 1240 1242 1980
15411 898 5442 6282 9082 2510 4149
15412 11030 4973 11715 1332 1023 5137
15413 8398 2482 1273 2212 1584 628 1918 7530 676 2085 1532 21 1357 341
15414 5226 1297 2422 6522 8454 1384 5881 5939
15415 351 2355 5565 2376 1029 7782
15416 2621 2563 5822 122 326 4968 691
15417 896 10035 1240 187 2053 1318 1242
15418 465 1818 803 9138 519
15419 10962 8650 6120 8649 4993 4994
15420 370 1165 2709 5591 2037 7630 6427
15421 9040 338 7345 11721 6010
15422 490 4027 8228 3256 8456 6861 1119 3921
15423 4424 10849 11136 8559 3707
15424 6468 583 3546 5441 1228 8669 5878
15425 7530 1584 7572 4351 4186
15426 354 1970 7364 1903 684
15427 4239 287 8949 4836 10143 4156
15428 1188 9307 1547 1078 1773 1725 5348 4290 8775 1251 3813 2301
15429 1583 2391 1531 1113 4299
15430 2828 10861 9736 7462 6529 7461 10376
15431 10890 1283 1481 1355 1742 6018 6393 11069
15432 4686 1677 4335 4469 6539
15433 3357 3583 3473 2136 9022
15434 2653 3194 1432 23 2202 5054 1311 10154
15435 8025 9862 8072 265 7840 474 4957 7865 3429 3457 9227 4391 4389 5728 5051 4038 4010 11036
15436 79 1188 3752 1556 1113 1369 2631
15437 1175 1176 2406 1177 1178 1179
15438 686 11472 11148 5304 4049
15439 5652 2645 3165 594 4620
15440 99 11262 1609 1301 10036 5963
15441 2122 3921 4501 20 1317 2131 3113 3518 6064
15442 1131 1127 1128 1129 8288
15443 10561 9709 6549 1672 667 1343 1537 1114 4513 10582 8632 691 3090 5002
15444 4896 886 2396 7625 1073 1075
15445 7736 3543 4939 602 2463 2388 400 6341
15446 3560 2125 424 5797 3409 6290 4274 8521 924 2659
15447 1796 7115 6427 1258 5977 4634
15448 3289 726 4515 1796 2295
15449 7201 3452 3130 487 7510 2225 4555 8404 4817 8555 6497 2136 851
15450 609 5302 5136 8351 11606 1979 3193 6765 11636 3126 6872
15451 6464 2120 6622 7388 6985 5547 7420 8094 10637 3931 1245 3883 6111
15452 615 1510 3156 3483 7951
15453 11153 2803 11739 5925 4901 6110
15454 1198 1407 132 2458 2111
15455 4079 370 609 8545 1113
15456 601 5814 1958 4782 726 2294 21
15457 6590 2547 6976 6484 8952 4683 10801
15458 8215 1081 5532 21 6711
15459 2783 2308 11750 417 2782
15460 4585 214 4324 1600 1695 10407 98 1113
15461 438 4784 8838 6134 9155
15462 675 2124 3405 3556 537 5404 3435 6591 5985 1579 501 1074 2398 3042 3043 3422
15463 5749 6025 4041 415 6056 5283 5521 1584 2248 7987 6852 8749 505 3911 951 3102 122 4973 853
15464 3372 1167 2576 5121 3310 5732
15465 1489 1488 3127 1490 1494 1495
15466 25 7093 10922 9542 8898
15467 9932 9662 4737 187 1012
15468 2432 10939 6504 450 10729
15469 2847 10643 609 2697 3897 3707
15470 303 388 389 390 2939
15471 9564 10781 4518 2037 1678
15472 248 858 1173 6472 10518
15473 1361 4615 6163 576 5812 6
15474 4766 1201 131 842 10248 465 5639 1816 1283 8437 7847 1754 2359
15475 8308 2536 7915 3999 361 7065 837 906 1041 7291
15476 2741 6805 4561 351 785 6614 8857 6590 5402 5804 4116 2537 5582 3332
15477 2830 1970 1391 5203 4237 2547
15478 338 4571 457 7954 10002
15479 803 6048 97 1418 3420
15480 8302 7535 11641 5471 4087 9034
15481 8958 7000 146 147 9637 1807 10477 6144 2295 1443 1677
15482 1970 2502 1170 84 3061 2838 34 5569 530
15483 3235 264 1107 1108 1097 3715 1422 1423 6665 783 9076 845 8789 7931 8869 6490 2534
15484 7378 1721 8967 8174 3847 7425
15485 1193 2332 6932 1811 1880 5496
15486 2304 1718 9897 11430 3379 1355 441 3231 244 806 8022
15487 2182 6992 10638 5129 2731
15488 10447 455 3093 8412 8984 9950 1344 4515
15489 6037 2225 6164 2371 10841
15490 2502 9101 4652 2534 2416 4175 2342 7093 939
15491 11046 1999 10141 6898 2398
15492 10415 2917 583 3094 3379 309
15493 2796 9304 9296 2275 1283
15494 1542 1544 1826 9933 33 11587 11219
15495 10010 2955 1002 6175 1484 8531 8912 1018 846
15496 3527 8610 7676 1200 3064 7698 4875 1260 7600 10506 10217 9121
15497 290 132 4622 2073 2925 217 6073 6895 11545 1081
15498 9526 481 2443 10261 8698 2709 5066 2084 1444 5445 6728 2126 4399 6107 4101 691 5018 8685 267 1399 7626
15499 954 3930 1461 4657 7241 1294 9478 691
15500 6105 3337 2125 3406 498 3111 4479 1265 3691 7697 2131 1566 1581 3588 5719 1646 7455 1582 3880 9525 1249 2756 6872 3043 3883 999
15501 2627 4529 2342 65 7425 4905 4807
15502 6672 4053 2155 4248 7087 2419
15503 11132 1628 6815 3636 495
15504 4318 8958 7982 2978 7780
15505 1736 1417 2733 8464 367 3238 8928 7727 1143 2361 5801
15506 4571 421 10496 5701 10869 246 7691 5896 3361 325 2949 8834 9044
15507 1352 6937 9348 428 1288 11180 1029 11339 4937
15508 2283 662 1197 10118 6679 11573
15509 10415 5612 1826 9933 1492
15510 2659 472 11135 2684 198 5660 5198
15511 2322 8794 4351 1766 2917
15512 2274 4644 7861 4246 6585 5696
15513 1432 5189 4240 2882 1449 3667 814 6849
15514 1658 6661 10694 10070 1771 4659 2263 10167
15515 4856 4641 5917 11344 3379 46
15516 350 2655 8581 2475 8305 7345 6523 3046 487 7978 3411 4969
15517 4463 6912 6910 243 5262 8497
15518 5543 3454 8877 4413 2595
15519 374 1460 9972 8109 155 2518
15520 9302 8757 5516 4061 5234 5235 280
15521 1107 264 6994 8710 712
15522 11427 1726 90 11583 11423 11297 1355
15523 370 11116 10110 1886 570 3588 5800 1709 5806
15524 9326 2503 3945 846 674 347 3158
15525 8336 828 5643 303 6713
15526 8472 1701 5263 5265 238 1865 5169 3706 4420 3984 1854 10762 7536 1071
15527 4332 2429 3685 676 4323 3336 3689 5797 122 5013 10925 1399 4282 270 7627
15528 2791 5453 753 2728 6966 1734
15529 898 887 5718 3371 11013 8683 5249 10433 1614 2675
15530 2543 481 1460 3526 6922
15531 6455 5963 3602 3968 3977
15532 7100 2957 1526 10770 9324 4438 7947 8006 4548
15533 932 5680 2458 417 7871 7187 5185 11744 8069 4062 831
15534 4937 2079 1311 6678 1691
15535 2876 10311 7990 1742 6555 3995 3455 7988
15536 1796 139 874 9893 20
15537 18 10377 3845 5251 438
15538 495 1800 5450 1994 6248
15539 1046 1044 1343 9945 4142 468
15540 10553 7528 2725 4631 5888 1975
15541 1298 631 5725 5403 711 1316
15542 290 4855 4040 4502 854 165 10119 938 6049 6790 529
15543 3574 6877 5690 39 1884 2706 3162 2160 2544 318 2917 428 438 5076 4565 4027 1836 155 4641 454 6200 1886 440 10575 6321
15544 7140 2823 1343 3218 3606 8865 6648 5769 3164 4398 3444 2360 2127 3100 423 3695 1776 529 626 8094 4048 3102 1113 3929 4654 955 3849 363 924 578 6444
15545 1824 6117 4884 4105 3272 3273 3275
15546 10371 132 4225 8770 11746
15547 6048 9429 187 406 10558
15548 149 4515 9703 443 162
15549 4894 9686 1304 11488 2044 10026 4043 5056 3055 263 3405 424 5797 1311 4399 2234 2053 1317 1517 5288 2871 267 3613 6311 1567 2141 998 3714 7439 5282
15550 10833 5028 10834 10835 10836 10837 7958 7037 7038
15551 3680 851 4918 5971 646
15552 3132 9299 4227 6107 3073 2032 994
15553 255 9683 11626 379 2044 4044 3164 3634 576 1513 1579 1580 1388 8275 5019 5017 993 4269 4050 5012 1399
15554 444 7773 4368 584 448 9043 4065 3890
15555 104 6275 2410 107 9751 5778 5032 12 6533
15556 2249 5471 11201 52 5672
15557 10278 7572 9873 9643 5590 6470 5296 4027 782 2523 3496 274 2543 492 4035 479 11214 1333 5189
15558 4236 783 8605 1667 5348 2501 6193 3226 1052 2094 3693 2610 8198 11601 1438 1437 4959 10218 667 8642 11137 155 9044 122 3255 8044 7126 6250 8145 325
15559 6254 3322 5687 92 7244
15560 1531 6059 7137 3894 6426
15561 3062 1886 4079 290 468 661
15562 2887 4332 481 10427 4738 3096 5181 736 4032 11690 355
15563 9261 8 8282 1062 8292
15564 3607 9831 4210 1822 934 1408 2435 7255 843 79 5954 3305 4563 666 6699 1018 2539
15565 3547 3396 10797 1271 1274
15566 9166 9628 7844 11195 2446
15567 6041 5774 5851 1002 3371
15568 672 2454 1001 213 3599
15569 198 4079 7328 4622 2585 2451 6353
15570 5091 6244 3205 2396 5287 6909 9066 772 4210 3916 4271 5387 4282 4075 5014
15571 4733 4414 803 1666 5196 5565 7510 4 768 9598 9115 9839
15572 2265 459 1216 714 6636
15573 843 6150 147 7459 9390
15574 211 2371 3 2460 1918 3680 971 8470
15575 8692 11536 785 1342 8642 379 2767
15576 259 262 1071 2131 3102 954 955 718 6270
15577 3812 552 3383 11504 678 2111
15578 2068 3185 329 10309 7775 6947
15579 4627 8861 6128 21 374 9763
15580 286 11500 9150 11738 8059 5110 2802 5832 1236 422 3924 5008 5288 989 2091 3168 3343 683 2263 2782
15581 472 1552 2661 2802 4286 628 3831 296 5812 5203 905 9750
15582 1472 81 672 3027 10482 1574
15583 1175 10148 1176 5735 1177 1178 1179 5736
15584 99 5170 5316 1609 2013 4722 3971 11047 9288 10380 4200
15585 1666 10626 5179 265 458
15586 6810 6394 8595 549 9122 3761
15587 4294 37 2424 872 179
15588 889 9711 2127 6591 2171 3692 2132 5167 1582
15589 418 674 4368 6738 1269
15590 2655 3647 7784 1420 3029
15591 177 1970 2160 1481 351 1409 5811 4565
15592 4902 1109 11265 4441 1499 1635 5295 3454 314 6490 1841 9735 7461 8899
15593 177 2311 1057 1903 768 10766 1375 5126 3427 5127 6265
15594 2119 2598 6934 1872 4660 3165 7436 6825 4505 6418 284 4074 1652 4076 6532 999
15595 1774 661 7771 2813 350
15596 3639 343 367 1331 5246 10984 2532
15597 9285 9556 11557 5725 3995
15598 367 7190 2735 1057 2518 9429 6448
15599 1076 1077 974 252 5732 3275
15600 842 6378 846 3809 8519 1560
15601 148 3209 2155 932 973 2134
15602 10277 1408 3328 4126 798 247 9526 328 4237 10078
15603 4639 3069 7426 9028 2828
15604 530 5107 1555 303 6163 1556 3388 2621 629
15605 1349 788 2598 6022 4566 5849
15606 1093 3655 4899 4902 2244 10166 4796 8653 8795 1109 2534 4822 6259 9 2535
15607 181 1387 3105 4656 270
15608 726 5298 3659 6471 11733 10468
15609 5453 9004 11051 1420 9172 9810 912 2003 2446 3065 10603 2860 1360 5200 4529 823 1896 5210 2472 359 843
15610 1018 4101 3951 5812 317 6199 9409 7584
15611 448 1461 3494 9221 3093 10590 11230 5093
15612 701 906 10010 2498 1526
15613 2162 5535 3085 1780 6218 7925 5040
15614 1491 1489 1490 100 1492 1493 1494 1495
15615 6564 1201 2275 11678 7354 5063 808 317 3600 2119 379 3434 2126 7446
15616 901 9970 5099 1965 3228 4768 270 2146
15617 3961 11348 5893 116 6286 3975
15618 5362 139 2504 693 4516 11699 1451
15619 1040 6742 3274 3238 9726
15620 1427 11552 5091 261 10970 6135 8967 5614
15621 1005 7276 5567 8746 3532 625 1416 10620 2161 11703 7655
15622 359 11132 7650 2663 955 9617 5940 1391 3157 8228 9040 3413 3389 9425 2697
15623 438 9075 3437 7348 9717 1465
15624 1529 1321 799 97 2204 5723 2501 82 5314 952 1076 3934 5654
15625 221 1668 808 1758 1947 1287
15626 10908 2443 286 1257 2128 5927 2482 4676 11422
15627 5475 2398 6427 1844 713
15628 3522 568 2810 10173 2263 1597
15629 1813 5989 7071 7075 8149 1896 305
15630 10949 3540 3537 3538 6426
15631 6982 2502 4387 6794 7696 4949
15632 1322 5196 4383 8008 11050 790 11636
15633 8951 4589 6248 5953 2762 8277 919 9366 2916 8787 4062 2502 1036
15634 3382 468 6876 6200 5078 529 1249 8155 3226 1165 6384 2838 1884 957 34 2036 2916 3184 169 1171 1883 9434 531
15635 2637 3575 889 1761 676 5811 2395 5631 353 2742 6244 157 181 2132 986 6108 1053 7214 379 5167 9066 679 691 3417 4772 8361 2484 8275 572 1872 4271 595 8721 2138 2140 8303 3854 11719 959 6904 525 2145 4090 5934 2148 2596 648 1664
15636 8355 3196 3720 8308 1742 9885
15637 3012 4587 10419 1695 4031
15638 3694 2103 3884 4323 1965 6296
15639 666 9900 378 1335 2929 846 2458
15640 1696 1692 1694 1215 1693
15641 6371 9398 597 9885 8845
15642 519 525 8935 9816 7471 99 2602 6247 1701 1597
15643 2885 9288 4817 1300 138 6805 415 5003 5004 9741 1882 1884 1883 2433 2282 3688 3406 3689 2171 3204 6591 5286 1023 1312
15644 11525 10963 803 3345 328 4237 8299
15645 210 3680 79 92 3307 2502 9894 659 7871 4595 3337 1595 8928 4750 304 6245 2229 7468 9525 338
15646 2764 92 823 3322 5462 4299
15647 351 1408 2873 4950 8666 5600 2916
15648 5394 5865 9718 3897 2068
15649 6998 753 10575 6918 530 10192 10432 2501
15650 7909 5499 3488 2030 10792 4880
15651 6941 10206 11235 2376 6593
15652 445 10141 5480 8891 9385 11392 3316
15653 3633 11639 5260 5620 838 4744 11216
15654 1355 1800 6666 167 10944 1661 7622 3736 1196 7806 1039 3864
15655 2044 10854 11029 11028 11648
15656 5307 10184 10532 33 139
15657 8506 370 7613 407 6806 584 10765 8098
15658 3204 7987 1514 2171 7641 3911 8237 3929 2229 1568 6290 923 4773 2699 3585 4505 3342 364 10726 925 4338 1574
15659 3220 4570 8762 9608 564
15660 3388 5582 288 10010 4793
15661 659 290 2293 8171 6145 3161
15662 570 753 9269 4540 2492
15663 4887 10137 2518 1055 6258 11007 4413
15664 10923 4170 294 375 5703 1363 2446
15665 5755 2410 4365 8657 3605 2328 6373 5647 11341 8320 6083
15666 1879 3285 2286 2562 5274 5797 7536 302 6286 2465 2182 11617 5282
15667 4747 7521 338 5754 10746 5590 8527 5081 413 11613 10542 3534 873
15668 368 10354 580 1019 1457
15669 4339 1033 4031 4587 1741
15670 5002 522 379 3654 6487 8706 688 11146 7424
15671 9886 10366 1825 7465 6955 1370 2651
15672 1452 187 6166 6217 3389 2701
15673 530 2298 7954 4112 823 7413 1316
15674 5320 456 1170 3859 2482 6880 4101 3667 3999 10593 10260 6414 2653 1452 5545 303 715 364 6611 6549
15675 3200 6599 6597 4152 6855 7077 4457 1827
15676 10790 3357 1937 728 6340
15677 4358 4357 8662 5818 11506 2631
15678 5455 6199 6295 2562 6638
15679 5723 6564 491 5424 3592 7062 955
15680 9618 6890 9298 1666 3745
15681 928 2379 11685 1709 3465 11437 7073 2151
15682 10267 11315 10601 6910 9056 983 2233
15683 4079 6746 1886 3332 2709 2469 3928
15684 5831 671 10125 6748 1208 5600
15685 715 171 48 4297 2375 10492 3626 6941 1795 5403 10471 8045
15686 128 660 2598 4175 2394 615
15687 9502 5038 11184 4276 8084 7891 9746 2059
15688 2611 3630 7452 4390 4178 919
15689 7484 1311 847 9903 4652 1371
15690 5958 4861 10070 6942 134
15691 8056 10705 1704 8328 7773
15692 6749 7901 2121 4231 1281 2124 5832 1237 3202 4232 254 3414 1519 987 3880 1647 4279
15693 2971 3861 10110 5266 1451 473 8525 9323 3285 10904 1863 4730
15694 1191 3856 6645 10976 5293 2225 7530 326 938 7614 11117 707 1005 5984 6493 1313 7049 1584 6012 709
15695 5520 3107 665 445 3756 873 11342
15696 1194 1725 10767 4610 5970 11732
15697 1066 805 8677 182 3758 3885 95 9156
15698 119 1504 2084 3629 3567
15699 9018 3292 628 6163 8545 578 9450 8084 1449
15700 1010 10784 438 3129 4346 84
15701 7984 4886 4701 10314 46
15702 2258 2918 2979 2526 11575 3519 7648 10198 6516 11275 2983 1279 641 7679 9911 2562 9272
15703 164 4185 667 2074 5332 5333 874 2085 1599
15704 1165 8698 2653 11266 11300 1507 5181
15705 8863 1139 11232 8811 773 5567
15706 784 11698 1428 2740 1511
15707 199 2402 2486 2015 7414
15708 351 11220 10010 5563 6966 11561 1970
15709 468 10086 601 615 3146 3841
15710 11422 1811 468 4210 173 4882 6422 3429 3189 3457
15711 428 9125 1721 3512 3486 7989
15712 938 2469 1143 2733 2454 678
15713 4511 1555 2042 3631 758 1111
15714 1489 1491 1488 1490 1492
15715 5124 1587 1588 5493 54
15716 5589 6317 11316 4560 4580 123 456 28 6136 6687 5791 322 10212 11658 8680 1397
15717 4141 8389 1382 1720 663 2412 11300 8189 9375
15718 8518 5353 2564 5036 2348 659 799 947 9549
15719 4909 1074 6101 266 1519 7900 9478 2806 8521 2927 1650 960 2145 7440 4092 511
15720 3678 4903 10252 506 2859
15721 9187 2888 4385 4760 4806 2767
15722 2120 5066 1308 357 9188 9688
15723 145 2124 891 2434 2740 3921 2127 9141 1248 6257 7368 2086 6107 4048 951 6027 5654 572 5980 144 9525 10951 6418 4090
15724 6610 2079 513 10680 3403
15725 97 3744 7040 9829 11410 10758 6812 7413 6625 1560
15726 147 1917 354 34 5612 1733
15727 7621 9930 7212 3386 345
15728 6132 2168 6510 1247 758
15729 9320 7480 2545 2397 6779 2873 4776 364 5282
15730 4699 4366 4695 8200 2058
15731 256 4332 3336 496 945
15732 9286 1772 609 1824 7569 397 1635 1618
15733 7571 2085 3884 6072 272
15734 5779 9554 9906 4031 1526
15735 7790 5227 2170 4045 9320 268
15736 331 3381 4188 4345 9962
15737 4491 650 10207 6316 11253 368 9418 7752 338 4895 5025 9279 10115 7849 8306 299 1562 278 5385 1269 11414 1234 7199 6974 10382 4151 424 500 4045 1317 3263 4138 10028 8025 330 1876 3182 7725 10458 5167 9880 5719 11223 5010 10030 4521 990 8008 362 3554 2612 6684 1819 707 4313 10091 4280 6307 3422 7233 1211 3398 999 9843
15738 11756 5545 10872 2482 11694
15739 3063 2059 7045 1112 9941
15740 3633 891 2882 6057 495 916 1248 609 6465 3692 2094 1189 4228 1333 4573 3042 6781 6270 364 2399 2499 11358 10934 2615 10610 662 4400
15741 3753 2123 4231 2204 9652 1568 954 924 4337 1912 1194 1217 2669 5975 6062 2147
15742 2908 8539 8064 10661 1415 11670
15743 1097 10859 3654 6487 8706 1104 1096 3653 6491 3651 4134 730 4899 6320 1108 2176 4133 4132 2040 3717 8924 4312 2177 1365 3715
15744 631 11226 10923 9031 2288
15745 7451 3381 163 2319 6353 7757 9321 5567 6355 303 758 5743
15746 1713 9770 745 4392 743 2611
15747 11241 11607 1288 1893 8345 8787
15748 5281 1260 1957 8333 3967
15749 1524 4585 930 758 2136 628 2042 1196 5481 8864 8692 1113
15750 215 23 9910 9270 9541 1844
15751 9927 7048 9837 10092 6250
15752 5455 1196 3631 2281 1301 1613 3442
15753 783 2615 10927 2703 8295 4520 552 702 5222 3313 5800
15754 1497 1022 10386 468 2607
15755 10852 11066 1444 1033 4199 1940 3333
15756 808 490 932 1816 2275 10786 2965
15757 6005 349 343 3403 5865 4632 2057 5821 9594 7934 2719 7933 7797 10516
15758 2322 7385 2581 1582 7954
15759 432 4294 1867 1699 360 1644 6852 5286 2645 3418 6290 718 3697 3421
15760 294 1756 428 882 5993
15761 659 1802 7754 2204 9389 7825 1784
15762 2864 736 8398 280 4045 2360 7987 796 1477 7625 3011 254 5928 921 5101 1579 3712 3691 1073 2173 1380 2053 5651 3692 7214 1566 5167 3102 3878 3928 680 3519 1872 7310 3105 5018 1649 2926 5380 8854 2142 1912 3043 1574 5987 4075 3883 4741 2148 3714 7171 6751 10398 926 10544
15763 2680 3451 7898 4533 2670 1409
15764 9607 1452 1086 11687 8236 3147 11621 9104 8016
15765 5337 1223 602 2191 3131
15766 4868 2830 7601 11034 2388
15767 2564 9636 662 5098 9234 4566 5049 374 2212 674 335
15768 11623 9817 6297 8394 3455
15769 1321 1289 2501 2502 609 211 86 1331 11429 9086
15770 980 10427 3291 1562 983 3164 3923 1564 2433 4649 263 758 7480 3695 6936 3581 4048 1113 1522 4051 1694 3711
15771 9457 2790 98 941 912 409 940
15772 4920 4921 10748 1722 1610
15773 7167 5448 2472 2787 5762 4680 8122 2758
15774 4558 10114 782 3153 5452
15775 1360 9430 10139 1453 4815
15776 6782 2929 2877 8440 6983
15777 2502 1012 11120 9274 6908 2371 3795 9461 7775 2467
15778 780 5496 8153 1230 317
15779 2758 5569 434 8114 3438 783 6022 2212 1607
15780 10686 11418 1607 4830 10897 9920
15781 92 6411 6734 7070 1076 2501 1556 1111
15782 368 6313 377 1893 2044 259 7923 260 891 278 7434 2433 5356 6839 3409 6739 3114 2169 3412 2747 2748 2487 4234 282 3342 2529 5218 1112 1080 4076 10398
15783 10390 1104 10608 6567 1107 4545 459 11505 4902 911 906 10950 679 3803 9717 462 5622 10364 3950 3651 6719 11466 5499 4898 7160 4992 1108 4991
15784 1661 2721 777 9556 4632 2343
15785 153 7144 709 1238 7483
15786 229 2277 11159 1970 138 4817 2274 4839 1621 4246 6584 9948 7167 5996 888 1639
15787 7672 855 7619 665 5343 139 1906 1119 2697
15788 6755 8581 6243 7270 9298 7640
15789 889 379 3343 4168 960 1244
15790 394 4638 3750 11687 11438 3093
15791 2393 4430 8359 3620 812 6455 2286 4231 499 924
15792 4765 4247 7847 11757 6104 2427 7306 8398 937 752
15793 2295 551 9720 297 4304 2034
15794 333 2033 4082 1446 11705
15795 5414 5640 10301 3380 9499 4252
15796 1012 7530 1143 2727 2733
15797 528 1335 3231 953 2561
15798 10698 207 1057 9564 11717 367 3709
15799 3305 797 9763 752 3884
15800 5738 2037 486 2044 325 6211
15801 949 1452 59 4596 5921 8672
15802 10402 10751 10124 1092 1108 9973 2040 1104 10953 9496 3907 7940 4902 4983
15803 7084 980 4042 1563 1867 5521 1477 6591 2744 2109 4771 1871 533 8314 8400 1651 3046 4075
15804 370 438 4259 2212 171 11261 6353 2369 8596 1497
15805 448 10039 4097 2997 1799 6802 5495 9951
15806 6899 4550 6497 5393 3666 1808
15807 3993 4421 11029 11646 11028 3602
15808 1606 4141 4537 326 2505 2109 1198 803 846 2212 4573 446
15809 368 1721 4196 8778 8826
15810 1201 697 10018 803 2348 1287 211
15811 1284 2636 428 4970 1970 658
15812 1852 1879 4906 9848 359 3410 4910 1520 10241
15813 7164 9662 803 11214 2678
15814 4643 658 9133 5337 5701
15815 6615 3479 63 8906 9064 2491
15816 2521 4806 6555 7696 1196
15817 334 4806 5322 1599 3246 5660
15818 1605 10263 5963 11499 3269 361 3195 3189 11086
15819 10984 3183 1556 758 9043 3733 2341
15820 3745 553 327 7738 3481 1886 372 2670 8779 3738 326 1011 7783
15821 1866 496 116 1237 3792 1516 958 1574 961 3713
15822 4432 11203 11348 8089 11040 4348 3423
15823 4971 5080 609 2079 9175 2020 6668 9147
15824 7597 9523 7421 4307 3036 363 5993 21
15825 2563 9212 4101 2212 662 7271 1313 10422
15826 338 3742 715 5098 1558 2435 394 970 758 4945 2781 5593 5345 1249 3255 1180 2259 167 1531
15827 4430 5157 5158 240 10490 8143 5148 8144 7125 8986 11551 7124 9266 6455 11120 7538 5538 3905 3058 5150 7123 3269
15828 4117 3611 1196 568 3436
15829 3753 9914 4840 4443 11029 11028 11648 3975
15830 4042 666 10138 6964 6056
15831 5442 370 726 2294 10472 3797 6141 8672 7855 7515 6304 8744
15832 2161 2518 6614 4240 11009 4108
15833 2698 7227 10680 3871 3328 7511
15834 1304 2122 1308 3827 3444 2123 2394 3923 263 4926 626 7536 5009 379 1565 7640 3407 6779 920 322 1579 1580 9815 7641 5041 6637 1581 1312 8235 1387 4772 10676 5016 1870 5018 5019 5017 5020 5012 4269 5022 992 993 5021 991 988 4003 989 987 1582 3166 2924 1567 3105 6682 4050 3932 1461 6261 2484 1075 7769 718 594 690 3697 8142 2754 9839 5933 5834 740 997
15835 3741 676 3885 4204 11370 1023
15836 207 3034 1718 1338 7338
15837 6847 1463 7228 2470 1258
15838 877 876 2161 9585 1462 8093 7831 6592
15839 1770 5295 3275 107 5360 5231 5731 1819
15840 4930 6401 62 11725 6371 9398
15841 2499 5260 4415 1879 10095
15842 301 3375 1768 1922 11327
15843 886 6198 7116 2834 6492 6860
15844 1746 232 4869 1140 1946 1848 9591
15845 274 7763 632 6512 1776 851
15846 3997 632 608 345 8404 10479
15847 8346 4988 4986 1064 8013
15848 602 55 438 6329 3607 378
15849 11549 7276 1089 1197 5540 2132 579
15850 2504 1180 709 787 10174 1331 5192 7093 329 6844
15851 2448 519 2001 6281 1555
15852 641 1716 1718 303 122
15853 10964 5528 932 3293 5904 2134
15854 638 1358 187 858 1257 248 2563 2064 7779 9728
15855 883 3182 5665 6167 2332 3609 3061 6659 9287 1342 247 11740 10711 9015 5283 2122 4042 10985 4641 3619 4044 3337 353 3055 280 424 3204 1168 3552 7307 3205 1111 5016 5289 2751 6261 122 4277 2699 2144 270
15856 364 665 1189 1408 661 2697
15857 2193 3933 81 763 2867 130 6986 1052 3568 439 1529 9279
15858 659 465 842 783 1321 2502 2225 9429 6819 10531 2510 8958 182 10700 188
15859 144 145 2235 2434 280 2742 272 1380 4161 4655 4771 4168 6872
15860 10204 438 374 2917 3093
15861 6152 9540 6027 4746 579 4119
15862 872 7320 661 3358 3732 4224 1044 1886 82 1413 10457 335 1903
15863 1558 4749 8805 448 11148 1709
15864 11547 97 162 11531 3342
15865 5676 8405 165 8468 666 5406 9655
15866 11030 8154 4133 3781 3770 1108 3718 4006
15867 4515 2295 5220 6243 8340
15868 298 4684 86 6123 9991
15869 6250 7019 5337 4558 3532 379 486 5606 6401 6944 176 4946
15870 6965 6436 5441 7667 2258 3149
15871 8325 4000 9926 9488 7114
15872 9698 8290 559 10435 5000 1487
15873 280 3552 5167 1239 951 5382 9581 285
15874 889 10427 2122 6057 3827 4112 2575 498 8622 1650 2145 4092
15875 5111 8596 10596 11751 7197
15876 4640 6558 171 784 6404 1811 10551
15877 124 8442 2212 5279 777
15878 892 7616 2641 2275 7924 1653
15879 4610 4111 1982 192 787 1544 3934 10964 11475 11456
15880 8615 1261 227 215 5660
15881 8448 4494 2009 2210 8780
15882 294 2602 519 6281 4495 579
15883 1844 1512 105 3996 1196
15884 581 4745 8974 530 1471 1133 1956 1188 8338 3799
15885 889 5764 4231 7778 4909 5006 422 1067 503 1581 3582
15886 7973 10632 10391 6141 10191 1728 2070 4549
15887 753 6257 5491 3025 2137 9358
15888 697 1283 2716 8606 351 446 7731 53
15889 1018 9460 7190 2945 2242
15890 3535 10030 10530 3238 6198 20 2651
15891 3201 5008 264 6591 1776 505 6852 1579 7420 2398
15892 11423 1802 1322 1342 6887 2767 7917
15893 9234 29 1055 6372 3890 1247 2166
15894 10728 10623 855 10075 3817
15895 341 1970 4224 2157 6319 11357 2334 9432 9295 6194 8698 8527 11407 6512 6811 1880 1180 4027 4555 25 2048 3715 772
15896 3558 10393 901 354 1676 5521 626 2126 3846 4001 6739 8192 4266 3690 2746 8094 11017 5931 5167 5652 5377 1522 691 4878 3932 267 689 690 5102 954 6781 533 3697 6291 5380 6904
15897 7832 2328 11203 9372 8845 55 5538 10532 2446 4039 1076 2460 7413
15898 1218 3666 3096 4998 4385
15899 5703 4426 6011 2175 486 4886
15900 3050 11711 9 6489 4902
15901 5846 9711 10495 3933 4636 1737 5847 5850 10067
15902 428 1666 222 628 8112 1555 2042 1196 9331 2136 629 2628 9332 9450 6128
15903 4511 4495 423 575 4529 9979 5105 2628
15904 3496 1046 8572 7338 1844 4910 2645
15905 995 4811 7999 7170 7171 999
15906 7065 7241 10646 679 6759
15907 519 2001 2627 8215 1965
15908 3979 4579 1576 303 8476
15909 8737 8421 3890 1247 3919 11024 915 13 72 839 9041
15910 2259 10873 3010 10137 2085 10186
15911 2598 1861 1229 2002 4791
15912 851 5993 10017 4918 303 4669 6063
15913 10010 5474 5525 1408 2161 355
15914 349 367 488 7514 1716 3703 1717 8537 5246 5575 7733 5990 938 8192 3900 2398 4443 2029
15915 4766 1756 221 1002 808 8215 1936 9807 1523 1624 2499
15916 6248 2257 1185 3744 1473 1834 3747 6730 1691 3250 5672
15917 2257 1194 1217 2669 11732 3745 5726 8601
15918 7413 320 11410 4099 1584
15919 4112 2433 3202 6982 426 1512 3011 4399 1074 4113
15920 7376 5493 616 7504 7505 617 11088 57 5866 7506
15921 465 2637 842 6033 2371
15922 2670 11065 9303 1523 1675 379 2231
15923 794 2637 3286 6782 9466 4817
15924 1716 5711 1232 9593 4880 3425 7171
15925 11170 6736 4802 10650 7104
15926 217 384 4020 895 11004
15927 898 368 3226 2005 1204 2448 1761 2239 1709
15928 692 8805 4557 7139 427
15929 1662 1166 5509 717 755
15930 794 9882 781 132 1052
15931 2469 10538 9388 6162 832
15932 653 1678 7618 4106 8913
15933 817 1938 6709 3147 8082 7971
15934 5590 4198 2497 8226 6867 3131
15935 1796 10927 7638 5684 354 10767 20 1497 2686 718
15936 6945 7691 631 9448 10224 1078 4328 874 8908 11721
15937 5764 9477 2168 3923 1564 10717 3924 296 1265 359 5009 3919 611 5928 920 6724 1578 947 7368 4266 6800 7420 3927 2747 265 7367 5651 593 5167 5228 3588 1242 1868 6247 3582 1518 6261 1646 4657 3930 3420 5022 1648 5380 282 3342 4506 960 4168 5987 4280 271 4741 4075 2146 5935 9868 6532 8597
15938 2180 8444 3014 817 2023
15939 10047 8034 5787 2264 7626
15940 4286 10572 7888 9423 3357 5597
15941 7059 684 2294 6116 3699 1870 3704 4128 8421 8422 3110 4197 2150 6855 5820 6854 671
15942 1951 5570 2072 7161 5509
15943 398 7821 246 9599 5867 1975
15944 3751 864 4369 8756 2254
15945 429 782 4351 1272 8623 3946
15946 10379 8985 3980 3979 1715 3987 3707 10617 302 3975 8320
15947 10594 771 10728 7972 6678 4210
15948 5804 2388 1466 9220 1959
15949 3520 9561 8431 9562 7067 10132 709 6721
15950 9051 5054 785 8811 128 11542
15951 2075 1158 5611 3291 3164 1563 5521 2433 6032 5356 6059 97 612 1776 11339 5653 1113 9022 122 683 5720 5933 325 3698 284 2146 4076
15952 7405 8704 99 1180 1279 6024 3999 6223
15953 4945 8895 1088 5861 3599
15954 1355 3583 3463 1584 936 6395
15955 5903 747 11625 21 753 1618
15956 151 10887 3840 5928 4036 1847
15957 976 255 901 1639 3532 9626 2408 9627 7606 4592 8642 1742 9412 11206 7752 1866 1066 3619 425 1388 363 998 5282
15958 9684 2115 10044 3454 68
15959 1201 7591 2275 10605 2637
15960 3707 4780 6184 7380 10979 10850 4781
15961 10623 3413 2008 8463 2446
15962 432 3382 6861 8314 120
15963 7616 7615 4965 6041 1815 2273
15964 660 6053 9305 4747 11212 8157
15965 5525 1481 7696 2513 568
15966 3349 7235 2503 9037 4381 1174 10194 5090 11585 7285 4117
15967 5896 862 10496 11566 1705
15968 2038 2386 1214 5733 8374
15969 1289 3678 2482 3293 1968
15970 2039 9473 2723 715 1045 4011 122 7344
15971 1375 8068 9961 6686 11447 11301
15972 92 2536 661 4169 9360 5495
15973 3061 1089 8367 5221 571 1275 3818 322 5680 1254
15974 3336 3560 3113 3011 2399
15975 10779 2957 2958 10713 6817 2970 11246 2959 2960 8529 11078 11471 2961 1631 10865 9071 1118
15976 11323 410 5448 3690 753 6257
15977 5697 3350 11043 8463 4361
15978 664 7140 1411 4862 2725
15979 3379 2223 3801 1057 2482 1883 1884 127
15980 1005 8828 3541 2259 11470
15981 896 1218 4998 2453 11731 1611 417 3196 3644
15982 370 2276 5679 7998 6369 9977 9974 5281
15983 7722 10227 7724 11131 7389
15984 1188 428 79 7476 936 1287 567 1807 18
15985 10475 10341 1718 3658 2574 6764 903 4659
15986 562 9124 7792 9533 3592
15987 7826 7379 5815 6675 6244 10563
15988 3283 1889 10490 5271 2191 2328 11027
15989 446 8055 1249 1287 8604
15990 1368 7699 2647 3244 799
15991 1811 823 2907 79 11299 1533 1959 1041
15992 478 6564 2808 210 8772
15993 1045 1204 3323 632 2907 9313 938 8768
15994 11403 2656 8634 4555 2950 10955 8340 7289 11118 2025 5198 4172
15995 4013 4014 7271 211 3702 434 1355 81 1335
15996 8218 1896 1775 10001 9810 10936 9806 476 7489
15997 7184 2156 4027 5518 4332 9359
15998 1175 1176 7557 7556 7558 5736
15999 6239 9448 2369 1906 378 1870 8851
16000 369 3090 4216 795 311 585 6367 664 7365
16001 99 1854 3705 3442 8985 3980 1301 8387 4840 3975 8091
16002 2212 1500 1562 2 1109 444 3841 7973 10632
16003 8571 5455 11525 2817 6643
16004 1680 707 8515 1940 927 3516 5482 1829 1830 5481 6407
16005 8072 671 488 9288 10307
16006 822 84 8977 2248 3408 2868
16007 932 2908 8645 7615 444 10106 1240 4776
16008 3388 5508 11383 4140 3884
16009 3163 9745 1607 6200 1272 3158
16010 9805 4043 3846 1317 505 1645 1236 269 7989 7709 4270 4775 6311 3168 2139 362
16011 3757 1166 11342 139 4353 4421
16012 5572 6931 2079 9068 9000 9343 9484 21 5141 166 2974 5238 2872
16013 1742 10332 10511 641 1998 6297 184 21 11114 1731 1694 3616
16014 1635 3001 6705 4786 4313 1819
16015 6457 10930 3455 4784 1513 5050 79 7271 2598 788 82 5439 938 4023 6605 3046 4200 632 128 662 148 5125 9156 2303 3226
16016 85 654 9407 812 358 7854 639 2900 1168 2487 5193 3692 4081 3691 6724 7214 1897 3731 508 5377 4655 682 1872 5301 5229 3042 4282
16017 8540 7014 4846 2065 6772
16018 4563 8464 11474 6991 4918
16019 8439 11202 4332 1304 5083 357 358 612 2436 1380 6267 7367 9066 508 3420 1651 4281 5987 961
16020 945 679 4337 6750 285
16021 2911 1718 2291 1721 3357 3611
16022 2123 4479 3846 505 6682 4771 4741
16023 3939 8166 1483 6462 11055
16024 5220 11346 7474 909 579 10646
16025 1057 291 2248 4577 6637
16026 11665 138 5506 972 10158 5363 666
16027 4110 1822 338 118 4576 3183 1557
16028 3532 162 8730 1418 691 1872
16029 1681 928 9359 4098 8104 9444 8103 8793
16030 2003 9506 291 9347 10591 4441 4565
16031 10874 5316 11758 39 598 3379
16032 4765 465 10049 5069 1756 3558 9785 7493
16033 81 2637 10138 1884 2556 1916 9768 3727
16034 4950 799 79 92 3454 10167 1959
16035 8679 7608 1200 9669 3064 4681
16036 932 351 2197 4023 1510 1560 9908
16037 11195 3194 370 1048 583
16038 2573 3031 6763 5700 4028
16039 1189 9772 7614 10162 206 537 2986 9720
16040 10102 5165 5372 11463 1350 28 292 8173 6687 2384 5614 6689 3513 9200 5367 2306 10212 2688 6717 11658 8174
16041 1375 4817 1305 2316 10863 4003 27 139 1796 3951 5174
16042 8267 1879 2662 8567 496
16043 8454 3366 6952 4394 11450 8600 3351 5425 127 120 2537 1424 6901 3358 6591 6415
16044 9498 7945 9347 2041 6580 11183 11310 10718 6955
16045 6938 2696 4535 3055 3745
16046 981 3116 496 5114 11210
16047 3291 4261 2868 1642 983 5356 6724 3846 5978 3690 443 2484 3208 4003
16048 9217 2808 938 2248 8537 10518 5334 844 1824 2168 11291 947
16049 1523 8101 7481 11676 1709
16050 2952 9148 6315 7111 8997
16051 7392 8977 5531 5281 3238 444 2670 3933 3830 432 1920 9660 11423 4040 5627 3215 4240 3377 6308 10959 1959 10516 1165 1078 4782 3223 7256 9731 3028
16052 7595 9416 8431 7407 11706 7802 7413
16053 9541 2898 8033 6786 8878 11125
16054 4522 10833 10722 6172 8 11409
16055 1180 1875 5052 10418 9922 2991
16056 7392 8966 1409 81 8702 82 5055
16057 3946 10462 370 446 3462
16058 5181 2528 2343 1216 8685
16059 99 303 5041 7692 4880
16060 139 1534 1462 10312 2713 6616
16061 2801 2163 11578 3780 2463
16062 10185 10093 1307 5899 1871 900 7051
16063 10740 8667 11593 3245 4904
16064 8152 3743 7128 11626 3512 8866 1086
16065 7988 5690 8753 488 5359 6809 6532
16066 1957 2295 726 182 7512
16067 273 8692 5649 2235 2963 122 10008 1147
16068 3200 7132 4154 9675 1686
16069 11470 4017 1965 3631 758 851
16070 1288 947 210 799 4517
16071 3508 1035 11431 3670 8822 8747 8131 3998
16072 5989 929 8515 8516 4123 3400
16073 1001 787 5164 1240 4988 11377
16074 1603 10607 292 8167 9956
16075 2610 3611 6767 21 6573
16076 11100 6220 3252 3096 2340
16077 2210 10776 3775 7495 1728
16078 11309 2423 6922 8242 10371
16079 3431 3216 5650 3617 9247 9396 2446 4146 2517
16080 8965 2907 1668 4868 6632 4471 4053 7360 1287 8571 1278
16081 2099 6351 10563 9142 10285 4837 10768
16082 898 1335 7190 4379 5121 1970 2482 2544 25 1796 6498 7115 755 533 364
16083 1194 3065 3240 5182 1414 10733
16084 2505 936 2907 79 4586 11560 6048 7278 2514 10077
16085 216 5560 3834 8688 1003 7359
16086 4595 60 570 309 6107 6251
16087 9694 4325 9693 3192 6241
16088 338 9382 6648 3473 2065 3803 5055
16089 303 388 389 390 393 9969
16090 187 5748 6769 2246 2247 5190
16091 4526 2235 5944 7080 11073 9122 27 9041 443 4300
16092 7056 7061 2661 6827 4434 5282
16093 4866 5413 5111 7393 221 9685 2796 4395 428 2312 469 92 3828 2003 676 9257
16094 389 11208 393 8801 5710 7059 944 8917 10399 303 3975
16095 4489 11594 225 2355 5214 7224 6203 2675 4060 8140 901 10154 7498 3153 2972 5066 1308 3038 676 5375 1234 6724 6028 2928 993 1522 6682 2141 987 5022 1567 3166 4269 5012 5021 594 992 2099 6934 740 998
16096 2411 4031 6991 3576 1089
16097 4839 842 5876 7593 7592 2715 11438
16098 187 6602 1807 1802 7345
16099 7113 1342 8178 2472 6460 1853 2807
16100 709 11727 8427 2499 1718 6101
16101 4743 102 3611 1560 448
16102 1588 4758 2979 10702 5530
16103 5389 4492 294 6587 274 9841 5433 10370 368 5429 3149 3690 1140 2356 5670 5350 8314 6228 7897 5246 7671 2722 8153 3085 1443 9917 6485 5598 1231 2044 4339 6231 9409 10604 4369 764
16104 11688 11340 1255 3784 4898 2359 3770 8305 4147 9812 1392 9803 4791 5058 1107 1108 1097 3715 264 10166 2534 2535 7118 6259
16105 1531 628 1196 1316 6209
16106 3633 7442 778 1549 3667 585
16107 2119 3204 7403 302 1311 4479 3406 1239 122
16108 7055 10980 10981 4362 3982
16109 7331 4244 1201 1284 808 1947 1285 1816 783
16110 11677 6382 11519 2907 290
16111 388 389 303 390 393
16112 3065 55 2937 728 4036
16113 11013 7162 10154 7308 941 350 4870 229 7147
16114 481 5466 7860 1816 10967 9135 7718
16115 2621 5318 7819 4200 5334
16116 2563 1438 845 2310 4208 8507 7276 9743 5598 1690 631 3401 1914 3624 1444 10959 3761 4187 10649
16117 5581 9299 10369 7364 3279
16118 9564 786 3626 6474 6510
16119 370 176 1164 6782 9466 3215 1132
16120 356 1562 245 503 3584
16121 1355 8606 5215 2521 11754 2887 2363 4316 11012 1433 9680 2966 4318 11684 5852 6644 1811 379
16122 6399 7906 5552 8323 751 3998 262 272 2900 7257 7214 2747 2748 2689 9223 572 4280 11389 2146
16123 8824 1018 9550 9048 7527
16124 2229 7310 3584 5381 9531 9702
16125 9416 318 504 8710 3863 8999 9103 6631 1348
16126 10871 6046 2933 6072 6808
16127 9958 8046 1391 4336 11316 4416 6220 666
16128 1628 5146 6963 1897 8349
16129 3393 407 5576 3547 1342 7701 2913 418
16130 10533 5619 10731 1607 379 1416 3436 1907 4401 179 417 2242 4526 2836
16131 692 8764 7139 6297 10504 6768 1025
16132 4111 4841 5143 6256 2600 5328 2132 4659 2628 691 5965 832
16133 7273 2223 2765 2308 9458 1557 691
16134 8771 6430 8274 975 5649 8944 9548
16135 370 3558 7705 7405 1997
16136 898 6254 2005 2125 2604
16137 11398 935 2464 1727 2530 5904
16138 2330 3140 3513 9721 11554 379
16139 2779 8244 4571 5647 3440 2976 341 1599 417 4726
16140 5283 7676 768 3011 1239 758 1647
16141 10494 10364 4936 11344 712
16142 260 5056 4044 3411 1519 6934 5407 1243 4280 9497 5934
16143 725 6994 2359 699 21
16144 8118 3792 11388 4106 2573 2267 3031
16145 155 5113 5873 4886 9819
16146 5350 785 7702 6999 4976 845
16147 6457 783 1528 3349 8113 2594 8364
16148 11160 11379 4870 1278 785 940 9964 4625 409 1615 11522 523 1722 255 1639 256 2200 7084 8180 7501 3921 4501
16149 6901 724 6605 7606 1635
16150 1355 3680 3061 3089 82 9928 7155 7712 1768 856 339 10986 3290 3504 5667 4627 11241 1247 370
16151 99 2190 2185 4726 5647 2186 8489 7014 1301 5963 9044
16152 2665 11697 4128 4097 2095
16153 6895 5675 6807 7416 872
16154 165 1802 431 1052 1956 661
16155 7487 39 448 4040 3929 3379 796
16156 11328 6276 6278 4025 10035
16157 417 1288 2766 11526 1510 11410 2027 530 1464 594
16158 6554 286 8554 5371 11325
16159 9366 11753 1435 6355 3034 2079 4487 7561 4714
16160 9339 2188 1731 394 3881
16161 351 2021 11484 3204 8303 322 4049 9215 594 10651 4066
16162 6071 5043 11360 5672 8299 3494 173 3616 7497
16163 9533 2602 9344 4798 3594 5248
16164 4940 7192 6644 4634 2115
16165 3607 3476 10392 1172 10733 4877
16166 6648 4068 1238 196 2034
16167 99 3707 4463 942 9914 240 1891
16168 11598 7624 2721 4932 9872 4253 785 5472 6486 10566 4262 611 1838 767 144
16169 584 5302 2821 7521 4658
16170 2002 2001 2627 9121 627
16171 2021 9666 6591 7340 5010 5933 3106 924
16172 6118 10824 2512 2451 11555
16173 5311 634 693 11734 2365
16174 6828 368 652 8138 1709
16175 132 936 531 3498 552
16176 526 1032 4134 4902 2954
16177 4749 826 1217 7872 846 6229 3430
16178 424 296 1894 3409 6779 3411 3691 2287 2397
16179 3727 517 10138 1607 694
16180 10098 844 900 3647 4260 847 6679
16181 4116 10316 5711 4560 9302 81 10768 6034 7346 8147 5043 3256 2885 401 10698 1223 10495 27 173 2254 11049 1811 3666 7345 5760
16182 1994 8159 2185 11692 1563 3801 6447
16183 3910 3279 1731 7053 2554 9441
16184 10075 2056 1352 2446 122
16185 6895 3823 4520 3835 394 983 1706 97 3504 1710 4588 9717 9074
16186 8609 2476 10627 4250 6190
16187 11003 2074 7019 1046 6733 2362 3681 6496 1726
16188 1654 5850 6661 1657 4500 6659 2520 1626 2739 6245 5649 3428 7367 1421
16189 1879 1355 5985 6484 799 84 92 4750 659 1576 211 318 1045 432 4239 1796 3224 10686 378 165 843 132 10631 399 3732 1883 582 9396 4156 10755 2467 441 1766 1925 1478 9053 3134 189 7140 1040 4836 3421 664 6951 8470 10272 207 2553 5924 709 7789 6546 1133 1601 3430 9921 10534 926 598 7413
16190 7330 772 9267 6354 4483
16191 1965 6381 7261 1422 9 11076
16192 5590 4027 7571 141 6024 9924 6944 11233
16193 3472 799 1991 2929 3891 4184 3785 9842 3226
16194 3277 5646 10079 4 129
16195 7152 10605 4246 6186 673
16196 4103 9862 3762 2458 343 5562 5242 164 7742
16197 9119 11605 603 2462 10563
16198 7 4535 3053 1317 9263 8282
16199 4244 2272 1201 6564 2641
16200 1756 221 808 1947 1285 7645 255 8060 5064 3796 7224 2758 3409 6740
16201 803 428 290 5709 1409 9813 3569 2588 3659 7889
16202 1796 5475 127 5924 6624
16203 6068 1057 9667 3890 147 536
16204 5965 3890 4758 11123 8222
16205 11703 317 9288 8430 2191 3110 6651 300 10582 6764 1863
16206 5170 5169 2180 1761 424
16207 2312 2376 4101 791 1247
16208 794 3486 8622 2066 2313
16209 107 11546 9874 10942 3544
16210 1925 7780 8223 777 3438
16211 6079 2248 8749 8684 3166 991 4050 2926 997 6062 4092
16212 2903 2069 534 10843 1693
16213 10552 9725 289 2759 3666 6128 3701 3269 6332 169
16214 2258 1861 2396 6480 8805 8806
16215 2304 3670 1473 1474 5613
16216 519 1531 6163 7622 5812
16217 6195 2482 39 1884 7551
16218 783 6554 553 401 935 5590 2946 2722 3394 6464 468 2120 7774 984 9897 2430 353 497 8398 6058 6839 4262 463 5103 6872 1245
16219 884 1879 11564 5417 11191
16220 1606 1078 3194 1607 3413 2621
16221 10810 2097 745 5750 11266 7995
16222 6517 2644 322 2734 6494 3588
16223 4244 1201 1203 8481 9676 5723 1202 11523 3371 2284 7548 8610 9927 8216 3622 1761 8180 7501 8177 1158 3921 5703 358 2742 1311 273 2133 2788 6247 6306 21 6069 1243 4067
16224 322 505 1074 361 4161 5017 5019 3105 1582 4269 5020 1075 993 2924 5018 5012 3932 5933 740
16225 1100 1839 1941 1838 4133
16226 8651 8848 4205 4927 8834
16227 10430 4836 8435 5337 11101 448
16228 7798 4558 7676 7441 5507 2544 4182 10963 3842 60 5101 6032 2347 495
16229 6982 8590 4990 4991 4750
16230 6601 2865 10182 7101 3945 7716 7254
16231 10004 2282 2742 3202 5008 5007 6059 7536 5985 3846 1316 3340
16232 81 2212 549 5073 9517 3360 7572 2856 682 7799 2948 9208 7889
16233 4567 367 11059 6881 5433 3054 11598 3647 8262 5498
16234 2717 4590 8838 3817 6835
16235 10081 11119 3491 11754 10710 1586 11221 11527 11528 7848 2363
16236 627 3183 2603 1196 4999
16237 4241 938 8162 2348 3159 1798 1418 1582
16238 4817 368 10396 3500 6631
16239 6887 6425 6539 1850 1847
16240 5416 10769 808 8939 1276 4332 2286 2431 3406 5356
16241 388 1484 5801 7512 364
16242 7677 5483 3095 2335 2668 8090 5158 8143 2013 8144 5160 4723 3705 5169 2666 1854 10095 11135 4231 7052 7053 5205
16243 3085 2259 4406 11478 7840 8441
16244 5639 11557 2282 5797 4424 7446 8275 11591 4709
16245 277 2865 9681 788 2715 186 2911 663 5346 758 7254
16246 11568 10915 2967 9211 8449 2661 1742 5498 708
16247 7663 530 6701 39 5208 6979 5917
16248 349 10591 5254 10647 7830 6977 7850 3543 3019 3076
16249 2637 1287 428 9296 7149 2641 1285 11152 11712
16250 6861 8226 160 9193 7785 2405 8813 8627
16251 7790 3636 2815 116 3434 1067 6839 985 5404 1380 679 5068 4776 1650 1651 6103 8597
16252 6847 2851 8185 5561 6957
16253 166 8795 6154 11697 5402
16254 843 3940 507 659 936 1762 9313 1432
16255 3319 780 10430 3810 10677
16256 9948 225 8263 4252 1375 10047
16257 5477 8152 2482 4198 3743 2301 8131 3842 3748 11416 2093
16258 7392 2189 4426 3965 5615 5616 3961 2190 4780 11348 11096 10979 3985 3975 11571 3254 4968 3705 3977 2327
16259 4177 2242 3226 4865 9292 6694 244 79 11541 2670 807 469 150 5724 3952
16260 5155 9782 6810 9204 562 2540 8666 1802 10843 2708 10804 11631 504 2315 702 4774 11591 5453 2067 6171 11263 8432
16261 5594 2800 11186 7161 5249
16262 8714 3633 3380 8450 4570
16263 4254 3433 1173 2581 3470 5561
16264 9310 5663 2257 94 952
16265 4243 9013 519 3732 8585 9723
16266 11130 6755 11022 7997 8934 10359 709
16267 493 3856 1732 10395 89 10435 11625 5540 9934 6257 1023 6493 3939
16268 11455 9304 2715 2637 2940 9537 2460 9711 782 144 4259 3578 2124 5284 937 5512 3561 11075 3924 3204 1257 3409 2086 423 6465 8094 11458 41 9094 4048 2645 6933 678 3102 1519 3165 758 1568 689 3881 3419 6794 690 4337 6291 3473 3421 4074 2145
16269 370 1460 4604 10217 7741 374 4323 8689 846 8133
16270 210 1756 9402 809 803 6194 7779
16271 8922 8330 303 4362 2756
16272 9301 803 659 808 1287 2848 8652 5311 2715 8120 7698 2897 630 5725
16273 2563 4868 5956 1283 7853
16274 82 2229 7841 4752 4412
16275 2255 318 11274 5982 9716 7005 122
16276 5396 10207 8917 152 10889
16277 7522 9414 141 5900 9458 5830 8243
16278 4365 5159 10854 1854 243 7832
16279 6269 10499 8307 6287 7298
16280 5168 496 4261 498 1894 1248 3418
16281 1289 5745 9819 3932 7288
16282 1488 1491 1489 1490 1492
16283 10423 10195 2552 9614 1740
16284 4702 4372 4373 7180 4199
16285 5159 5261 4463 5161 6910
16286 5141 4133 1107 1092 3715
16287 5395 5672 407 147 1332 2518 6459 1726
16288 8311 4375 1124 1125 4371 306
16289 5921 5079 11093 898 4079
16290 9569 5030 9696 11742 8013
16291 10905 3739 4515 2689 9982
16292 8242 2301 6186 10372 8003
16293 7620 4421 4379 2308 1273 99 4463 3359 3369 4204 588 9695 615 7511 8796 2229 4082 341 3342 1018 11305 6200 10409 4240 5893 9622 4542
16294 2261 3165 1551 2874 1872
16295 2125 3688 3204 1477 3040 5289 1645 281 952 1574 2147 8597
16296 11715 611 147 1951 3575 11006 2997
16297 9321 3494 1964 5835 486 839 1348
16298 9614 7286 6831 10503 1223 8431 9167 753 10757 8098 3795
16299 8730 210 9114 1414 752
16300 114 258 10010 6057 8398 1510 2745 1248 6724 3263 2174 592 3696 4051 9188
16301 1001 597 787 7668 934 2224 872 207 5480 11282 7784 7040 5892 11053 570 309 313 10445
16302 6928 1662 4735 8263 1253 6807 1408 9920
16303 368 1014 281 2873 4505 2754 3167 11445 5877 4611 5987 8092 10900 7633 6242 9612 10544
16304 3357 11404 649 647 5817
16305 5466 4565 2216 457 7002 4379 4402 1372 4563 454 9414 1500 486 8255
16306 2926 1993 11433 6204 1360 3455 5955 8814
16307 488 166 5131 1551 6247 9028
16308 8378 984 2562 556 820
16309 5056 435 6317 2487 270
16310 5827 8235 4588 7374 594 6768
16311 1586 5965 832 313 2204 628
16312 945 5008 5007 1310 7536 1510
16313 4845 7259 10408 2044 258 4230 4259 2394 1269 260 424 2021 503 920 5356 5007 2871 6740 1242 4270 10637 3106 3419 6014 362 284 6741
16314 2243 2244 7497 2043 1841 21 11453
16315 7774 8327 6321 9018 6734
16316 10283 2989 9670 3180 6377
16317 9105 10001 591 1444 1458 10998 5106
16318 4733 8889 6623 2762 765
16319 2136 3130 5230 10538 9388
16320 6174 10029 972 10756 6634 753
16321 692 4557 2646 9986 2502 1455
16322 4439 216 5971 2552 9614
16323 1775 4626 1103 1802 2068 495 5967
16324 2190 8562 1701 5918 3752
16325 3234 10320 1414 934 872 662
16326 2664 4624 11042 3067 374 1510 2944 361
16327 4870 2276 11379 10505 6633 10900 2401 2413 8509 9791 11729 11030 11407 5408 1208 10970 3774 736 1281 10859 1310 3113 3100 2436 2131 1721 8094 1898 3731 4655 2753 6014 954 3167
16328 10922 2374 9216 10044 2771 6074 1089 1938
16329 498 2391 3836 162 4113
16330 9222 1639 256 889 7083 812 11205 3770 2394 736 353 2433 916 6320 2743 3202 5967 1317 422 3011 9 3915 477 6247 758 579 5229 955 2139 3105 990 578 2926 2752 9497 6904 6110 5987 5387 510 4741 4283
16331 5173 6254 912 4301 792
16332 1667 2359 290 2670 3227 936 7432 379 5
16333 6822 2776 682 11184 5662
16334 11382 2759 7973 4918 11694
16335 7224 2887 967 5480 6382 6778 3220 1010 3184 5425 9269 1889 2499 9198 9890 1018 401 6228 10632
16336 7103 3094 2311 18 8882
16337 2378 318 5528 4414 701
16338 4511 10964 3333 2542 676 2235 758 1874 4448 2689 5515 5323 10223 7136 11671
16339 6054 4169 10054 274 1284 6554 650 2637 5590 9403 651 11138 9144 1555 2301 11616 303
16340 9523 1864 6265 3188 7427 4881
16341 4978 144 10136 11194 1960 7749 6107 3427 753
16342 1903 354 4240 1905 5922
16343 298 9469 787 4030 175 3454 5365 847 5221
16344 2122 796 1776 5800 1041 6934 1869 4731 7271 283 5570 11210 6061 8917
16345 7374 5993 1618 714 184
16346 1057 3821 11639 5693 2059 2509 7413
16347 657 4764 6901 10415 6808 5432
16348 3198 2609 4392 9770 2611 6262 5259 9768 10228 4105 743 7297 6265
16349 255 4177 3551 9667 1676 3560 6057 3998 2867 3923 1564 353 9634 1867 3055 918 2740 6058 442 6059 2923 272 4502 4000 5535 1881 1811 505 1691 7218 327 9990 154 2129 5376 5968 5613 8131 8638 10872 2930 5167 1369 3102 4161 758 3931 1646 923 993 5017 3105 5020 5012 3166 578 1648 579 11084 7212 1734 9599 5401 3999 6904 4741 3883 7970 1196 511
16350 1076 92 1114 8276 4512
16351 9043 6011 7180 2565 8912
16352 5811 2084 1563 4233 947 1776 5167 6027 1113
16353 1599 6204 3853 1443 845 1360
16354 1584 2431 20 360 97 5985 1512 1776 192 8749 4048 5167 162 2748 266 1113 7815 2730 268 3165 3588 9009 3847 4337 578 867 2142 1574 5103 6307 2144 3043 4074 9568 1245 961 6532 7171
16355 7490 7147 1545 7155 219 7354 4870 220 1756 10741 2355 709 224 4393 6671 7113 8051 11412 11059 2356 1599 976 255 8494 492 7431 9700 3884 5091 3336 3561 3405 501 322 5274 921 4740 5561 951 508 691 3519 6306 3104 3042 4338 3698 6061 4881
16356 9632 9482 6556 3648 6557 2413 9804
16357 9932 6213 11615 4547 2738 5249 2864 1308 5091 2740 715 3415 5434 669 1829 1511 4774 10241
16358 3630 335 8628 1118 11632 2777 7972 11183 9405 7866
16359 3368 7708 11195 11433 6825 11119 3272
16360 6459 4633 9541 9325 10253
16361 3573 11151 4663 9903 1508 3683 2119 6372 5066 3337 356 676 1509 3780 357 2127 97 5101 6107 2132 3410 5651 576 2748 162 361 1041 993 1241 4655 5993 5057 2143 9568
16362 1352 282 4411 3585 8739 8541 3208 691 3848 7787 11567 5654 10934 6714 9160
16363 5501 5529 11609 10514 4398 450
16364 7992 983 4587 3890 394 5752
16365 4027 8215 785 2907 1355
16366 842 7764 84 92 609 3174 6500 8053 4520 7359 3835 6895 3823 179 11321 8130 5642 2 8334 8804 303 7917 3716 1594 9269 11545 7825 5400 2069 1734 7754 7444 1113 8720 2113 8327 579 1526 11048 851 4918 398
16367 4138 1032 2907 3686 2263
16368 2937 4323 9809 10882 8185 5349 570 5664
16369 1718 122 55 6679 4633
16370 197 1066 4909 499 1068 1237 5008 5007 3011 1581 4910 2873 5068
16371 842 10800 1293 1292 3726 10405
16372 1287 666 189 6448 2709 1272 1834
16373 1390 4850 7457 10506 9058 10407 1766 11005
16374 4489 3496 2637 9711 3701
16375 2431 530 829 2562 10150 4072
16376 1879 5196 2933 5837 276
16377 1908 680 7563 3005 1711 2309 6471
16378 293 1355 4563 5835 1796
16379 7143 1533 9636 10864 3349 937 872 7909
16380 9123 10377 4143 1330 1056
16381 7366 935 10138 1987 2342
16382 4312 7930 1987 1906 5606 10458 386 3073
16383 3636 6317 3998 3113 6591 5980
16384 1284 9592 11511 11455 6544
16385 5873 3504 3473 4718 9665 2939 10109 951
16386 6618 8306 2915 1599 3853
16387 10410 1879 10093 349 99
16388 9887 1238 692 8806 4068 10244 1352 327 2458 1551 1968 5319 292 4937 1369 1502 6480 6653 10014 8808 4599 9588
16389 1260 2299 5002 625 192 1510 8392
16390 5452 4238 1638 5504 8780 4553
16391 3657 1349 92 3595 1206 3589
16392 6912 3752 1854 4463 2190
16393 4248 10780 132 2500 11569
16394 4901 264 2902 591 4902 1841 6301
16395 8965 1342 785 4060 7514 10768 10801 9682
16396 10311 4579 3850 8440 2452 5055
16397 186 264 4134 1096 5196 10812 841 4667 5747 7716 2529 4410 10386
16398 1446 1132 1164 2224 5776 6217
16399 3065 5401 7754 11499 10538 4287 579 7842 7295 5812
16400 1917 1288 1078 132 7750 372 971 5043 8902 38 39 4930 1733
16401 8472 10854 2191 3536 4420 5647 8488 4464 2190 303 116
16402 10452 631 7757 8027 2542 2799 4439 3019
16403 465 2502 3426 1415 6095
16404 2526 7773 3360 7775 3454
16405 1288 78 11533 8179 5311 650 5829 10358 10573
16406 2294 4764 6879 5612 1826
16407 1854 2659 3253 3963 2186 2187
16408 2341 1776 2684 5531 1249
16409 1288 3942 798 7611 1601 432 5144
16410 2796 2052 888 1879 1881 8849
16411 1548 1057 11708 6222 11412 7457 2697 4862 4114 367 2072 3016 8975 3885 5849 5600 8777 4204 608 8035 9166 6546 3032 6757 1843 6996
16412 4735 10472 768 7002 8926 5873 7478
16413 3718 10952 1095 3652 1089 8719 9378 73 836 908 3887 7424 7425 4137 2083
16414 503 6780 5626 533 924 3584 7846 8854
16415 2456 581 2408 531 9309 5839
16416 10378 9593 435 5611 7434 3923 353 116 3405 20 192 2746 503 5376 3414 3927 4296 3580 1041 4161 4113 6825 5626 3342 5655 2836 4973 4506 3368 529 510 6062 3425 8855 926
16417 255 889 105 2429 4929 2173 8685 998 9611
16418 521 5202 5203 475 8768
16419 8965 5066 9741 6563 3505 6836 9213
16420 11434 8072 1496 1224 2388
16421 5946 11692 3737 6482 231 7659 11525 1626 5939 9605 8718
16422 11200 11413 3014 2477 2990 8946 8425 3044 3704 4436 4438 2003 5563 6827 1856 7301 11376
16423 432 351 11754 11437 3366
16424 3596 7676 5812 7802 4470 10706
16425 2116 2802 5056 1563 10333 3578 3579 4827 5376 2053 6741 1652 1653 5934 4076 285
16426 777 4093 6436 1307 8466 6764
16427 6313 862 1273 3659 5551
16428 2598 4733 2915 3241 8689 7657 6769 1146 703 2525
16429 4862 4040 1546 7893 7915 659
16430 1723 5508 3744 4832 3670 8866
16431 2322 9914 2190 1891 4444 7061
16432 1460 1262 3149 5502 5849 10936 1356
16433 2907 6845 11726 3244 9429 7871
16434 3200 1902 6856 2101 5742
16435 3289 6168 662 4985 9604
16436 7082 9624 448 1761 246 519 676 2136
16437 5215 4758 4315 6484 9661
16438 99 1609 654 238 6288 7421 3761
16439 11073 187 2562 2819 7429
16440 1465 1903 6162 1583 3611 7874 2598 3280 3379
16441 5160 5483 11029 2190 3707 3704
16442 2812 2008 5591 2299 2893
16443 10009 2577 1417 9717 11090
16444 7575 8960 5453 5454 6641 1449 8991 8992 9000 10568 819 6838 3086 9004 3798 5813 1496 4689 9951 8993 7934 11156 1319 834 6233 9144 7093 591 11189 5971 6171
16445 3960 5253 5255 3512 5367 8961
16446 1772 6925 7757 5869 2494
16447 260 499 4767 715 3691
16448 8253 2948 1033 1260 1823 5036 5423 10794
16449 8401 6010 3680 3667 11329 11360 1160
16450 4511 584 1811 4515 599
16451 6911 6912 243 4424 8497
16452 1180 3295 1328 7868 1414 6614 38 39 161 9628 3458
16453 1945 351 8389 5471 81 6486
16454 428 7237 6194 1299 2044 469 519 1965 6128 8486
16455 6564 8481 1947 5312 10245 2274 6585 4055
16456 3606 3094 1716 3741 1481 10313 8462 2565
16457 6911 2662 4463 6912 6910 243 2328 8489 3904
16458 10508 6711 5532 2316 303
16459 842 1867 516 10905 552 3728
16460 9091 7878 6803 354 4845
16461 413 5562 1267 1691 6559
16462 660 9460 9745 7414 485 1964
16463 8725 274 1195 10363 6411 4201
16464 7277 4106 1731 5426 10274 8094 10420
16465 530 2831 5176 11526 4653 9060
16466 804 803 79 1471 2501 3330 11585
16467 6861 3061 9080 1765 5504 666
16468 5746 3215 2868 6388 265 5010 1522 4656 6261 8142 2268 4076
16469 247 2461 651 11397 3255 1364 3455
16470 8585 758 292 4470 1196
16471 4884 667 663 1910 5974 1647 10678 8069 4064 8193 9888 1903 2469
16472 8908 4294 1105 843 1081 2717 3463 183 785 4317 972
16473 10554 1882 2482 598 8106 1796
16474 10740 11192 1349 2970 10827 10628
16475 516 5802 1919 5546 2491
16476 2435 374 7271 8263 6950 6344 2811
16477 5170 1865 11548 10335 11695 4352
16478 3324 2199 417 5632 2518
16479 4625 3665 1003 6931 8600 6566 120
16480 4886 5926 8819 10314 8230 8954 4411 3585
16481 5108 4219 5497 5804 1026
16482 1355 375 2531 2581 1291 806
16483 6589 11524 7682 10722 9968 5780 4427
16484 1804 2919 6369 400 174 175 8263 1046 862 7108 205 11696 4404 1831
16485 5677 7844 9069 5882 11502
16486 6236 444 6475 394 5561 1711
16487 11438 3498 1766 3085 9782 1468 7421
16488 130 1560 10300 5966 3208
16489 1727 438 1886 2467 320 4542 9716 4386 577 11079 477 2111 579 5325
16490 8799 10522 5249 10423 5252 1866 4475 9225
16491 1603 886 2929 3479 3583 9599 21 6297
16492 2042 1557 4746 11150 2136 428
16493 3997 3606 7140 183 6602
16494 2323 3983 3973 5172 5170 5267
16495 2562 4260 9345 8129 7452
16496 1355 3386 148 752 1180
16497 889 379 2431 3113 3020
16498 11385 4471 1447 105 8153 55
16499 8068 4980 4139 5399 1171
16500 1201 932 4053 491 7860 2636 5466 1947 1081
16501 7813 918 2171 6591 2134 122
16502 8065 5160 10684 3905 10243 4432 4019
16503 11481 10695 760 2696 2776 9599
16504 6537 10891 8378 8380 10187 4502 97 359 4520 6794
16505 1231 2868 2168 4001 5102
16506 783 5711 8058 6330 610
16507 1772 9572 943 301 632 4673 4067 1637
16508 5797 3706 4460 2327 4348 1852 3990 8332 1929 3603 3604 4359 5484 10849 8331 11571 2183 11255 7576 7826 3985 4362 4427 4463 4840 3254 6376 9760 11617 6375 5615 3979 7056 4434 10344 6596 3423
16509 2808 10384 4559 7649 7785
16510 417 1594 370 451 10198
16511 3802 8003 10165 1748 5189
16512 1779 3997 666 5914 6308
16513 11703 8929 1051 5299 6994
16514 3993 4726 3440 303 11032
16515 92 9033 2212 799 1881 3821 1960 5930 2735 7221 7479
16516 3366 3452 4511 9286 9303 3636 3205
16517 3648 5699 488 11250 3901 290 3159 610 9804 1443
16518 6113 1006 1333 11106 2926
16519 6581 5991 5258 4194 8083
16520 11608 4262 4286 20 5980 533 4506 1047 1574 3043 3422
16521 97 3836 3569 10449 9244
16522 65 761 733 8238 9737
16523 1375 8581 912 675 922 5217
16524 1934 7930 7932 9859 4842 3483 2262
16525 71 13 264 3070 14 7426
16526 4817 10650 1132 9608 6114 5847 807 2502 10181
16527 4104 4633 955 1526 912
16528 1523 9922 705 1708 2259 1531
16529 832 2280 3413 3191 5561
16530 1867 661 438 2208 4142 1040 1461
16531 1920 4581 3413 247 10106
16532 84 778 1339 585 1057 11539 7478 5677 1432 4567 1811 5480 5475
16533 1523 8758 8757 1196 3631 3632 2628
16534 5347 7633 2025 1576 397 144 1087
16535 131 2637 5639 1201 879 9766 4057 2051 11581 481 1759 10746 884 248 1761 983 186 6317 3675 3203 6779 423 5010 1113 1461 3880 2144 3883 998
16536 9826 764 2259 4735 4511 6581 3228 1216 4620 303 388 3505
16537 3215 8740 2783 2065 3357 4531 664 8246
16538 6858 2 11536 8208 82
16539 5919 11241 184 6036 6296
16540 2845 2840 2846 2841 2842
16541 3389 343 6610 2988 4200
16542 1127 1128 1131 1129 1130
16543 7606 11383 5235 1294 9974 488 5607 2785
16544 3261 1614 1292 1293 3371
16545 6936 5575 4307 1716 5562
16546 841 5841 11654 1691 5543 1197
16547 10263 8350 4196 9200 4017 4018
16548 1392 2506 4112 2436 8622 948 2131 592 266 922 2748 681 1872 7626 2495 9497 5387 5522
16549 808 6795 2637 491 3260 367 7705 6323 4425
16550 79 11187 5432 128 4243 6390
16551 2703 250 10603 10171 8672 2584 5543 2943
16552 2240 2601 2838 2940 11272 3738
16553 4966 5639 4055 7974 6121
16554 1584 4520 7359 11321 6573
16555 11712 2637 139 1882 9561 5112 9562 385 11111 2735 255 2443 11754 1287 596 5353 6177 148 9247 5354 6891 901 3620 5337 6250 6850 8894 1375 3851 2161 5168 6997 2430 9805 3685 11747 1436 5284 1180 4259 10987 1564 2259 2394 3650 5864 4739 2396 422 424 379 2740 9898 1168 2741 1511 609 2435 3112 7509 8094 4268 1023 3417 922 571 1646 2091 758 4776 4271 4115 2141 5013 5154 3473 5407 9568 5662 1574 5987 4074 4881 5934 2148 998
16556 3287 10589 6821 4116 2238 5793 10736
16557 5384 10180 1472 5835 38 2544 10291
16558 9593 675 3636 1518 9401
16559 481 788 374 248 519 128 326 2 10730 423 7969
16560 2637 7392 3828 2501 3872 7983
16561 1260 338 89 699 2242 7654 1057 2219 11560 11002 3895 10758 4142 7917 326 7413
16562 873 10063 4500 9989 3502
16563 3350 949 7082 10514 5246
16564 2670 8116 2710 9913 5981
16565 4123 5913 4641 909 8879 682 21 3643 714 10310
16566 11496 2574 3119 2021 5402
16567 3754 3704 303 388 6827 390 7301
16568 6129 6096 8684 1241 1522 3928 990 6781 2756
16569 5450 7703 1618 7118 21 7196 7527
16570 10326 338 2765 354 11222
16571 9149 1201 6564 1284 1816 9481 2084 1617 6322 1438 8624
16572 1362 1526 3026 2058 5013 7104
16573 9705 403 1139 7868 2952 367 665 4943 9784 632 290 446 1443 9447 52 2518 6228 580 6549 4394 5717 2547 5570 3297 4158
16574 1523 114 10456 2150 5854
16575 3286 1995 9717 2694 3027
16576 3181 7210 9124 2782 3494
16577 1198 1283 9402 221 7331 879
16578 8262 1701 4164 3594 3964 3782 8447
16579 220 1292 7616 2964 2521 9622
16580 11250 4384 341 301 9056 5242 8643 2875 396 6347 10464 11706 10523
16581 7352 5943 10520 3090 3091 39 7011 1133 6583
16582 1772 1223 10683 7548 7028 1601 11360
16583 1133 3897 4319 3629 3255 867 1301 10071 364 9463 3751 1880 2254 7654 584
16584 172 7323 10756 9303 10181 2010
16585 9928 1539 10731 3164 2015 2655 5189
16586 7049 2472 4101 5569 4198
16587 211 10851 9659 659 9894 1321 81 1331 7453 1727
16588 286 804 11515 6989 2918 10244
16589 10286 4457 7955 9443 5434 669
16590 4231 3560 3921 2433 1510 6078 3340 6779 6114 947 921 7641 1923 2309 2204 443 988 281 3041 2398 5986 3168 7381 958 5933 871 4400 4282 3555 10544
16591 7910 602 10882 4417 3029
16592 9277 7506 6196 5784 8289
16593 9570 2994 3006 4036 5660
16594 1033 7869 930 2151 2098
16595 1472 3182 2448 1761 2 9995 1504
16596 8273 1132 2084 195 1247 10536 4327
16597 11643 465 1287 210 932
16598 1407 3094 8251 1381 7467
16599 1001 7893 7863 7422 435 6709
16600 10456 1718 2749 9582 9901
16601 343 2065 2530 9599 10386 6497 6212
16602 3288 6792 7237 210 1668 1287
16603 1154 3374 5254 3377 9491
16604 4334 4501 7480 6306 8685 7437
16605 1775 7019 6842 6541 4083
16606 5449 338 764 1879 4416 1718 486 3146 9943 5056 9756 2264
16607 9237 7 5859 8279 9590
16608 5949 2040 264 10281 3788 7326
16609 912 5423 246 5194 3346 2061 105
16610 7235 854 8472 3934 1012 291 762
16611 4803 3907 10164 70 6489
16612 1775 4558 8536 8811 6762 5606 11184 10072
16613 843 2098 11237 4714 2058
16614 10745 4489 3638 2117 4650 946 7383 2173 3644 4407 3233 9329 8269
16615 10629 2971 7110 6563 10601 4605 4016 9918
16616 8279 9262 11716 11409 9645 9646
16617 3455 1303 7865 5725 10639
16618 148 11190 3671 9728 4298
16619 4216 6799 9987 8460 407 533
16620 785 2299 3279 2216 10432 604 1257 715
16621 85 6112 4904 5480 9113 8423 11052 2876 9374 8422
16622 7472 6825 6733 5692 4761 6516 1342 3240 6345
16623 4600 4872 1116 6124 1115 9848 8281 9139 8379 4757 10547 544 9089 10941 6532
16624 1599 6849 5367 4721 11554
16625 4420 5563 6184 3975 4443 9400
16626 438 7106 2111 1734 162 643 842 9549
16627 10370 1627 6304 5479 3480 3305
16628 9865 6826 786 1355 10215
16629 428 98 2421 10392 1514 3221 2109 3731 6780 6750
16630 343 11751 10870 2020 417
16631 367 8457 1921 4401 3610
16632 1368 8093 692 3671 2485
16633 11555 5649 2690 632 344
16634 2660 303 8472 1865 10874 10559 4421
16635 5260 2503 10655 10073 448
16636 1559 1731 4187 4036 1320 10160 1561
16637 8492 7968 862 867 3894
16638 6824 7931 314 1637 11269 737 1113
16639 9235 303 388 389 390
16640 1785 10949 3540 6426 3537
16641 1296 1634 5502 1295 7608 2065
16642 1015 5498 3181 1166 252 4626 3381
16643 768 7778 938 1012 9392 5517 3502 6545 6546 11547
16644 785 2767 182 1023 4142 10519
16645 3601 25 1496 10384 9724 7785
16646 9713 2024 847 9715 9714 7840 9962
16647 7635 131 221 1201 808 9578 11643 882 466 1757 7236 1756 5639 1946 11629 10916 8061
16648 177 4027 5337 10045 2584 5541 7062 3152 2479
16649 1043 3034 1435 4332 4540 1217 8047 2872 2581
16650 10629 2464 8725 4094 7313 6496 8923 4669
16651 1955 1563 2729 2367 5198 6572 4079
16652 4651 426 10675 6800 2747 508 1872 6014 1399
16653 7731 6176 1882 2160 2544 6880 772 1323
16654 794 9299 10284 4981 86
16655 3288 3330 10291 4577 8822
16656 8888 8889 9124 8508 488
16657 2660 2659 4046 5377 443 281 4771 4337 994 683 4506 2147
16658 5590 9626 7606 2052 2740
16659 2592 1032 4210 11464 2104 4161 1273 1347
16660 455 1766 10010 4223 5371 2021
16661 10332 2894 2218 819 1744 6834 8969 4572 2127 1111 7070
16662 1146 3233 1523 1683 3644 6398 3191 8407
16663 8864 2168 6924 672 2165 6631
16664 7139 1918 1251 427 820 9835 4670 682
16665 9549 4587 5119 1925 187
16666 2594 3569 9602 9243 3842 9244 8866
16667 7037 9252 9590 5855 5856
16668 5757 368 8994 488 5246 1298
16669 11071 8827 10947 6983 11742
16670 6631 9184 4142 1584 3048
16671 832 5516 983 2463 1689 1518
16672 11463 8879 8880 10708 2017 5402 8392 11129
16673 9435 10532 5546 10171 417 1111
16674 143 288 3379 9348 1591
16675 1577 372 936 187 2518 6459
16676 6903 327 2866 278 3560 178 5800 162 4910 5653 2487 3732 7436 4773 4204 3848 6270 2873 6750 1574 6904 6307 4005 7817 9921
16677 2193 11359 3189 7950 8010 1785 10949 6426 3537 10816 3539
16678 1001 8303 3453 1157 2238 1035
16679 321 428 4189 3511 10329 3902 4179 9310 2951 1560 799 659 2371
16680 9272 11082 5233 2534 4919
16681 8181 2394 2065 3689 1477 1510 7640 10155 3692 9022 953 3930 364 2756 8301 1292 5933 1912 6444
16682 4279 10355 10826 1164 167
16683 11691 5475 6605 3898 6628
16684 5682 4866 481 3134 491 7391
16685 11657 11031 771 519 2001 5590
16686 6889 394 8215 2916 3608 2505
16687 1818 9460 3318 6535 11437 5069 932 531 378 2907 5415 2728 3801 8036
16688 3640 3616 9811 3145 5040 7019 8895 5065 7566 2093 3069 3070 2135 2813 10450
16689 5611 4112 498 2740 1265 7987 3728 1881 4000 3339 921 8622 7214 5752 6101 951 4270 4775 7215 269 6270 5106 3882 6103 8597
16690 260 4260 5375 2053 1512 3846 4265 5288 950 6328 2645 8684 8685 363
16691 8525 2820 1032 55 6841
16692 10831 2160 2627 11704 758
16693 1295 2920 1443 1718 122 7514 2882 2969 1716
16694 105 577 11470 7070 11150 1111 3708
16695 10267 4824 6093 10538 9388 2646
16696 4111 123 5740 10868 2492
16697 1563 2395 3434 10449 5377 2748 266 2750 4772 533 2399 362
16698 3863 5693 513 9343 10419 3519 3721
16699 1755 10348 6632 220 6040 11678 10245
16700 5927 3250 4234 6291 3849 718
16701 8468 6054 5618 9626 9627 6684
16702 9208 6721 709 610 2399
16703 7241 1970 10806 39 6295 7582 4261
16704 9412 10964 5311 3884 488 3662 9179 10060
16705 2715 372 2428 374 29
16706 2475 3269 4323 1661 2593 10016 3900
16707 6913 3064 3129 455 605
16708 3232 1772 394 5153 6986
16709 9683 3417 6682 3912 1571 998
16710 9398 3215 5948 3226 1392 2242 698 4864 5791 87 682
16711 7083 360 947 679 1872 4004
16712 5177 11259 21 3457 714 4404
16713 4803 3651 7261 2824 7461
16714 352 5006 945 1067 7854 2169 5009 8750 3580 5404 10951 3338 947 322 3221 800 4314 2692 4767 7257 162 922 952 988 1858 2750 9230 6418
16715 909 2822 2018 4017 8732
16716 99 6204 1701 1718 8688 1741 6342 2770 315 3021
16717 4835 1857 4440 7465 6955 6339 9143
16718 6464 3874 355 3204 3688 3611 192 2131 3911 923 5103 4075 4076
16719 9835 8944 3997 8257 448 4351
16720 349 1158 1564 4227 4735 2397 8622
16721 1723 9128 3398 6883 4911 2920 2625 3144
16722 1057 399 148 9521 2518 905 8418 1366
16723 10891 11166 4875 10428 112 4602 11391 982 11489 4601 542 10411 10189 995
16724 5505 2310 3245 2215 5586 7176 21 6297 8948
16725 7572 441 4609 1691 8791
16726 6717 4677 2951 10639 1386 9641 21 102 11405 9047 11322
16727 2637 2423 9534 8242 10470
16728 1044 10204 1342 2725 2767 2518
16729 280 5523 7854 1514 7625 9142 1566 5122
16730 9439 10123 2017 2822 2018
16731 432 5714 796 10326 2516 9065
16732 2853 2600 4303 5255 4196 6310 1264 5367
16733 605 9299 1530 1962 1097
16734 6141 10481 560 4764 6616 3324 457 4520 1554 3797 3504 5790 1967 1734
16735 692 3084 3455 4416 450 427 3894
16736 1452 143 5300 4589 1409
16737 255 8153 5764 4479 4771
16738 664 4589 8406 7085 4754 3349 4239 1884 212 10499 2548 1808 4216 10840 4889 11134 755 799 3611 6611 533 1709 1879 3244
16739 3380 6539 2944 1311 1652
16740 4798 7658 3919 4570 1512 343
16741 6068 2236 2448 4849 8465 5072
16742 9391 6449 149 1415 5591 2294 5613 6722 10726 1414 2933
16743 5337 11542 349 2079 2335 11626
16744 2655 6672 792 8052 6310
16745 1426 4813 1592 8079 7911 4624 11448 6787 5124 3824 494 6966 322 6956
16746 5449 177 4027 2544 10194
16747 5611 4882 303 10140 11474 1010 3808
16748 4285 1299 6821 5881 9818 1001 10827
16749 11102 4463 6453 7832 3972 3012 4437 6452 7830
16750 10410 166 3337 422 1041 2111 6596 5381
16751 5543 2090 1531 1557 9049
16752 440 374 4396 9292 3764 1433 8198 9636 8518 2444 7143 11213
16753 6332 972 1330 1133 4299
16754 3112 6591 3518 1579 2645 5654 7846 3342
16755 1804 2081 11512 857 2518 2450 9278 1914 1050 6229 574 10571 2175 2581 6075
16756 1837 2176 3654 6487 8706 4133 1107 5295 1092 3715
16757 10018 5345 9343 1834 1591 3530 3988 10024 10757
16758 666 4286 4469 8692 6094
16759 2542 1835 5977 5978 8877 5559
16760 11405 10129 6956 3257 1835 3608
16761 1097 5295 10160 7242 911 7261 2828 6300 6529 7554
16762 370 6071 2311 161 2280 4560 1807 2217 701
16763 7639 9237 2247 4982 8831
16764 1745 719 1716 9233 7758 3065 11418 10811 10555 2335 9679 2660 3 596 2265 11323 6362 9711 6870 11447 11296 4488 6017 2493 8578 632 8768 631 7578 3034 944 5803 8951 4376 9635 7405 7546 10078 11407 3351 7098 4625 4201 9486 5448 8890 11228 9753 1322 8820 3354 1342 9416 7345 4240 7668 11534 9830 8607 7755 1766 3886 11056 659 2712 1943 3638 11758 845 1180 9095 10205 8439 1589 10174 4228 10486 2774 11579 2977 4121 7167 5441 1981 4962 2201 5361 4454 333 6686 9032 6141 10374 8594 3651 9516 11421 1373 5489 9271 4356 4355 9633 8359 5409 4145 2655 3371 4747 7975 5003 5004 735 421 10242 10698 7048 844 10633 4354 10300 1450 9146 9846 10036 5148 5202 8175 4951 8365 198 7757 8767 9947 11468 9182 5629 9223 7594 19 2193 11611 4202 1409 11497 8618 8000 6669 1427 9923 4252 6355 9191 2541 6069 10827 7561 828 8707 2780 7693 605 8056 5532 8776 8005 2599 7837 9671 1011 2683 4575 4307 11656 9818 8714 9548 8917 864 5254 6384 9449 860 861 10584 4208 10620 7276 3627 10869 11753 867 11249 9547 4576 8717 1727 2604 5630 9487 2206 6408 4589 3090 3471 4023 9863 6928 7253 9440 3562 1154 1887 6442 3305 7954 8723 10992 2763 6389 10152 6525 6649 5954 2073 6295 187 2336 10110 3181 8315 4177 3873 5487 8788 9294 3059 6498 1001 10868 5196 7700 5216 5567 664 399 4836 1351 4239 124 6471 8217 6838 1299 2623 138 4847 900 7452 2775 1855 6771 1772 5177 6046 4955 9854 11044 5533 7305 7249 3382 11392 4947 8252 2972 4667 10824 8736 4322 962 11368 725 2788 3160 668 11107 7245 10446 6502 4952 3741 5903 9398 4668 1944 3885 5710 8339 1015 2539 3374 7775 10902 1038 6996 8852 10661 11682 344 1873 8577 8716 11282 10082 2792 4361 9967 10496 10409 10744 7844 3325 8929 6762 6470 7768 1736 2571 165 2284 8630 4841 4351 230 1629 11064 6921 10578 11720 5627 8824 6822 9272 6115 5712 3634 5802 3543 5486 2015 630 2016 877 1705 5179 843 1820 9076 4182 849 11698 55 7093 1005 4574 7738 8752 10628 7256 2039 4237 3401 5245 8756 1046 6199 1617 7039 3453 9365 407 3681 9421 9618 5548 1349 8362 10267 10233 7862 9131 6387 6666 3360 10487 7518 4134 7190 4029 4189 2022 1918 3673 10716 11077 10501 11078 10085 9156 9644 9302 862 2803 349 9961 4430 207 239 9110 328 10075 6621 7227 2911 2359 2485 3497 7329 125 417 2519 660 8218 2562 7629 2294 8733 2237 2960 2962 11202 7005 1849 5119 9258 7759 7760 7761 1329 8757 1767 9606 1795 11186 8338 3392 5676 1166 2895 966 11366 6305 517 7442 3256 3394 6315 6005 3085 10624 2957 11488 9323 11481 444 6592 4546 3760 4456 11512 868 2156 6254 5775 6474 9774 685 143 9663 1225 6383 1534 8846 2959 3528 3076 3074 10465 3620 2213 2161 384 9031 11413 3075 6853 11530 6846 8001 5084 666 2521 11275 3003 1439 199 1999 9270 3499 465 8568 1848 893 7116 2210 9922 4511 2937 10417 4884 1452 9800 10024 9407 9928 8695 1391 8810 2608 6004 6690 3397 7023 5187 7751 389
16765 11654 3066 11190 4478 11008 6617 1398 27 3845
16766 6455 11120 3334 303 388 7124
16767 2065 5195 343 1745 5249 4817 5838 1140 8351 1879 8463 4284 955 1718 2044 7835 2446 9280 2562 7000 4158 122 2622
16768 1603 1032 1812 8879 2898 3352 11371 2350 2352 8034 1998 8031 7696 4703 8032
16769 1774 9534 9575 10361 10233 10513 7333
16770 11538 5680 4671 4156 1287
16771 3933 9829 79 10532 4191 528 1776 9656
16772 11229 1531 1196 758 3183 628 1599 7128 105 9105 6405
16773 3608 8710 9987 3476 4591 3884
16774 5901 4684 11688 3818 4483 8050 5308 10619 4791 9919 76 9817 4594 2435 2581 84 261 2471 772 21 6009 2175
16775 1904 6182 1745 166 2446 1866 6185 7885 1879 2044 1939 11447 2214 1296 1853 8764 1307 343 1742 2399 898 4026 1156 5700 4028 2457 11695 5371 349 1950 2953 9203
16776 2116 3875 2937 4470 3631 4828 772
16777 8811 6123 5965 7534 7886 1292 2037
16778 901 934 9934 4162 921 4036 105
16779 2692 3380 2868 7335 2203 3717 2250 1840 9665
16780 4644 6671 2728 9021 2861 1480 976 9792 342 139 4284 1811 2820 141 1611 54 2943 5561
16781 10010 609 1408 3477 3325 3562 9336 171
16782 4945 7495 3514 9390 1968
16783 8873 2207 1694 1215 1697 11114
16784 10984 5338 8802 2143 6329 11419
16785 5890 862 4794 119 6151 11604 5196
16786 2639 210 658 1816 428 4492 9151 8215 5249 851 4918 5217
16787 11201 126 468 6746 4208 4079 4001 296 2171 9010 8192 3690 2131 6594 124 6070 52 9541 10933 8220 105 1260 1208 350 5249 6627 2825 3594 4634 8135 3834
16788 11180 42 2696 2944 1375
16789 10262 7924 2259 8304 1635
16790 3072 1747 5590 368 820 7351 1028 11739
16791 2814 1081 2563 2504 1769 2068 5672 1184 2888 3174 33 2489
16792 3366 9711 294 2424 2707 486 7406 6231 3697
16793 171 3146 448 662 5658 4628
16794 5777 9757 9239 554 555 10484 6970 8532 8511 6971
16795 7432 11181 3366 3732 6059 1349 4179
16796 5202 2989 2915 3752 9241
16797 8256 936 7120 10240 7603
16798 6457 1357 3606 1355 2536 1368 120 3326 3347 1908 11053
16799 127 11072 9193 799 702
16800 6430 225 4764 38 2544 39 10766 33 3090 37 4374 6326 3074 457 890
16801 370 1666 674 11740 9195 1477 921 1368 4441 10502 5924 2509
16802 3247 438 1076 3158 4035
16803 2383 2435 1223 9977 1663 1915
16804 11557 9460 3287 10240 2306 32 7807 3281
16805 5080 9624 2661 2412 6833 955
16806 255 1673 6203 3826 889 1232 3622 1676 6976 2430 5631 3618 1833 5066 1235 2742 11368 5356 157 505 6814 5228 508 3582 758 3208 6871 8828 3343 1649 579 5561 3421 6110 2148
16807 9649 4439 11280 7870 7674 8272 3356
16808 354 3007 3146 8616 5691 6046
16809 6129 1258 2938 3479 1518 2939
16810 416 5724 3044 10275 9022
16811 2189 3993 2180 2190 8562 2192 8563 4429 11571
16812 92 1311 1644 7403 1599 4235 6261
16813 8121 8122 589 8123 10099 11695 10095 11559
16814 3891 469 6705 846 2836
16815 1154 9771 2389 5351 10476
16816 133 4670 933 8001 632 2536 8538 846
16817 5892 7878 3732 5125 1583
16818 1920 8360 10178 1017 4572
16819 8610 7768 155 368 4546 4563 6241 6237
16820 9133 1792 2376 3203 303
16821 5158 8144 10344 2183 4434
16822 4899 6320 2243 65 66 7882 2828
16823 2563 5070 5048 2907 1194
16824 5630 11363 758 8388 1113
16825 5803 4377 6066 5361 1123 4712 11406 4711 4353 3395 5566 303 3282 11216
16826 11575 9959 11559 8718 1950
16827 3138 7813 7382 1309 5274 3518 3557 1382 1074 2748 5228 4115 7596
16828 5762 10396 1699 7017 7827 9078 1026 11289 11297 4031 5826 8513 2915
16829 4877 1997 4237 8861 10543 150
16830 4937 799 2925 4401 3160
16831 11201 4677 1165 2375 10492
16832 3568 5509 2602 10887 1 4032
16833 2655 1848 1296 4817 3371 912 949 7665 2715
16834 7669 2378 5475 440 9883
16835 4710 6327 3395 4685 4696 4692 4698 4366 7957 3704 6827 7301 10176 10821
16836 419 2124 423 958 6103
16837 2152 8103 8793 706 6777
16838 5757 1223 7441 1414 1702
16839 2777 177 1903 2544 1970
16840 812 1281 357 2396 1237 946 4278 2141 3883 6080
16841 2100 1523 8138 7481 7869
16842 1642 1523 2740 1477 921
16843 11046 3529 715 6434 671
16844 139 6952 6147 1321 2011 715 11125 7333
16845 2062 240 8986 11571 2183
16846 6535 5292 1807 146 147 2295
16847 2794 11718 7567 10877 9381
16848 3475 11676 304 3516 1683
16849 78 4217 103 8760 1575 1164 417 2311 7345 9671 3290 3291 4401 4911
16850 2593 1879 2180 3620 4926 337
16851 3281 1023 8610 753 3468
16852 401 82 1331 6808 1663
16853 454 5 4512 659 374 1500 5611 97 11644 4877 6895 7271 11585 4323 3319 644 11545 4331 83 1455 7178 167 4280
16854 3061 464 3244 326 952 8593
16855 10290 6345 9924 1171 702 2932
16856 8555 2759 1183 128 5898 10152 11402 6243 68
16857 2503 5956 3218 225 6467 7392 3305 255 1639 3825 3622 7986 4738 3874 3201 675 4231 3291 3579 4260 1563 3685 3923 3780 1509 7812 7382 2743 3405 4046 1236 918 3203 3925 2170 4399 423 758 9141 157 2128 427 3695 7417 8180 2584 1238 2132 2109 1053 4049 6247 3582 5653 4300 952 2229 1520 3343 3167 10726 5301 594 4004 2927 2142 959 4282 3555 2147
16858 1742 21 1618 2531 931 6955
16859 1428 7064 11585 8201 2524
16860 3254 5893 2323 1854 10981 3968 10875 3707
16861 3145 9129 10161 2625 7740 3141
16862 1180 2218 8826 2821 3142 779
16863 9669 388 5722 389 390 393
16864 11427 3657 7140 7322 1775
16865 2094 3358 5196 1550 1629
16866 6484 1032 8403 1843 7603
16867 4542 438 11439 6482 1005
16868 10562 3038 7307 10345 1705
16869 2608 11674 2370 1681 6777
16870 5520 4314 5950 7767 3414 1997 2645 2111 5198 5289 8361 3418 8275 3586
16871 7235 1328 8251 8334 609
16872 4923 1355 2510 9082 8959 6345 6028 2159
16873 1260 11385 6397 6404 2259 726 10960 2446 894 6506
16874 3423 8332 5218 2058 2529 621
16875 3547 5141 3250 4981 20
16876 1775 1867 4398 4502 9168
16877 2478 6054 787 9290 5311 6503 2760 663 11728 5052 3429
16878 213 7924 6867 4710 1540
16879 202 7707 11222 1504 3531 5950 1515
16880 11385 247 9273 901 2791
16881 2451 3146 8245 3181 489 2094 937
16882 2637 5505 3830 9416 4221
16883 255 1879 256 9683 9490 886 3622 258 3400 5056 917 6106 495 8360 5356 4669 1513 6101 1388 2135 6953 2140 5102 7374 2138 4881 8876
16884 1745 1717 1718 343 3364 8986 4902 390 6455 4420 1715 7865 4822 7823 11735
16885 8251 1415 8196 11075 2739
16886 11260 9936 3210 10460 1888 4945 2378 2065 11108 8470 8741 5907
16887 290 7963 2489 1171 11382 4864 7304
16888 1444 2015 3587 5488 55 666 3891 7158 1735 1502 882 2550 1886 286 3680 2271 5723 7911 803 6033 2433 8061 4332 2562 2098 345 11304 5481
16889 2222 4425 8410 7295 1698 578 10665
16890 5673 2701 8822 7112 1551 11353 9995 5613
16891 8242 4195 3366 661 5343 10447 10843 8629 2030
16892 3061 3158 933 709 2129
16893 799 3893 7066 2973 2577 2684
16894 823 1014 5210 1581 2689 2750 572 2145
16895 6163 1196 758 1039 2002 20 1531 3134
16896 5417 432 1077 7272 666 4454
16897 8107 9460 1661 440 3745 1583 291 1775 4906 9489 9206 9946 6964 5449 4758 6308 1766 709 4750 2621 2347 756
16898 370 7963 3078 6343 10566 9498 7094
16899 3745 326 2360 6602 7562 11384 3813
16900 4489 8140 10349 4060 8209 3850 11753 3818
16901 785 1342 1629 5362 7508
16902 6737 9950 4720 6847 4620
16903 3438 9621 6353 4560 8666 18 171 4083 7558
16904 3680 5487 83 1500 10088
16905 256 7838 1945 3305 3827 9369 6057 5284 1281 2433 2125 7621 1265 4232 192 4000 6724 2545 5931 9970 4046 1023 2309 1868 6101 5378 6060 364 5456 924 4279 4400 4091 3883 271
16906 1275 4287 4465 4582 2347
16907 4089 3581 4266 266 3878 681 682
16908 8571 970 7632 9743 10011
16909 528 2598 11079 4229 2111 7412 3226 9452 1725
16910 7066 8863 661 1120 1121
16911 8467 595 5913 2905 1822
16912 1748 6493 2860 79 4237 1044 8162 3172
16913 8977 9552 10019 1604 6506
16914 3605 3904 99 11523 8203 4374 3442
16915 11363 8655 3762 8095 8308
16916 1033 2013 612 11009 1683
16917 1368 3595 3761 4313 4918
16918 1331 7652 758 3466 10466
16919 2248 97 10847 1551 8416
16920 3496 2066 934 11415 7561 310 11198
16921 916 5955 3235 8674 7321
16922 166 2989 3579 291 3204 2929 1168 10585 1579 8254 7878 1382 7383 2204 2730 4655 4879 2699 4004 6742 2149
16923 1815 10733 7157 4244 9766 9867 7433 1189 7514 5506 4339 6880 609
16924 5523 4767 7815 2730 960
16925 3742 39 6471 10264 8891 3379 5395
16926 2784 341 6803 1481 7892 6346 3062 1726 5318 7528 10501 3393 10545 7349 4258 3027 3250 3326 409 176 5760 3203 2026
16927 432 1727 2515 3468 6458
16928 11358 3465 4590 1330 6390 5399 1565 10938 4610 3469 552 715 1171 10422
16929 4944 314 5813 3910 4735
16930 7572 8125 6351 283 11177 7294
16931 4870 5235 10461 1853 7051
16932 8517 6636 11518 11573 2455
16933 2353 2354 8305 4903 412 7871 1669 10371 5649 4332 257 4253 4042 3619 260 736 2632 280 1894 272 448 2287 7446 920 921 2873 2553 9525 5301 8632 7626 1651
16934 328 1120 934 11264 6549
16935 2359 372 207 1057 38 1482 4381
16936 8552 1443 2446 8768 7024 2632 7982 1908 5607 5125 438 1289 2594 799
16937 934 870 6805 3185 1259 4599
16938 3607 3235 8250 2585 7250 6823 4791 10502
16939 3651 1104 10859 9973 6641 11599 911
16940 1140 2044 2825 5065 2083 6301 6424
16941 842 809 7024 1702 10420
16942 368 105 8456 3074 10719 715 3528 2343
16943 4584 5796 2189 5328 6885
16944 7587 3563 2680 1032 169
16945 11253 1321 8908 3957 1765 6344
16946 7281 2815 785 4383 7508 9224 3737
16947 7686 2419 10606 9340 7162 785 8417 1342 1629 8418 1550 10727 9212 9362 5200 1253 888 354 783 7441 8595 2544 177 11328 1278 889 2914 3803 2044 10385 5521 5224 2395 8181 27 10636 1208 6116 2758 5991 1307 4001 8622 5672 7367 9341 5801 5574 11006 10587 5377 266 3180 4655 3468 9525 6417 3697 2140 9014 2138 2139 4977 960 2148
16948 4371 1122 4066 4713 1125 306
16949 5425 127 7018 1011 5713 9192
16950 4368 134 1342 1531 6366
16951 8896 459 10155 8585 6608 1718 4470 4979 6246 9028
16952 8411 4895 1186 9866 7691 2621 174 9288 1678 2876 7990
16953 8994 1742 11059 2343 8084
16954 7590 10967 2050 465 9676 9766 1203 7147 6564 4053 1755 2271 5388 7391 7491 9481 1193 7151 11673 8053 9133 2638 210 11745
16955 2193 8917 9076 5254 4524
16956 1874 8517 3643 22 9551 4553 10669 9048
16957 11131 10227 7034 7033 8012
16958 4715 6679 4371 2535 2824 6259
16959 5013 488 3592 2058 11608
16960 2777 8655 4914 7251 5197 315
16961 371 10114 7985 2248 9673
16962 4868 4967 2637 249 413 4228 8632
16963 1012 196 3809 2223 400 10383 5078 7638 598 8106
16964 428 211 318 2294 6895
16965 7459 5565 4 4079 1718 2622
16966 9362 7518 11473 11030 3770
16967 6055 9062 2519 11300 10008
16968 714 105 1331 2697 6957 908
16969 5481 11572 1854 1146 4421 4443 3839
16970 1355 92 3532 528 2161 291 3295 379 1903 448
16971 9033 5040 8496 1164 9720
16972 11668 3074 8327 7129 2938 4440 5779 4441 2649 6405 3246
16973 2959 1499 2263 591 4639 6343 10344 11571
16974 3183 8692 6 3736 758
16975 10900 2736 1899 4613 10954
16976 5154 10815 1272 4607 2696
16977 2181 1891 11553 9400 5647
16978 293 2907 2717 8837 286 10133 7917 5665 1800 5472 327 2163 7141 2298 9427 4626 11393 1012 9069 7530 7049
16979 303 389 390 393 2167
16980 6235 3223 1479 8453 3275 11188 8161
16981 5611 7026 3938 441 434 7284
16982 2069 8905 2735 4117 9423 3508
16983 4297 171 4456 3917 394 11384 2822 703 9441 5561 779 3188
16984 6390 586 9179 8212 1634 3486 8749
16985 389 388 393 303 6982 390 9510 5623 9441 3190
16986 9961 11751 3188 3455 2581 2079 246 4689
16987 9895 6858 1423 8803 73
16988 10930 1960 286 5125 785 1342
16989 10391 8676 7172 7465 670 2059 11197 3025 7895 7170 9906
16990 11548 4145 10894 1581 428
16991 1718 2558 7904 11428 1914
16992 1504 7303 632 325 2528 7175 8201 6265
16993 1078 8037 3619 1236 955
16994 3226 2235 575 9851 4406 8009 9121 7366
16995 5073 7183 2500 1808 3158 3858 349 303 388 390 389
16996 7798 976 4545 4543 6464 5056 736 1564 5521 8181 353 262 260 3729 3688 3100 832 3846 3581 3690 4268 462 3730 4440 1645 1519 1242 924 5720 4278 3422 4074 9568 4005 4076
16997 1355 5940 1349 10294 1452 7201 7187 8735 7304 6107 3257 3575 2655
16998 5901 11615 10742 11483 3875 3258
16999 8695 250 11621 6930 2369 4286 903
17000 2937 2163 10853 4421 5244
17001 11717 3951 710 3661 11741 10921 10473 1219
17002 10525 1005 6134 1444 4187 968
17003 10213 1799 417 798 4733 4937
17004 255 297 4252 495 8398 7790 3203 5523 3409 2397 2287 353 1581 1572
17005 4459 1033 1683 10287 3516
17006 1587 700 6174 3609 4555
17007 255 3201 3291 8094 267 1912
17008 8809 1413 1812 2003 374 1555 3337
17009 1466 795 10224 4221 8155
17010 10224 294 3366 11393 1273 3212 5429 2313
17011 8401 2212 662 800 6767 1143 2733 3269 801 2090 5652 678
17012 1855 2742 5008 1070 4767 739 954
17013 4921 3946 6923 10931 6610 6639 11276
17014 4247 11253 2408 11713 686 5520
17015 4832 7680 6242 4980 5993 4279 6423
17016 884 2443 2682 6885 7330 6366 5289
17017 3997 8257 4682 8743 11466 2624
17018 10503 8431 2217 2689 2628 7584
17019 6407 3516 1431 5435 3517 703
17020 7379 1253 408 11229 2929 10109
17021 658 1201 210 1283 2638 4765 5753
17022 2967 1335 1709 48 4456 6941 10159 10050 10051
17023 3255 6250 6621 10996 6768
17024 8693 1533 11692 6131 7719
17025 3028 2160 6152 3146 1205
17026 9843 8160 1876 4073 6238 3165
17027 2544 4764 1132 1882 1884 7004
17028 342 2721 898 1247 9617
17029 2502 9203 10367 1879 6187 2660
17030 6919 9898 6704 10734 2204
17031 5925 5926 3303 5927 756 5932 6291 3208 5936
17032 933 466 1287 248 3735 1712 3766 8956 5502 6194
17033 4259 1388 4661 270 3555
17034 4189 10255 10205 2216 8465
17035 1799 1545 10924 3727 6167 5337 2654 11438 11737
17036 10993 10618 259 1676 10471 5227 2433 3337 2235 628 1555 8585 8810 1549 10472 2434 262 1531 9828 200 353 10111 11155 6710 3924 2710 2742 4227 442 2127 423 9141 157 1530 2002 627 629 10524 7916 1196 758 1382 2746 3691 6 1691 2132 4081 8124 7338 2042 2692 2591 4511 3631 4048 5651 1375 6114 361 2134 2135 3928 3932 1461 5292 6871 2752 4731 5018 5230 2873 3167 7769 578 1113 6904 2144 4282 2148
17037 3546 767 812 261 5249 7813 5067 2625 358 3406 3203 6839 3552 3113 2436 3690 2746 1580 3340 1023 1312 3911 5800 2748 680 4270 5012 3930 954 4776 4278 5720 6781 5993 1399 6741 2147 3000
17038 2278 448 1154 3377 2085 7444
17039 901 11613 411 7927 8998 609
17040 3159 11757 5474 318 1355
17041 1233 2044 2802 2121 4260 1563 1642 2021 4650 6244 4227 5356 9141 3112 947 2287 1517 3690 2871 5167 951 1369 5289 1522 3479 1568 3042
17042 11670 10126 5555 8989 914
17043 5247 9311 9576 2127 2135 11150
17044 8170 6116 1724 4814 2655 7598
17045 92 9667 10930 4830 7956 5805
17046 3257 372 877 4401 446 10011 2308 2766 1882 4546 1970 10885
17047 10698 1945 2907 1287 3255 1461
17048 11727 983 1247 5194 715
17049 9019 627 2255 10955 10457 3515 4919 714 184
17050 2964 11046 4841 10085 851 4918
17051 2120 258 2815 1563 2868 2123 2866 3434 2567 1676 5967 6266 4827 4000 5978 2133 6058 2747 3915 1868 2750 4772 1461 5229 363 1648 960 4280 271 4090 4091
17052 1916 155 1899 1340 7478
17053 5722 1358 2488 3395 9880 9879 9586 8202 7400
17054 2724 2726 701 7588 7277 11595 7275
17055 2940 1531 1196 3632 1113
17056 5519 2636 5196 8825 6090 185
17057 4106 5816 2875 1975 4128 1896
17058 6441 4183 9573 8954 3257
17059 11192 11451 73 619 2534
17060 1882 11403 3520 11468 4610
17061 226 2961 4523 1614 4080 8689 8684 3457
17062 3970 10980 4420 3961 2971 7965 4440 4441 2649
17063 1970 354 34 7281 1415
17064 4764 2482 758 577 579
17065 7331 131 1285 6065 210 2368 1198 7353 7362 7151 1668 9592 5414 3570 3366 1324 2119 6056 7901 4042 3619 8197 3258 7778 6880 7434 2396 4001 2742 3202 5881 1477 97 1644 1895 715 4265 8192 7368 5652 5800 5010 2750 443 9022 2229 1646 3584 533 2926 6444 1243 4090 5104
17066 1916 6023 10857 7502 3778 3130 5631
17067 1550 843 1629 4 9153 4790 8843
17068 2435 139 687 3919 2581
17069 1132 2311 2356 11221 9974 191 5708 2958 1773 8250 813 2978 2211
17070 10847 4171 10649 4172 1551 2471 2474 5830 2110 1089
17071 10071 6310 10704 6667 5218
17072 2637 428 976 255 1879 4220 8807 379 9359 9258 415 3636 11285 5110 8972 3560 2084 9800 3578 8760 2578 1888 186 8159 6057 2963 3164 1761 8009 7813 2125 261 4046 4045 6058 3919 639 626 5193 2127 423 2545 7641 6724 1047 1023 2645 3588 4279 680 5016 758 3696 9838 5019 993 3473 1870 1582 4269 6306 3105 989 2924 5022 269 1567 4277 4003 991 3932 1461 988 3931 3166 4050 990 5017 5021 5012 5933 5407 6061 1574 2144 997
17073 4294 935 10138 8949 768 1 954
17074 1687 1684 7073 669 4407
17075 530 407 4538 6459 5966 3863 1726
17076 1772 5649 10734 3029 594
17077 6828 2911 715 10264 5108
17078 349 650 4616 729 1393 1572
17079 145 1867 2123 8853 2124 9141 5967 442 611 157 505 1060 5376 5651 4048 592 1111 266 3102 4161 691 1113 2136 1872 4481 9008 1522 578 579 991 5018 5019 5017 3931 2924 2752 9525 3932 993 5021 5012 3105 1870 4003 5020 9196 4506 4004 992 718 690 4168 6872 2144 2145 4005 4741
17080 1122 8311 1125 4377 10920 4712 4715 4716 7240 11506 4710 5566 4066 9787 4358 4059 8663 6327 3395 3997 5707 5026 8947 4036 1037
17081 1716 1866 2396 1237 3338 463 1897 6290 954 955 2399
17082 8650 4990 4991 4992 11498 8590 10484 4996 4995 336 10168 4993 4994 4997
17083 10899 3258 2446 1183 5212 11248 4304 10506 5248 217 5371
17084 5224 6388 2929 1776 4266 986 2132 4048 3417 2136 1647 5230 1249 6061
17085 3639 3393 4906 407 2044 898
17086 6389 6391 2286 5776 2084 2431 11060 2745 499 3203 5535 2545 1515 11183 1516 1645 2731 5986 5011 3166 8361 1567 4277 5013 7438 2928 2118 7817
17087 3871 3388 900 5844 2024 1323 192
17088 255 6025 10812 422 192 2545 4878 690
17089 6204 609 2446 388 389
17090 192 1333 5506 4332 11631
17091 768 354 2261 6734 3592 9299 3877 7039 3031 5965 5499
17092 4511 1531 1196 6558 2692 7754 7949 922 10753 266 1519 801 851 7973
17093 1775 4295 6425 6539 7254
17094 5630 1279 6514 7780 2979
17095 3703 367 517 1408 7260
17096 4295 10263 2584 909 508
17097 6775 2201 1057 6248 1549 5441
17098 4846 9223 4929 4231 260 186 3694 2742 4232 3112 2465 463 1516 1239 3911 3879 1567 10498 2752 9009 362 4661 3167 1399 2928 1244 3423 5282
17099 1525 11394 303 4570 2723 3999
17100 1536 290 6005 132 3323 6690 3146 9452 3999 5732 779 1469 6224
17101 8874 1985 3196 5213 4064
17102 10195 8276 5599 11313 637
17103 2336 5222 3313 162 6458
17104 10456 9793 898 9796 1609 7320 9554 4659 2058 8005 1938
17105 1141 666 1272 789 3016 2347
17106 7683 11109 3997 1132 666 4121
17107 10696 7112 10387 9030 3161 5898 8719 432 1772 10439 86 6155 799
17108 931 10857 1429 86 2445 6297
17109 2796 2717 5509 785 10325 2259 2621 1844
17110 1854 3752 444 2259 5748
17111 3830 1658 5564 3083 11569 10070 2686
17112 9922 6667 2332 7784 11308 8018 9667
17113 3388 196 3899 4351 328
17114 220 481 4489 6162 10487 4323 2943
17115 4206 656 3328 8166 161 8480 724 5623 9920 338 8338 10847 9892 4720 3349 726 2295 90 146 2501 11714 9554
17116 6332 2502 10755 1060 2473
17117 1382 503 677 952 5011 1522 7310 4003 989 6682 3932 1461 990 991 4269 3931 2752 4050 3343 6953 533 2147 997
17118 6034 465 4567 610 82 2939
17119 2116 11364 676 1259 4227 2360 9141 10951 4735 2128 3221 1896 5800 5653 4772 4300 3868 2873 533 1572 925 1912 5934
17120 1078 4733 8591 10296 10351 1155 7271
17121 10731 240 8986 8851 7045 7290 7046
17122 10537 1366 2359 3163 6152 7456
17123 3680 428 2501 86 318 701
17124 7185 9681 862 3351 864
17125 5153 6501 2444 8325 4392 11292 11464
17126 1375 3683 6105 144 736 7767 508
17127 581 6471 3285 872 530 934 9610 4126 8595 1444 779
17128 5466 221 4642 9578 5477 808 9539 9135 210 6988 11385 428 8234 10245 4056
17129 5729 1086 127 2254 8871 5800 591
17130 11553 8884 8885 6405 5660 184 11645
17131 1766 11630 343 597 6160
17132 9357 3952 2002 568 6048
17133 7267 803 6880 482 3523
17134 1002 38 1883 1884 7479
17135 1528 8745 3492 7632 660 120
17136 3463 6699 8559 1350 5556
17137 2775 2439 10129 8010 10821
17138 1002 5449 177 1481 1882 3181
17139 8752 10139 5365 7495 2345 1711 7824
17140 9676 5392 379 1251 9600 1543 2394 2868 353 984 7813 3405 5193 3407 5547 5978 6740 8749 5288 1566 6936 5100 3878 4910 4235 3912 4270 4881
17141 2469 7765 61 5992 577 1966 9028 6837 2082 10223 6572
17142 692 2161 4117 4597 753 2834 9986 11338
17143 354 7803 3709 7012 9476 303 2813
17144 9015 3619 4044 5375 4650 6936 4827 7307 6108 6110 998
17145 10630 3484 2930 1997 3505
17146 752 8198 4103 379 2505 3532
17147 11200 6219 563 3699 3228
17148 4019 6349 4430 5147 9846 10036 5148 5149 5150 7123 7124 388 5624
17149 1046 1321 1409 8022 326 2360
17150 8263 2467 726 506 3705 7968
17151 8536 4025 11714 9641 1208 7789 4300
17152 6141 420 353 7382 1237 4267 9141 611 2584 6267 4653 6246 5752 508 3582
17153 5167 1369 3931 2751 3468 956 7846 7381 958 5933 740 2928
17154 1666 3463 4099 86 662 1584
17155 1639 349 900 901 1066 1071 2204 1872 2752 1567 8455 5171
17156 10302 1754 10899 1661 10090 219 233 2050 4057 11673 11745
17157 7916 4156 5721 6069 3583
17158 9490 34 38 7408 666 6024 2474 3788
17159 2729 6139 5251 1032 91
17160 3998 272 2900 3205 1580 162 2939 681 923
17161 10273 5965 9094 8919 6476 6214 1555
17162 4984 9237 547 8283 540 9696 11 1933
17163 5424 8416 8417 8418 3461
17164 9701 3381 1886 2485 4029 4117 6657 799 4502
17165 8499 4002 81 9681 2212 11040 8130 10809
17166 3680 879 645 5080 8551 5390 11750 8754 3393 481 9741 1945
17167 6836 10273 7107 10783 4907
17168 11540 1180 9951 5217 25 11521 397 7793 2529 11460 8517 9550 9573 74
17169 7576 1301 11571 8696 4427 3989 1454 3110 5894 7054 7302
17170 6616 310 2078 4986 4988
17171 2589 5963 417 2191 1292 1848 832 1595 7282 9329 8408
17172 6353 290 326 1881 8622 6394 3608
17173 11421 6204 11623 9122 5698 6434 1709 7082 1716
17174 7181 3890 3919 6238 8819 1897 3070 9049
17175 303 1938 1041 3479 3488
17176 2472 1342 562 4904 785 4482 4259
17177 3135 3530 8136 2220 11717 4477
17178 4859 3273 3275 6942 10062 3274
17179 3178 6137 10123 3773 8639
17180 4825 8461 1480 7961 11058 11042 10223 7823
17181 1879 4070 816 87 667 1880
17182 11153 1728 5627 1918 3694 11585 6785
17183 6195 8076 867 4369 1880
17184 3527 1802 8635 4968 153 2314 1635 2630
17185 9372 5554 6458 11061 5052 2532 1005
17186 11269 81 8207 303 144
17187 8215 7530 2 5950 5799 5113
17188 639 359 254 537 3408 1316 2287 2744 7340 2133 3415 1519 1242 1651 3882 5103
17189 6686 937 7223 4027 667 2161 4684 2917 1392 6683 3727 6168
17190 8102 8792 89 2097 703
17191 5060 7371 7015 10513 4989 7104
17192 310 1460 628 7892 10112 2529 5656
17193 9056 5242 2875 1144 8094 8961
17194 5409 515 803 1607 9003
17195 5060 6981 6579 10513 7829 7371 2041 7830 4442 8345 7465 6955
17196 1547 9360 5663 4977 291 3129 11733 4575 4628 11718 4158
17197 1288 2502 10246 1438 3236 3884
17198 4501 3041 2140 5986 3106
17199 3575 7985 2161 1709 6573
17200 1298 709 417 296 1863
17201 1774 1078 7979 11198 5048 5716 172
17202 255 5766 4044 2572 6266 3846 6724 609 6109 4775 5013
17203 1169 1886 7119 1289 8117 799
17204 368 1718 2446 2739 2817 7648 10789
17205 632 5232 11346 2584 537 7484 2689 4453 2083
17206 3986 2327 7299 8268 11318 5539 4726 7056 3991 99 116 10862
17207 3997 7142 947 4023 9173
17208 2956 11743 523 2502 10372 8825
17209 8730 1565 7345 207 6962
17210 5518 3371 338 2311 255 7733 4334 166 5888 3009 2396 2915 1244 10947
17211 1204 5309 3180 7916 8418 2988 8849 4067
17212 172 4004 3010 4159 7647
17213 350 3704 4725 4443 3975
17214 4388 7809 1502 5124 6956
17215 7988 1048 1275 4287 5546 6834
17216 1107 2244 733 5731 11664
17217 6464 1066 5523 7307 2141
17218 280 6209 3504 2248 2545 2929 7340 2939 4656 7791 1647 3473 3882 270 6111 4076 4092
17219 1002 2517 2882 1863 6960 8938
17220 9854 255 4333 2116 4908 1676 5611 6057 7918 291 258 4227 442 97 1014 4089 7641 6247 5229 5292 988 1461 5019 1571 993 364 2924 5022 2926 6682 3257 5018 1582 5017 3105 4003 5020 5021 5012 2752 4269 1567 3166 4050 924 3586 365 284 1574 1653 11486
17221 4466 52 11649 10831 1811 8811
17222 8620 10392 9486 6045 2662 8430 609 303
17223 3382 1718 9044 6499 1169 2947 148 2378
17224 3789 10390 1092 1166 6963 3716 66 6528 69
17225 5225 3938 2 3181 374 10088
17226 2186 1301 3442 4443 3441
17227 89 6537 3263 308 539
17228 507 10842 6016 8217 1228 1029 10608 10001 1835 8187
17229 4397 296 2800 3350 1995 8582
17230 98 5598 325 4593 1889
17231 7255 3349 666 4515 6009 5949 1032 4036 7013
17232 6634 488 8959 6075 99 5358 5572 9316 3795
17233 5648 105 7343 216 2621 2410 8135 10634 6705
17234 11003 4567 3384 6344 3957
17235 1471 4125 6648 10670 1735 9015 6615 1599 8903 10407 5694 2760 11358 5066 11235 3685 937 8807 8101 8762 3498 2581 772 7922 10235 2694
17236 4866 808 1002 5505 6121
17237 81 7027 7522 1662 1465 5145
17238 3852 4117 4387 2594 459
17239 4250 10372 8003 9013 9796 5126 3427 2465
17240 6805 7226 5591 9772 4373
17241 10667 6947 4201 7894 6363 8776 2666 3708 1879 2581 9441 303 701 389
17242 1743 2887 6535 2724 8820
17243 8869 666 2672 6758 3843 1011 10193
17244 9460 9430 177 2480 33 338 1462 38 39 3740
17245 1407 5956 1355 1342 4930
17246 8519 8167 423 11550 3919 6852 3695 3836
17247 5475 148 7741 162 1076 8338 936
17248 9331 4746 9332 9985 2646
17249 9719 4534 10584 609 7251 2324 5481 6405 4914 315 5197 3302 8381
17250 2733 11219 8610 7768 10377
17251 1280 1775 11591 3751 122
17252 980 2746 6057 1867 3923 2434 6079 5349 3104 1872 283 9188 533 683 6820 5933
17253 787 4627 2703 1635 5561 7137
17254 5065 173 6427 4172 1551 4050
17255 4639 200 7242 1802 5028 10834 10833 10836 10898 7388 7426
17256 9870 10431 8066 2065 11047 486 1295 4630 5510 1854 2044 3404 105 8297 1 6885 11735
17257 1947 2171 2929 2131 1580 6814
17258 465 3393 6588 2780 5952
17259 7999 6596 7171 6533 5014
17260 11580 1618 7197 10596 8643 10504
17261 8747 5164 5165 2551 11590
17262 2168 7482 897 6981 3915
17263 4336 1602 7020 8905 3398 2505 292 10594 1604 8634 6326 10031 1391 4897 7319 213 2005 2696
17264 2179 5615 4729 10094 7051 3973 3754 5483 4942 2062 3961 10980 166
17265 5242 7471 8187 1001 3667
17266 1057 133 9628 662 7902 846
17267 7161 4 3797 5583 2334 10997
17268 10166 10123 1837 9136 4639 3832 4137 1100 7134 7242 5072 11670 1106 4022 4131 9471 733 11037 9137 2826 11453 2704 11452 8349 11580 6300 73 2828 7136 619 2082 7135 2824 1969 9736 6529 6259 4135 8586 11231 8901 7462 6530 5424 3592 3781 3916 9735 7461
17269 11335 3078 6216 816 5040
17270 7770 10154 2785 526 2562 5243
17271 11253 2276 10342 480 2789 1718
17272 1158 2433 424 2360 337 4776 3713
17273 11273 2620 328 160 5833 7696
17274 5169 4362 99 2190 5483 3961 3973 1854 3442 4422
17275 4445 7606 10521 2423 6922
17276 1462 598 8106 2735 81
17277 7913 1706 9119 7398 10290 3918 1707 9527 1247 3919
17278 11747 10067 10066 10968 6094 9387 11010 2910
17279 11713 1032 101 5701 2386
17280 8425 7053 240 10496 4628
17281 7085 7747 1730 7173 5405 1907 588 6578 3181 1086 11687 9181 10790
17282 4902 6490 9 4768 9136 1109 70 761 4979 2700 731 6528 3914 11037 4639 69 6527 733 1897 1053 2904 4021 10003 11451 1841 3832 10844 10952 10872 7261 1969 7118 5323 7424 2138 2140 3071 3887 6301 6302 7462 2826 2704 6300 1879 9027 7425 11268 4905 7554 2829 11619 2705 11277 8899 7463 11514 11661
17283 2429 1308 503 4768 7876 7171
17284 8121 8122 589 8123 11695 11559 8430 10099
17285 3791 4475 1422 1423 1053 2138 648 21 4652 8901
17286 189 7345 9567 6436 468
17287 2016 3356 2115 4635 630 241 4080
17288 408 5091 4262 3655 3716
17289 1189 3244 8453 799 1321
17290 2472 4834 6828 11587 594
17291 6939 6112 8215 2161 8258
17292 11490 889 6197 2169 4479 3338 3556 6328 10241 1075 954 4881 5014 6596
17293 4154 11424 6856 1688 8044 9442 1523 5752 7706
17294 6236 1161 6621 11686 5480 2518 7881 2228 21 4404 6296 6298 88
17295 1298 5246 3705 1854 11646
17296 2433 3406 280 5931 315 4270 4662 2730 269
17297 8769 10093 893 9929 2467
17298 3181 2577 5153 8186 4039 8839 4020 9148 4050
17299 3630 10988 335 9376 750
17300 1305 1302 8859 4568 3951 1745 8424 4845 1835 903
17301 2214 105 820 6099 1854 4844 3334
17302 1930 91 11087 1797 83 6637
17303 1505 146 5441 666 5192 3337 2750 5653 787
17304 4445 1170 8458 2672 1409
17305 5477 3608 2505 2588 5108 3480
17306 6569 10924 1472 2332 3182 5082 5313 3687 4253 3874 4165 92 1879 5123 9070 4231 1642 4166 496 1848 353 2743 2314 9111 4046 5006 2740 296 4314 439 81 537 3112 2900 1895 2086 5009 7369 2287 1236 3221 951 443 1858 952 5171 5301 594 5933 1650 1651 99 343 4148 4052 2145 8687 2147 3555 3423 7440 6080
17307 2549 10680 1531 3183 758 1775 1196
17308 8308 930 8102 304 2097
17309 2830 5690 6305 7528 3582
17310 1886 765 86 7338 9953 4254
17311 4021 9028 13 7261 1969 4137 2177 2342 5948 10888 619 2534 6302 8238 3887 7424 7426 8165 8706
17312 5308 7311 290 1208 3336 303 7269 2598 2518 389 1057 2464 371 388 10506
17313 10366 2015 4080 25 5302 1744
17314 2090 9525 6964 3 1811 4
17315 3630 2877 4793 11469 3129 8223 11549 3008 10163
17316 255 1879 102 886 3638 1564 269 4775 955 4154
17317 6516 1333 9832 11546 6710 5076 37 3626 8317 5186 1906
17318 8924 3770 1365 2040 8947
17319 1332 1531 6459 4342 8912
17320 5796 2191 2328 4421 3442
17321 1549 3893 779 1240 2134 5868 6224
17322 1884 3896 3863 2718 3632 6731
17323 1775 1718 3563 6539 904 10000
17324 3393 10824 400 1375 4546 3564 11748 344
17325 4421 4360 2189 3535 6198
17326 7187 341 6614 1629 9994 10909
17327 3255 5162 6639 9070 3026
17328 10578 6919 932 5890 7190 4402 2989 8169 84 343 1716 2038 2341
17329 8414 8082 3026 5658 4452 674 2588 2295
17330 8441 52 4852 3623 1531
17331 1747 1807 6280 487 3436 486 1089 11681
17332 3624 6712 4172 10649 10848
17333 672 2165 670 4073 6238 2454
17334 3809 2451 972 5480 3235
17335 7963 3108 2165 9453 9332
17336 9062 3922 2575 4004 999
17337 1175 1176 1177 1178 1179
17338 1276 3324 5611 2728 5091 6655 2119 3890 3919 1113
17339 8095 8409 8096 2554 2664
17340 3742 207 3609 2521 1164 9161 8773 2725 4111
17341 8990 5370 470 7442 6444 9712
17342 898 1164 10336 11497 851
17343 6777 705 2151 9142 2173 5434 2099 2372 8342 930 8516 1708 8062 11242 1687 11685 1684
17344 8227 174 175 11283 2763
17345 10937 2424 10129 2728 11405 10878 5799 10997
17346 417 2462 5730 772 9267
17347 6411 5714 3161 5738 5221 10366 10271 8108 4906 7799
17348 8413 1588 2363 9328 9704 10939 3099
17349 2732 709 1577 3951 529 1249
17350 5711 151 1626 10114 674 1444 562
17351 5829 1583 7236 440 5517 782 291 155 1468 6459 3666 793
17352 9683 2123 1965 6267 2204 5800 10637 2873 6061
17353 5434 5279 89 669 10286 1830
17354 343 3699 8989 432 9907 1896 1617 11319 11526 3364 5120 1800
17355 2084 1140 481 10623 3332 10978 9374 9607 370 785 4788 9729 11343 10514
17356 10512 4420 11029 5649 1702 10027 3344 11086 6449 3705 2180
17357 6525 661 2865 1603 1156
17358 7200 10887 2201 11733 6987 2064 862
17359 715 935 934 10871 783 244 3570 1773 1530 9234 9851 81 1261 6209 290 8679 1555 23 7695
17360 121 912 2374 4937 326 7315 4919 9652 6860
17361 92 10141 6942 3272 1771
17362 949 5965 4973 2044 1446 2926
17363 2815 3578 983 10856 2645 2806
17364 432 2312 991 1861 4752
17365 1682 2911 1465 3936 3052
17366 7023 3160 4576 11628 1023
17367 8397 1281 3100 2173 7420 7374 924 2138 594 853 997 1574 3335 5103 3424
17368 1132 5868 2534 1316 9834
17369 213 935 726 936 3659 9348 9159
17370 936 656 7476 86 9548 10577 11637 6480
17371 4430 5147 9846 10036 10490 5149
17372 2448 6281 9851 7622 1005
17373 105 5592 715 666 1556 9703
17374 1855 2867 2124 500 302 7383 2204 5171 4481 5282 3423
17375 1180 1032 394 469 2562 6058 703
17376 1742 2893 4103 1718 3009
17377 1721 5556 6310 5256 5367 3142
17378 11372 2433 10111 11155 353
17379 3325 5275 303 122 2069
17380 6906 1933 9108 8277 5859 1065
17381 261 4669 6786 1498 11464
17382 4103 3074 8849 4731 4520 3835 3317 632
17383 6822 3535 5361 9067 4353 4354 11203 6066
17384 10052 11480 1790 7959 7418 10441 1065 1791 8010 9108 6173 8291 9648
17385 5046 5375 6740 5445 1998 2873
17386 6950 4670 1618 667 932
17387 10238 633 9677 8704 10220 3180 11425 1051
17388 17 4196 2378 1332 9422 8870 3956
17389 8932 491 2639 5587 1746 978
17390 10305 4417 3181 11009 1718 6634 1256 6555 2926 8300
17391 8433 8642 10958 1943 8680
17392 11254 4 1438 8302 11319
17393 6749 1643 4501 10856 1578 2173 8685 5834
17394 4216 775 3349 872 2242
17395 1745 3633 2574 303 388
17396 2085 676 1074 956 1651 284
17397 10839 609 2079 11675 5281 21
17398 147 5814 2332 726 2294
17399 4568 8451 8346 5550 10380
17400 803 4594 1262 666 1259
17401 5234 4026 4895 4028 2126 3180 898 105 1428
17402 2938 1180 25 3929 6955
17403 2123 1564 4000 6108 3583 6223 1249 953 4776 363 282 4506 3352 6751
17404 1856 1301 3078 3705 972
17405 5830 8596 4499 1870 11061 216
17406 785 8905 4541 3383 9460
17407 497 353 7813 945 3202 2740 7854 272 1511 504 3205 3695 3926 1518 1113 2752 3847
17408 1012 341 4981 5343 6746 4116 6221 4761 4 628 758 715 446 4550 4482 2482 8604 1884 1223 846 3666 6497 4350 9365 1205 8253 2708 10327 448 1140 202 7818 3853 9822
17409 163 2779 1432 1747 661 10973 10119 7745 2311 432 11730
17410 81 4243 4452 162 1734
17411 8028 4690 4686 4705 11647 8029
17412 2311 2160 3934 5672 582
17413 85 9097 519 5979 11354 8836
17414 3018 9055 5761 11521 9056 796
17415 8354 1413 10143 5676 10203
17416 3643 185 11502 6297 6036
17417 7087 5184 3800 9218 5823 10792
17418 86 799 7979 94 936 7594 11617 784 2598 6669 5275 1550 11112 4
17419 8445 2097 5762 6647 330 8633 1526
17420 104 10322 9283 10941 10321 11108 8380 7999
17421 5893 2281 6398 2191 3644
17422 7893 344 752 79 2238 10973 448 1452 8617 6123 326 753 4190 423 9346 11654 11106 6269
17423 1078 8188 11354 5523 4768 4003 4167
17424 9820 3755 715 3550 9474
17425 11531 4524 2488 6011 7097 3056 5321 847
17426 5292 846 11714 8675 6614 1811 7494 487
17427 1591 2341 1748 3038 10288 6101 9896 8328
17428 18 8712 11035 8784 5740
17429 2986 2015 8002 2822 3834
17430 7892 5054 1726 2518 11056 2161 2766 171
17431 591 3789 7497 6489 619 11453 70
17432 4297 2557 4180 1583 1534 10901 5827 11422 3689
17433 1273 368 1344 2660 1920 9575 6887 4320 9712
17434 674 3146 937 637 3269
17435 7379 117 4946 792 8374 4635
17436 11057 3218 2482 3117 4062
17437 2207 1697 5172 609 3955 686 379
17438 5692 781 244 400 5362 8370 11312 10609 5385 191 4482 1577
17439 2996 5864 5155 3397 2998
17440 6527 66 6528 2043 5541
17441 6638 85 5712 7587 7182 4536 4502
17442 6671 785 8196 3769 7274 625 10581
17443 3490 932 3496 4523 3734
17444 6758 132 2456 5956 378 4862 3901
17445 1424 7442 974 5683 754 5209
17446 9519 4244 4642 6564 11669 9578 7087 9134 2275 4644 2271 7151 7150 9963
17447 4768 4901 9 5731 13 72
17448 7186 6536 379 6056 2121 5766 6738 4259 278 736 1269 5375 7766 3203 626 1317 715 2053 1515 3102 6028 2926 4881
17449 8113 1710 11087 10887 5977
17450 6322 4403 2591 632 8410
17451 4463 4421 3904 2322 4432 3971
17452 928 704 7524 6224 6225 6214
17453 2544 9366 7253 11419 5406
17454 932 7635 2478 7615 10761
17455 3448 6616 783 1673 481 3288 10548 11199 6348
17456 6199 5955 938 6624 6625
17457 229 2419 8057 10994 11413 9163 10522 2446 6957
17458 2097 304 5434 2098 3517 1681 7073 669
17459 445 151 8643 3726 5302
17460 420 357 5375 1237 7446 3011 7093 1912
17461 5767 6106 495 5227 4502 9702
17462 3164 3307 3872 3925 6433 4314 1510 4502 9141 503 2086 947 11278 1502 4751 1882 432 678 1369 8237 952 3479 5570 991 4269 3931 3932 2398 953 5017 8142 993 2752 5019 8361 3166 990 9014 853 6418 365 4400 6575 8252 6751 11486 8855
17463 3680 699 2224 9618 5199 700
17464 1970 2482 666 10206 10927
17465 5388 794 810 6040 4581 7786 371 9402 933 2887 1166 290 8499 3288 8076 4219 2252
17466 2812 2008 10467 63 7844 10993
17467 2670 528 383 8250 86 715 7512 1811
17468 2740 5356 4827 5928 3410 1316 1571 7791 5934 2146
17469 517 2094 4079 937 5937
17470 3213 3001 3077 2776 2975 7179 2959 4308 5779 6405 4441 2649 728 1318 4036
17471 9907 471 632 3899 4608
17472 5167 3911 678 443 5289 4771 2751 267 681 682 956 2139 4506 3473 5103
17473 8966 4511 11689 9058 3818 6229 537 8599 10507 1968 1576 2491 4770 6760
17474 1531 628 1196 758 1523
17475 912 5745 609 1307 2 1013 322 921 4623 947 2515 894 6895 2512 3823 7359 1594
17476 8797 6680 7326 9991 2645 6256 537
17477 8240 2376 10333 353 4878 1242 5022
17478 4474 1526 3466 6627 1208 2108 8248 308 6679
17479 1760 7663 9416 5328 1154 3374
17480 10087 4482 1883 1884 3379
17481 456 99 8065 10243 1301
17482 432 2509 5630 6789 667
17483 6048 11527 4761 2094 1272 5633 4791 4530 5812
17484 397 9554 3454 3027 5218
17485 2502 780 1611 1923 3244
17486 1342 7570 3689 785 1357 346 676 1531
17487 6025 8853 8181 7434 3038 5373 1014 5009 3409 6800 2747 5625 2806 2144 2145 9921 963 2149
17488 1321 1867 5480 1189 81 5125 2212 1052
17489 322 1776 1872 1249 953 7846 364
17490 11611 2031 7601 1035 714
17491 2460 8470 7610 933 2835 936 3353 7745
17492 2715 803 2670 1287 6948 5728 5098 8059 933 2663 8976 10232 7659 4973
17493 3993 11646 5272 2185 8505
17494 255 1879 9146 2867 4043 7778 2745 2170 1310 715 3581 463 4973 4400 270 4075
17495 785 2742 612 4268 3731 9066
17496 676 1531 1391 9479 6847
17497 5260 6372 4435 4436 11303
17498 1309 3556 6724 954 3423 3425
17499 1379 4223 7315 692 1766 5589 11320 6123 5372 2600 1886 5450 728 2058
17500 7559 1634 11686 4419 1452 1437 5123 6052 468
17501 1358 2488 10645 11341 2172
17502 9019 2046 4617 4190 8936 11503 5821 2529 5218
17503 664 3134 7221 2161 1132
17504 10949 3540 6426 3537 3538
17505 1531 577 11122 7118 7291 9730
17506 5608 3181 10392 5687 10586 7187 4446 210 8832 1806 4823 6616 3843 787 2294 2605 11597 2482 9299 1255 11073 11403 198 5672 7508 353 7547 33 6567 4931 2923 9741 2621 2889 6785 5422 8847 11431 2586 798 321 11238 8719 4388 86 1596 11711 2701 7970 2817 11602
17507 1748 1084 9847 983 3845 672 670 5752 3438
17508 2602 2002 627 519 8585 3805
17509 1879 2116 497 2360 5619 503 8192 3926 2871 508 5021 6014 4776 3848 958
17510 9002 8757 4566 2229 799
17511 5045 3745 38 3629 79 757 7106 588 794 2765 872 846 1465 1743
17512 893 264 9028 8625 21 7525
17513 932 1742 9153 9452 5198 714 1018 665 552
17514 1666 823 2294 3180 1033
17515 11533 465 7511 884 7606 710 2381
17516 2169 1067 502 1382 1074 1581 1312 6780 1912
17517 3269 1937 6593 4737 9095
17518 4764 1884 3548 1613 3520 4027 1882
17519 8634 5131 3456 10320 8718 11596 577 2813 8850
17520 2812 2819 70 761 7485
17521 9624 7230 58 802 5422
17522 444 10181 968 5564 3616 7618
17523 4027 1415 1437 9642 3049 7879 2119
17524 310 5688 7448 1167 2821
17525 4347 3605 4727 1235 1510 947 921 948 11172
17526 501 500 4650 1070 1310 2170 3435 3011
17527 3633 10102 11342 10423 10101 3635
17528 6767 5234 4026 5235 5699
17529 5116 7194 8609 145 1612 6482 3428
17530 692 1368 3738 326 823 8913
17531 11613 5708 4854 278 5375 4046 3112 7697 5286 2748 2750 3341 8686 4776 5057 5068 683 3106 2149
17532 8072 1335 1366 618 4793
17533 3594 6627 9220 2108 3189 21
17534 11314 9366 9610 1800 1412 4813 2431 7053 4037 737 2058
17535 2853 4301 1721 1271 2385
17536 1802 11730 354 1811 1918 122
17537 4054 3646 757 7522 3699
17538 8059 92 4416 10460 11698 81 2446
17539 1970 7475 6353 3666 2212
17540 9596 118 8340 7908 841 10129 1875 3818 2689 10160 8249 4119 4558 1885 2800
17541 7221 9654 5966 11370 10193 5888 1582
17542 1032 6573 9356 2939 3708 6209 3504 1710
17543 11522 6964 9680 446 374 11660 5117 2765 2438 758 10234 3514 1734
17544 3094 1084 4 7510 6252 141 2056
17545 8296 5804 5125 37 4299 5920
17546 1531 388 1556 758 2132
17547 2427 4253 11632 7829 2041
17548 3056 10831 5713 2803 7903 3543
17549 7277 7588 1060 370 5582 2311 5711 85 11168
17550 7585 157 5534 9911 508
17551 10230 3801 370 2223 2942 8802 1793 3872 10539 9575 943 2807 1608 6954 254 5584 9405 5051
17552 11535 11647 4687 277 7140 262 1550 1629 4560 6474 8159 5082 2594 4561 2974 3038 4546 1032
17553 10705 4323 3672 5053 3659
17554 4688 4696 2352 8028 2898 11371 4705
17555 417 4209 1444 5423 4835
17556 3389 11756 6016 1416 10069 1941 1838 3788 1106 5295 3913 6490 11449
17557 2402 3821 553 1550 1255 487 6879 6428 9435
17558 1745 368 2728 1886 6940 10506 6440
17559 4339 2779 2674 5600 9456
17560 8450 1180 9441 1731 10524
17561 3781 1941 6320 1108 1097 4133
17562 4980 5314 252 11508 1819
17563 980 674 3874 5408 1676 1269 7363 422 5967 2169 2086 4652 1240 2289 9525 1561 5993
17564 7875 10264 5108 3608 6559 11273
17565 1558 8786 7726 10019 10587 799 6050 6051
17566 725 397 4968 817 9358 10478 10242 1889
17567 5095 2 148 5125 10934
17568 8458 6022 4250 2765 1605 1811 10565 10654 8782 2865 7394 5313 141 3859
17569 2907 438 803 965 5519 7752 1232 1761 8180 3291 2506 1584 1563 5832 3504 6078 1894 4047 4739 3690 5619 3412 1923 6933 680 7436 5011 1522 9278 5570 2141 992 5407 6444 1113 5937
17570 3215 9054 8819 5977 8667
17571 1002 806 5444 1446 10795 11660 3608 449 11746 2268 11753 3615
17572 368 4747 5757 9468 2952
17573 2968 7597 1032 1998 296 2446 4896
17574 934 4213 128 4237 3385 485 1835 4848 287 8098
17575 4602 107 9858 9874 3544 108 10298 10942
17576 1637 10869 6840 7125 10862
17577 6965 368 105 3760 8838 1272 2895 4083 4981 8638 262 321 4864 6782 2929 5978 7588 7277 11595 671 1002 486
17578 2510 607 11507 2161 8820 5744
17579 1661 6161 1502 9021 6976 3894 4747
17580 3263 89 11640 1033 11447 6580
17581 3551 1067 500 2173 1242 10426 6061 9497 5387 4076
17582 8949 1811 5503 1635 3674 1199 4194 7925 8721 7136 6471
17583 7736 1742 609 8197 198 9880
17584 493 3356 3776 3819 4678 2562 11724 6683 9172
17585 5611 3925 2360 2229 3207 283 3343
17586 3003 23 8441 2799 2800 417
17587 1602 5313 292 9560 5772
17588 7162 255 1879 889 2044 6622 260 9805 4260 7813 2740 4089 6244 2343 3416 951 2748 122 3468 6781 2756 958 5987
17589 4607 11463 6135 10510 6688 30
17590 10400 2735 7002 2575 1515 7337 9466 4638
17591 8965 2431 1981 3162 2443 8338 7030 7575 4511
17592 6614 2823 11074 11067 9365
17593 4930 6525 11578 1627 3777 9504
17594 1201 808 2909 210 658 4279 3847
17595 7258 1375 737 4525 5969 401 261 2250 772
17596 6372 8248 7419 7637 3195 2032 6682 3903
17597 672 2165 670 4073 6238 2454
17598 146 10630 2465 11222 9074
17599 5959 1289 2548 3934 530 10951
17600 6535 8293 11112 4238 291
17601 1751 660 2858 4870 11098 223 222 220 2355 225 5851 8051 11635 3622 10294 4112 3100 1867 1461 1869 4113 281 7900
17602 5709 6422 7345 4180 8877
17603 3796 2284 6696 3676 8695 11195 3149 1824 3937
17604 8420 9366 3163 1484 611 1247
17605 650 39 3745 6520 2218 3379 6782
17606 1132 6831 286 1886 6334 177 4027 3510 1499
17607 1538 4193 4597 9168 2834 7925 9019 11209 7907 122 8485 4588 275
17608 1085 9405 7333 8654 4036
17609 5253 6748 470 10752 3796 3774 1639 1921 6731 4301 7961
17610 9948 2277 10983 8218 9140 520 4285 11578
17611 2311 7140 4125 19 777 1027 10964 806 6850 4111 3269
17612 2765 1052 244 2556 4099 1012
17613 1918 1844 22 9551 6036
17614 6621 1358 1610 26 3589
17615 374 799 187 6073 1046
17616 1727 4040 288 143 6787 443 595
17617 5170 92 286 10340 3184 5440 3933 10172
17618 216 6372 6709 5453 8440 5491 7484
17619 6124 9874 6531 8741 11490 4757 10321 536 539
17620 3255 469 4198 2067 3635
17621 4760 9789 2919 2283 6445
17622 1180 6670 3005 4927 7485
17623 5199 4 3468 4108 168
17624 6408 2212 292 662 1456 7271 672 4290
17625 6319 3004 1731 2997 6993
17626 1018 737 1875 7739 1948 10253 8188 10275 2299
17627 5813 1802 6423 9405 5051
17628 3846 609 268 6306 1568 4051 3697
17629 3682 2920 9733 3321 6205 3034 2986 3666 10085 3093
17630 6105 2506 355 2282 4046 502 4265 157 3690 4266 950 2692 3911 361 3928 4771 3848 3849 3554 3555
17631 8468 1378 8972 4656 2730 9868
17632 3291 1307 4260 5099 1512 2173 7815 2731 2730 5625 4879 956 1572 3644
17633 5728 668 1636 5598 846 3732
17634 3680 370 4916 8735 5095 3392 1557
17635 9994 1164 3477 2498 602 379
17636 390 393 303 388 389
17637 8250 211 4040 4977 1510
17638 872 1531 1556 758 802 628
17639 1357 468 3119 846 1368 8891 921 1414 662 1812 3830 4980 2426 2616 326 6317
17640 6482 8272 1611 9013 9508
17641 81 701 6895 7277 3311 9650 799 5293
17642 6114 1599 5447 205 6994 2974
17643 9843 10426 7808 1570 7713 6337 3119
17644 2575 278 296 609 2923 3418 8275 5014
17645 8996 300 5358 8457 5233
17646 5212 169 2701 7169 8847 7583
17647 9246 2979 10358 10562 7358
17648 9218 3715 1097 382 2704
17649 3664 7413 7412 4331 8796 10934
17650 2659 9086 99 5266 10095
17651 4222 11530 1036 3442 6440 9916
17652 1562 5564 8692 2701 6512 4588 1497 779 3919 97 9899 614
17653 7207 10146 2843 7542 11001 9630 5995 2841
17654 2310 1705 486 9625 8146 10792
17655 148 9584 10571 123 173 5531
17656 2243 9 4768 9028 72 2534
17657 6568 6156 2044 2122 736 4231 8181 6106 3164 20 1477 1304 1311 7767 6740
17658 2724 842 803 318 529 3492 1357 11124
17659 1273 5776 10048 1412 1292
17660 5401 10275 792 5504 10845 7925
17661 8344 7035 7033 9238 7036
17662 186 11583 2709 5153 2518 6778 7050
17663 8638 1025 6863 572 8564 7136
17664 131 4027 11054 8251 659 139 716 54 2937 10242 8768 5349
17665 1201 11709 5641 9578 842
17666 6184 3704 3975 9400 4443
17667 10685 9626 2357 8807 6435 1973
17668 5205 1537 3945 1718 1329
17669 6406 4882 2510 607 7133
17670 2343 1775 65 10160 11664
17671 225 8614 5002 10056 2996 1983 3881
17672 3558 6554 217 9110 10075 9392 11253
17673 105 8807 2913 5496 4255
17674 7063 7481 7844 4342 2387 1726
17675 2911 1311 3400 1864 1980
17676 1639 7752 4260 3116 500 1310 505 7536
17677 1385 3796 8844 6849 6128
17678 8712 3307 8695 1848 570 2718 5144 7451 6928 8910 7584 9393 9673 6893 10021 9761
17679 7549 1586 9691 2684 2609 4392 4484 2938
17680 3621 6985 1642 1014 6079 2287 3925 6101 922 9495 6109 6953 2926 3168 365 271
17681 4511 1289 530 321 4470 5812 3631 758 6101 2111 155 1596
17682 7389 3266 663 613 308
17683 10946 5404 739 3691 1645 10241
17684 9658 470 11186 2044 3064
17685 4044 1234 4585 7307 7876 3880 9603 9611
17686 9230 9464 4575 11621 6220 583 8618
17687 676 2397 3847 6306 1399
17688 6789 1231 258 9439 8210 8896 10858 4131 2284 9687 6422 2114
17689 7606 10132 9624 10408 9790
17690 3742 8088 793 1908 9899
17691 709 213 3349 2706 3342
17692 6384 1005 10496 11064 346 11249 10647 1997
17693 1746 10470 1028 5448 3108
17694 7335 3117 921 2221 11667
17695 8921 3780 1766 785 1951 7606 11309 1204 8494 10852 3188 2662 8215 10408 3454
17696 4244 490 5510 7606 6324
17697 2957 104 2410 2962 7335
17698 2605 1331 128 1027 2505 8524 3941 2525 11596 6768 1590 11450 7406 127 1874 576
17699 7672 9997 4030 6176 3078 7051 3024 11662
17700 5691 6254 10698 2160 212 5632 1228
17701 5268 5483 3959 7057 2180
17702 7393 808 2393 2965 10911 5463 2966 1588 1201 391 11528 11527 11221 5639 11054 10710 221 2278 5418 5079 6518 8438 11152 9445 3524 11598 2329 9680 11397 5084 886 258 257 7778 1104 3471 7844 5193 1053 990 5022 5000
17703 9512 7120 820 1375 9030 6432 714
17704 8398 575 519 1230 348
17705 506 1938 6405 7251 672
17706 1280 5958 6660 1654 9936 4859 7030 354 2341 7982 2301 755 10181 171 6545 134 5892 6951 9090 10988 1432 44 8660 7899 8377
17707 5583 7777 4957 4835 10421 8182
17708 8900 10136 11388 3299 10668 5602
17709 11349 634 3819 4599 7495 753
17710 7267 2501 1766 2518 261 7467 9908 3146
17711 1679 1813 1146 307 6352 3517
17712 10348 11678 709 4221 1438
17713 950 2748 6027 266 994 4113 1113 9196 3479 2091 6311 364 533 269 5230 4505 1651 740 1573 997 3714
17714 9598 813 2562 5061 2719 1775 10000 10169
17715 6489 8581 5370 2581 7254 472 2175 6075 5654
17716 401 2801 864 4733 4023 7174
17717 3853 9642 5302 793 3389 5303 5659
17718 2143 102 8446 1603 8594
17719 3323 4127 2311 971 6727 2161
17720 1684 9675 6598 1686 3644
17721 2586 10377 1032 1980 1653
17722 1135 2069 10665 4805 264 1366 5619 2229 21 86
17723 5348 6729 6473 9360 3384 5125 9982 1289
17724 11154 889 6566 674 4908 2802 4041 2122 6668 4929 260 1986 278 2126 6058 639 3919 7987 5009 3410 1613 3690 3692 503 3414 4653 8183 2111 4772 680 1582 9008 2229 4775 7642 3106 6781 5834 5407 3464 284 4052 3883 3425 9702
17725 7889 1204 3494 7878 3250
17726 664 6030 888 9085 5906
17727 155 394 779 5701 903 1180 6470 602
17728 778 11353 2591 3609 4573
17729 4360 11396 3721 6294 2250
17730 318 8246 273 8799 7949 10884 5946 2923 11377
17731 6866 7076 246 6856 7352
17732 143 8514 8582 1772 3358 8182 703
17733 7056 6911 6912 6910 243 9265 8562 8497
17734 6627 1208 4164 3594 6256 5949 1365
17735 2160 9326 3872 8470 1807 1721
17736 7677 1301 10243 8385 2190 3967
17737 105 2476 530 8702 294 4491
17738 423 2234 3851 628 3805 1557 2458 148 1368 530 799 2479 2615 3221 468
17739 2472 5441 8949 2428 3323 1807 3660 11196 2821 7549 4841 3160 4483
17740 528 7648 8156 2414 6530
17741 210 2368 1504 5225 2431 7486
17742 4430 4443 4421 3975 5539 6373
17743 1599 2435 4102 8169 345 374 5633 3426
17744 10549 10049 8470 4731 1662 2634
17745 3181 190 3739 4923 9192
17746 714 6297 184 21 9869
17747 4803 1096 1097 4132 10166 2414 7118 9028 13
17748 2397 2499 1281 116 368 3689 10431 4558 3967 2746 317 6235
17749 8101 10486 6339 10149 5481
17750 148 10881 8608 1519 9065
17751 5926 5925 3346 6291 3849 362 3848 8544
17752 3922 3685 4081 4002 7876 3732 5230 2204 1650
17753 1355 10250 1534 3611 10282
17754 5155 3527 1802 7835 84 9677 796 9730
17755 5227 7918 4501 800 5288 1023 1369 5800 4161 5653 1646 10637 3931 9083 3554 3585 3342 959 4091 2148
17756 1298 4339 6944 726 4846 3997
17757 9226 1314 854 10043 7697 6049
17758 343 2065 1718 486 2739 122 2622
17759 11369 8308 11521 717 2894 1898
17760 10977 1159 2588 4964 8923 3513 8925 10950 4918
17761 3134 11487 1193 225 4492 7576
17762 11062 2160 9299 2501 3146 5399 1592 5176 10395 11443 179
17763 435 4231 2396 5832 3414 7214
17764 6789 1217 1737 7248 753 4572 608 1871 1312
17765 4568 7180 1637 6175 736 1241 4681 4864 7041 8303
17766 4629 9919 76 21 4272 7197 10596 6090
17767 782 4169 1883 1884 3131
17768 10548 236 562 9562 4834 3396 8175 5356 3406 7480
17769 3680 1954 326 8604 8779
17770 11126 3666 6167 590 9335
17771 2185 4726 2187 11646 3440 8385
17772 2044 6920 5561 7988 1271 11679 750 314 2771 1274
17773 5260 240 2190 8562 1942
17774 1433 1415 9636 7145 2444
17775 10960 9298 4930 2917 2588
17776 1627 3777 7369 2344 1840 9137 731 732 66 6528 11451 3832
17777 3578 5008 6682 3916 9008 2874
17778 4469 6625 5883 1923 851 4918 5218 1857
17779 9362 303 388 389 390 393
17780 9685 481 7360 8239 1084 230 8825 7486 7127
17781 2216 8098 7286 1355 2501
17782 2600 10511 4902 5379 5072 2176 3788
17783 3568 5754 811 7500 4442 1782 1824 7765 998 1483
17784 794 2094 11752 5529 1364
17785 11000 3295 1332 7510 10103
17786 8633 1876 7725 9843 4201
17787 4060 341 2299 6070 1220 2091
17788 9572 6891 5760 3666 99 1180 8122 10589 10801 421 4896 560 9472 2950 903 4096 11017 4968
17789 11538 1883 1884 10048 4387
17790 4169 757 374 3089 10009 9131 4117 931 8022
17791 10964 7428 7599 92 5654
17792 2637 7186 1605 2284 2887
17793 177 1970 2544 3379 806 1470 2482 11072 10443 2518 937 1726
17794 1217 3146 10681 4886 4300 2706
17795 10970 15 17 6038 4449
17796 256 9687 415 984 435 1562 7918 4044 7813 9141 3580 1516 1566
17797 8266 5249 949 3179 591 589 3127
17798 1523 632 11169 2562 703
17799 2034 3339 525 6132 10563
17800 1204 1600 10296 842 5619 615 86
17801 10501 1705 6677 155 517
17802 1928 2790 7308 10410 4728 7311 7704 1970 10433 10733 11429 3755 351 1747 1950 5449 4970 1426 11608 5596 6446 8064
17803 2169 3924 639 5009 796 3846 9142 2173 9320 3221 7641 1566 758 1647 2699 9278 924 9525 2141 959 4282 271 6050 8855
17804 4491 3297 368 5600 2574
17805 11020 6775 4088 1972 10708
17806 3940 11280 10625 6665 2664 5649 11578 8896 8294 6413 2529 9814 11662
17807 9984 3161 486 1718 1032
17808 4590 1764 11358 2229 4064
17809 7897 6455 303 3536 8563 7061 5248
17810 785 1342 2697 6782 5504 5189
17811 7016 4103 1731 3147 2097
17812 2277 10745 3526 8934 2060 494 10577 2128 825
17813 1904 4763 2660 3403 2265 2758 4144 52 913 8045 11135
17814 10607 2512 2514 10416 6425 9281 1791
17815 932 1201 2636 7151 6564 1749 7147
17816 6514 2521 6939 6445 7966
17817 244 7617 665 1617 261
17818 5196 11568 8373 5206 1503 11300 8818
17819 10689 4836 9584 7140 2706 7408 7232 1186 4801 3083
17820 569 9018 316 570 313
17821 5793 8459 721 9544 7961 1875 6370 5979
17822 286 10113 7141 1763 5915 291 10130 799 1502
17823 465 842 428 2670 1667 433 1321 9292 11482 5469 665 1076 5908 10807 5590 8604 8500 936 6899 5113
17824 9933 1418 2178 3771 1642
17825 9350 7870 2697 7174 5802 8716 5040 6944 2072 6639 2539
17826 2907 428 11313 92 3198 84 11147 1321 210 2311 872 290 4127 434 1886 846 7984 1012 7049 3235 3438 5728 5326 1560 3532 5688 717 9192
17827 2574 1977 1976 1978 6763
17828 7844 4668 1189 2673 4836 664
17829 3371 1753 2952 6004 4237 1855 356 9477 2575 291 5009 2127 97 7307 3100 322 178 5800 443 4655 6953 3342
17830 1970 889 673 4165 8180 812 2866 4259 3337 135 8398 353 186 7382 2743 422 2923 2127 157 423 1896 503 6594 1898 1111 361 708 2229 681 2484 3711 2926 2141 9014 4338 6444 509 9496 1113 959 4741 4090
17831 10400 4201 2119 4253 9753 5755 9749 9754 5777 6085 6086 6084 4155 435 9185 9186 9319 5778 9751 5032 9750 7091 7721 7090 8584 11240 11620 1790 9066 9757 5784 1932 9756 9761 5783 556 6088 6083 5034 2264 5855 5856 5788 6907 3481 3597 3598 3482
17832 1018 11700 8470 4864 6847
17833 5755 150 6944 410 1678 5311 97
17834 55 1716 7850 1001 10995
17835 1971 5475 2586 8905 6200 8715
17836 10116 6667 5206 3196 6240 3082 4101 1197
17837 1204 874 9794 3228 1857 6440 5993 1885 2058 1384
17838 7311 6198 4259 1709 4001 5458 3696
17839 1606 6250 1482 824 2859
17840 19 6736 10608 4608 8043 3844 832
17841 4312 1097 3481 3597 3598 3482 3483
17842 9209 1860 2622 6828 5055
17843 10455 2116 4230 2866 5631 3434 5523 6058 639 157 9142 6388 6591 8622 3414 889 3729 4910 3931 269 8361 364 6872 5935 8597 3713 963
17844 3403 2161 3803 1443 1225 6459 3131 459 4647 4523 2988
17845 5169 2180 303 2190 3975 390
17846 980 11364 4165 2121 2122 7790 1308 278 3038 6266 985 1317 738 4081 2141 8570 270
17847 4342 11670 10120 7283 397 1923 361 2229 8339 951
17848 10512 8066 4840 7302 6289
17849 8136 8404 11375 1275 11402
17850 877 1918 7743 5973 2159 1634
17851 10783 1822 9430 338 370 4 11723 7705 2467 1267 10374 8003 3681
17852 7820 2887 1180 5302 6617
17853 4925 6477 1778 6440 5993
17854 7733 2802 10427 5521 186 6594 1580 4268 6060 2874 2925 1912 4077
17855 11525 10 2950 7930 3189 11707 636 11408 1775 4633
17856 2433 3561 1309 501 3556 5007 2234 3633 954
17857 2204 38 3745 3379 2496
17858 912 6239 11531 8113 257 7983 5502 10022 3036 10126 7338 5713 4730 3034 1435
17859 4134 10859 3907 1837 3770 6320
17860 3477 2620 5473 5069 100
17861 5859 9589 8287 9590 10820 8277 636 6007
17862 343 10553 9732 7539 1443
17863 3134 615 3830 1409 2341 9110
17864 8263 1132 709 1078 4111
17865 3072 5450 7902 9505 5153 9342 2739
17866 2273 10914 5368 8554 1505 4943 901
17867 7491 842 11629 465 658 8481 7237 9867 432
17868 375 794 1529 5348 1413 1886
17869 10812 3225 8312 5896 5406
17870 10745 3037 2815 7732 3685 10856 4739 2021 1317 6724 1512 3414 609 3006 5931 8382 680 10498 3041 1249 5625 924 3422 4881
17871 274 166 4490 7763 3074 6372 11522 5355 10277 1294 1775 2915
17872 3291 356 3922 3579 419 280 1565 6852 2131 1579 9066 4658 8828 6750 364
17873 6981 3655 3890 9696 7952 7715 8092 9379 3887 9735 9271
17874 1742 2937 2435 2502 4067 6577 6578
17875 1713 217 5854 11223 10591 8471
17876 10118 6880 10463 92 4573 1048
17877 4567 6554 1057 1060 2933 82 84 1455 799 11281 583 988 7186 438 1408 79 92 434 9102 3680
17878 3673 10785 6442 10944 2949
17879 864 4369 3616 3935 6425
17880 1269 4284 1057 9554 1362
17881 6836 1540 9213 4638 5136 6678 4826
17882 6332 4401 3433 128 7046
17883 10618 5080 6125 5180 8841 2205 682
17884 3134 605 709 4116 9458 2186
17885 4033 2912 2944 1240 1653
17886 11379 9911 6707 2193 509
17887 3629 9679 7007 1666 4240 10982
17888 5417 4566 9891 10387 10593 5992 2048 4546 2719 2259 11552 8447 4194 7703 4272 8460
17889 3490 7998 5172 2786 2022 10627 10367 1624
17890 2697 400 2446 1298 1718 4968 4271
17891 687 9717 11090 4899 6492 1610
17892 11487 99 2183 6183 7826
17893 889 420 1066 1236 500 5251 7383 5404 738
17894 4458 1709 3808 3516 3517
17895 7168 2455 11404 649 647 3591
17896 11261 4647 894 1904 2287
17897 3708 5701 2488 3195 6198
17898 481 11541 7145 7392 5394 7345 4497 8966 3473
17899 1354 10950 8719 1089 1347
17900 10106 7442 3443 5324 10466
17901 9745 1903 10927 39 1349 3195
17902 92 796 7523 935 517 1407 701 6881
17903 1368 2426 9405 7333 10328
17904 4332 4042 6738 260 1308 6317 3164 2521 10081 667 9154 3001 263 2125 3688 946 626 442 6078 9347 2248 2545 1776 3581 4081 2562 7822 3056 7851 3548 3928 4878 5068 924 25 7234 1689 8656
17905 3681 1920 3064 6725 723 173
17906 6029 2715 1529 794 809 2502 7049 3496 3209 1368 9002
17907 2600 6717 2384 6689 10793
17908 3547 1811 10494 1962 5166 5422 4773 4822
17909 2778 8976 10272 873 5408 5510 666
17910 1114 2381 1496 1742 2543 58 7339
17911 8920 936 5344 4385 3667
17912 3114 6869 2122 1580 7112 2747
17913 79 182 666 3209 3745 1052 1585 167 1776
17914 5582 2332 6730 1078 2301 1088
17915 7449 10659 876 6825 1779
17916 4460 4461 9762 6374 6375 6376 8233 9759 6456 9993 9760
17917 5311 4582 6870 523 326 7841 9364
17918 8004 5623 314 3721 3910 1845 8993
17919 896 2913 2912 2696 6865 3400
17920 2650 10591 3035 666 9067 7944
17921 10868 9299 3548 6164 3117
17922 4568 6853 854 5812 4151 1089
17923 517 2044 286 162 1057 128 872 3305 3611
17924 79 7522 4216 10462 655 446
17925 3541 7682 6218 499 2169 501 6266 1070 3556 1069 5007 832 1644 2170 3518 503 739 4767 5101 1776 3147 3022 8081 6328 1074 1041 1075 1571 8084 6418
17926 4467 9693 374 2341 1280 10063 5850 11653 2222
17927 1338 11010 9560 8300 6682 3247
17928 1357 6870 1525 4950 10280 2053
17929 7608 609 2065 2915 2697 331 6755 5459 139 10145 2591
17930 5642 1155 10847 1551 1734
17931 1001 207 5672 8470 1596 11297 10352
17932 11515 4071 11500 7623 2273 1287 6186 1284 2275 3345 6406 2460 2670 9873 1639 9683 428 4333 1508 3621 812 4253 10887 6622 2431 44 6756 2123 2084 980 2125 3504 4232 20 3100 1881 5928 2086 2435 1613 1580 3927 886 1556 7641 4296 4048 1565 951 3102 1369 708 758 4270 4161 2136 1572 3479 5570 3848 364 4776 2289 579 578 4279 2928 2145 7816 7817 7177
17933 6501 4360 6184 4460 10176 6374 3423 4148 1984 4443
17934 6250 11022 2390 3085 8907 4340 5811
17935 2911 9967 6980 1318 1561
17936 932 2765 846 3290 823
17937 4188 2216 11401 5535 8363
17938 205 3481 4842 4843 4819 7949
17939 432 211 757 2505 6830 449
17940 8644 6773 8198 3386 6701 407 3278 6205 4953 3666 1582 3695 3763 5598
17941 400 4707 4704 4708 4706 9045
17942 378 1083 8061 3680 6034 7355 8991 4388 1628 8799 198 4351 9281 7418 6353 9958
17943 2336 667 2532 6876 9641
17944 3787 9836 10511 4449 11739 5379 127
17945 454 4107 9456 6782 1258 5828 2939 7512
17946 5760 123 3666 3514 5400
17947 1104 3770 4899 9973 6320
17948 1078 3084 3455 5216 9011 1844 7108
17949 4750 3851 5492 7925 2586
17950 7593 255 5042 6880 166 3575 1761 4260 261 8360 2127 423 6388 576 122 4278 2142
17951 6653 2647 5139 649 647 3591
17952 1965 909 1721 1017 7080 6038 7231 3156 4968 4664 6482 784 1005 2625 1775 4307 3228
17953 1124 5233 4630 8065 2861 5761 7600 1301 8236
17954 9136 1109 3069 5554 11076 7648
17955 2975 6372 6822 6668 3762 3910 7794 7945
17956 803 2371 311 10089 8106
17957 1482 7258 11734 11420 2369 2916 1253 5600 3636
17958 113 11650 6843 8776 4571
17959 7014 196 5193 2883 9863 8193 4884 10172 5152 3347 3884
17960 3238 781 7442 149 327 6752 10927 1474 2248 1171
17961 6382 1260 407 659 1251 11715 1957 6868 93
17962 368 4439 2446 102 784 3901 6610
17963 6569 3182 1595 10847 8417 3843 4083
17964 785 4011 9848 5182 582
17965 2488 5861 9174 4080 11189
17966 4183 4670 198 8412 2044 1396 3505
17967 2019 4508 2091 1617 9118
17968 2528 3235 1807 3611 3833 286 3094 318 4011 3107 10140 2220 11401 10404 1634 438 7046 7288 939 7045 4169
17969 2973 11627 4082 2984 3278 1371
17970 255 256 3620 4650 1074 4052 1652 7817 5522 5014
17971 8460 632 7047 6835 1443 3856 5952 2295 550 4196 1197
17972 1321 11758 1467 8783 162 665 1164 4978
17973 5003 10185 777 2762 10211 9157
17974 5358 3703 2062 8262 3961 3752 2322 1301 5269
17975 1605 5581 446 2161 1702 4027 1482 3793 8636
17976 753 2528 6745 1744 2969 3085 272 1857 370 4241 872 10001 1628 5672 155 830 7802
17977 96 1957 1958 5220 851
17978 3609 1260 7508 1321 7150
17979 11021 4587 7484 7485 9018
17980 2585 6580 7945 6828 7829 9347
17981 8642 3186 10939 120 10246 4253
17982 3778 4200 7470 609 97
17983 10200 5285 4715 4709 9788 1124 4066
17984 9520 2072 8207 2779 1029 5048 6962 11081 9605
17985 7762 3870 11353 1930 692
17986 1558 6372 4441 5624 4744
17987 4559 3532 8226 6590 10546
17988 92 842 4350 6615 10289 5549 10366 2806 6195 1132 2469 3185
17989 164 4818 2494 2469 5198
17990 4227 986 5094 5136 3343 5308 1010 1079 832 3750
17991 255 1879 261 3415 269 5014
17992 1671 1032 10266 11315 1965
17993 9508 8966 3255 1472 2332 1033 5217 5129
17994 3937 10678 10328 8796 5654 6794 8546 2094
17995 5506 972 4555 1438 2068
17996 8336 2916 3856 7325 8544 4659
17997 8617 8484 6884 4084 3098
17998 1951 4511 5808 1583 909 4717
17999 9237 2332 3182 9684 5859 10292 4243 1318
18000 8929 4036 670 4073 7088 281 3295 10737 10537
18001 3162 1132 3163 3218 2247 3953 2489
18002 11696 3247 4587 889 7808
18003 4073 7966 4162 8295 9985
18004 11001 7540 6357 6358 5995
18005 6900 9534 971 7606 783 9626 2408 354 628 676
18006 4165 2866 3037 3138 2742 6266 1265 9320 6388 6740 6933 363 1399 959
18007 6754 5607 2762 1767 4342
18008 79 3244 8645 1799 4219 5728 9524 1335 448
18009 5023 4206 3400 1854 11014 5239 1158
18010 1674 8433 528 2468 6522 11209 5669 388 4100 11146 670
18011 10970 2305 21 6687 76
18012 9891 6731 750 11739 909 7690
18013 7838 10326 3938 2847 977 7431
18014 303 388 1852 8385 3963 5266 2189 3253 5963 393 4420 3962 1301 3904 5539
18015 10894 11446 368 8574 5130
18016 7995 2803 9433 3489 1235
18017 872 9977 1357 1408 401 1228 10277 4862 3194 4732
18018 11668 721 5052 1297 6609 7325 3269
18019 9434 10957 4189 2804 2037
18020 1523 7869 4899 5372 988
18021 1761 3038 4001 2343 4278 8854 7817
18022 3215 130 345 832 1691
18023 936 2036 1800 81 3999
18024 4430 2062 5260 3983 2662 11572 1854 11609 1301 349 3705 5483 1879 3973 1448 2190 11102 9825 3965
18025 354 4379 343 1346 951 2748 5198 5934
18026 569 570 309 312 313
18027 1803 2316 5095 10010 7449 9125 1469 1078 6167 320 11079 2111 5741 4686 3351 4629 2036 9504 5966 4069 10550 8032 3352 2350 2037 1171 354 3146 717 6477
18028 10026 2394 3923 2745 263 6738 891 2091 5230 8854
18029 3100 6107 4167 956 924 2146
18030 7168 668 1945 2501 318
18031 5069 810 465 7147 1756 4868 7331 8939
18032 882 1947 1288 803 2007 5639 1882 1970 10054 901 1756 1283 10548 2368 286 782 6517 4887 1793 5352 10626 7165 3532 5354 8059 11248 5002 8612 3186 7184 6026 2547 1675 6095 1180 2039 3002 3027
18033 3349 3218 8300 2037 9890 9397
18034 10021 6768 4504 10707 9756 5366 5955 7317
18035 10616 11727 3181 2094 3332 6725 2807 5849 100 5495
18036 884 4503 3002 11162 2041
18037 10630 101 367 2761 1036
18038 2838 2868 331 7845 192 3692 4048 1518 7340 5287 578 2144
18039 1794 4456 8940 10208 10341 7831 6593
18040 11161 6828 9149 105 5568 1415 6281 628 11470
18041 4196 8173 792 1951 4538
18042 11673 2157 3073 9418 10565 1342 9891
18043 7372 4705 3436 8033 11532
18044 1983 9747 4062 2485 4029 1120 6621
18045 4439 5750 2990 4587 1526 4010 5644
18046 2044 4898 9408 8197 5058 2346 2986 6218 585
18047 1501 10401 796 3806 6691 10265
18048 9578 6988 5639 6602 932 221 219 465 5414 10711 444 11352 7355 7705 9135 1759 3891 9686 1623 8203 1599 1032 3853 2357 11138 9960 5081 9687 2802 1761 488 1307 2431 2084 1643 4909 2581 1317 302 4570
18049 3480 3481 3597 3482 3483 4843
18050 8509 1599 1745 8745 3642 2446 105 5358
18051 1289 4515 2294 4790 7790 3116
18052 3921 2502 1287 2868 3998 2906 4046 3689 359 272 1477 3792 1111 6101 4884 3102 4654 5380 11536 4280
18053 10102 343 2737 394 8016
18054 2299 3381 4260 5176 9701
18055 4402 1549 10236 2294 11305
18056 6697 7187 7188 5873 9429 7348 3255 4588 312
18057 4545 10727 785 3182 2408 415 675 4929 3560 353 3434 4650 5967 6839 2436 1895 2132 9438 3750 9081 4048 4661 5068 270
18058 2161 2079 2969 5762 1334
18059 25 4031 750 2111 2652
18060 784 8244 408 4070 10958 303 388 2004 4036 6265 2446 2602
18061 757 1409 10213 5728 1078
18062 2989 1109 1148 4902 2903 2244 619 2827 100
18063 5064 417 6470 8439 11245
18064 7733 4112 4233 498 499 2169 1237 7536 7854 3011 3557 1073
18065 6564 7151 9536 2641 1758 2714 7237 9402 428
18066 609 5154 4490 1991 6782 3351
18067 7253 803 132 5128 3611
18068 1010 7252 4225 81 668 674 6145 92 7246 280 1089 4276
18069 3979 2191 3282 1891 1892
18070 938 1959 9680 4318 3163
18071 1557 1032 1555 514 7432 4279 2797 1461
18072 757 10255 7735 3465 141
18073 2907 2906 132 8915 3158
18074 4013 1355 5078 92 8549 1979
18075 2907 4125 79 2850 274
18076 9989 3444 1599 2085 666 4917
18077 79 1807 4100 321 97
18078 1294 343 368 9353 1443 1717 11286 891 1718 3112 4568 609 1745 1716 2756 4880
18079 2433 2394 6079 1579 6740 3582 2091 5229
18080 780 803 79 3288 11579 1407 5728 9508
18081 6674 4926 8689 122 3674
18082 11337 8890 790 9344 7660 2306 6296
18083 9069 292 2699 3263 1613 203
18084 7616 5909 11412 6988 7776 2543
18085 9796 4511 156 1087 1385 9794
18086 8647 11455 11253 645 6194
18087 4415 161 4122 9398 1824
18088 1188 2502 9307 8607 7190 10404 2831 1228 6729 2308 7868 2011 11153 5196 905 3269 323 417 2069 9893 1706 10907 1357 6549 11316 7843 5071 3016 505 5073 8960 364 18 3388 787 4448 6253 5515
18089 9624 6055 5078 2729 11133 11051
18090 9222 943 8215 3887 264
18091 3238 10158 1737 10570 10694 1276 4187
18092 9685 9538 8538 3288 466 932 481
18093 11557 6011 1033 21 707 1618
18094 5060 2290 4096 89 2988 11557 5240 2816 5218
18095 394 8681 7931 1444 3037 3116 11317 9541 25 4652 4995 4568 3027
18096 7704 775 7162 3262 4339 7514 9637
18097 5281 1289 2501 4764 4299 10118 2706 11677 10210 3607 936 2615 799 3343
18098 11024 9362 8421 841 9577 9419 15 5253 17 772
18099 1680 7071 8149 305 8150 5437 5435
18100 9826 764 67 3634 5366
18101 10770 4031 4587 3247 7895
18102 6146 6147 5163 955 1301 7125 4428 7826 6264 4429 3175
18103 2791 338 8698 166 5510
18104 798 3354 5054 7344 1718 1614 912 7191 11235 4035
18105 4884 4732 4502 2294 7448 4409 11215 6622
18106 1529 7101 551 144 6848
18107 1102 1107 1108 3715 3840 1811 5714 81 6998
18108 674 2286 499 3556 5523 1510 1070 6244 97 5967 1068 7367 4740 7851 7383 1240 1242 3928 3868 1872 144 1568 5230 5407 6307 4005
18109 2421 9155 150 514 3611 1113
18110 131 1201 5638 880 4765 5677 2909 7213
18111 6496 11257 7094 7990 361
18112 6048 1775 692 301 1963
18113 4817 7447 1411 2763 8850
18114 1296 8068 2679 3615 6635 6957
18115 9194 173 1033 2872 7285 6521
18116 5439 38 5449 1903 779 7212
18117 1044 715 666 1005 2212 7413
18118 444 1047 2937 187 9822 9042 1874 4342
18119 557 8290 8291 1934 558 8292 559 7941 10821
18120 6048 8214 9708 3792 10789
18121 8010 1934 6008 3481 3598
18122 1803 8987 2010 1882 1970 10108 6937
18123 6072 4209 11618 3463 9408
18124 4906 1342 9365 1113 2590 579 508 1422
18125 9586 7 8282 10014 5859 1933 9106 11716 8 1061 1784 9406 555 3539 8014 7950 11477 1787 7418 9698 6906 8292 559
18126 350 3371 3261 10433 3490 1615 11013 4928
18127 2812 2001 5672 155 4828 8162 5773
18128 420 3444 2124 501 2170 4232 985 2397 3729 3040 3692 5288 5719 1519 8684 268 267 3165 7709 5022 2756 1650 284 5103 3422 5935 6062 270 3423
18129 9021 6845 10197 7521 3266 7406 11006 10586 3492 1348 5071 1023
18130 516 338 9637 4332 355 261 4262 5067 3923 116 7812 4650 9666 7403 5193 1014 1895 6800 1579 505 592 3582 9022 9525 3421 997
18131 1538 9797 3426 771 676 2235 10421 693 8585 259 1531 6413 2136 2248
18132 5966 3805 1415 8224 9981 6533
18133 3299 8118 4106 11388 3302 2573 1979
18134 7166 1023 1843 2537 9295 9745 6470 4627 1248
18135 4402 3831 7931 5813 3910 1845
18136 1441 9031 2762 8617 292 1930 2796 1180 336
18137 9231 9136 4902 1109 2244 7118 2535 214
18138 1287 4813 968 9547 5187 290
18139 7452 7714 2203 5295 4735
18140 55 6212 408 3007 11633 4181
18141 5054 10606 3056 10863 5697
18142 92 3759 1409 318 5174 364 7393 327
18143 54 4534 11711 5838 10868 6704 6468 4036
18144 27 1833 11288 2653 10635 10599
18145 430 753 2256 11602 9388 2868 2469 3589
18146 6900 10072 10173 2809 9941
18147 9422 7564 9706 6094 4509
18148 4853 2885 7702 4124 8638 2525 11196
18149 1132 6205 2078 6 6225
18150 2765 1052 11003 1078 2400 4078 8226
18151 4299 984 8068 1843 6296 903
18152 8931 5362 10049 3523 3891 9125 972
18153 6668 11408 3831 6341 7958
18154 389 2180 5147 3752 5893
18155 7682 1764 10167 3002 2471
18156 665 1132 4243 9286 394 2332 3182 2486 1413 4926 2024 5977 5978
18157 433 8715 1409 5923 3158
18158 3758 803 531 4503 2907 1777 3310 916 1197 9513 5675 4980 1583 3379 2518 1970
18159 3238 4351 1292 1920 6353
18160 4950 256 6749 3551 1067 3556 5008
18161 8978 79 290 10306 1409
18162 3319 8974 6995 1165 1831 10476 4010
18163 9504 676 10780 8900 11657 7926
18164 260 435 8853 2431 1642 2124 4263 2742 442 3728 6079 2130 4265 1382 3011 2287 2111 772 5382 3868 4300 3916 9188 4661 595 8361 993 1650 4280 6751
18165 8980 4748 5996 7206 5995 8982 10146
18166 6683 11692 2311 6885 10284 5190
18167 5420 221 481 1460 5433 2791 9541
18168 1523 5275 4360 11426 11335 1320 2911
18169 6786 10639 1386 2614 9880
18170 3367 3942 3295 164 2313 7547 9952 8699
18171 1375 5249 5281 10375 8235 9472 361 2484 5229 6630 3357 5498
18172 1898 486 1599 8166 5056
18173 5451 6236 2378 778 2212
18174 659 7573 3758 4236 159 803 1289 933 7516 3224 3209 1409 6344
18175 4927 2263 7104 25 1180 8495
18176 6425 6539 8510 9248 9620
18177 210 3609 9685 1752 432
18178 1445 2852 4196 4721 2315
18179 10074 5761 9681 11252 615 5516
18180 1853 11052 5007 4479 5167 9023 6780
18181 4116 667 3013 3158 2248 847
18182 1268 4324 187 6678 2923 3750
18183 5423 7405 5949 1106 21
18184 9398 891 4929 4501 945 4234 4973 364 1572 3849 1400 740
18185 3086 11189 6093 2623 9190 3695
18186 10744 1032 3024 3996 1718
18187 8719 3624 1089 5546 5545 2900 5950 1734
18188 9717 1078 1882 5582 2544 10781
18189 846 5475 7212 2 169 5808 1979 9435 6471 1133 5716
18190 7242 7118 2596 8721 9735
18191 102 7801 1401 728 1864 2944 386
18192 244 7236 368 807 2009 1718 2215 6228
18193 177 3163 1903 2917 2708 4299 10415
18194 1501 8779 1951 9101 459
18195 1891 3980 1892 2191 240 8986
18196 6017 2762 4295 10304 5252 1291 6379 6551 3809 665
18197 2377 6232 1533 1798 468 2684
18198 9300 8726 4730 1956 7456 3666
18199 11101 9626 10745 7259 6455 3707
18200 2250 9136 761 6488 7118
18201 10732 6972 7291 11058 9427
18202 1542 1462 288 4380 6545
18203 133 4504 1139 3158 442 552
18204 11364 674 2506 3204 442 1014 2131 5978 8569 280 4232 2749 6028 2141 284 3883
18205 5261 1582 992 122 579
18206 1599 666 1338 2597 4158
18207 4949 9224 9205 8752 6769 5624
18208 257 9690 439 10056 3500 11755 4099 2470 6730 519 5516 4023 9814 6 10959 1726 3032 7114 1371
18209 4866 932 810 465 4868 481 782 10393 697 1886 10054 3547 5320 4035 4513 10004 9072 3488
18210 7246 3198 1999 6209 8355 778 1599 4073 6238 11278 2446
18211 4261 8895 10878 3259 5677 2676 5862 4918
18212 4649 3159 5568 5371 5056
18213 2116 2815 1642 3434 6839 917 2744 1923 2309 9066 708 3696 2091 5986 6750 364 2754
18214 4112 498 3688 1547 5985 1239 2134 4300 6290 3696 7900 9278 1249 364 6307 3422 1400 284 4075
18215 8230 1414 4960 2975 9764 1599 2728 10965 609 4669 5198 10008 10482
18216 6333 934 8039 10366 3178
18217 3 5119 4142 11067 820 7875
18218 514 9593 1761 675 9476 7778 5928 3880 1561 2144 2145 8687 6741
18219 255 1879 3405 3435 5100 6740 3552 7417 1581 1312 2730 6781 3168 10705 1651 3423 3425
18220 255 256 976 4230 889 6985 1067 5007 3167
18221 832 4040 2757 6408 11176 8724
18222 8295 9706 1637 5308 2469 8300 7583
18223 7395 288 4720 5814 9479 162
18224 466 5005 2670 9743 6236 1332 1366 9926 5738 6058
18225 9832 10653 2433 10111 11155 353 3181 6612 9719 7222
18226 1974 5600 3297 1360 1973 2574 8118 6713 3304
18227 9882 10906 5292 762 8538
18228 5677 2715 294 1004 11690 9354 666 2493 3401 10513
18229 1595 2524 10346 11444 275 10847 1551 10848 2471 9992
18230 8953 2894 11137 2858 4659
18231 2501 92 5687 1289 209 2111 8076 2453
18232 4754 10906 10905 1052 5709 661 938 10356 3192 1899 10954
18233 6868 1509 945 1014 5007 272 4735 3792 3582 952 4002 7709 572 5057 1066 2143 959 1243 5387
18234 8307 2569 2161 10055 2850 6471 360 437
18235 7911 2849 11279 7533 1855 891 4030 513
18236 6419 2353 411 3427 1101 4902
18237 444 11098 6680 10130 1725
18238 53 8386 2377 4599 10966
18239 7733 2122 4259 3055 3924 5523 5274 3406 5007 7814 7625 3113 1380 8522 593 1168 3731 1388 4269 993 2924 5022 1567 5068 5013 8854 7438 998 7817 6102
18240 3874 2433 983 186 7813 3434 5512 6209 6058 4399 3712 2929 4940 2086 920 8094 265 6933 9066 2645 708 5378 3165 2752 4003 595 122
18241 3770 4899 3655 4902 3715 5386
18242 9324 3034 2259 9372 8272 4408
18243 517 3107 872 8106 4323 6419
18244 807 1005 2501 1812 7483 3614 594 4324
18245 1032 9788 1123 609 6543
18246 794 6602 2571 787 5043 4904 318 5574
18247 7717 4606 6848 6688 792
18248 7181 6983 11506 3144 9856 7335
18249 8807 5094 8760 4500 6743 1888 7117 6742 842 1465 4750 5958 134 3356 1930 2562 1706 1707 9850 4860 4469 7398 7314 3856 5928 3504 8819 5977 509 6909 11592 9496 7749 444 8381 8094 264 1340 272
18250 8719 1089 7295 9111 10691 2037
18251 1413 803 139 6690 1290 784 2377 432 6535 4976 7871 4169 4541 9954
18252 5098 9996 401 4938 2312 4483 3684
18253 4693 4711 11016 1125 4066 4199
18254 2598 3328 1803 4790 582 598 1629
18255 6565 413 9308 3012 1741 750 6821 2261 4067 6681
18256 3136 871 85 2428 3007
18257 99 6693 803 2502 10048 1501 81
18258 3521 371 1772 9575 9512 1010 832 2889 2003 1375
18259 1375 5952 7375 974 6515 7644 8056
18260 397 2290 1849 11289 2528 4096 2046 1635
18261 803 1886 5728 190 6221 1004 876 2615 8591 374 5311 82 2502 2161 2212 5439 11640 4531 10114 1167 4593 11384 5293 11501 532 1006 5078
18262 6855 5279 707 1682 9675
18263 1854 3253 4944 11675 4587 2317
18264 4517 7258 11749 787 2524 1661
18265 11240 1790 9406 2245 8649 4690 4696 4694 4629 4685 4686 4699
18266 104 2410 8379 8277 6770 636 6085 6086 6084 4155
18267 1886 6743 3129 2295 2588 8340
18268 3262 889 609 891 1889
18269 7646 231 226 650 9958 11140 11405 2107 11737 4404 1470 5314
18270 5702 4372 4373 11447 5484 6396
18271 879 2643 808 2501 8186 144 461 9781
18272 1816 2275 9766 11736 147 7974 976 1639 425 6684
18273 99 1716 3443 8200 9474
18274 248 3890 9952 10202 9983 3691 8386 1853
18275 342 721 6791 828 7249
18276 9281 6170 11408 558 834
18277 10858 2305 9740 3787 6058
18278 10321 4796 8653 6786 8878 5667 7690 2333 8298
18279 1413 9956 303 1992 4927
18280 3826 5234 5239 3055 4909 2234 10675 1242 1036 1561 1244 1653
18281 8302 8791 313 8646 11504 678
18282 3 2594 4409 731 2243 7462
18283 5672 10857 2817 1156 4175
18284 10377 5680 1534 399 5475 2838 7818 4226 2765 2199
18285 7284 3944 1916 5675 1057 2479
18286 769 684 10205 8432 10927
18287 10374 8003 187 1231 6134 8192 10868
18288 9946 3226 5691 9561 5924 6252 3090 4963 2648 4531 3945
18289 2044 1866 260 3683 2745 7434 3405 1236 358 3729 3409 4047 4940 7814 1515 4659 9688
18290 7593 8482 2794 3119 9362
18291 1180 2259 1247 11261 198
18292 10528 8255 301 1294 2748
18293 803 6299 8905 1132 1531 628 3778 9230
18294 3280 5506 126 4259 430 11072 3997 10361 4976 4368 1551
18295 481 81 530 1500 9636 10526 4849 5383
18296 1742 2911 6440 2058 3995
18297 2518 2581 6430 7484 10788 10925 10017
18298 10095 303 388 11252 99
18299 350 7893 481 2044 2446 134 10039 10062 1420 6540
18300 1413 11632 11256 11350 10469
18301 4067 5528 7892 10236 3397
18302 1088 1034 3545 8559 3192 8999 648 5119
18303 3192 4660 7633 4613 9029
18304 8133 1212 5181 1216 2426
18305 1284 210 10549 1283 7635 1818 481 1194 138 4676 4610
18306 1321 11385 7919 3348 781 7185 9360 1811 10438
18307 1083 5113 3823 8130 849
18308 10685 11432 3289 188 44 1344
18309 7907 3805 10706 6128 1691 1689 6785
18310 3705 1140 5647 6728 6885 7559 9804 356 1716 367 1854 1452 3983 3285 6012
18311 303 388 389 390 9969
18312 9957 672 2165 670 4073 6238 2454
18313 6153 10633 344 2003 3548 5194 6958 10429 6579 1908 1596 6957 5947 8424 173 9172 2069 7495
18314 787 7528 5307 2621 628 758
18315 803 5534 432 11449 169 2094 3255
18316 8323 8336 8090 7551 345
18317 1414 2886 5480 161 1197
18318 297 2062 3216 488 1709
18319 692 693 8017 8390 4597 7139 427
18320 6858 9072 11431 272 5968
18321 2717 1228 7166 10078 10068 7228
18322 496 10333 6266 1235 3338 7480 4501 2871 1074 955 9868
18323 709 4241 972 2893 4564 11699 3893 3062 4299 2941 7841
18324 4626 356 55 187 2562 7523 1709
18325 5677 351 2224 7258 8715 751 2375 364 11549 188 49 6474
18326 1695 1696 1692 2251 1694 1215 8872
18327 10423 1467 9720 3280 1800
18328 1212 2251 1214 1693 1697
18329 465 2637 783 11020 4126 139 290 8604 5636 10406 10560 1467 2508 5687 8642 81 10240
18330 8538 11172 8037 1058 105 1078
18331 3462 6622 5066 435 291 419 1563 2433 11295 7813 2740 1644 9066
18332 1867 5284 1309 918 4502 1248 1514 1895 1881 9220 921 2174 2689 5719 4049 1519 5653 2229 10637 3207 6750 1574 510 2280 968 6415 6416 1245 5014
18333 1201 6105 3100 3205 443 4654 3419 9478 9083
18334 4429 10437 5070 8344 3637 622 6455 303 388 390 11120
18335 5053 4343 5242 5210 8898
18336 11576 1763 1366 537 3790 10678 6864 4331 5913
18337 7979 6128 3311 5222 162 10071
18338 7164 1018 1886 3094 1802 3933 2312 1012 2067 3109 208 11091 4004 1313 7405 5449 9660 1470 10031 1482 150 3819 5101 8411 9360 1601 10007 7402 921 9314 2469 5947 3479 2264 709 1834 10919 798 1183 6223 7647
18339 803 79 2501 2942 428 11644 7892 1371
18340 9687 7083 3621 3560 353 2123 144 3418 3613 956 8275
18341 385 4904 6419 2216 1332
18342 3295 10140 2366 10569 2598 188
18343 1033 931 11676 8793 8104 8343 1661 703 8768
18344 10469 10237 10052 9107 10440
18345 1718 2591 11557 5226 3350
18346 5829 10721 9161 9162 3250 7465 2651
18347 3496 2461 5172 1761 2431 5356 3712 3713
18348 8403 383 7187 3080 326 5567
18349 2442 8774 3054 5120 2799
18350 8157 11188 6700 5531 2366 3099 4924
18351 932 6564 4642 3226 3571 10797 1204 5429 3405 4479 3518
18352 1456 11730 1325 1957 4107 5827
18353 3134 7758 5775 7759 7761 9339 2188 1496
18354 5426 6697 9918 3699 2575 3138 6217 1857 4570 2042 7428 909
18355 1209 5500 4256 4097 10866 2046 7093 2290 3902 4179 1360 5449 1205
18356 205 2644 9018 1148 1618
18357 2528 8376 703 6679 4918
18358 4260 1565 569 313 97 1238
18359 889 1304 981 353 7876 3166 4282 5282
18360 785 872 4376 560 8323 5401
18361 255 5649 415 1896 1113 1239 6247 3519
18362 2117 4929 1307 186 1563 9805 4501 262 2169 6059 97 3502 8622 947 3420 7709
18363 11256 8580 6297 8708 6636 10669 11722 10808 4404
18364 148 1982 2366 601 10814 6051 417
18365 5186 4980 3746 8619 323 8929 7407 9326 3888
18366 381 10154 1866 7794 6851
18367 2458 4786 148 1709 1040 7073
18368 3830 2990 2448 6917 575 1531 3246 7895
18369 7073 3516 3807 669 10556 1830
18370 1080 5672 10142 7802 368
18371 1465 8403 3372 5663 1762 8806
18372 598 4299 785 803 9191 318 486 10138 3348
18373 9172 1531 4470 6 1196 6540
18374 3781 6413 2243 6786 6263
18375 2250 7497 8238 11580 76
18376 5563 9665 9889 5786 3015
18377 10380 238 2180 3754 5617 9265 116 6451 11318 8320 4420 8985 3707 3978 3979 3975
18378 58 750 8762 3996 7931 4689 2037 2003 1843 4670 1180
18379 514 1310 3688 10508 2242 7816 3226
18380 3770 5295 9005 835 8936 834 9006 8992 2739 2817
18381 6455 2191 10381 1454 11735 8091
18382 1033 930 1319 4459 6936
18383 1287 2942 5569 430 6699 6905 769
18384 11643 5463 8931 1799 879
18385 10975 4984 9752 6085 6008 11480 1785 9251
18386 4806 2919 4430 3286 1355 375 4903 3083
18387 1272 6888 4294 9745 1406 4241 9428
18388 2502 2341 3238 1193 2588 4519
18389 11126 9270 10024 8592 5013 7686 1402
18390 7427 2304 6341 9143 9610 1599 4083 7954 6930 10734 1260 91
18391 3132 1970 6738 3619 497 10004 4262 499 358 985 3011 1512 2048 4266 4081 1898 3228 5800 8237 162 6247 8685 4300 268 3041 3613 269 5068 364 5720 1912 4777 1399 1113 5387 4090 6596
18392 1180 624 2388 3009 1019 3174 5222 8006
18393 1637 2629 381 3956 9422
18394 1802 443 1273 778 6101
18395 6676 105 1165 3708 11690
18396 86 5176 799 9524 9549
18397 4714 1460 3295 2065 100
18398 2909 3693 6186 5911 1605 2670 10961
18399 9846 6651 9265 1301 4421 11571 3985 3442
18400 1287 1201 478 5244 6143 5956
18401 5449 1634 4027 2355 6104 1879 6671 7710 4895 343 11069 854 4255 5403 9800
18402 1470 1120 2539 2541 2803 6123 2037 9567 5907
18403 11568 1032 8112 609 296
18404 7733 3874 6056 523 260 7382 7814 6594 1071 7641 5407 960 4168 5934
18405 2116 2122 355 937 984 3202 3556 5008 1235 832 3728 4479 3113 2397 1776 452 5193 626 1517 1074 1923 1581 1239 162 680 3102 3929 4771 1645 10498 2753 2806 9083 10726 8960 11602 5834 3698 4282 2147 11486 7439
18406 7775 6442 1725 10112 10209 7304
18407 1757 2847 1287 9326 4514 9552 11475 10885 9925 1599
18408 5303 3597 3482 3814 10117
18409 444 1542 7158 10524 1960 288 8297
18410 4134 8993 7518 11340 3907 1365 264 2244 2534 7461
18411 2715 9216 6956 486 7250 10283 9204 7414 8960 160 6238 2454 2750 851
18412 1956 3606 6805 2961 6632 10978 2813
18413 1882 1903 2544 1544 1879 2482 38 1884 3379 10961 935 495 1800 351 1883
18414 1556 1557 758 102 1970 9711 1196 628 5125 2653 11196 1001 172 6442
18415 7490 664 7157 4244 5443
18416 2208 1479 1604 4627 5780 9006 835 3187
18417 4241 9561 3867 5886 524
18418 11698 8430 4631 3480 3481 3597 4508 9972
18419 99 11572 4356 2191 1301 240 8986 3254
18420 2724 9808 9809 6380 5253 7785 5878 3512 4677 1950 7568 6731 9487
18421 1599 5281 10496 4203 845 9355
18422 9861 10822 3819 1896 1366 8827 847 728 5808 9333 3719
18423 2486 10505 3398 6800 205
18424 1014 6244 2171 921 273 5167 3416 922 1858 281 953 122 6418 5934
18425 7168 3821 799 173 6236 2621
18426 5502 6160 6697 2491 718 8710
18427 11625 1690 11171 4664 9029 11599
18428 2782 265 2024 10229 9919
18429 55 1490 1001 1491 1489 303 390 1494 1492
18430 749 1193 7006 3244 413
18431 4829 1198 846 452 6406 1005 8058 974 9112 699 5442 192 9491 666 3295 252 8904 173
18432 384 3548 152 3819 3021
18433 7914 3803 6858 4196 1231 3814 7799
18434 8277 11707 8279 9590 4988 4989 1064
18435 1287 1954 7530 5984 6790 11758 6428 4411
18436 785 4517 412 7187 2438 6412
18437 11752 4410 672 2165 670 2454 3514
18438 7923 9323 3816 5066 6656
18439 1033 8103 10287 7073 7869
18440 3326 3848 6438 122 1249 6847
18441 7677 240 5447 7832 10437
18442 38 9210 1543 8107 39 2132
18443 11301 9701 2021 2650 7894 10568 8938 1240
18444 7871 7187 6599 7132 8151 1686
18445 8153 10736 6612 2653 7528
18446 10199 4550 2735 8839 1273 7893
18447 1665 2643 2735 9865 9125 7529
18448 7319 662 169 1811 10897
18449 5822 2047 1857 346 5254 3400 9547 10277 10662 6134 9189 7973 6424
18450 9415 6856 8151 2101 10557
18451 2160 1205 8253 8075 7181
18452 1175 10148 1176 5736 7556 7558 5735 5734
18453 1742 6555 1289 5745 3841
18454 5052 303 10634 3457 9766 481 1287 210 8534 2760
18455 8930 1386 6366 379 2019 7488 3915 4392 11163 2254 6502
18456 10887 6141 6004 4907 3818 5545 3269 7583
18457 11345 968 3388 174 7708 846 7649 2522 1880 4638 6353 4560 787 1542 11087
18458 9360 709 370 2311 9871
18459 4483 3887 7424 7425 6973
18460 10599 11553 2570 11265 10448 10540 10023 11396 5823 6718 7937 2959 6817 10768 318 2025 62 3079 3614 5652 2971 10808 7130
18461 1018 8773 1460 972 6923
18462 562 394 2540 560 8642 379 5066
18463 3197 10988 10315 2645 5649
18464 8338 2838 10917 11045 9065 7850
18465 5203 1307 2169 3113 3557 7815 2731 955 3042
18466 9429 2240 4624 10499 803 7611 318 199 7871 7187 1500 7290
18467 1764 1806 1082 6448 3932 9300 4299 972 4782
18468 1504 664 777 7996 11260 177 235 7710 659 5480 445 80 6178 11276 4094 5319 7431 1999 11349 248 9448 857 6755 5296 4416 5502 11155 667 4651 9111
18469 9835 97 3580 851 7973 7293
18470 1109 8599 5013 8898 2828
18471 2123 2173 2630 1648 4090 6080
18472 1742 6758 2800 8209 5324 11033 8002 4917 6432 7867 8311
18473 5905 92 3236 7260 8383 5314
18474 5347 4950 7483 5406 9583
18475 9419 27 9577 9886 1825 393 3175 6122 2950 6581 1362 3058 7239 7881 9906
18476 2127 423 3583 952 758 3932 579 1582 6417 990
18477 11515 4703 5754 11738 651
18478 6104 1761 866 4112 1068 2743 3286 758 2173 6079 5356 500 2127 3690 1238 8094 7214 1111 1369 1902 2873 4776 579 959 6904 6061 3043 4005 986
18479 604 139 603 1032 2197 6731 3512 148 846 198 10602 9456 7415 7028 7740 2385 936 379 1721 6689 5253 5714 368 454 10209 1938 8252
18480 5394 1542 244 1413 3830 173 3438 2929 6846
18481 1614 2324 1716 2062 3285
18482 4921 2337 379 5875 403 10626 2624 7698 2574 6217 11696 4922 4396 5426 2800 10805 4631 5817
18483 4368 9520 3198 2475 5803 1802
18484 4236 4243 142 524 3859
18485 2793 8049 1775 1251 11270 4587
18486 7238 8253 400 6419 11727 9687 519 1761 651 9800 9407 1375 1165 2742 2127 676 423 7480 946 1265 609 2287 4048 1074 772 1522 267 4270 2136 6109 6014 8002 4106 3169 7626 4281 365 5103 284 2879 4511 1574 2881 5014
18487 3061 2556 655 7476 7049 3235 484 726 2295 4608 2502 6444
18488 2544 2671 5449 4925 3146 311
18489 7500 2486 6462 1483 4834 10608 10365
18490 2122 435 2168 3579 10951 1565 3291 1881 503 920 322 1563 807 5719 162 4910 2135 7989 5654 10637 2806 3468 7436 3342 3473 6444 3882 10534
18491 3051 9496 9980 4803 6488 6489 3914 11037 2904 4021 3718 10952
18492 7822 5303 538 10547 995
18493 7445 2947 4469 6368 7234 2363
18494 4173 4164 3594 3340 2822
18495 1854 7052 4429 2192 4780 9870
18496 8499 4868 1886 438 2209 3578 1641 353 5375 3925 626 360 796 7766 7814 612 1895 157 1511 800 922 4654 6682 992 4051 9525 4091 1244 4282
18497 51 1799 8677 82 748
18498 391 1408 1472 2332 3182
18499 99 2190 9902 5267 3285 6692 3975
18500 8424 6164 10523 9821 9495 8164 8069 11362 4084
18501 3392 1140 10098 7498 2335 1443 1718 2044 7428 8351 3460 714
18502 2534 7426 21 3070 7134 11453
18503 2534 5072 6302 5387 7463 11514
18504 3448 4514 1283 6582 1882 9357 6236 96
18505 4170 3045 2915 11432 8461 8088
18506 486 718 548 9089 5781 10943
18507 3569 10198 6250 4388 8038 5961 6414 9657 8215 9346 6305 1895 4771
18508 7116 4584 5275 1033 241
18509 1292 10899 4747 6633 2368 2275 7623 1758
18510 6118 139 441 1796 11577 8882
18511 6025 4161 4772 1113 578 579 683
18512 8626 8929 864 486 10787
18513 1321 3504 1710 75 6646 8790
18514 916 262 4081 3343 9008 5301 1249 8521 3167 2141 3586 2927 9497 3423 9702
18515 4248 1307 6078 3580 1645 8721 4271 1647 6532 4077
18516 7832 6455 7538 1873 3904
18517 1599 872 11182 4209 2014 1039 2252 9850 8206 10640
18518 954 16 6849 5367 4088 4173
18519 6690 7039 664 11538 207 3823 10299 1375 3533 1161 3284 11171 7802 6895 858 4538 8227 5492 280 714
18520 2518 6459 10415 6346 3031
18521 1033 7869 9299 4523 2025 6425
18522 9896 2761 7555 11136 8632 3540 4611
18523 2217 10987 7295 1734 3257 2584
18524 1409 530 3579 6591 1776 423 2011 953 6418 3043 3422
18525 7353 354 5333 11374 8680
18526 8757 6926 8298 7638 5661 8582
18527 2506 211 3236 81 1289 1867 423
18528 5624 3589 2095 8756 869 2254 205 7243 6986 868 7251 3480
18529 725 8929 4523 5299 961
18530 5615 2190 5193 303 1891 3486 3536 1892 8476
18531 1952 4398 11303 6994 176 3545 1024
18532 3997 6962 4156 1246 1409
18533 7974 2116 3620 812 1628 2744 3479 6871 4005
18534 3638 1727 964 4792 4128
18535 1436 6127 9826 21 9419 9943 3029 714 10279
18536 666 1707 329 417 3222 3430
18537 2591 8203 10564 1691 7257 3582 3317
18538 368 515 9272 89 7993 702 759 1886 10077 7413
18539 1275 3336 10841 2137 3258 3591
18540 3400 3865 2696 3055 1653
18541 7763 3256 10965 5311 2257 10020
18542 2294 6072 2295 10159 5879 7564 2469 9706 2229
18543 7597 4953 8639 1435 1512
18544 9429 5967 10665 7925 6417 1635
18545 5466 7151 2275 9016 229
18546 6362 2663 4205 7719 5348 5 6507 2242 2009
18547 8255 278 2993 2333 1180 3102
18548 854 144 1309 20 267 572 3468 9497
18549 3680 4350 81 6160 10396
18550 1562 3560 639 533 683 284 9702
18551 9424 448 1796 2168 9605
18552 1242 1653 2820 1864 2581
18553 6957 3708 862 1742 2661 394 10711 9797 7523
18554 9883 3735 5912 8441 7234
18555 8574 1556 6541 5185 5812
18556 1260 9557 714 1541 4404 3838
18557 1158 2944 1864 6626 1318 1240 1242
18558 1018 1044 1629 9356 2446 8382 4604
18559 1166 768 2294 325 4790
18560 3531 1180 2094 8929 4568 10927 6145 10409 6994
18561 4060 5475 2248 1551 1968
18562 422 1072 955 9969 11210
18563 1609 5272 8131 9983 529
18564 3597 4842 2262 4843 4819
18565 2435 9513 5136 2203 9585 4593
18566 1718 7404 7632 1496 11510 3228 2833 8600 3358
18567 3330 562 9222 7160 9961
18568 7705 4742 5417 11217 3646 7606 9520 3648
18569 4827 2727 2733 1691 5635 2216 4161 1461
18570 374 4789 5475 486 9192 4680 6481
18571 1241 9500 9469 9499 10104 2581 10717 4199 2079 9479
18572 2917 2601 10201 5038 1180
18573 288 38 3379 1542 3875
18574 1857 6267 10932 914 3144 1701 1405 5404 497
18575 7560 7949 7951 8906 4508 11479 11377 6178
18576 4062 9623 11738 8153 2801 7660 9485
18577 777 4254 2175 2581 11238 5828 1113
18578 21 1618 7196 184 4404 6298
18579 3367 2795 434 6468 3973 1854
18580 7848 6964 607 5078 4531 9182 3801 4758 3572 2161
18581 1425 9127 9128 1772 8975 4343 2870 3624
18582 715 6845 7187 3093 2
18583 2986 8068 5952 3188 5574
18584 6731 5253 5255 8052 6297
18585 393 303 388 389 390 4430 3442
18586 5679 976 1879 1639 9686 4230 2867 2123 736 3561 1309 3688 6724 6058 6869 5523 7536 1581 2749 4910 3479 2873 5993 1573 1244 4282 4076
18587 7527 4072 21 22 10596
18588 5269 1854 2191 2911 7060 728 4722 7299 81 3983
18589 478 7151 2447 4492 5581 4545 4543 11729 5112
18590 879 7238 7157 2329 7351 2637
18591 847 4036 1864 896 728 7894 4334 8525
18592 1661 4726 874 7106 2294 6072
18593 980 3618 7732 7536 2127 4652 1369 4657 10637 8455 4274 924 595 9425 594 510
18594 7748 4562 662 42 8856 10112
18595 6776 5277 304 2151 89 2097 703 6352 1681 7071 5279
18596 9971 9243 3179 5255 6717 2951 10945 9244 8850
18597 9826 1544 5872 379 4512 5101 1196
18598 2502 650 8059 4500 807 5847 9054 8760 6114 6976 1281 2562 2920 155 9772 9272 2877 10319 8763 8930 1775 6644 8440 11361 7840 8441 709 1444 6712 6784 7601 5730 4268 1772 2581 1142
18599 1060 7871 3209 1228 203
18600 9321 2765 632 7404 345
18601 1481 4351 666 2160 4916
18602 808 2636 9457 1753 11407 9516
18603 6523 7460 849 506 4117 7774 130 4182 723 4179 5040 6209 315 102
18604 9954 7413 4342 11567 7412
18605 4590 9392 1335 1857 3144 1318 184
18606 88 75 9890 4405 7136 11573
18607 1330 583 5790 11652 11055
18608 1870 1230 1582 11122 2657 486
18609 6018 8604 3809 5441 3250 2311 4324
18610 8993 504 7428 4826 1368 82 3244 7483 6786 9982 2111 6461
18611 6371 2266 936 2563 3758 5348 7168 10236
18612 912 1224 11420 9469 1496 6896 3676 9085
18613 8133 1212 2251 1214 1693 2105 11114 7138
18614 2796 286 8949 5228 4049 1461
18615 9604 5929 4073 11502 598 4299 672
18616 803 6100 5044 2676 9781 3782 862
18617 1525 8015 4587 3021 8471 3247
18618 8863 8231 228 4894 417
18619 8155 10299 1596 3626 6071
18620 2529 10513 3182 1533 2458 2332 4208 5217
18621 709 1818 1576 2586 6810
18622 3922 3685 1644 920 2127 924 926
18623 25 9526 5823 6541 2316
18624 2343 1005 828 10789 6296
18625 768 5509 1012 3523 6464 6902 3710
18626 9417 11197 10418 11552 988 5125 3025
18627 1799 3305 3462 1775 4126 1012 1544 666 345 2469
18628 1676 5631 4314 254 7987 6852 6591 8622 7310
18629 4827 5335 6093 3836 179 7080 97 6089 563
18630 478 11639 2162 11622 5535
18631 6641 5454 6125 7423 11439 10868 8236 9005 1105 4312 7161 8925 5545 5995 27 8418 11005 1853
18632 9034 1140 2984 4324 5926
18633 7225 1138 664 10430 6964
18634 10832 8585 4646 4511 2627 2042 4144
18635 1523 1940 7073 669 3516 3517
18636 1232 2116 3683 356 3579 983 1564 353 262 2125 4046 422 20 359 1248 2900 3205 832 3101 2174 265 6267 4048 7367 1566 6209 361 2645 680 3165 6060 3420 2221 2141 7626 6061 6872 2144 4074 2145 8687 6062 3883 6080
18637 11313 3465 846 1960 667 92 3608
18638 7193 34 569 6227 4290
18639 84 4237 11419 4714 11211 11703
18640 2955 6250 303 296 393
18641 466 658 8863 210 665 811
18642 2044 5066 4501 3730 7417 3228 6781
18643 313 1766 3830 2735 9694 4100 1565 11198
18644 971 355 1461 3519 3342 2756
18645 1555 4483 1531 2603 1556 1113
18646 3288 798 2625 8098 2065 486 1204 2597 5942 135 3780 5291
18647 8279 8282 1933 556 9106
18648 4765 403 4920 5648 1459
18649 428 1674 2886 6402 3496 2066 148
18650 8518 2865 5002 6023 9958 5324
18651 4945 3431 125 7632 758 4227
18652 4339 5235 5600 6063 4282
18653 10325 286 1760 5910 770 5581 9623
18654 3529 3321 10658 6882 7202 11394
18655 934 9304 428 10010 1078 1343 876
18656 1165 10775 7553 6195 6501 11266 7325 1210 10784 2264
18657 5131 6411 6791 11144 10956
18658 1503 8725 6815 9230 7840 6409 8436 2501 3244 8017 9541 11537
18659 11135 3979 3334 99 1609
18660 709 5109 6325 2801 7731 11351
18661 1921 6703 5991 1209 8896 11650 4262 6198 2988 10895
18662 4807 9735 264 2244 4803 3915 2414 11381 6302 2828 2824 11694
18663 3741 479 1039 9804 6997 7778 9800 8061 4131 1419 4132 1107 3788 8238 3427 1056 4136 2535 7135
18664 1818 2122 1866 3336 3560 6388 3846
18665 1563 5804 2718 1313 486 938
18666 1078 4483 7220 8858 11681
18667 4686 674 3352 2350 6982
18668 255 9683 5454 5764 1269 4650 1067 7767
18669 8061 767 842 142 609 1231 2235 343 6816 1253 1438 1413 3558 446 4001 777 666 2529 3847
18670 10852 4489 5520 8061 8468 889 2116
18671 82 7269 7878 785 6941 10517 3877 2065 10552 3220 2812 6004 2872 10919
18672 459 1523 6209 4261 7855 1710
18673 10164 6530 5072 4137 11277 11514
18674 3379 9348 1180 4368 2581 18 1635
18675 11395 1764 3412 303 388 3442
18676 4636 2002 1531 3183 423 2127
18677 6620 9984 4800 1033 912 4627 1595 2769
18678 9277 5505 8539 5590 370 1165 2311 6932
18679 1132 4188 6634 2661 3455 1719 3454 7605 8986 3250
18680 1175 1176 1177 1178 1179
18681 10138 6134 9656 11431 8528
18682 481 438 1886 4079 446
18683 11253 1904 798 1502 7768
18684 692 9168 7139 9887 1238
18685 3781 509 6909 11592 7749
18686 900 2312 2012 18 2014 7495 3508 832
18687 6632 7236 1755 1276 481
18688 3652 1093 4900 1109 4768 10953 5731 11381 8899 11514
18689 1496 8556 5047 1017 4124 3454
18690 2735 4351 3373 367 1121 11520
18691 3236 7390 7161 8959 872 935 3107 1886 4241 6807 10154 9819
18692 1121 450 3178 9032 4931 10360 7402
18693 465 4939 3396 659 6861 2703
18694 6923 8736 468 10142 2518
18695 11233 1161 245 368 4846 4678 1164 5815 10022 10955 1140 6481 11425
18696 10131 2568 7278 7279 442 2512 2513 2514
18697 7148 842 7491 1201 6564 879 5641
18698 2585 3465 1882 11027 3379
18699 10348 7638 11575 5599 2231
18700 10301 820 6773 8825 3075 6685
18701 303 10077 9839 100 9115
18702 1997 4684 1444 5357 10482
18703 3648 3434 4023 6720 11225 6544 139 11012 7619 5973 4446 2161 1796 2546 8952 3009 7115 819 8214 3845 11577 5231
18704 4351 1880 3351 869 11467 4369
18705 400 9359 2493 3335 6861 1496
18706 128 1155 5827 922 6247
18707 2242 9013 969 4170 9366 1628 8347 1180 11396
18708 8668 5638 2909 1284 11629
18709 11023 1188 3061 7392 7201 7393 1818 2838 10354 3611 5037
18710 5178 3560 3435 4081 2134 443 2753 4273 10121
18711 6748 10606 3431 5455 11371 8032
18712 5776 241 11291 8703 4068 6163
18713 5196 8157 1550 1629 8958 2588 9558
18714 11733 5928 5452 1000 4736
18715 2510 8134 10957 1366 10921
18716 11459 1549 6670 4117 2528 7796 10652
18717 341 4101 4627 2703 626 11611 681 2111
18718 9336 6603 610 2448 7878 2627 6281 7906 318 4483 6308 9695 6839 988
18719 9347 7944 2650 3021 10234 3022
18720 7720 4934 10415 5042 5475
18721 6491 8586 10160 9735 2414 2535 7426 7461 303 14 2827 6300 6302 1054
18722 4419 7006 6483 7769 3914 11037
18723 7659 667 10190 9119 1705 5824 4065 1180 4082
18724 670 9035 10082 5663 2165
18725 6654 3380 8712 4649 2562 2085 1940 1216
18726 799 10889 2482 2022 3379 2258 7982
18727 3888 5359 394 3141 2306
18728 7002 1342 5910 4040 6138
18729 4041 6056 10427 435 145 2815 2123 4595 918 4045 3925 4827 2127 1565 1511 8749 8094 1516 1111 3911 8237 680 1461 689 923 6291 1912 853 365 6307 959 3883 6080 963
18730 6981 6579 8471 7465 3701
18731 2063 666 3351 1880 8765 381
18732 7326 3718 7118 2535 6642 6300 6301 6302
18733 235 10162 123 11542 3692 6603 5196 6430 1260 6398 2665 4572 9653 6621 2777 7716
18734 6616 4754 4318 5684 11642 6937
18735 889 1562 8181 1067 5523 3556 7854 3435 3728 5619 3730 1897 3847 1519 4771 683 3168 6417 5171 2756
18736 7739 3685 1155 9992 10391
18737 10489 2726 6392 2311 11331 6629 9 4135 264
18738 123 277 1704 4546 4673 5710 3146 939
18739 6484 11749 4503 6742 10694 9351 9331 2136
18740 983 3198 1709 459 5495
18741 6460 1322 785 7241 1342 1343 6005 95 3497
18742 7331 428 210 808 879 1285 9867 2717 1947 472
18743 9642 5804 2933 872 1327 3121
18744 225 2408 8061 8785 1893 8614 274 9624 4492 7486
18745 3215 3388 787 1558 4683 4406 155 9078 122
18746 432 1114 325 10522 10222 4652 6296
18747 2688 1523 30 5731 2043 714 4954
18748 4594 7126 8618 849 120 4556 4290 4288
18749 5919 4142 2767 9390 3 1550 1629 2590
18750 3680 1005 11441 2445 11628 11680
18751 4869 9015 5168 891 2431 1235 3405 2742 1234 2746 1515 4161 4481 5229 5068
18752 8480 1775 11224 8308 8819 2345 1711 2939
18753 7517 7521 2354 9270 8305
18754 6633 6589 6547 672 2165 2454
18755 621 4771 772 9267 2924
18756 10060 2964 1795 120 6942 5850 5849 2916 4292
18757 8991 5453 6641 8993 9005
18758 8674 2065 1408 6484 2518
18759 11422 7699 2136 637 11404
18760 7404 4164 9682 1576 6623 10180
18761 9803 9178 9806 3247 7489 1358
18762 8238 303 1097 619 4137 9736
18763 1886 4099 6493 320 4542 5922
18764 4645 1879 7689 4891 5610 898 4492
18765 4432 1 2488 5963 787 2861 450 10728
18766 315 5854 1986 2499 5125 2037
18767 1143 341 1026 4482 38 39 1883 2481 9348
18768 92 321 322 951 443
18769 4357 5285 9372 11081 3899 611
18770 872 303 4398 8805 7139
18771 5864 6372 9324 10715 6179 10773
18772 6174 2159 3383 6733 173
18773 10 11310 8 7834 9619 8883 8831
18774 2815 3818 4018 11039 8732
18775 5842 666 11701 10101 9995
18776 4189 3327 3480 3483 10753 136 1550 9604
18777 3809 432 438 446 5524 1060 10696 966 10310 7115 11577
18778 5840 1642 7548 9471 3799
18779 3116 3921 1235 302 3169
18780 2916 8756 3939 33 354 162 5124
18781 8762 143 11200 2261 9175 8897 2223 9177 7246 9725 1970
18782 353 2746 4771 3165 681 1572 2756
18783 6325 3395 2698 3356 241 474
18784 9361 5432 1468 8798 52 139 8119 6766 6978 2113 2597 7669 1764 1187 340 10688 4551 4814 1256 10415 10804 6545 6690 1133 7479 2199 903 1455 9030 5561
18785 6323 11413 807 753 9347 1783 3581
18786 705 704 304 2151 7071
18787 89 308 1681 1709 927 928 11181 9444 7507
18788 746 2803 303 388 389 390 393
18789 9492 6946 1000 290 1255 3509 4565
18790 2807 874 7393 936 10377
18791 468 7141 921 972 3897 5904
18792 3633 2717 2329 2044 1477 4161
18793 1032 609 2697 6414 909 3750
18794 2563 1180 2102 5822 7925
18795 4872 979 7458 11165 104
18796 1091 1096 1100 1839 1101 4021
18797 794 2503 9716 6800 986 5126 5127 8796 10888
18798 11083 4969 9405 11125 5051
18799 1296 1748 4000 6644 5928 3269
18800 787 8047 6728 406 3269 2307 8135 10634
18801 2468 6522 3183 11582 1824
18802 3389 9398 584 1496 8428
18803 2684 172 6825 1198 600 10533 1249
18804 10970 15 6136 4196 2854
18805 6668 6070 11668 303 7129
18806 4275 10020 4546 9905 1982 3473 3025 8850
18807 9607 4123 2696 4535 2230 5027 2912 8579
18808 10631 2262 4184 7178 184 81 4968 5652 361
18809 8260 5963 6482 698 4036
18810 9556 1443 4144 9039 11211
18811 8595 4401 11393 845 3326 11710
18812 5449 177 4027 3181 872 1188 38 39 141 1802 4243 1565 309
18813 9136 1897 1053 1898 8324 2534 6642 7135
18814 1745 5170 8351 8065 3975
18815 131 7616 438 2160 4381 36 8049 1294 1165
18816 812 1761 355 5006 7854 1071 6328 679 4774 7791 511
18817 8988 3242 9854 4676 1259
18818 4027 2697 4689 650 355
18819 8012 1041 1129 1130 8288
18820 1450 4647 5172 2758 11135 1834
18821 8706 264 5948 1969 4613
18822 8810 709 7835 2065 1555 758 1952 6250 1718
18823 343 4698 4307 2352 8028
18824 1295 2014 1377 8753 4634 4439
18825 2224 1766 1542 1767 354
18826 8424 8421 370 5835 4550 6890 351 4862 2065 367 9624 2897 2255 1718
18827 1800 2248 4610 3463 11501 1726 1725
18828 2747 1516 6933 1461 1242 1649 4278 3882 4168 961 4282 6532 7171
18829 10016 6847 11633 5844 4313 1301 3897
18830 1799 1481 2163 2280 8620 1174 4556 5428 446 3244
18831 7405 516 8098 11095 3903
18832 11099 225 226 6041 2155 7206 4055 9481 11750 1278 255 1879 1087 5428 10375 7226 8003 10372 10374 2044 2336 9928 1866 4929 984 9805 1642 3560 3434 5006 501 2742 1510 6388 5007 6244 7625 3729 8622 1073 2133 7257 8329 2871 5652 2750 8685 2752 337 2399 9188 5720 3168 958 5993 1651 7626 4168 1573 4005 6062 6080 4283
18833 10201 1925 10377 6786 7333 5051
18834 5457 10483 8590 4991 4992 10169
18835 1204 5291 7583 325 4483 9438 2584 9983
18836 1542 309 507 969 1217 2669 11732
18837 1357 7770 753 4 1041
18838 1709 3708 8903 9372 1705 1435 8197 6405 9748
18839 431 10562 11108 10065 6885
18840 5187 1544 5392 5545 374 874 5773 5724 432 139 1878 115 1560 8092
18841 2502 6022 1607 2212 7647 10157 468
18842 1196 4999 9041 11039 8732
18843 465 2765 3255 3163 1408 10533 4198 4173 7327 3070 4346
18844 432 11023 167 10760 874 5632
18845 11571 11262 3965 10862 5893
18846 10113 6942 10060 5580 6238 8519 2450 42 1924 9694 5790 3194 2125
18847 8058 8616 1471 7386 9119 1247
18848 4465 275 2378 7293 6719
18849 10715 2773 8353 10974 10614 8014 9555 9379 1784
18850 92 79 10048 1797 1143
18851 4787 105 1603 2621 4954 5732 1497 2058
18852 9845 1321 11420 971 1392 1052 165 2066 3459 10903 517 10517 9289 9052 4854 11175 405 5509 11113
18853 4764 5207 1137 7009 33
18854 2551 9432 650 1970 11366 4940 3297
18855 9845 673 415 2122 2907 4166 422 639 5009 1514 7814 1727 322 3101 4089 2086 952 6825 1568 4506 364 4338 7106 9158 7467 11182 9921 10534
18856 889 2434 3434 2431 5769 2170 4001 679 1518 3102 2749 6934 3912 1570 7709 5456 4076
18857 3389 9398 10464 8710 1887 4714
18858 1293 11288 8825 1428 8548 594
18859 872 2521 9226 604 4974
18860 2034 6706 1395 7784 8084 9433 4988 2593
18861 6174 6709 2042 3465 8068
18862 976 898 255 9683 256 1508 3622 4230 1232 379 8180 258 3636 514 1855 495 2168 259 419 5512 424 2743 499 4262 8360 1565 7480 503 1881 1515 505 3846 423 1578 361 1242 5016 2136 1646 6109 594 5017 7215 2874 8625 2141 3169 4880 2142 9401 740 5934 9868
18863 4591 8890 5575 4929 497 4262 353 3560 5598 422 5523 5008 7854 6800 2086 4767 426 2744 2130 6909 2747 7367 6247 2748 4772 3932 3916 572 9196 6291 6837 7769 4880 1651 5987 285 999 10121 9612
18864 11382 11649 4963 3454 11374
18865 1335 938 530 935 10138
18866 105 7601 5601 628 7794 205
18867 177 1882 2160 2 324
18868 11606 349 6128 11095 6608 922
18869 138 1848 247 1140 661 11214 983 9466 4159
18870 3181 11727 4945 409 7792 349 3949 767 5054 4449 2397 6849 5256 2599 4270 3169 4062
18871 1523 6317 3338 3263 6869 2130
18872 1151 7356 6968 1131 1149
18873 274 11481 8890 5506 205 2875
18874 3936 757 1465 2764 7911 1368 1500 530 3170 4903 10477 7031 7889 2817 783 2906 92
18875 6961 753 2242 447 9344
18876 79 4322 2501 3305 3219
18877 9863 8025 7992 11042 537 359 3769
18878 10369 777 479 666 2729 1505 1772
18879 11547 5530 5931 2460 3349 4126 1289 754 8470 529 4184
18880 6365 2793 2120 7733 4042 2121 495 8181 7813 945 946 3338 1382 3342 5022 1075 2399 6103
18881 632 7742 1023 21 759
18882 6614 1375 9272 1351 1921
18883 11685 930 6919 4144 11252
18884 4621 1002 1884 3379 4242
18885 7286 1235 10211 2873 1526
18886 1201 465 4719 820 7042 105 8388 2986 703 9039
18887 468 1158 1939 8391 308
18888 1299 11420 3255 562 8439 965 1170 5314 785
18889 2790 3371 1886 832 6895
18890 628 5401 3046 4470 1196 758 344
18891 6353 3197 8921 8105 1807 2595 308 7136 3104
18892 2116 7083 4047 8721 998
18893 8181 3406 3113 1572 8854 2756
18894 10623 5693 3710 11406 1124
18895 1605 5808 7839 1349 481 10083 2941
18896 783 2428 1260 1363 3029
18897 4144 495 932 1378 6644
18898 3079 2772 2997 2998 6405 8496 5022 821
18899 8745 1375 48 2800 4323 5192 691 1014 1001 2454 5600
18900 940 8579 4874 2230 5257 5756 9500 4496 3901 1701 589 6896 8123 3213 6665 4689 11335 7347 4535 5239 945 280 500 1311 11420 2053 1317 11426 6938 2911 1382 5027 11185 10604 9057 2912 3055 728 11188 9952 1387 1581 1312 1388 1522 10474 5011 990 991 993 987 6306 4879 6261 5022 2141 1870 4050 3166 1075 4269 5019 5017 5018 5013 5993 2880 284 4881 1244 6741 7694
18901 11062 255 379 4230 2117 6985 7732 626 6936 612 3581 7852 4279 961
18902 6549 665 3818 8913 1504 5193 4184 1594
18903 1391 715 1174 1919 9920
18904 7673 343 1140 1601 296
18905 5125 11725 1814 11755 758
18906 2907 1057 7479 7002 2706 5745 5967
18907 1476 272 63 846 3670 1473 9429 758 4735 1734
18908 3685 353 7382 500 2170 1776
18909 1599 6046 2003 2678 715 10571 2453
18910 5255 1721 11593 2385 6689 2855
18911 11399 6942 3314 7920 10061 4802 4146 2935 8777
18912 131 1756 356 2396 2436 6739 951 2134 4656 2873 4278 5068 3555
18913 782 9490 3331 7678 4926 122 1405 9563 6209
18914 1408 3786 7376 6805 9191
18915 6092 9783 8568 10882 3433 6409
18916 5254 845 1843 6269 2346
18917 1358 3228 6759 9624 21 1228
18918 7264 2339 4342 6339 1657
18919 3255 8957 1279 8317 10813 11693
18920 705 1708 7073 1684 1687 1682
18921 524 8043 8735 8518 5002
18922 7548 334 7917 659 4408
18923 1180 4085 1523 4441 10932
18924 6117 9888 7234 2019 7114 4969 618 1148
18925 7364 334 9416 1188 5517 4844 756
18926 221 7571 10618 5455 24 851 2333
18927 10047 2435 1186 1425 1140
18928 5910 10181 10577 10593 21
18929 2758 8065 1485 3494 7178
18930 5944 11091 11228 1375 4252 11472
18931 5963 261 6245 5126 5127
18932 552 875 759 2079 3633 5581
18933 6392 10608 5748 4792 1338 5939 11307
18934 2501 351 286 2212 1012 7668 155 4271
18935 341 3255 303 388 389
18936 10405 2232 3561 3228 5217
18937 4027 1882 370 1970 1903 2482 1205 38 2544 610 6547 2917 3379 9348 798 806 9411 661 10352 851
18938 2446 3258 750 5747 2649 4441
18939 8329 1180 5491 3025 8006 8084
18940 3348 11074 4140 10743 4241 8904 10846
18941 2084 6104 8550 11397 3077 11593
18942 10654 11618 757 2616 210 658 8053 1800 81 3459 11541 3382 935 7185 5049 11115 4500 5964 665 370 667 1154
18943 9686 5658 3009 5011 4771 384 6218
18944 6070 752 846 2231 7948 1441 1446 4394 9654 7656
18945 2508 6705 9883 971 5043
18946 10813 5800 1884 6410 9525
18947 1630 400 666 3806 2006
18948 10379 3987 3968 6692 3707
18949 1078 2227 7310 783 7917 1800 7411
18950 6564 6633 7237 9494 1283
18951 6186 7901 2122 916 8398 1355 2053 1580 322 2748 266 1518 4002 1858 683 2926 434 3131 4481 284 1574 5014
18952 5918 2119 5056 3560 983 496 3055 918 3685 796 1248 192 7813 578 6794 5407 9531
18953 1231 258 2119 85 144 2123 5284 3337 3204 2131 1579 9022 992 5229 924 2398 1573
18954 8308 4200 296 6209 1317 11380 6367
18955 1158 3116 4233 5006 2343 2053 2173 4115 2873 4776 3168 740
18956 1550 5565 1629 3171 2378 4 6508
18957 6183 9846 2192 3965 10378 2191
18958 501 6266 3518 3557 2086 7383 1074 2730
18959 2452 889 6019 7993 674 6105 10010 5905 91 3373 2394 1564 11004 7987 1628 1881 3729 609 400 1316 6920 7369 1465 9268 6267 7989 1388 2699 72 7468 2874 9028 7804 3421 5933 11393 6904 4280 9401 4091 4283 7440 8597
18960 2780 5518 937 2343 2134
18961 136 2074 2329 2814 1224 2253
18962 10874 5263 2013 4724 3334 1561
18963 2506 424 5356 3204 2360 505 1060 2131 6852
18964 3801 3366 1970 3107 2536 11656
18965 5009 3205 6328 1718 4777
18966 7594 11663 5275 55 6502 11163 11292 3829
18967 776 6010 5881 6304 1384 1930
18968 2435 1903 9977 8808 9168
18969 2317 11653 6142 1180 10578 11162 9850 6405 5732 5659 546 8676 5144
18970 7790 677 5292 1399 1245 5104
18971 1760 428 6467 5450 1948
18972 785 11579 832 1775 2069
18973 785 11263 664 9561 1882 5455 11111 5691 139 6959 177 1634 1577
18974 10640 745 8236 8844 7376
18975 4867 9099 9149 491 9893
18976 6136 11739 2951 8174 3141 3888 3512
18977 10081 8788 3356 4080 474 10976 5621 8727 11747
18978 803 2160 38 5362 11147 2199 2933 1023
18979 2528 395 825 5540 932
18980 1304 984 4261 1564 3405 1014 7480 6739 4651 3412 3410 2287 7420 1240 772 8685 4771 1567 1522 8275 989 3166 4277 7438 1650 1574 365 998
18981 11317 1309 5126 3427 5127
18982 4244 4395 491 432 1283 808 8795
18983 507 9395 3061 326 1867 528 5305
18984 8710 2811 4563 35 6878 3847
18985 1186 660 8736 6805 1060 3313 315 8316 3388 4222 3454
18986 11338 3854 10330 11719 8303 8219
18987 935 4241 3606 5841 6137 9208
18988 1609 5869 1639 1854 1291
18989 3257 6534 6331 3898 4573 2
18990 10618 3372 7582 11711 2736 5878
18991 99 3958 8385 1701 3981
18992 736 3739 353 5274 3405 5523 3406 3694 2170 2343 505 3846 3552 459 5797 6869 3114 2871 4268 5382 10241 4655 8685 6682 283 3342 3849 683 11164
18993 2388 303 11189 1381 9748
18994 2946 650 83 5873 628 758 4511
18995 1531 758 9576 6766 9044 6499
18996 3801 8895 3934 161 7365 443 871
18997 5632 1671 1375 1305 8874 3547 2627 1555 676 1531 198 5079 292
18998 1292 4079 2709 972 401 4 1023 4108
18999 418 4535 11185 2024 847 2234 11156
19000 3126 1109 8639 7396 10950
19001 715 8364 595 4276 6132 8146 8309 9157 9925 2905 10792 2137
19002 3609 1727 1718 5004 4847
19003 1005 865 3494 1705 4209 1444 7249 1302 3334 296
19004 6217 5535 3454 3429 8952
19005 8688 1079 3866 6644 8759 1844
19006 1807 2377 2 5710 3003 1326 789 1824 8230 4194
19007 2703 1017 8249 10841 6759
19008 1120 27 7601 1807 2409
19009 6885 6861 7199 9201 11187 3226
19010 2909 1283 809 6065 842 1816 5470 370 6556
19011 1640 8527 6141 147 3428 3 5054 2482 2707 226 1408 1375 650 2448 2079
19012 965 286 244 1727 520 9393 1530 2001 367 519 6116 2813
19013 1287 1756 645 9481 432 6121 481 810 5448 258 11347 593 8997
19014 2216 150 1962 4205 4935
19015 3944 1394 6506 6995 7144 3569
19016 7582 943 143 4140 1113
19017 5764 3291 1584 918 2923 3201 612 360 3926 5931 5228 6794 364 2141 5301 5407 3422 284 1245
19018 7 10014 5859 8279 8287 9590 7418 8014 11716 9555
19019 8980 10147 6360 6359 6000
19020 2189 11531 7097 3442 9843
19021 5708 3830 9150 1584 6207 50
19022 2311 2876 609 6828 2079
19023 10408 4930 5080 81 225 2233
19024 2661 1970 3295 2861 2562 2580
19025 1283 9138 466 1727 10393 8591
19026 3919 3014 3588 7370 343 5574 1718 4300
19027 2511 11536 290 6649 2212 7799 11375 442 321 9899 5827 9389 2132 11658 579 7404 758
19028 1727 3957 3951 168 2449
19029 1452 2715 435 1321 326 1667 1867 550 11749 4027 768 5672 753 1047 10759
19030 787 1550 10660 2856 4919
19031 4857 666 6515 4670 3269
19032 9161 886 5326 8617 1444 3119 2714 697 11365
19033 1586 9680 3238 4758 8958 6445
19034 3872 2505 3921 435 1563 3618 4044 2433 3923 291 2434 442 1477 3580 3409 3690 7214 1111 1369 1239 8237 266 1518 680 4337 578 3586 2143 6904 1400 6062 2148
19035 1610 4043 2431 8181 3922 4399 529 360 5286
19036 10693 10020 708 10673 533 683 9672 6425 2225
19037 2502 5358 2758 3562 92 9360
19038 1133 4836 165 1805 4239 11433 287 5683 3090 5674 5686 1337 1338 1339 9202 10822 6579 4968 3026
19039 7080 6134 5058 3161 65 6527 69 733
19040 2505 1565 312 2448 6132
19041 2130 1257 2128 10425 477
19042 7050 144 9072 10194 308
19043 105 5776 7567 632 3674
19044 1634 5333 321 1500 462 682
19045 9080 2604 6605 936 2947
19046 3366 1607 6043 5005 127 4039 7025 10075 7345 2431
19047 5844 10354 8810 5037 5828
19048 932 2794 1716 3153 10019
19049 4122 279 9069 1195 4068 2339 3890 9717 2128 6478 752 6954 6739 6209
19050 691 11184 7484 672 670 7128 6379 1499 4560
19051 8585 2235 5401 423 2127 909
19052 6588 11607 2050 10342 976 255 1879 6865 9686 7084 3116 2431 5274 1236 2053 9142 3730 7730 1240 8685 2730 2731 998
19053 248 4513 2365 582 9826 9943
19054 803 3453 9887 2250 7726 155
19055 654 6034 2280 1767 2012 582 7612
19056 6555 1766 6634 11752 1019 1565 4324 2815 718
19057 343 3705 10095 8267 4231 11616 11294
19058 446 10074 2111 5037 3047
19059 8910 3629 2805 1718 3098
19060 8308 1002 1716 1799 2907
19061 5115 8556 7486 602 4431 2226 4262
19062 2972 10405 11235 2175 2581
19063 11473 1098 4898 11340 6487 3789 3655 4022 2903 4901 3715 1094 10164 2244 734 4902 6490 3718 66
19064 11296 8263 1272 9194 5543
19065 9119 11605 3919 89 2097
19066 7881 3175 11627 1610 1091 2466 4131 4902
19067 3181 1379 11520 1800 3062 4126 5042 2072
19068 595 8334 5253 2951 10971 2905
19069 927 929 2379 2380 8515
19070 7616 4244 5463 5464 10049 3133 7665 310 6633 892 7155 9149 8645 9460 1970 5388 6564 1661 2271 2272 2503 8481 879 7860 11159 7354 10747 9536 2641 2640 4870 11236 2274 4487 7151 10967 5421
19071 244 3230 2040 9044 8207 9276 4306 9398 1718 122
19072 2051 255 2866 3578 2395 2433 353 2130 4050 4167 1243
19073 207 3467 5171 148 2257 8470
19074 4244 221 4642 5388 4965 490 2273 808 478 7354
19075 6250 7809 771 3340 2451 35 9815
19076 206 7198 11675 1857 9358
19077 3394 6754 10435 4651 11045
19078 937 322 1923 6933 1369 1519 2750 4002 1869 1568 3479 7769 2806 364 4278 924 1912 3422 3882 1400 1486 5381
19079 2988 3139 10179 10894 946 254 1168 4124
19080 545 11166 7822 9778 4601 10322 9283 10940 11489 11491 9857 5360 10413 11108 7037 8012
19081 8345 6818 3370 5864 9839 100
19082 318 7251 9059 9950 325
19083 9315 2290 2622 9983 594
19084 9211 225 11436 5754 7500 11738
19085 11058 573 6230 9938 4271 2829 571 3818 922 11671 10221 11231 5029 6229 1676 6863 8566 7509 11293 3861 2694 7399 3768 11389
19086 4499 8017 1731 2997 6405 4130 2771 8082 5197 2651
19087 11212 1742 8145 3189 4276 9765
19088 3824 9231 10948 10810 1788 8269
19089 11439 1297 5125 6434 4572
19090 10627 6561 11303 4435 1924
19091 10467 11353 9910 3564 3955 4495 691 5002 688 1557 4307 6603 8309 4822 10826 6263 7833
19092 928 7071 8516 5437 2151 7072 8150 8149 5436 5438 5435 6407
19093 404 4133 8706 5319 5295
19094 11540 5552 1451 6835 2430 9505 877
19095 5716 11253 6509 5825 5531 8745
19096 2235 9011 2627 676 379
19097 11232 1873 11612 5406 11244
19098 5444 3323 5055 831 1470
19099 5474 1263 415 495 7428 6014
19100 6419 2238 5453 874 3358
19101 3181 667 6645 8694 4537 9711 5921
19102 2636 1276 840 3570 9632
19103 10741 4747 350 1156 236 293 2675 4869 225 2636 658 10389 1285 3137 2637 10786 9424
19104 8604 1407 664 1180 139 1012
19105 10761 5464 1756 11487 4244
19106 4148 6555 4324 8469 1926
19107 7537 79 1775 82 1033 10193 1709 6332 9934 432 6051
19108 7472 9361 5475 807 9998 5374 10709
19109 1727 7185 286 1407 207 4294 871
19110 1164 317 3064 2311 11315 5449 4906 3666 4368
19111 1802 82 2225 4750 1769
19112 5052 1742 3708 1718 1311 6665 5248 3966 3084
19113 485 1531 1532 1196 758
19114 3019 2312 2975 55 3195 8127
19115 6514 2230 9903 1434 8701 6368 6083
19116 7431 703 10640 5561 5258 5922
19117 379 4261 994 853 1244 4282
19118 10612 10246 4531 155 6459 842 132 2758 8020 3915 10494
19119 7346 3556 3435 10894 3111
19120 4730 6473 659 5348 3244 10303 10446 1502 7587
19121 8613 1204 3818 6229 11095 537 2588
19122 5623 5862 4483 11752 3454 5565 4240 4 8218 11475 2581 1158 6656 10000 6415 9887 9061 1595 9003 6794 3457 2333
19123 1970 11314 7512 1502 6616 4937
19124 3965 99 1609 2189 3253 8385 2190 9825 3119 3963 3979 2180 11255 1301 11318 3977 3982 116 303
